Workbook

Sheet PSR
A1: PROVISION OF ENGINEERING, PROCUREMENT, CONSTRUCTION AND COMMISSIONING FOR WELLHEAD PLATFORMS, ASSOCIATED PIPLINES AND BROWNFIELD MODIFICATIONS FOR ZAWTIKA DEVELOPMENT PROJECT PHASE 1F
A2: Procurement Plan
I6: LA | J6: Most complexity RFQ | S6: 1 | T6: 10 | U6: 0 | V6: 0 | W6: 10 | X6: 17 | Y6: 10 | AA6: 9 | AB6: 2 | AC6: 5 | AD6: 20 | AE6: 10 | AU6: 3 | AW6: 10 | AX6: 2
I7: LB | J7: High complexity RFQ | S7: 1 | T7: 10 | U7: 0 | V7: 0 | W7: 10 | X7: 17 | Y7: 10 | AA7: 9 | AB7: 2 | AC7: 5 | AD7: 20 | AE7: 10 | AU7: 3 | AW7: 10 | AX7: 2
I8: LC | J8: Normal complexity RFQ | S8: 1 | T8: 10 | U8: 0 | V8: 0 | W8: 10 | X8: 13 | Y8: 10 | AA8: 9 | AB8: 2 | AC8: 5 | AD8: 15 | AE8: 10 | AU8: 3 | AW8: 10 | AX8: 2
A9: Contract no: MMC25-5001 | I9: LD | J9: Low complexity RFQ | S9: 1 | T9: 10 | U9: 0 | V9: 0 | W9: 5 | X9: 7 | Y9: 10 | AA9: 5 | AB9: 2 | AC9: 5 | AD9: 10 | AE9: 10 | AT9: Update:18-Sep-2026 | AU9: 2 | AW9: 5 | AX9: 2
A10: No. | B10: MR No. | C10: RFQ No. | D10: Package Name | E10: CODE | F10: DIS | G10: LLI (Y/N) | H10: CR | I10: Priority Level | J10: PO description | K10: Bidders | L10: TC | M10: TBE | N10: Price bid | O10: Price Negotiation | P10: Owner | Q10: P/F/A | R10: Bidder list Approval | S10: MR Issued (IFR) | T10: MR Approved | U10: RFQ Issued | V10: RFQ Approved | W10: Bid Closing Date | X10: TBE Issued | Y10: TBE Approved | Z10: LOA issued | AA10: PO Issued | AB10: Vendor Acknowledgement | AC10: KOM | AD10: VDB Submission | AE10: Approval of Key VP | AF10: Main Material Arrived | AG10: PIM | AH10: Start Production | AI10: FAT | AJ10: Ready for Shipment | AK10: Receipt at WORKSITE | AL10: Punch List Clearance(all punch clearance before Tag Equipment Ready for Shipping ) | AM10: Approval of Final Documentation (To be confirmed later) | AN10: Delivery Duration (Weeks) | AO10: days | AP10: Delivery Date(1st Batch for ZWP21) | AQ10: ROS Date | AR10: Float | AS10: Responder | AT10: Remarks | AU10: 40329 | AV10: 40359 | AW10: 40390 | AX10: 40421 | AY10: 40451 | AZ10: 40482 | BA10: 40512 | BB10: 40543 | BC10: 40574 | BD10: 40602 | BE10: =TODAY() -> 46287 | BF10: Palteform | BG10: PO Delivery date | BH10: Puchase Qty
Q11: Matrix | R11: PTTEP | S11: ENG | T11: PTTEP | U11: TJE PRC | V11: PTTEP | W11: TJE PRC | X11: ENG | Y11: PTTEP | Z11: TJE PRC | AA11: TJE PRC | AB11: BIDDER | AC11: TJE PRC | AD11: Vendor | AE11: ENG | AF11: Vendor | AG11: TJE QA/QC | AH11: Vendor | AI11: TJE QA/QC | AJ11: Vendor | AK11: THE Worksite | AL11: TJE QA/QC | AM11: TJE PRC | AP11: TJE PRC
Q12: Holiday | R12: China | S12: Thai | T12: Thai | U12: China | V12: Thai | W12: China | X12: Thai | Y12: Thai | Z12: China | AA12: China | AB12: China | AC12: China | AD12: China | AE12: Thai | AU12: Thai | AW12: China | AX12: China
A13: 1 | B13: MM-ZTK-1F-GEN-MEC-MR-0001 | C13: RFQ-MA-001 | D13: Offshore Pedestal Crane | E13: 4-2 | F13: MA | G13: Y | H13: L2 | I13: LA | J13: Favelle Favco | K13: Oil State | L13: Oil State | M13: Oil State | N13: Oil State | O13: Oil State | P13: SH | Q13: P | R13: 46133 | S13: 46133 | T13: 46136 | U13: 46139 | V13: 46148 | W13: 46159 | X13: 46184 | Y13: 46198 | AA13: 46211 | AB13: 46213 | AC13: 46220 | AD13: 46248 | AE13: 46262 | AF13: 46352 | AG13: 46357 | AH13: 46360 | AI13: 46501 | AJ13: 46531 | AK13: 46561 | AL13: 46564 | AM13: 46591 | AN13: 50 | AO13: 350 | AP13: 46561 | AS13: Chris | AT13: 2026.4.16: Issued RFQ 2026.4.28-5.1: Received Bid 2026.5.7: TC 2026.5.19: Vendor will reply TC 2026.2.26-27 Hold TC meeting (ZWP21)1st Unit of Pedestal Adaptor = 42 Weeks after LOA (3-May-2027) (ZWP21)1st Unit of 100RL = 46 Weeks after LOA (31-May-2027) (ZWP23)2nd Unit of Pedestal Adaptor = 45 Weeks after LOA (24-May-2027) (ZWP23)2nd Unit of 100RL = 49 Weeks after LOA (21-Jun-2027) (ZWP22)3rd Unit of Pedestal Adaptor = 48 Weeks after LOA (14-Jun-2027) (ZWP22)3rd Unit of 100RL = 52 Weeks after LOA (12-Jul-2027) (ZWP20)4th Unit of Pedestal Adaptor = 51 Weeks after LOA (5-Jul-2027) (ZWP20)4th Unit of 100RL = 55 Weeks after LOA (2-Aug-2027) 2026.8.9 Expedite drawings by e-mail 2026.9.10: GA drawing submitted to CPY to review | AU13: =IF(ISERROR(LOOKUP(AU$10,$R13:$AT13,#REF!)),0,(LOOKUP(AU$10,$R13:$AT13,#REF!))) -> 0 | AV13: =IF(ISERROR(LOOKUP(AV$10,$R13:$AT13,#REF!)),0,(LOOKUP(AV$10,$R13:$AT13,#REF!))) -> 0 | AW13: =IF(ISERROR(LOOKUP(AW$10,$R13:$AT13,#REF!)),0,(LOOKUP(AW$10,$R13:$AT13,#REF!))) -> 0 | AX13: =IF(ISERROR(LOOKUP(AX$10,$R13:$AT13,#REF!)),0,(LOOKUP(AX$10,$R13:$AT13,#REF!))) -> 0 | AY13: =IF(ISERROR(LOOKUP(AY$10,$R13:$AT13,#REF!)),0,(LOOKUP(AY$10,$R13:$AT13,#REF!))) -> 0 | AZ13: =IF(ISERROR(LOOKUP(AZ$10,$R13:$AT13,#REF!)),0,(LOOKUP(AZ$10,$R13:$AT13,#REF!))) -> 0 | BA13: =IF(ISERROR(LOOKUP(BA$10,$R13:$AT13,#REF!)),0,(LOOKUP(BA$10,$R13:$AT13,#REF!))) -> 0 | BB13: =IF(ISERROR(LOOKUP(BB$10,$R13:$AT13,#REF!)),0,(LOOKUP(BB$10,$R13:$AT13,#REF!))) -> 0 | ... BE13: =IF(ISERROR(LOOKUP(BE$10,$R13:$AT13,#REF!)),0,(LOOKUP(BE$10,$R13:$AT13,#REF!))) -> 0
B14: MM-ZTK-1F-GEN-MEC-MR-0001 | C14: RFQ-MA-001 | D14: Offshore Pedestal Crane | E14: 4-2 | F14: MA | G14: Y | H14: L2 | I14: LA | J14: ZM169-WP1-PO-MEC-001 | K14: TOS (PVL) | L14: TOS | M14: TOS | N14: TOS | O14: TOS | P14: SH | Q14: F | AE14: 46289 | AF14: 46301 | AG14: 46301 | AH14: 46360 | AI14: 46501 | AJ14: =AK14-14 -> 46538 | AK14: =AP14+7 -> 46552 | AL14: =AP13+3 -> 46564 | AM14: =AP13+30 -> 46591 | AN14: 46 | AO14: =AN14*7 -> 322 | AP14: =BG14+7 -> 46545 | AQ14: 46560 | AR14: =AQ14-AP14 -> 15 | AS14: CIF Zhuhai Port | AU14: =IF(ISERROR(LOOKUP(AU$10,$R14:$AT14,#REF!)),0,(LOOKUP(AU$10,$R14:$AT14,#REF!))) -> 0 | AV14: =IF(ISERROR(LOOKUP(AV$10,$R14:$AT14,#REF!)),0,(LOOKUP(AV$10,$R14:$AT14,#REF!))) -> 0 | AW14: =IF(ISERROR(LOOKUP(AW$10,$R14:$AT14,#REF!)),0,(LOOKUP(AW$10,$R14:$AT14,#REF!))) -> 0 | AX14: =IF(ISERROR(LOOKUP(AX$10,$R14:$AT14,#REF!)),0,(LOOKUP(AX$10,$R14:$AT14,#REF!))) -> 0 | AY14: =IF(ISERROR(LOOKUP(AY$10,$R14:$AT14,#REF!)),0,(LOOKUP(AY$10,$R14:$AT14,#REF!))) -> 0 | AZ14: =IF(ISERROR(LOOKUP(AZ$10,$R14:$AT14,#REF!)),0,(LOOKUP(AZ$10,$R14:$AT14,#REF!))) -> 0 | BA14: =IF(ISERROR(LOOKUP(BA$10,$R14:$AT14,#REF!)),0,(LOOKUP(BA$10,$R14:$AT14,#REF!))) -> 0 | BB14: =IF(ISERROR(LOOKUP(BB$10,$R14:$AT14,#REF!)),0,(LOOKUP(BB$10,$R14:$AT14,#REF!))) -> 0 | ... BE14: =IF(ISERROR(LOOKUP(BE$10,$R14:$AT14,#REF!)),0,(LOOKUP(BE$10,$R14:$AT14,#REF!))) -> 0 | BF14: ZWP21 | BG14: 46538
B15: MM-ZTK-1F-GEN-MEC-MR-0001 | C15: RFQ-MA-001 | D15: Offshore Pedestal Crane | F15: MA | G15: Y | H15: L2 | I15: LA | K15: Favelle Favco | L15: Favelle Favco | M15: Favelle Favco | N15: Favelle Favco | O15: Favelle Favco | P15: SH | Q15: F | AN15: 49 | AO15: =AN15*7 -> 343 | AP15: =BG15+7 -> 46566 | AQ15: 46569 | AR15: =AQ15-AP15 -> 3 | AS15: CIF Zhuhai Port | BF15: ZWP23 | BG15: 46559
B16: MM-ZTK-1F-GEN-MEC-MR-0001 | C16: RFQ-MA-001 | D16: Offshore Pedestal Crane | F16: MA | G16: Y | H16: L2 | I16: LA | K16: Huanan | P16: SH | Q16: F | AN16: 52 | AO16: =AN16*7 -> 364 | AP16: =BG16+7 -> 46587 | AQ16: 46609 | AR16: =AQ16-AP16 -> 22 | AS16: CIF Zhuhai Port | BF16: ZWP22 | BG16: 46580
B17: MM-ZTK-1F-GEN-MEC-MR-0001 | C17: RFQ-MA-001 | D17: Offshore Pedestal Crane | F17: MA | G17: Y | H17: L2 | I17: LA | P17: SH | Q17: F | AN17: 55 | AO17: =AN17*7 -> 385 | AP17: =BG17+7 -> 46608 | AQ17: 46625 | AR17: =AQ17-AP17 -> 17 | AS17: CIF Zhuhai Port | BF17: ZWP20 | BG17: 46601
B18: MM-ZTK-1F-GEN-MEC-MR-0001 | C18: RFQ-MA-001 | D18: Offshore Pedestal Crane | E18: 4-2 | F18: MA | G18: Y | H18: L2 | I18: LA | P18: SH | Q18: A | R18: 46120 | S18: 46125 | T18: 46135 | U18: 46136 | V18: 46136 | W18: 46143 | X18: 46192 | Y18: 46216 | Z18: 46216 | AA18: 46220 | AB18: 46227 | AC18: 46220 | AD18: 46248 | AP18: CD+7 | AU18: =IF(ISERROR(LOOKUP(AU$10,$R18:$AT18,#REF!)),0,(LOOKUP(AU$10,$R18:$AT18,#REF!))) -> 0 | AV18: =IF(ISERROR(LOOKUP(AV$10,$R18:$AT18,#REF!)),0,(LOOKUP(AV$10,$R18:$AT18,#REF!))) -> 0 | AW18: =IF(ISERROR(LOOKUP(AW$10,$R18:$AT18,#REF!)),0,(LOOKUP(AW$10,$R18:$AT18,#REF!))) -> 0 | AX18: =IF(ISERROR(LOOKUP(AX$10,$R18:$AT18,#REF!)),0,(LOOKUP(AX$10,$R18:$AT18,#REF!))) -> 0 | AY18: =IF(ISERROR(LOOKUP(AY$10,$R18:$AT18,#REF!)),0,(LOOKUP(AY$10,$R18:$AT18,#REF!))) -> 0 | AZ18: =IF(ISERROR(LOOKUP(AZ$10,$R18:$AT18,#REF!)),0,(LOOKUP(AZ$10,$R18:$AT18,#REF!))) -> 0 | BA18: =IF(ISERROR(LOOKUP(BA$10,$R18:$AT18,#REF!)),0,(LOOKUP(BA$10,$R18:$AT18,#REF!))) -> 0 | BB18: =IF(ISERROR(LOOKUP(BB$10,$R18:$AT18,#REF!)),0,(LOOKUP(BB$10,$R18:$AT18,#REF!))) -> 0 | ... BE18: =IF(ISERROR(LOOKUP(BE$10,$R18:$AT18,#REF!)),0,(LOOKUP(BE$10,$R18:$AT18,#REF!))) -> 0
A19: =A13+1 -> 2 | B19: MM-ZTK-1F-GEN-MEC-MR-0002 | C19: RFQ-MA-002-1 | D19: Closed Drain Sump Vessel | E19: 4-10 | F19: MA | G19: Y | H19: L3 | I19: LA | J19: Zhuhai Jutal | K19: Zhuhai Jutal | P19: SH | Q19: P | R19: 46167 | S19: 46168 | T19: 46177 | U19: 46178 | V19: 46185 | W19: 46197 | X19: 46197 | Y19: 46211 | AA19: 46218 | AB19: 46220 | AC19: 46227 | AD19: 46255 | AE19: 46269 | AF19: 46329 | AG19: 46331 | AH19: 46333 | AI19: 46408 | AJ19: 46423 | AK19: 46433 | AL19: 46436 | AM19: 46463 | AN19: 26 | AO19: 182 | AP19: 46433 | AQ19: 46448 | AR19: =AQ19-AP20 -> 15 | AS19: HuangWei | AT19: 2026.5.6 Issued RFQ to Zhuhai yard | AU19: =IF(ISERROR(LOOKUP(AU$10,$R19:$AT19,#REF!)),0,(LOOKUP(AU$10,$R19:$AT19,#REF!))) -> 0 | AV19: =IF(ISERROR(LOOKUP(AV$10,$R19:$AT19,#REF!)),0,(LOOKUP(AV$10,$R19:$AT19,#REF!))) -> 0 | AW19: =IF(ISERROR(LOOKUP(AW$10,$R19:$AT19,#REF!)),0,(LOOKUP(AW$10,$R19:$AT19,#REF!))) -> 0 | AX19: =IF(ISERROR(LOOKUP(AX$10,$R19:$AT19,#REF!)),0,(LOOKUP(AX$10,$R19:$AT19,#REF!))) -> 0 | AY19: =IF(ISERROR(LOOKUP(AY$10,$R19:$AT19,#REF!)),0,(LOOKUP(AY$10,$R19:$AT19,#REF!))) -> 0 | AZ19: =IF(ISERROR(LOOKUP(AZ$10,$R19:$AT19,#REF!)),0,(LOOKUP(AZ$10,$R19:$AT19,#REF!))) -> 0 | BA19: =IF(ISERROR(LOOKUP(BA$10,$R19:$AT19,#REF!)),0,(LOOKUP(BA$10,$R19:$AT19,#REF!))) -> 0 | BB19: =IF(ISERROR(LOOKUP(BB$10,$R19:$AT19,#REF!)),0,(LOOKUP(BB$10,$R19:$AT19,#REF!))) -> 0 | ... BE19: =IF(ISERROR(LOOKUP(BE$10,$R19:$AT19,#REF!)),0,(LOOKUP(BE$10,$R19:$AT19,#REF!))) -> 0 | BI19: Plate:45-60days
B20: MM-ZTK-1F-GEN-MEC-MR-0002 | C20: RFQ-MA-002-1 | D20: Closed Drain Sump Vessel | E20: 4-10 | F20: MA | G20: Y | H20: L3 | I20: LA | J20: ZM169-WP1-PO-MEC-002 | P20: SH | Q20: F | AE20: 46289 | AF20: =AE20+60 -> 46349 | AG20: =AF20+2 -> 46351 | AH20: =AG20+2 -> 46353 | AI20: =AJ20-15 -> 46417 | AJ20: =AK20-1 -> 46432 | AK20: =AP20 -> 46433 | AL20: =AP19+3 -> 46436 | AM20: =AP19+30 -> 46463 | AP20: =AP19 -> 46433 | AS20: DDP Yard | AU20: =IF(ISERROR(LOOKUP(AU$10,$R20:$AT20,#REF!)),0,(LOOKUP(AU$10,$R20:$AT20,#REF!))) -> 0 | AV20: =IF(ISERROR(LOOKUP(AV$10,$R20:$AT20,#REF!)),0,(LOOKUP(AV$10,$R20:$AT20,#REF!))) -> 0 | AW20: =IF(ISERROR(LOOKUP(AW$10,$R20:$AT20,#REF!)),0,(LOOKUP(AW$10,$R20:$AT20,#REF!))) -> 0 | AX20: =IF(ISERROR(LOOKUP(AX$10,$R20:$AT20,#REF!)),0,(LOOKUP(AX$10,$R20:$AT20,#REF!))) -> 0 | AY20: =IF(ISERROR(LOOKUP(AY$10,$R20:$AT20,#REF!)),0,(LOOKUP(AY$10,$R20:$AT20,#REF!))) -> 0 | AZ20: =IF(ISERROR(LOOKUP(AZ$10,$R20:$AT20,#REF!)),0,(LOOKUP(AZ$10,$R20:$AT20,#REF!))) -> 0 | BA20: =IF(ISERROR(LOOKUP(BA$10,$R20:$AT20,#REF!)),0,(LOOKUP(BA$10,$R20:$AT20,#REF!))) -> 0 | BB20: =IF(ISERROR(LOOKUP(BB$10,$R20:$AT20,#REF!)),0,(LOOKUP(BB$10,$R20:$AT20,#REF!))) -> 0 | ... BE20: =IF(ISERROR(LOOKUP(BE$10,$R20:$AT20,#REF!)),0,(LOOKUP(BE$10,$R20:$AT20,#REF!))) -> 0 | BG20: 46433 | BI20: 3.2 certificate: 15days
B21: MM-ZTK-1F-GEN-MEC-MR-0002 | C21: RFQ-MA-002-1 | D21: Closed Drain Sump Vessel | E21: 4-10 | F21: MA | G21: Y | H21: L3 | I21: LA | P21: SH | Q21: A | S21: 46129 | T21: 46143 | U21: 46148 | V21: =U21 -> 46148 | W21: 46183 | X21: 46200 | Y21: 46211 | Z21: N/A | AA21: 46217 | AB21: 46218 | AC21: 46220 | AD21: 46244 | AU21: =IF(ISERROR(LOOKUP(AU$10,$R21:$AT21,#REF!)),0,(LOOKUP(AU$10,$R21:$AT21,#REF!))) -> 0 | AV21: =IF(ISERROR(LOOKUP(AV$10,$R21:$AT21,#REF!)),0,(LOOKUP(AV$10,$R21:$AT21,#REF!))) -> 0 | AW21: =IF(ISERROR(LOOKUP(AW$10,$R21:$AT21,#REF!)),0,(LOOKUP(AW$10,$R21:$AT21,#REF!))) -> 0 | AX21: =IF(ISERROR(LOOKUP(AX$10,$R21:$AT21,#REF!)),0,(LOOKUP(AX$10,$R21:$AT21,#REF!))) -> 0 | AY21: =IF(ISERROR(LOOKUP(AY$10,$R21:$AT21,#REF!)),0,(LOOKUP(AY$10,$R21:$AT21,#REF!))) -> 0 | AZ21: =IF(ISERROR(LOOKUP(AZ$10,$R21:$AT21,#REF!)),0,(LOOKUP(AZ$10,$R21:$AT21,#REF!))) -> 0 | BA21: =IF(ISERROR(LOOKUP(BA$10,$R21:$AT21,#REF!)),0,(LOOKUP(BA$10,$R21:$AT21,#REF!))) -> 0 | BB21: =IF(ISERROR(LOOKUP(BB$10,$R21:$AT21,#REF!)),0,(LOOKUP(BB$10,$R21:$AT21,#REF!))) -> 0 | ... BE21: =IF(ISERROR(LOOKUP(BE$10,$R21:$AT21,#REF!)),0,(LOOKUP(BE$10,$R21:$AT21,#REF!))) -> 0
A22: =A19+1 -> 3 | B22: MM-ZTK-1F-GEN-MEC-MR-0002 | C22: RFQ-MA-002-2 | D22: Test Separator | E22: 4-8 | F22: MA | G22: Y | H22: L2 | I22: LA | J22: Zhuhai Jutal | K22: Zhuhai Jutal | P22: SH | Q22: P | R22: 46135 | S22: 46136 | T22: 46147 | U22: 46148 | V22: 46155 | W22: 46197 | X22: 46197 | Y22: 46211 | AA22: 46218 | AB22: 46220 | AC22: 46227 | AD22: 46255 | AE22: 46269 | AF22: 46329 | AG22: 46331 | AH22: 46333 | AI22: 46429 | AJ22: 46444 | AK22: 46449 | AL22: 46452 | AM22: 46479 | AN22: 33 | AO22: 231 | AP22: 46449 | AQ22: 46489 | AR22: =AQ22-AP23 -> 14 | AS22: HuangWei | AT22: 2026.5.6 Issued RFQ to Zhuhai yard 2026.8.24 GA drawing and CAL report are submitted to D2 2026.9.8 GA drawing and CAL report are approved | AU22: =IF(ISERROR(LOOKUP(AU$10,$R22:$AT22,#REF!)),0,(LOOKUP(AU$10,$R22:$AT22,#REF!))) -> 0 | AV22: =IF(ISERROR(LOOKUP(AV$10,$R22:$AT22,#REF!)),0,(LOOKUP(AV$10,$R22:$AT22,#REF!))) -> 0 | AW22: =IF(ISERROR(LOOKUP(AW$10,$R22:$AT22,#REF!)),0,(LOOKUP(AW$10,$R22:$AT22,#REF!))) -> 0 | AX22: =IF(ISERROR(LOOKUP(AX$10,$R22:$AT22,#REF!)),0,(LOOKUP(AX$10,$R22:$AT22,#REF!))) -> 0 | AY22: =IF(ISERROR(LOOKUP(AY$10,$R22:$AT22,#REF!)),0,(LOOKUP(AY$10,$R22:$AT22,#REF!))) -> 0 | AZ22: =IF(ISERROR(LOOKUP(AZ$10,$R22:$AT22,#REF!)),0,(LOOKUP(AZ$10,$R22:$AT22,#REF!))) -> 0 | BA22: =IF(ISERROR(LOOKUP(BA$10,$R22:$AT22,#REF!)),0,(LOOKUP(BA$10,$R22:$AT22,#REF!))) -> 0 | BB22: =IF(ISERROR(LOOKUP(BB$10,$R22:$AT22,#REF!)),0,(LOOKUP(BB$10,$R22:$AT22,#REF!))) -> 0 | ... BE22: =IF(ISERROR(LOOKUP(BE$10,$R22:$AT22,#REF!)),0,(LOOKUP(BE$10,$R22:$AT22,#REF!))) -> 0
B23: MM-ZTK-1F-GEN-MEC-MR-0002 | C23: RFQ-MA-002-2 | D23: Test Separator | E23: 4-8 | F23: MA | G23: Y | H23: L2 | I23: LA | J23: ZM169-WP1-PO-MEC-002 | P23: SH | Q23: F | AE23: 46289 | AF23: =AE23+60 -> 46349 | AG23: =AF23+2 -> 46351 | AH23: =AG23+2 -> 46353 | AI23: =AJ23-15 -> 46460 | AJ23: =AK23 -> 46475 | AK23: =AP23 -> 46475 | AL23: =AP22+3 -> 46452 | AM23: =AP22+30 -> 46479 | AP23: 46475 | AS23: DDP Yard | AU23: =IF(ISERROR(LOOKUP(AU$10,$R23:$AT23,#REF!)),0,(LOOKUP(AU$10,$R23:$AT23,#REF!))) -> 0 | AV23: =IF(ISERROR(LOOKUP(AV$10,$R23:$AT23,#REF!)),0,(LOOKUP(AV$10,$R23:$AT23,#REF!))) -> 0 | AW23: =IF(ISERROR(LOOKUP(AW$10,$R23:$AT23,#REF!)),0,(LOOKUP(AW$10,$R23:$AT23,#REF!))) -> 0 | AX23: =IF(ISERROR(LOOKUP(AX$10,$R23:$AT23,#REF!)),0,(LOOKUP(AX$10,$R23:$AT23,#REF!))) -> 0 | AY23: =IF(ISERROR(LOOKUP(AY$10,$R23:$AT23,#REF!)),0,(LOOKUP(AY$10,$R23:$AT23,#REF!))) -> 0 | AZ23: =IF(ISERROR(LOOKUP(AZ$10,$R23:$AT23,#REF!)),0,(LOOKUP(AZ$10,$R23:$AT23,#REF!))) -> 0 | BA23: =IF(ISERROR(LOOKUP(BA$10,$R23:$AT23,#REF!)),0,(LOOKUP(BA$10,$R23:$AT23,#REF!))) -> 0 | BB23: =IF(ISERROR(LOOKUP(BB$10,$R23:$AT23,#REF!)),0,(LOOKUP(BB$10,$R23:$AT23,#REF!))) -> 0 | ... BE23: =IF(ISERROR(LOOKUP(BE$10,$R23:$AT23,#REF!)),0,(LOOKUP(BE$10,$R23:$AT23,#REF!))) -> 0 | BG23: 46475
B24: MM-ZTK-1F-GEN-MEC-MR-0002 | C24: RFQ-MA-002-2 | D24: Test Separator | E24: 4-8 | F24: MA | G24: Y | H24: L2 | I24: LA | P24: SH | Q24: A | S24: 46129 | T24: 46143 | U24: 46148 | V24: =U24 -> 46148 | W24: 46183 | X24: 46200 | Y24: 46211 | Z24: N/A | AA24: 46217 | AB24: 46218 | AC24: 46220 | AD24: 46240 | AE24: GA:8-Sep-26 CAL:8-Sep-26 | AU24: =IF(ISERROR(LOOKUP(AU$10,$R24:$AT24,#REF!)),0,(LOOKUP(AU$10,$R24:$AT24,#REF!))) -> 0 | AV24: =IF(ISERROR(LOOKUP(AV$10,$R24:$AT24,#REF!)),0,(LOOKUP(AV$10,$R24:$AT24,#REF!))) -> 0 | AW24: =IF(ISERROR(LOOKUP(AW$10,$R24:$AT24,#REF!)),0,(LOOKUP(AW$10,$R24:$AT24,#REF!))) -> 0 | AX24: =IF(ISERROR(LOOKUP(AX$10,$R24:$AT24,#REF!)),0,(LOOKUP(AX$10,$R24:$AT24,#REF!))) -> 0 | AY24: =IF(ISERROR(LOOKUP(AY$10,$R24:$AT24,#REF!)),0,(LOOKUP(AY$10,$R24:$AT24,#REF!))) -> 0 | AZ24: =IF(ISERROR(LOOKUP(AZ$10,$R24:$AT24,#REF!)),0,(LOOKUP(AZ$10,$R24:$AT24,#REF!))) -> 0 | BA24: =IF(ISERROR(LOOKUP(BA$10,$R24:$AT24,#REF!)),0,(LOOKUP(BA$10,$R24:$AT24,#REF!))) -> 0 | BB24: =IF(ISERROR(LOOKUP(BB$10,$R24:$AT24,#REF!)),0,(LOOKUP(BB$10,$R24:$AT24,#REF!))) -> 0 | ... BE24: =IF(ISERROR(LOOKUP(BE$10,$R24:$AT24,#REF!)),0,(LOOKUP(BE$10,$R24:$AT24,#REF!))) -> 0
A25: =A22+1 -> 4 | B25: MM-ZTK-1F-GEN-MEC-MR-0002 | C25: RFQ-MA-002-3 | D25: Instrument Gas Filter Coalescer | E25: 4-11 | F25: MA | G25: Y | H25: L2 | I25: LA | J25: Zhuhai Jutal | K25: Zhuhai Jutal | P25: SH | Q25: P | R25: 46177 | S25: 46178 | T25: 46185 | U25: 46188 | V25: 46195 | W25: 46197 | X25: 46197 | Y25: 46211 | AA25: 46218 | AB25: 46220 | AC25: 46227 | AD25: 46255 | AE25: 46269 | AF25: 46329 | AG25: 46331 | AH25: 46333 | AI25: 46408 | AJ25: 46423 | AK25: 46438 | AL25: 46441 | AM25: 46468 | AN25: 26 | AO25: 180 | AP25: 46438 | AQ25: 46491 | AR25: =AQ25-AP26 -> 53 | AS25: HuangWei | AT25: 2026.5.6 Issued RFQ to Zhuhai yard | AU25: =IF(ISERROR(LOOKUP(AU$10,$R25:$AT25,#REF!)),0,(LOOKUP(AU$10,$R25:$AT25,#REF!))) -> 0 | AV25: =IF(ISERROR(LOOKUP(AV$10,$R25:$AT25,#REF!)),0,(LOOKUP(AV$10,$R25:$AT25,#REF!))) -> 0 | AW25: =IF(ISERROR(LOOKUP(AW$10,$R25:$AT25,#REF!)),0,(LOOKUP(AW$10,$R25:$AT25,#REF!))) -> 0 | AX25: =IF(ISERROR(LOOKUP(AX$10,$R25:$AT25,#REF!)),0,(LOOKUP(AX$10,$R25:$AT25,#REF!))) -> 0 | AY25: =IF(ISERROR(LOOKUP(AY$10,$R25:$AT25,#REF!)),0,(LOOKUP(AY$10,$R25:$AT25,#REF!))) -> 0 | AZ25: =IF(ISERROR(LOOKUP(AZ$10,$R25:$AT25,#REF!)),0,(LOOKUP(AZ$10,$R25:$AT25,#REF!))) -> 0 | BA25: =IF(ISERROR(LOOKUP(BA$10,$R25:$AT25,#REF!)),0,(LOOKUP(BA$10,$R25:$AT25,#REF!))) -> 0 | BB25: =IF(ISERROR(LOOKUP(BB$10,$R25:$AT25,#REF!)),0,(LOOKUP(BB$10,$R25:$AT25,#REF!))) -> 0 | ... BE25: =IF(ISERROR(LOOKUP(BE$10,$R25:$AT25,#REF!)),0,(LOOKUP(BE$10,$R25:$AT25,#REF!))) -> 0
B26: MM-ZTK-1F-GEN-MEC-MR-0002 | C26: RFQ-MA-002-3 | D26: Instrument Gas Filter Coalescer | E26: 4-11 | F26: MA | G26: Y | H26: L2 | I26: LA | J26: ZM169-WP1-PO-MEC-002 | P26: SH | Q26: F | AE26: =WORKDAY(AD27, 20, IF(AE12="China",'China Holidays'!$A$2:$A$84,'Thai Holidays'!$A$2:$A$65)) -> 46297 | AF26: =AE26+60 -> 46357 | AG26: =AF26+2 -> 46359 | AH26: =AG26+2 -> 46361 | AI26: =AJ26-15 -> 46408 | AJ26: 46423 | AK26: =AP25 -> 46438 | AL26: =AP25+3 -> 46441 | AM26: =AP25+30 -> 46468 | AP26: =AP25 -> 46438 | AS26: DDP Yard | AU26: =IF(ISERROR(LOOKUP(AU$10,$R26:$AT26,#REF!)),0,(LOOKUP(AU$10,$R26:$AT26,#REF!))) -> 0 | AV26: =IF(ISERROR(LOOKUP(AV$10,$R26:$AT26,#REF!)),0,(LOOKUP(AV$10,$R26:$AT26,#REF!))) -> 0 | AW26: =IF(ISERROR(LOOKUP(AW$10,$R26:$AT26,#REF!)),0,(LOOKUP(AW$10,$R26:$AT26,#REF!))) -> 0 | AX26: =IF(ISERROR(LOOKUP(AX$10,$R26:$AT26,#REF!)),0,(LOOKUP(AX$10,$R26:$AT26,#REF!))) -> 0 | AY26: =IF(ISERROR(LOOKUP(AY$10,$R26:$AT26,#REF!)),0,(LOOKUP(AY$10,$R26:$AT26,#REF!))) -> 0 | AZ26: =IF(ISERROR(LOOKUP(AZ$10,$R26:$AT26,#REF!)),0,(LOOKUP(AZ$10,$R26:$AT26,#REF!))) -> 0 | BA26: =IF(ISERROR(LOOKUP(BA$10,$R26:$AT26,#REF!)),0,(LOOKUP(BA$10,$R26:$AT26,#REF!))) -> 0 | BB26: =IF(ISERROR(LOOKUP(BB$10,$R26:$AT26,#REF!)),0,(LOOKUP(BB$10,$R26:$AT26,#REF!))) -> 0 | ... BE26: =IF(ISERROR(LOOKUP(BE$10,$R26:$AT26,#REF!)),0,(LOOKUP(BE$10,$R26:$AT26,#REF!))) -> 0 | BG26: 46438
B27: MM-ZTK-1F-GEN-MEC-MR-0002 | C27: RFQ-MA-002-3 | D27: Instrument Gas Filter Coalescer | E27: 4-11 | F27: MA | G27: Y | H27: L2 | I27: LA | P27: SH | Q27: A | S27: 46141 | T27: 46143 | U27: 46148 | V27: 46148 | W27: 46191 | X27: 46200 | Y27: 46211 | Z27: N/A | AA27: 46217 | AB27: 46218 | AC27: 46220 | AD27: 46269 | AU27: =IF(ISERROR(LOOKUP(AU$10,$R27:$AT27,#REF!)),0,(LOOKUP(AU$10,$R27:$AT27,#REF!))) -> 0 | AV27: =IF(ISERROR(LOOKUP(AV$10,$R27:$AT27,#REF!)),0,(LOOKUP(AV$10,$R27:$AT27,#REF!))) -> 0 | AW27: =IF(ISERROR(LOOKUP(AW$10,$R27:$AT27,#REF!)),0,(LOOKUP(AW$10,$R27:$AT27,#REF!))) -> 0 | AX27: =IF(ISERROR(LOOKUP(AX$10,$R27:$AT27,#REF!)),0,(LOOKUP(AX$10,$R27:$AT27,#REF!))) -> 0 | AY27: =IF(ISERROR(LOOKUP(AY$10,$R27:$AT27,#REF!)),0,(LOOKUP(AY$10,$R27:$AT27,#REF!))) -> 0 | AZ27: =IF(ISERROR(LOOKUP(AZ$10,$R27:$AT27,#REF!)),0,(LOOKUP(AZ$10,$R27:$AT27,#REF!))) -> 0 | BA27: =IF(ISERROR(LOOKUP(BA$10,$R27:$AT27,#REF!)),0,(LOOKUP(BA$10,$R27:$AT27,#REF!))) -> 0 | BB27: =IF(ISERROR(LOOKUP(BB$10,$R27:$AT27,#REF!)),0,(LOOKUP(BB$10,$R27:$AT27,#REF!))) -> 0 | ... BE27: =IF(ISERROR(LOOKUP(BE$10,$R27:$AT27,#REF!)),0,(LOOKUP(BE$10,$R27:$AT27,#REF!))) -> 0
A28: =A25+1 -> 5 | B28: MM-ZTK-1F-GEN-MEC-MR-0003 | C28: RFQ-MA-003 | D28: Closed Drain Sump Pump skids | E28: 4-18 | F28: MA | G28: Y | H28: L3 | I28: LA | J28: Multipahse | K28: Multipahse | L28: Multipahse | N28: Multipahse | O28: Multipahse | P28: SH | Q28: P | R28: 46140 | S28: 46141 | T28: 46150 | U28: 46153 | V28: 46160 | W28: 46168 | X28: 46195 | Y28: 46209 | AA28: 46220 | AB28: 46224 | AC28: 46231 | AD28: 46259 | AE28: 46273 | AF28: 46363 | AG28: 46363 | AH28: 46366 | AI28: 46401 | AJ28: 46416 | AK28: 46444 | AL28: 46447 | AM28: 46474 | AN28: 32 | AO28: 224 | AP28: 46444 | AQ28: 46467 | AR28: =AQ28-AP29 -> -4 | AS28: Chris | AT28: 2026.5.6 Issued RFQ bid due day:22-May | AU28: =IF(ISERROR(LOOKUP(AU$10,$R28:$AT28,#REF!)),0,(LOOKUP(AU$10,$R28:$AT28,#REF!))) -> 0 | AV28: =IF(ISERROR(LOOKUP(AV$10,$R28:$AT28,#REF!)),0,(LOOKUP(AV$10,$R28:$AT28,#REF!))) -> 0 | AW28: =IF(ISERROR(LOOKUP(AW$10,$R28:$AT28,#REF!)),0,(LOOKUP(AW$10,$R28:$AT28,#REF!))) -> 0 | AX28: =IF(ISERROR(LOOKUP(AX$10,$R28:$AT28,#REF!)),0,(LOOKUP(AX$10,$R28:$AT28,#REF!))) -> 0 | AY28: =IF(ISERROR(LOOKUP(AY$10,$R28:$AT28,#REF!)),0,(LOOKUP(AY$10,$R28:$AT28,#REF!))) -> 0 | AZ28: =IF(ISERROR(LOOKUP(AZ$10,$R28:$AT28,#REF!)),0,(LOOKUP(AZ$10,$R28:$AT28,#REF!))) -> 0 | BA28: =IF(ISERROR(LOOKUP(BA$10,$R28:$AT28,#REF!)),0,(LOOKUP(BA$10,$R28:$AT28,#REF!))) -> 0 | BB28: =IF(ISERROR(LOOKUP(BB$10,$R28:$AT28,#REF!)),0,(LOOKUP(BB$10,$R28:$AT28,#REF!))) -> 0 | ... BE28: =IF(ISERROR(LOOKUP(BE$10,$R28:$AT28,#REF!)),0,(LOOKUP(BE$10,$R28:$AT28,#REF!))) -> 0
B29: MM-ZTK-1F-GEN-MEC-MR-0003 | C29: RFQ-MA-003 | D29: Closed Drain Sump Pump skids | E29: 4-18 | F29: MA | G29: Y | H29: L3 | I29: LA | J29: ZM169-WP1-PO-MEC-003 | K29: PKK | L29: PKK | N29: PKK | O29: PKK | P29: SH | Q29: F | AE29: 46289 | AF29: =AE29+90 -> 46379 | AG29: =AF29 -> 46379 | AH29: =AG29+3 -> 46382 | AI29: =AJ29-15 -> 46435 | AJ29: =AK29-28 -> 46450 | AK29: =AP29+7 -> 46478 | AL29: =AP28+3 -> 46447 | AM29: =AP28+30 -> 46474 | AN29: 32 | AO29: =AN29*7 -> 224 | AP29: =BG29+7 -> 46471 | AS29: CIF Zhuhai Port | AU29: =IF(ISERROR(LOOKUP(AU$10,$R29:$AT29,#REF!)),0,(LOOKUP(AU$10,$R29:$AT29,#REF!))) -> 0 | AV29: =IF(ISERROR(LOOKUP(AV$10,$R29:$AT29,#REF!)),0,(LOOKUP(AV$10,$R29:$AT29,#REF!))) -> 0 | AW29: =IF(ISERROR(LOOKUP(AW$10,$R29:$AT29,#REF!)),0,(LOOKUP(AW$10,$R29:$AT29,#REF!))) -> 0 | AX29: =IF(ISERROR(LOOKUP(AX$10,$R29:$AT29,#REF!)),0,(LOOKUP(AX$10,$R29:$AT29,#REF!))) -> 0 | AY29: =IF(ISERROR(LOOKUP(AY$10,$R29:$AT29,#REF!)),0,(LOOKUP(AY$10,$R29:$AT29,#REF!))) -> 0 | AZ29: =IF(ISERROR(LOOKUP(AZ$10,$R29:$AT29,#REF!)),0,(LOOKUP(AZ$10,$R29:$AT29,#REF!))) -> 0 | BA29: =IF(ISERROR(LOOKUP(BA$10,$R29:$AT29,#REF!)),0,(LOOKUP(BA$10,$R29:$AT29,#REF!))) -> 0 | BB29: =IF(ISERROR(LOOKUP(BB$10,$R29:$AT29,#REF!)),0,(LOOKUP(BB$10,$R29:$AT29,#REF!))) -> 0 | ... BE29: =IF(ISERROR(LOOKUP(BE$10,$R29:$AT29,#REF!)),0,(LOOKUP(BE$10,$R29:$AT29,#REF!))) -> 0 | BF29: ZWP20-23 | BG29: 46464
B30: MM-ZTK-1F-GEN-MEC-MR-0003 | C30: RFQ-MA-003 | D30: Closed Drain Sump Pump skids | E30: 4-18 | F30: MA | G30: Y | H30: L3 | I30: LA | K30: CSI | L30: CSI | N30: CSI | P30: SH | Q30: A | R30: 46133 | S30: 46130 | T30: 46149 | U30: 46150 | V30: 46150 | W30: 46164 | X30: 46206 | Y30: 46220 | Z30: 46238 | AA30: 46245 | AB30: 46267 | AC30: 46241 | AD30: 46262 | AP30: CD+7 | AU30: =IF(ISERROR(LOOKUP(AU$10,$R30:$AT30,#REF!)),0,(LOOKUP(AU$10,$R30:$AT30,#REF!))) -> 0 | AV30: =IF(ISERROR(LOOKUP(AV$10,$R30:$AT30,#REF!)),0,(LOOKUP(AV$10,$R30:$AT30,#REF!))) -> 0 | AW30: =IF(ISERROR(LOOKUP(AW$10,$R30:$AT30,#REF!)),0,(LOOKUP(AW$10,$R30:$AT30,#REF!))) -> 0 | AX30: =IF(ISERROR(LOOKUP(AX$10,$R30:$AT30,#REF!)),0,(LOOKUP(AX$10,$R30:$AT30,#REF!))) -> 0 | AY30: =IF(ISERROR(LOOKUP(AY$10,$R30:$AT30,#REF!)),0,(LOOKUP(AY$10,$R30:$AT30,#REF!))) -> 0 | AZ30: =IF(ISERROR(LOOKUP(AZ$10,$R30:$AT30,#REF!)),0,(LOOKUP(AZ$10,$R30:$AT30,#REF!))) -> 0 | BA30: =IF(ISERROR(LOOKUP(BA$10,$R30:$AT30,#REF!)),0,(LOOKUP(BA$10,$R30:$AT30,#REF!))) -> 0 | BB30: =IF(ISERROR(LOOKUP(BB$10,$R30:$AT30,#REF!)),0,(LOOKUP(BB$10,$R30:$AT30,#REF!))) -> 0 | ... BE30: =IF(ISERROR(LOOKUP(BE$10,$R30:$AT30,#REF!)),0,(LOOKUP(BE$10,$R30:$AT30,#REF!))) -> 0
A31: =A28+1 -> 6 | B31: MM-ZTK-1F-GEN-MEC-MR-0004 | C31: RFQ-MA-004 | D31: Chemical injection pump skids | E31: 4-4 | F31: MA | G31: Y | H31: L3 | I31: LA | J31: Multipahse | K31: Multipahse | L31: Multipahse | N31: Multipahse | O31: Multipahse | P31: SH | Q31: P | R31: 46140 | S31: 46141 | T31: 46150 | U31: 46153 | V31: 46160 | W31: 46168 | X31: 46195 | Y31: 46209 | AA31: 46220 | AB31: 46224 | AC31: 46231 | AD31: 46259 | AE31: 46273 | AF31: 46363 | AG31: 46363 | AH31: 46366 | AI31: 46424 | AJ31: 46439 | AK31: 46444 | AL31: 46447 | AM31: 46474 | AN31: 34 | AO31: 238 | AP31: 46458 | AQ31: 46490 | AR31: =AQ31-AP32 -> 39 | AS31: Chris | AT31: 2026.5.6 Issued RFQ bid due day:22-May 2025.5.31-6.5 TC | AU31: =IF(ISERROR(LOOKUP(AU$10,$R31:$AT31,#REF!)),0,(LOOKUP(AU$10,$R31:$AT31,#REF!))) -> 0 | AV31: =IF(ISERROR(LOOKUP(AV$10,$R31:$AT31,#REF!)),0,(LOOKUP(AV$10,$R31:$AT31,#REF!))) -> 0 | AW31: =IF(ISERROR(LOOKUP(AW$10,$R31:$AT31,#REF!)),0,(LOOKUP(AW$10,$R31:$AT31,#REF!))) -> 0 | AX31: =IF(ISERROR(LOOKUP(AX$10,$R31:$AT31,#REF!)),0,(LOOKUP(AX$10,$R31:$AT31,#REF!))) -> 0 | AY31: =IF(ISERROR(LOOKUP(AY$10,$R31:$AT31,#REF!)),0,(LOOKUP(AY$10,$R31:$AT31,#REF!))) -> 0 | AZ31: =IF(ISERROR(LOOKUP(AZ$10,$R31:$AT31,#REF!)),0,(LOOKUP(AZ$10,$R31:$AT31,#REF!))) -> 0 | BA31: =IF(ISERROR(LOOKUP(BA$10,$R31:$AT31,#REF!)),0,(LOOKUP(BA$10,$R31:$AT31,#REF!))) -> 0 | BB31: =IF(ISERROR(LOOKUP(BB$10,$R31:$AT31,#REF!)),0,(LOOKUP(BB$10,$R31:$AT31,#REF!))) -> 0 | ... BE31: =IF(ISERROR(LOOKUP(BE$10,$R31:$AT31,#REF!)),0,(LOOKUP(BE$10,$R31:$AT31,#REF!))) -> 0
B32: MM-ZTK-1F-GEN-MEC-MR-0004 | C32: RFQ-MA-004 | D32: Chemical injection pump skids | E32: 4-4 | F32: MA | G32: Y | H32: L3 | I32: LA | J32: ZM169-WP1-PO-MEC-003 | K32: PKK | L32: PKK | N32: PKK | O32: PKK | P32: SH | Q32: F | AE32: 46289 | AF32: =AE32+90 -> 46379 | AG32: =AF32 -> 46379 | AH32: =AG32+3 -> 46382 | AI32: =AJ32-15 -> 46415 | AJ32: =AK32-28 -> 46430 | AK32: =AP32+7 -> 46458 | AL32: =AP31+3 -> 46461 | AM32: =AP31+30 -> 46488 | AN32: 28 | AO32: =AN32*7 -> 196 | AP32: =BG32+15 -> 46451 | AS32: CIF Zhuhai Port | AU32: =IF(ISERROR(LOOKUP(AU$10,$R32:$AT32,#REF!)),0,(LOOKUP(AU$10,$R32:$AT32,#REF!))) -> 0 | AV32: =IF(ISERROR(LOOKUP(AV$10,$R32:$AT32,#REF!)),0,(LOOKUP(AV$10,$R32:$AT32,#REF!))) -> 0 | AW32: =IF(ISERROR(LOOKUP(AW$10,$R32:$AT32,#REF!)),0,(LOOKUP(AW$10,$R32:$AT32,#REF!))) -> 0 | AX32: =IF(ISERROR(LOOKUP(AX$10,$R32:$AT32,#REF!)),0,(LOOKUP(AX$10,$R32:$AT32,#REF!))) -> 0 | AY32: =IF(ISERROR(LOOKUP(AY$10,$R32:$AT32,#REF!)),0,(LOOKUP(AY$10,$R32:$AT32,#REF!))) -> 0 | AZ32: =IF(ISERROR(LOOKUP(AZ$10,$R32:$AT32,#REF!)),0,(LOOKUP(AZ$10,$R32:$AT32,#REF!))) -> 0 | BA32: =IF(ISERROR(LOOKUP(BA$10,$R32:$AT32,#REF!)),0,(LOOKUP(BA$10,$R32:$AT32,#REF!))) -> 0 | BB32: =IF(ISERROR(LOOKUP(BB$10,$R32:$AT32,#REF!)),0,(LOOKUP(BB$10,$R32:$AT32,#REF!))) -> 0 | ... BE32: =IF(ISERROR(LOOKUP(BE$10,$R32:$AT32,#REF!)),0,(LOOKUP(BE$10,$R32:$AT32,#REF!))) -> 0 | BF32: ZWP20-23 | BG32: 46436
B33: MM-ZTK-1F-GEN-MEC-MR-0004 | C33: RFQ-MA-004 | D33: Chemical injection pump skids | E33: 4-4 | F33: MA | G33: Y | H33: L3 | I33: LA | K33: CSI | L33: CSI | N33: CSI | O33: CSI | P33: SH | Q33: A | R33: 46133 | S33: 46130 | T33: 46149 | U33: 46150 | V33: 46150 | W33: 46164 | X33: 46202 | Y33: 46241 | Z33: 46238 | AA33: 46245 | AB33: 46267 | AC33: 46241 | AD33: 46268 | AP33: CD+Spring F+15 | AU33: =IF(ISERROR(LOOKUP(AU$10,$R33:$AT33,#REF!)),0,(LOOKUP(AU$10,$R33:$AT33,#REF!))) -> 0 | AV33: =IF(ISERROR(LOOKUP(AV$10,$R33:$AT33,#REF!)),0,(LOOKUP(AV$10,$R33:$AT33,#REF!))) -> 0 | AW33: =IF(ISERROR(LOOKUP(AW$10,$R33:$AT33,#REF!)),0,(LOOKUP(AW$10,$R33:$AT33,#REF!))) -> 0 | AX33: =IF(ISERROR(LOOKUP(AX$10,$R33:$AT33,#REF!)),0,(LOOKUP(AX$10,$R33:$AT33,#REF!))) -> 0 | AY33: =IF(ISERROR(LOOKUP(AY$10,$R33:$AT33,#REF!)),0,(LOOKUP(AY$10,$R33:$AT33,#REF!))) -> 0 | AZ33: =IF(ISERROR(LOOKUP(AZ$10,$R33:$AT33,#REF!)),0,(LOOKUP(AZ$10,$R33:$AT33,#REF!))) -> 0 | BA33: =IF(ISERROR(LOOKUP(BA$10,$R33:$AT33,#REF!)),0,(LOOKUP(BA$10,$R33:$AT33,#REF!))) -> 0 | BB33: =IF(ISERROR(LOOKUP(BB$10,$R33:$AT33,#REF!)),0,(LOOKUP(BB$10,$R33:$AT33,#REF!))) -> 0 | ... BE33: =IF(ISERROR(LOOKUP(BE$10,$R33:$AT33,#REF!)),0,(LOOKUP(BE$10,$R33:$AT33,#REF!))) -> 0
A34: =A31+1 -> 7 | B34: MM-ZTK-1F-GEN-MEC-MR-0005 | C34: RFQ-MA-005 | D34: Chemical storage tank | E34: 4-39 | F34: MA | G34: Y | H34: L3 | I34: LA | J34: Zhuhai Jutal | K34: Zhuhai Jutal | P34: SH | Q34: P | R34: 46153 | S34: 46154 | T34: 46166 | U34: 46166 | V34: 46166 | W34: 46203 | X34: 46203 | Y34: 46217 | AA34: 46230 | AB34: 46232 | AC34: 46239 | AD34: 46267 | AE34: 46281 | AF34: 46311 | AG34: 46314 | AH34: 46317 | AI34: 46387 | AJ34: 46397 | AK34: 46398 | AL34: 46401 | AM34: 46428 | AN34: 24 | AO34: 168 | AP34: 46398 | AQ34: 46492 | AR34: =AQ34-AP35 -> 55 | AS34: HuangWei | AT34: 2026.5.6 Issued RFQ to Zhuhai yard 2026.9.4 GA drawing submitted to D2. | AU34: =IF(ISERROR(LOOKUP(AU$10,$R34:$AT34,#REF!)),0,(LOOKUP(AU$10,$R34:$AT34,#REF!))) -> 0 | AV34: =IF(ISERROR(LOOKUP(AV$10,$R34:$AT34,#REF!)),0,(LOOKUP(AV$10,$R34:$AT34,#REF!))) -> 0 | AW34: =IF(ISERROR(LOOKUP(AW$10,$R34:$AT34,#REF!)),0,(LOOKUP(AW$10,$R34:$AT34,#REF!))) -> 0 | AX34: =IF(ISERROR(LOOKUP(AX$10,$R34:$AT34,#REF!)),0,(LOOKUP(AX$10,$R34:$AT34,#REF!))) -> 0 | AY34: =IF(ISERROR(LOOKUP(AY$10,$R34:$AT34,#REF!)),0,(LOOKUP(AY$10,$R34:$AT34,#REF!))) -> 0 | AZ34: =IF(ISERROR(LOOKUP(AZ$10,$R34:$AT34,#REF!)),0,(LOOKUP(AZ$10,$R34:$AT34,#REF!))) -> 0 | BA34: =IF(ISERROR(LOOKUP(BA$10,$R34:$AT34,#REF!)),0,(LOOKUP(BA$10,$R34:$AT34,#REF!))) -> 0 | BB34: =IF(ISERROR(LOOKUP(BB$10,$R34:$AT34,#REF!)),0,(LOOKUP(BB$10,$R34:$AT34,#REF!))) -> 0 | ... BE34: =IF(ISERROR(LOOKUP(BE$10,$R34:$AT34,#REF!)),0,(LOOKUP(BE$10,$R34:$AT34,#REF!))) -> 0
B35: MM-ZTK-1F-GEN-MEC-MR-0005 | C35: RFQ-MA-005 | D35: Chemical storage tank | E35: 4-39 | F35: MA | G35: Y | H35: L3 | I35: LA | J35: ZM169-WP1-PO-MEC-005 | P35: SH | Q35: F | AE35: 46289 | AF35: =AF34 -> 46311 | AG35: =AF35+3 -> 46314 | AH35: =AG35+3 -> 46317 | AI35: =AJ35-10 -> 46427 | AJ35: =AK35 -> 46437 | AK35: =AP35 -> 46437 | AL35: =AP34+3 -> 46401 | AM35: =AP34+30 -> 46428 | AP35: 46437 | AS35: DDP Yard | AU35: =IF(ISERROR(LOOKUP(AU$10,$R35:$AT35,#REF!)),0,(LOOKUP(AU$10,$R35:$AT35,#REF!))) -> 0 | AV35: =IF(ISERROR(LOOKUP(AV$10,$R35:$AT35,#REF!)),0,(LOOKUP(AV$10,$R35:$AT35,#REF!))) -> 0 | AW35: =IF(ISERROR(LOOKUP(AW$10,$R35:$AT35,#REF!)),0,(LOOKUP(AW$10,$R35:$AT35,#REF!))) -> 0 | AX35: =IF(ISERROR(LOOKUP(AX$10,$R35:$AT35,#REF!)),0,(LOOKUP(AX$10,$R35:$AT35,#REF!))) -> 0 | AY35: =IF(ISERROR(LOOKUP(AY$10,$R35:$AT35,#REF!)),0,(LOOKUP(AY$10,$R35:$AT35,#REF!))) -> 0 | AZ35: =IF(ISERROR(LOOKUP(AZ$10,$R35:$AT35,#REF!)),0,(LOOKUP(AZ$10,$R35:$AT35,#REF!))) -> 0 | BA35: =IF(ISERROR(LOOKUP(BA$10,$R35:$AT35,#REF!)),0,(LOOKUP(BA$10,$R35:$AT35,#REF!))) -> 0 | BB35: =IF(ISERROR(LOOKUP(BB$10,$R35:$AT35,#REF!)),0,(LOOKUP(BB$10,$R35:$AT35,#REF!))) -> 0 | ... BE35: =IF(ISERROR(LOOKUP(BE$10,$R35:$AT35,#REF!)),0,(LOOKUP(BE$10,$R35:$AT35,#REF!))) -> 0
B36: MM-ZTK-1F-GEN-MEC-MR-0005 | C36: RFQ-MA-005 | D36: Chemical storage tank | E36: 4-39 | F36: MA | G36: Y | H36: L3 | I36: LA | P36: SH | Q36: A | S36: 46133 | T36: 46150 | U36: 46150 | V36: 46150 | W36: 46181 | X36: 46204 | Y36: 46211 | Z36: N/A | AA36: 46217 | AB36: 46218 | AC36: 46220 | AD36: 46241 | AU36: =IF(ISERROR(LOOKUP(AU$10,$R36:$AT36,#REF!)),0,(LOOKUP(AU$10,$R36:$AT36,#REF!))) -> 0 | AV36: =IF(ISERROR(LOOKUP(AV$10,$R36:$AT36,#REF!)),0,(LOOKUP(AV$10,$R36:$AT36,#REF!))) -> 0 | AW36: =IF(ISERROR(LOOKUP(AW$10,$R36:$AT36,#REF!)),0,(LOOKUP(AW$10,$R36:$AT36,#REF!))) -> 0 | AX36: =IF(ISERROR(LOOKUP(AX$10,$R36:$AT36,#REF!)),0,(LOOKUP(AX$10,$R36:$AT36,#REF!))) -> 0 | AY36: =IF(ISERROR(LOOKUP(AY$10,$R36:$AT36,#REF!)),0,(LOOKUP(AY$10,$R36:$AT36,#REF!))) -> 0 | AZ36: =IF(ISERROR(LOOKUP(AZ$10,$R36:$AT36,#REF!)),0,(LOOKUP(AZ$10,$R36:$AT36,#REF!))) -> 0 | BA36: =IF(ISERROR(LOOKUP(BA$10,$R36:$AT36,#REF!)),0,(LOOKUP(BA$10,$R36:$AT36,#REF!))) -> 0 | BB36: =IF(ISERROR(LOOKUP(BB$10,$R36:$AT36,#REF!)),0,(LOOKUP(BB$10,$R36:$AT36,#REF!))) -> 0 | ... BE36: =IF(ISERROR(LOOKUP(BE$10,$R36:$AT36,#REF!)),0,(LOOKUP(BE$10,$R36:$AT36,#REF!))) -> 0
A37: =A34+1 -> 8 | B37: MM-ZTK-1F-GEN-MEC-MR-0006 | C37: RFQ-MA-006 | D37: Material Handling Equipment | E37: 4-7 | F37: MA | G37: N | H37: L4 | I37: LC | J37: MGW(Yale) | K37: Weihua, Megaway | L37: Weihua | P37: SH | Q37: P | R37: 46182 | S37: 46182 | T37: 46196 | U37: 46196 | V37: 46196 | W37: 46203 | X37: 46212 | Y37: 46226 | AA37: 46259 | AB37: 46261 | AC37: =AB37 -> 46261 | AD37: 46275 | AE37: 46295 | AF37: 46325 | AG37: 46328 | AH37: 46331 | AI37: 46391 | AJ37: 46406 | AK37: 46434 | AL37: 46437 | AM37: 46464 | AN37: 25 | AO37: 175 | AP37: 46434 | AQ37: 46521 | AR37: =AQ37-AP38 -> 73 | AS37: Chris | AU37: =IF(ISERROR(LOOKUP(AU$10,$R37:$AT37,#REF!)),0,(LOOKUP(AU$10,$R37:$AT37,#REF!))) -> 0 | AV37: =IF(ISERROR(LOOKUP(AV$10,$R37:$AT37,#REF!)),0,(LOOKUP(AV$10,$R37:$AT37,#REF!))) -> 0 | AW37: =IF(ISERROR(LOOKUP(AW$10,$R37:$AT37,#REF!)),0,(LOOKUP(AW$10,$R37:$AT37,#REF!))) -> 0 | AX37: =IF(ISERROR(LOOKUP(AX$10,$R37:$AT37,#REF!)),0,(LOOKUP(AX$10,$R37:$AT37,#REF!))) -> 0 | AY37: =IF(ISERROR(LOOKUP(AY$10,$R37:$AT37,#REF!)),0,(LOOKUP(AY$10,$R37:$AT37,#REF!))) -> 0 | AZ37: =IF(ISERROR(LOOKUP(AZ$10,$R37:$AT37,#REF!)),0,(LOOKUP(AZ$10,$R37:$AT37,#REF!))) -> 0 | BA37: =IF(ISERROR(LOOKUP(BA$10,$R37:$AT37,#REF!)),0,(LOOKUP(BA$10,$R37:$AT37,#REF!))) -> 0 | BB37: =IF(ISERROR(LOOKUP(BB$10,$R37:$AT37,#REF!)),0,(LOOKUP(BB$10,$R37:$AT37,#REF!))) -> 0 | ... BE37: =IF(ISERROR(LOOKUP(BE$10,$R37:$AT37,#REF!)),0,(LOOKUP(BE$10,$R37:$AT37,#REF!))) -> 0
B38: MM-ZTK-1F-GEN-MEC-MR-0006 | C38: RFQ-MA-006 | D38: Material Handling Equipment | E38: 4-7 | F38: MA | G38: N | H38: L4 | I38: LC | J38: ZM169-WP1-PO-MEC-006 | K38: Crosby | L38: Crosby | M38: Crosby(PVL) | N38: Crosby(PVL) | P38: SH | Q38: F | AC38: 46287 | AD38: 46289 | AE38: =AE37 -> 46295 | AF38: =AE38+30 -> 46325 | AG38: =AF38+3 -> 46328 | AH38: =AG38+3 -> 46331 | AI38: =AJ38-15 -> 46391 | AJ38: =AK38-28 -> 46406 | AK38: =AP37 -> 46434 | AL38: =AP37+3 -> 46437 | AM38: =AP37+30 -> 46464 | AN38: 25 | AO38: =AN38*7 -> 175 | AP38: =BG38+7 -> 46448 | AS38: CIF Zhuhai Port | AU38: =IF(ISERROR(LOOKUP(AU$10,$R38:$AT38,#REF!)),0,(LOOKUP(AU$10,$R38:$AT38,#REF!))) -> 0 | AV38: =IF(ISERROR(LOOKUP(AV$10,$R38:$AT38,#REF!)),0,(LOOKUP(AV$10,$R38:$AT38,#REF!))) -> 0 | AW38: =IF(ISERROR(LOOKUP(AW$10,$R38:$AT38,#REF!)),0,(LOOKUP(AW$10,$R38:$AT38,#REF!))) -> 0 | AX38: =IF(ISERROR(LOOKUP(AX$10,$R38:$AT38,#REF!)),0,(LOOKUP(AX$10,$R38:$AT38,#REF!))) -> 0 | AY38: =IF(ISERROR(LOOKUP(AY$10,$R38:$AT38,#REF!)),0,(LOOKUP(AY$10,$R38:$AT38,#REF!))) -> 0 | AZ38: =IF(ISERROR(LOOKUP(AZ$10,$R38:$AT38,#REF!)),0,(LOOKUP(AZ$10,$R38:$AT38,#REF!))) -> 0 | BA38: =IF(ISERROR(LOOKUP(BA$10,$R38:$AT38,#REF!)),0,(LOOKUP(BA$10,$R38:$AT38,#REF!))) -> 0 | BB38: =IF(ISERROR(LOOKUP(BB$10,$R38:$AT38,#REF!)),0,(LOOKUP(BB$10,$R38:$AT38,#REF!))) -> 0 | ... BE38: =IF(ISERROR(LOOKUP(BE$10,$R38:$AT38,#REF!)),0,(LOOKUP(BE$10,$R38:$AT38,#REF!))) -> 0 | BF38: ZWP20-23 | BG38: 46441
B39: MM-ZTK-1F-GEN-MEC-MR-0006 | C39: RFQ-MA-006 | D39: Material Handling Equipment | E39: 4-7 | F39: MA | G39: N | H39: L4 | I39: LC | K39: TOS, Konecranes | L39: Megaway(Yale) | M39: Megaway(Yale) | N39: Megaway(Yale) | O39: Megaway(Yale) | P39: SH | Q39: A | R39: 46192 | S39: 46154 | T39: 46170 | U39: 46196 | V39: 46196 | W39: 46203 | X39: 46220 | Y39: C1:2026/8/12 C2:2026/9/11 | Z39: 46262 | AA39: 46276 | AP39: CD+7 | AU39: =IF(ISERROR(LOOKUP(AU$10,$R39:$AT39,#REF!)),0,(LOOKUP(AU$10,$R39:$AT39,#REF!))) -> 0 | AV39: =IF(ISERROR(LOOKUP(AV$10,$R39:$AT39,#REF!)),0,(LOOKUP(AV$10,$R39:$AT39,#REF!))) -> 0 | AW39: =IF(ISERROR(LOOKUP(AW$10,$R39:$AT39,#REF!)),0,(LOOKUP(AW$10,$R39:$AT39,#REF!))) -> 0 | AX39: =IF(ISERROR(LOOKUP(AX$10,$R39:$AT39,#REF!)),0,(LOOKUP(AX$10,$R39:$AT39,#REF!))) -> 0 | AY39: =IF(ISERROR(LOOKUP(AY$10,$R39:$AT39,#REF!)),0,(LOOKUP(AY$10,$R39:$AT39,#REF!))) -> 0 | AZ39: =IF(ISERROR(LOOKUP(AZ$10,$R39:$AT39,#REF!)),0,(LOOKUP(AZ$10,$R39:$AT39,#REF!))) -> 0 | BA39: =IF(ISERROR(LOOKUP(BA$10,$R39:$AT39,#REF!)),0,(LOOKUP(BA$10,$R39:$AT39,#REF!))) -> 0 | BB39: =IF(ISERROR(LOOKUP(BB$10,$R39:$AT39,#REF!)),0,(LOOKUP(BB$10,$R39:$AT39,#REF!))) -> 0 | ... BE39: =IF(ISERROR(LOOKUP(BE$10,$R39:$AT39,#REF!)),0,(LOOKUP(BE$10,$R39:$AT39,#REF!))) -> 0
A40: =A37+1 -> 9 | B40: MM-ZTK-1F-GEN-SAF-MR-0001 | C40: RFQ-SA-001 | D40: Fire Fighting, Safety Equipment (Including Lifesaving) | E40: 4-38 | F40: SA | G40: N | H40: L3 | I40: LD | K40: AIG | L40: AIG | P40: SH | Q40: P | R40: 46213 | S40: 46201 | T40: 46213 | U40: 46283 | V40: 46283 | W40: 46290 | X40: 46303 | Y40: 46318 | AA40: 46325 | AB40: 46329 | AC40: 46329 | AD40: 46343 | AE40: 46357 | AF40: 46417 | AG40: 46417 | AH40: 46420 | AI40: 46490 | AJ40: 46505 | AK40: 46535 | AL40: 46538 | AM40: 46565 | AN40: 30 | AO40: 210 | AP40: 46535 | AQ40: 46546 | AR40: =AQ40-AP41 -> 4 | AS40: Han Jingxin | AU40: =IF(ISERROR(LOOKUP(AU$10,$R40:$AT40,#REF!)),0,(LOOKUP(AU$10,$R40:$AT40,#REF!))) -> 0 | AV40: =IF(ISERROR(LOOKUP(AV$10,$R40:$AT40,#REF!)),0,(LOOKUP(AV$10,$R40:$AT40,#REF!))) -> 0 | AW40: =IF(ISERROR(LOOKUP(AW$10,$R40:$AT40,#REF!)),0,(LOOKUP(AW$10,$R40:$AT40,#REF!))) -> 0 | AX40: =IF(ISERROR(LOOKUP(AX$10,$R40:$AT40,#REF!)),0,(LOOKUP(AX$10,$R40:$AT40,#REF!))) -> 0 | AY40: =IF(ISERROR(LOOKUP(AY$10,$R40:$AT40,#REF!)),0,(LOOKUP(AY$10,$R40:$AT40,#REF!))) -> 0 | AZ40: =IF(ISERROR(LOOKUP(AZ$10,$R40:$AT40,#REF!)),0,(LOOKUP(AZ$10,$R40:$AT40,#REF!))) -> 0 | BA40: =IF(ISERROR(LOOKUP(BA$10,$R40:$AT40,#REF!)),0,(LOOKUP(BA$10,$R40:$AT40,#REF!))) -> 0 | BB40: =IF(ISERROR(LOOKUP(BB$10,$R40:$AT40,#REF!)),0,(LOOKUP(BB$10,$R40:$AT40,#REF!))) -> 0 | ... BE40: =IF(ISERROR(LOOKUP(BE$10,$R40:$AT40,#REF!)),0,(LOOKUP(BE$10,$R40:$AT40,#REF!))) -> 0
B41: MM-ZTK-1F-GEN-SAF-MR-0001 | C41: RFQ-SA-001 | D41: Fire Fighting, Safety Equipment (Including Lifesaving) | E41: 4-38 | F41: SA | G41: N | H41: L3 | I41: LD | K41: WRLEADING | L41: WRLEADING | P41: SH | Q41: F | X41: =X40 -> 46303 | Y41: =WORKDAY(X41, Y6, IF(Y12="China",'China Holidays'!$A$2:$A$84,'Thai Holidays'!$A$2:$A$65)) -> 46321 | AA41: =WORKDAY(Y41, AA6, IF(AA12="China",'China Holidays'!$A$2:$A$84,'Thai Holidays'!$A$2:$A$65)) -> 46332 | AB41: =WORKDAY(AA41, AB6, IF(AB12="China",'China Holidays'!$A$2:$A$84,'Thai Holidays'!$A$2:$A$65)) -> 46336 | AC41: =WORKDAY(AB41, AC6, IF(AC12="China",'China Holidays'!$A$2:$A$84,'Thai Holidays'!$A$2:$A$65)) -> 46343 | AD41: =WORKDAY(AC41, AD6, IF(AD12="China",'China Holidays'!$A$2:$A$84,'Thai Holidays'!$A$2:$A$65)) -> 46371 | AE41: =WORKDAY(AD41, AE6, IF(AE12="China",'China Holidays'!$A$2:$A$84,'Thai Holidays'!$A$2:$A$65)) -> 46385 | AF41: 46417 | AG41: 46417 | AH41: 46420 | AI41: 46490 | AJ41: 46505 | AK41: 46535 | AL41: 46538 | AM41: 46565 | AP41: =AA41+AO40 -> 46542 | AU41: =IF(ISERROR(LOOKUP(AU$10,$R41:$AT41,#REF!)),0,(LOOKUP(AU$10,$R41:$AT41,#REF!))) -> 0 | AV41: =IF(ISERROR(LOOKUP(AV$10,$R41:$AT41,#REF!)),0,(LOOKUP(AV$10,$R41:$AT41,#REF!))) -> 0 | AW41: =IF(ISERROR(LOOKUP(AW$10,$R41:$AT41,#REF!)),0,(LOOKUP(AW$10,$R41:$AT41,#REF!))) -> 0 | AX41: =IF(ISERROR(LOOKUP(AX$10,$R41:$AT41,#REF!)),0,(LOOKUP(AX$10,$R41:$AT41,#REF!))) -> 0 | AY41: =IF(ISERROR(LOOKUP(AY$10,$R41:$AT41,#REF!)),0,(LOOKUP(AY$10,$R41:$AT41,#REF!))) -> 0 | AZ41: =IF(ISERROR(LOOKUP(AZ$10,$R41:$AT41,#REF!)),0,(LOOKUP(AZ$10,$R41:$AT41,#REF!))) -> 0 | BA41: =IF(ISERROR(LOOKUP(BA$10,$R41:$AT41,#REF!)),0,(LOOKUP(BA$10,$R41:$AT41,#REF!))) -> 0 | BB41: =IF(ISERROR(LOOKUP(BB$10,$R41:$AT41,#REF!)),0,(LOOKUP(BB$10,$R41:$AT41,#REF!))) -> 0 | ... BE41: =IF(ISERROR(LOOKUP(BE$10,$R41:$AT41,#REF!)),0,(LOOKUP(BE$10,$R41:$AT41,#REF!))) -> 0
B42: MM-ZTK-1F-GEN-SAF-MR-0001 | C42: RFQ-SA-001 | D42: Fire Fighting, Safety Equipment (Including Lifesaving) | E42: 4-38 | F42: SA | G42: N | H42: L3 | I42: LD | K42: TPI | L42: TPI | P42: SH | Q42: A | R42: 46230 | S42: 46183 | T42: 46197 | U42: 46231 | V42: 46231 | W42: 46248 | AU42: =IF(ISERROR(LOOKUP(AU$10,$R42:$AT42,#REF!)),0,(LOOKUP(AU$10,$R42:$AT42,#REF!))) -> 0 | AV42: =IF(ISERROR(LOOKUP(AV$10,$R42:$AT42,#REF!)),0,(LOOKUP(AV$10,$R42:$AT42,#REF!))) -> 0 | AW42: =IF(ISERROR(LOOKUP(AW$10,$R42:$AT42,#REF!)),0,(LOOKUP(AW$10,$R42:$AT42,#REF!))) -> 0 | AX42: =IF(ISERROR(LOOKUP(AX$10,$R42:$AT42,#REF!)),0,(LOOKUP(AX$10,$R42:$AT42,#REF!))) -> 0 | AY42: =IF(ISERROR(LOOKUP(AY$10,$R42:$AT42,#REF!)),0,(LOOKUP(AY$10,$R42:$AT42,#REF!))) -> 0 | AZ42: =IF(ISERROR(LOOKUP(AZ$10,$R42:$AT42,#REF!)),0,(LOOKUP(AZ$10,$R42:$AT42,#REF!))) -> 0 | BA42: =IF(ISERROR(LOOKUP(BA$10,$R42:$AT42,#REF!)),0,(LOOKUP(BA$10,$R42:$AT42,#REF!))) -> 0 | BB42: =IF(ISERROR(LOOKUP(BB$10,$R42:$AT42,#REF!)),0,(LOOKUP(BB$10,$R42:$AT42,#REF!))) -> 0 | ... BE42: =IF(ISERROR(LOOKUP(BE$10,$R42:$AT42,#REF!)),0,(LOOKUP(BE$10,$R42:$AT42,#REF!))) -> 0
A43: =A40+1 -> 10 | B43: MM-ZTK-1F-GEN-SAF-MR-0002 | C43: RFQ-SA-002 | D43: Safety Signs | E43: 4-38 | F43: SA | G43: N | H43: L3 | I43: LD | P43: ZH | Q43: P | R43: =S43 -> 46381 | S43: 46381 | T43: 46399 | U43: 46399 | V43: 46399 | W43: 46406 | X43: 46415 | Y43: 46429 | AA43: 46437 | AB43: 46441 | AC43: 46448 | AD43: 46462 | AE43: 46476 | AF43: 46491 | AG43: 46491 | AH43: 46493 | AI43: 46523 | AJ43: 46525 | AK43: 46530 | AL43: 46533 | AM43: 46560 | AN43: 5 | AO43: 35 | AP43: 46530 | AQ43: 46546 | AR43: =AQ43-AP44 -> 74 | AS43: Kuang Cuichang | AT43: 2026.6.10 Issued RFQ to Zhuhai yard | AU43: =IF(ISERROR(LOOKUP(AU$10,$R43:$AT43,#REF!)),0,(LOOKUP(AU$10,$R43:$AT43,#REF!))) -> 0 | AV43: =IF(ISERROR(LOOKUP(AV$10,$R43:$AT43,#REF!)),0,(LOOKUP(AV$10,$R43:$AT43,#REF!))) -> 0 | AW43: =IF(ISERROR(LOOKUP(AW$10,$R43:$AT43,#REF!)),0,(LOOKUP(AW$10,$R43:$AT43,#REF!))) -> 0 | AX43: =IF(ISERROR(LOOKUP(AX$10,$R43:$AT43,#REF!)),0,(LOOKUP(AX$10,$R43:$AT43,#REF!))) -> 0 | AY43: =IF(ISERROR(LOOKUP(AY$10,$R43:$AT43,#REF!)),0,(LOOKUP(AY$10,$R43:$AT43,#REF!))) -> 0 | AZ43: =IF(ISERROR(LOOKUP(AZ$10,$R43:$AT43,#REF!)),0,(LOOKUP(AZ$10,$R43:$AT43,#REF!))) -> 0 | BA43: =IF(ISERROR(LOOKUP(BA$10,$R43:$AT43,#REF!)),0,(LOOKUP(BA$10,$R43:$AT43,#REF!))) -> 0 | BB43: =IF(ISERROR(LOOKUP(BB$10,$R43:$AT43,#REF!)),0,(LOOKUP(BB$10,$R43:$AT43,#REF!))) -> 0 | ... BE43: =IF(ISERROR(LOOKUP(BE$10,$R43:$AT43,#REF!)),0,(LOOKUP(BE$10,$R43:$AT43,#REF!))) -> 0
B44: MM-ZTK-1F-GEN-SAF-MR-0002 | C44: RFQ-SA-002 | D44: Safety Signs | E44: 4-38 | F44: SA | G44: N | H44: L3 | I44: LD | P44: ZH | Q44: F | X44: =X43 -> 46415 | Y44: =WORKDAY(X44, Y9, IF(Y12="China",'China Holidays'!$A$2:$A$84,'Thai Holidays'!$A$2:$A$65)) -> 46429 | AA44: =WORKDAY(Y44, AA9, IF(AA12="China",'China Holidays'!$A$2:$A$84,'Thai Holidays'!$A$2:$A$65)) -> 46437 | AB44: =WORKDAY(AA44, AB9, IF(AB12="China",'China Holidays'!$A$2:$A$84,'Thai Holidays'!$A$2:$A$65)) -> 46441 | AC44: =WORKDAY(AB44, AC9, IF(AC12="China",'China Holidays'!$A$2:$A$84,'Thai Holidays'!$A$2:$A$65)) -> 46448 | AD44: =WORKDAY(AC44, AD9, IF(AD12="China",'China Holidays'!$A$2:$A$84,'Thai Holidays'!$A$2:$A$65)) -> 46462 | AE44: =WORKDAY(AD44, AE9, IF(AE12="China",'China Holidays'!$A$2:$A$84,'Thai Holidays'!$A$2:$A$65)) -> 46476 | AF44: =AE44+15 -> 46491 | AG44: =AF44 -> 46491 | AH44: =AG44+2 -> 46493 | AI44: =AH44+30 -> 46523 | AJ44: =AI44+2 -> 46525 | AK44: =AJ44+5 -> 46530 | AL44: =AP43+3 -> 46533 | AM44: =AP43+30 -> 46560 | AP44: =AA44+AO43 -> 46472 | AU44: =IF(ISERROR(LOOKUP(AU$10,$R44:$AT44,#REF!)),0,(LOOKUP(AU$10,$R44:$AT44,#REF!))) -> 0 | AV44: =IF(ISERROR(LOOKUP(AV$10,$R44:$AT44,#REF!)),0,(LOOKUP(AV$10,$R44:$AT44,#REF!))) -> 0 | AW44: =IF(ISERROR(LOOKUP(AW$10,$R44:$AT44,#REF!)),0,(LOOKUP(AW$10,$R44:$AT44,#REF!))) -> 0 | AX44: =IF(ISERROR(LOOKUP(AX$10,$R44:$AT44,#REF!)),0,(LOOKUP(AX$10,$R44:$AT44,#REF!))) -> 0 | AY44: =IF(ISERROR(LOOKUP(AY$10,$R44:$AT44,#REF!)),0,(LOOKUP(AY$10,$R44:$AT44,#REF!))) -> 0 | AZ44: =IF(ISERROR(LOOKUP(AZ$10,$R44:$AT44,#REF!)),0,(LOOKUP(AZ$10,$R44:$AT44,#REF!))) -> 0 | BA44: =IF(ISERROR(LOOKUP(BA$10,$R44:$AT44,#REF!)),0,(LOOKUP(BA$10,$R44:$AT44,#REF!))) -> 0 | BB44: =IF(ISERROR(LOOKUP(BB$10,$R44:$AT44,#REF!)),0,(LOOKUP(BB$10,$R44:$AT44,#REF!))) -> 0 | ... BE44: =IF(ISERROR(LOOKUP(BE$10,$R44:$AT44,#REF!)),0,(LOOKUP(BE$10,$R44:$AT44,#REF!))) -> 0
B45: MM-ZTK-1F-GEN-SAF-MR-0002 | C45: RFQ-SA-002 | D45: Safety Signs | E45: 4-38 | F45: SA | G45: N | H45: L3 | I45: LD | P45: ZH | Q45: A | R45: 46217 | S45: 46174 | T45: 46182 | U45: 46230 | V45: 46230 | W45: 46240 | AU45: =IF(ISERROR(LOOKUP(AU$10,$R45:$AT45,#REF!)),0,(LOOKUP(AU$10,$R45:$AT45,#REF!))) -> 0 | AV45: =IF(ISERROR(LOOKUP(AV$10,$R45:$AT45,#REF!)),0,(LOOKUP(AV$10,$R45:$AT45,#REF!))) -> 0 | AW45: =IF(ISERROR(LOOKUP(AW$10,$R45:$AT45,#REF!)),0,(LOOKUP(AW$10,$R45:$AT45,#REF!))) -> 0 | AX45: =IF(ISERROR(LOOKUP(AX$10,$R45:$AT45,#REF!)),0,(LOOKUP(AX$10,$R45:$AT45,#REF!))) -> 0 | AY45: =IF(ISERROR(LOOKUP(AY$10,$R45:$AT45,#REF!)),0,(LOOKUP(AY$10,$R45:$AT45,#REF!))) -> 0 | AZ45: =IF(ISERROR(LOOKUP(AZ$10,$R45:$AT45,#REF!)),0,(LOOKUP(AZ$10,$R45:$AT45,#REF!))) -> 0 | BA45: =IF(ISERROR(LOOKUP(BA$10,$R45:$AT45,#REF!)),0,(LOOKUP(BA$10,$R45:$AT45,#REF!))) -> 0 | BB45: =IF(ISERROR(LOOKUP(BB$10,$R45:$AT45,#REF!)),0,(LOOKUP(BB$10,$R45:$AT45,#REF!))) -> 0 | ... BE45: =IF(ISERROR(LOOKUP(BE$10,$R45:$AT45,#REF!)),0,(LOOKUP(BE$10,$R45:$AT45,#REF!))) -> 0
A46: =A43+1 -> 11 | B46: MM-ZTK-1F-GEN-PIP-MR-0001 | C46: RFQ-PIP-001 | D46: Ball Valve (Flange End) | E46: 4-19 | F46: PI | G46: N | H46: L3 | I46: LC | J46: BOTELI | K46: DHV,Huaying,Boteli,VALVITALIA, | L46: Neway | M46: Neway | N46: Neway | O46: Boteli | P46: SH | Q46: P | R46: 46174 | S46: 46177 | T46: 46185 | U46: 46185 | V46: 46185 | W46: 46202 | X46: 46219 | Y46: 46237 | AA46: 46248 | AB46: 46252 | AC46: 46259 | AD46: 46280 | AE46: 46294 | AF46: 46324 | AG46: 46327 | AH46: 46330 | AI46: 46422 | AJ46: 46437 | AK46: 46444 | AL46: 46447 | AM46: 46474 | AN46: 28 | AO46: 196 | AP46: 46444 | AQ46: 46521 | AR46: =AQ46-AP47 -> 148 | AS46: Lin Yazhen | AU46: =IF(ISERROR(LOOKUP(AU$10,$R46:$AT46,#REF!)),0,(LOOKUP(AU$10,$R46:$AT46,#REF!))) -> 0 | AV46: =IF(ISERROR(LOOKUP(AV$10,$R46:$AT46,#REF!)),0,(LOOKUP(AV$10,$R46:$AT46,#REF!))) -> 0 | AW46: =IF(ISERROR(LOOKUP(AW$10,$R46:$AT46,#REF!)),0,(LOOKUP(AW$10,$R46:$AT46,#REF!))) -> 0 | AX46: =IF(ISERROR(LOOKUP(AX$10,$R46:$AT46,#REF!)),0,(LOOKUP(AX$10,$R46:$AT46,#REF!))) -> 0 | AY46: =IF(ISERROR(LOOKUP(AY$10,$R46:$AT46,#REF!)),0,(LOOKUP(AY$10,$R46:$AT46,#REF!))) -> 0 | AZ46: =IF(ISERROR(LOOKUP(AZ$10,$R46:$AT46,#REF!)),0,(LOOKUP(AZ$10,$R46:$AT46,#REF!))) -> 0 | BA46: =IF(ISERROR(LOOKUP(BA$10,$R46:$AT46,#REF!)),0,(LOOKUP(BA$10,$R46:$AT46,#REF!))) -> 0 | BB46: =IF(ISERROR(LOOKUP(BB$10,$R46:$AT46,#REF!)),0,(LOOKUP(BB$10,$R46:$AT46,#REF!))) -> 0 | ... BE46: =IF(ISERROR(LOOKUP(BE$10,$R46:$AT46,#REF!)),0,(LOOKUP(BE$10,$R46:$AT46,#REF!))) -> 0
B47: MM-ZTK-1F-GEN-PIP-MR-0001 | C47: RFQ-PIP-001 | D47: Ball Valve (Flange End) | E47: 4-19 | F47: PI | G47: N | H47: L3 | I47: LC | J47: ZM169-WP1-PO-PIP-001 | K47: PIBIVIESSE,STARLINE-no reply | L47: Boteli | M47: Boteli | N47: Boteli | O47: Huaying | P47: SH | Q47: F | AE47: =AE46 -> 46294 | AF47: =AE47+40 -> 46334 | AG47: =AF47+3 -> 46337 | AH47: =AG47+3 -> 46340 | AI47: =AJ47-15 -> 46351 | AJ47: =AK47-7 -> 46366 | AK47: =AP47 -> 46373 | AL47: =AP46+3 -> 46447 | AM47: =AP46+30 -> 46474 | AP47: =BG47 -> 46373 | AS47: DDP Zhuhai Yard | AU47: =IF(ISERROR(LOOKUP(AU$10,$R47:$AT47,#REF!)),0,(LOOKUP(AU$10,$R47:$AT47,#REF!))) -> 0 | AV47: =IF(ISERROR(LOOKUP(AV$10,$R47:$AT47,#REF!)),0,(LOOKUP(AV$10,$R47:$AT47,#REF!))) -> 0 | AW47: =IF(ISERROR(LOOKUP(AW$10,$R47:$AT47,#REF!)),0,(LOOKUP(AW$10,$R47:$AT47,#REF!))) -> 0 | AX47: =IF(ISERROR(LOOKUP(AX$10,$R47:$AT47,#REF!)),0,(LOOKUP(AX$10,$R47:$AT47,#REF!))) -> 0 | AY47: =IF(ISERROR(LOOKUP(AY$10,$R47:$AT47,#REF!)),0,(LOOKUP(AY$10,$R47:$AT47,#REF!))) -> 0 | AZ47: =IF(ISERROR(LOOKUP(AZ$10,$R47:$AT47,#REF!)),0,(LOOKUP(AZ$10,$R47:$AT47,#REF!))) -> 0 | BA47: =IF(ISERROR(LOOKUP(BA$10,$R47:$AT47,#REF!)),0,(LOOKUP(BA$10,$R47:$AT47,#REF!))) -> 0 | BB47: =IF(ISERROR(LOOKUP(BB$10,$R47:$AT47,#REF!)),0,(LOOKUP(BB$10,$R47:$AT47,#REF!))) -> 0 | ... BE47: =IF(ISERROR(LOOKUP(BE$10,$R47:$AT47,#REF!)),0,(LOOKUP(BE$10,$R47:$AT47,#REF!))) -> 0 | BF47: ZWP20-23 | BG47: 46373
B48: MM-ZTK-1F-GEN-PIP-MR-0001 | C48: RFQ-PIP-001 | D48: Ball Valve (Flange End) | E48: 4-19 | F48: PI | G48: N | H48: L3 | I48: LC | K48: CAMERON & KCON-declined | L48: Huaying | M48: Huaying | N48: Huaying | P48: SH | Q48: A | R48: 46174 | S48: 46148 | T48: 46165 | U48: 46174 | V48: 46174 | W48: 46191 | X48: C1:2026/7/16 C2:2026/8/14 | Y48: 46252 | Z48: 46252 | AA48: 46258 | AB48: 46265 | AC48: 46259 | AD48: 46274 | AU48: =IF(ISERROR(LOOKUP(AU$10,$R48:$AT48,#REF!)),0,(LOOKUP(AU$10,$R48:$AT48,#REF!))) -> 0 | AV48: =IF(ISERROR(LOOKUP(AV$10,$R48:$AT48,#REF!)),0,(LOOKUP(AV$10,$R48:$AT48,#REF!))) -> 0 | AW48: =IF(ISERROR(LOOKUP(AW$10,$R48:$AT48,#REF!)),0,(LOOKUP(AW$10,$R48:$AT48,#REF!))) -> 0 | AX48: =IF(ISERROR(LOOKUP(AX$10,$R48:$AT48,#REF!)),0,(LOOKUP(AX$10,$R48:$AT48,#REF!))) -> 0 | AY48: =IF(ISERROR(LOOKUP(AY$10,$R48:$AT48,#REF!)),0,(LOOKUP(AY$10,$R48:$AT48,#REF!))) -> 0 | AZ48: =IF(ISERROR(LOOKUP(AZ$10,$R48:$AT48,#REF!)),0,(LOOKUP(AZ$10,$R48:$AT48,#REF!))) -> 0 | BA48: =IF(ISERROR(LOOKUP(BA$10,$R48:$AT48,#REF!)),0,(LOOKUP(BA$10,$R48:$AT48,#REF!))) -> 0 | BB48: =IF(ISERROR(LOOKUP(BB$10,$R48:$AT48,#REF!)),0,(LOOKUP(BB$10,$R48:$AT48,#REF!))) -> 0 | ... BE48: =IF(ISERROR(LOOKUP(BE$10,$R48:$AT48,#REF!)),0,(LOOKUP(BE$10,$R48:$AT48,#REF!))) -> 0
A49: =A46+1 -> 12 | B49: MM-ZTK-1F-GEN-PIP-MR-0001 | C49: RFQ-PIP-021 | D49: Ball Valve (Welded End) | E49: 4-19 | F49: PI | G49: N | H49: L3 | I49: LC | J49: DHV | K49: Boteli,STARLINE | L49: Neway | M49: Neway | N49: Neway | O49: Boteli | P49: SH | Q49: P | R49: 46174 | S49: 46177 | T49: 46185 | U49: 46185 | V49: 46185 | W49: 46202 | X49: 46219 | Y49: 46237 | AA49: 46248 | AB49: 46252 | AC49: 46259 | AD49: 46280 | AE49: 46294 | AF49: 46324 | AG49: 46327 | AH49: 46330 | AI49: 46422 | AJ49: 46437 | AK49: 46444 | AL49: 46447 | AM49: 46474 | AN49: 28 | AO49: 196 | AP49: 46444 | AQ49: 46487 | AR49: =AQ49-AP50 -> 96 | AS49: Lin Yazhen | AU49: =IF(ISERROR(LOOKUP(AU$10,$R49:$AT49,#REF!)),0,(LOOKUP(AU$10,$R49:$AT49,#REF!))) -> 0 | AV49: =IF(ISERROR(LOOKUP(AV$10,$R49:$AT49,#REF!)),0,(LOOKUP(AV$10,$R49:$AT49,#REF!))) -> 0 | AW49: =IF(ISERROR(LOOKUP(AW$10,$R49:$AT49,#REF!)),0,(LOOKUP(AW$10,$R49:$AT49,#REF!))) -> 0 | AX49: =IF(ISERROR(LOOKUP(AX$10,$R49:$AT49,#REF!)),0,(LOOKUP(AX$10,$R49:$AT49,#REF!))) -> 0 | AY49: =IF(ISERROR(LOOKUP(AY$10,$R49:$AT49,#REF!)),0,(LOOKUP(AY$10,$R49:$AT49,#REF!))) -> 0 | AZ49: =IF(ISERROR(LOOKUP(AZ$10,$R49:$AT49,#REF!)),0,(LOOKUP(AZ$10,$R49:$AT49,#REF!))) -> 0 | BA49: =IF(ISERROR(LOOKUP(BA$10,$R49:$AT49,#REF!)),0,(LOOKUP(BA$10,$R49:$AT49,#REF!))) -> 0 | BB49: =IF(ISERROR(LOOKUP(BB$10,$R49:$AT49,#REF!)),0,(LOOKUP(BB$10,$R49:$AT49,#REF!))) -> 0 | ... BE49: =IF(ISERROR(LOOKUP(BE$10,$R49:$AT49,#REF!)),0,(LOOKUP(BE$10,$R49:$AT49,#REF!))) -> 0
B50: MM-ZTK-1F-GEN-PIP-MR-0001 | C50: RFQ-PIP-021 | D50: Ball Valve (Welded End) | E50: 4-19 | F50: PI | G50: N | H50: L3 | I50: LC | J50: ZM169-WP1-PO-PIP-002 | K50: VALVITALIA,DHV | L50: Boteli | M50: Boteli | N50: Boteli | O50: DHV | P50: SH | Q50: F | AE50: =AE49 -> 46294 | AF50: =AE50+40 -> 46334 | AG50: =AF50+3 -> 46337 | AH50: =AG50+3 -> 46340 | AI50: =AJ50-15 -> 46369 | AJ50: =AK50-7 -> 46384 | AK50: =AP50 -> 46391 | AL50: =AP49+3 -> 46447 | AM50: =AP49+30 -> 46474 | AN50: 22 | AO50: =AN50*7 -> 154 | AP50: =BG50 -> 46391 | AS50: DDP Zhuhai Yard | AU50: =IF(ISERROR(LOOKUP(AU$10,$R50:$AT50,#REF!)),0,(LOOKUP(AU$10,$R50:$AT50,#REF!))) -> 0 | AV50: =IF(ISERROR(LOOKUP(AV$10,$R50:$AT50,#REF!)),0,(LOOKUP(AV$10,$R50:$AT50,#REF!))) -> 0 | AW50: =IF(ISERROR(LOOKUP(AW$10,$R50:$AT50,#REF!)),0,(LOOKUP(AW$10,$R50:$AT50,#REF!))) -> 0 | AX50: =IF(ISERROR(LOOKUP(AX$10,$R50:$AT50,#REF!)),0,(LOOKUP(AX$10,$R50:$AT50,#REF!))) -> 0 | AY50: =IF(ISERROR(LOOKUP(AY$10,$R50:$AT50,#REF!)),0,(LOOKUP(AY$10,$R50:$AT50,#REF!))) -> 0 | AZ50: =IF(ISERROR(LOOKUP(AZ$10,$R50:$AT50,#REF!)),0,(LOOKUP(AZ$10,$R50:$AT50,#REF!))) -> 0 | BA50: =IF(ISERROR(LOOKUP(BA$10,$R50:$AT50,#REF!)),0,(LOOKUP(BA$10,$R50:$AT50,#REF!))) -> 0 | BB50: =IF(ISERROR(LOOKUP(BB$10,$R50:$AT50,#REF!)),0,(LOOKUP(BB$10,$R50:$AT50,#REF!))) -> 0 | ... BE50: =IF(ISERROR(LOOKUP(BE$10,$R50:$AT50,#REF!)),0,(LOOKUP(BE$10,$R50:$AT50,#REF!))) -> 0 | BF50: ZWP20-23 | BG50: 46391
B51: MM-ZTK-1F-GEN-PIP-MR-0001 | C51: RFQ-PIP-021 | D51: Ball Valve (Welded End) | E51: 4-19 | F51: PI | G51: N | H51: L3 | I51: LC | J51: VALVITALIA,STARLINE | K51: Neway | L51: DHV | M51: DHV | N51: DHV | P51: SH | Q51: A | R51: 46174 | S51: 46148 | T51: 46165 | U51: 46174 | V51: 46174 | W51: 46200 | X51: C1:2026/7/16 C2:2026/8/14 | Y51: 2026/8/6 2026/8/18 | Z51: 46248 | AA51: 46255 | AB51: 46260 | AC51: 46260 | AD51: 46255 | AU51: =IF(ISERROR(LOOKUP(AU$10,$R51:$AT51,#REF!)),0,(LOOKUP(AU$10,$R51:$AT51,#REF!))) -> 0 | AV51: =IF(ISERROR(LOOKUP(AV$10,$R51:$AT51,#REF!)),0,(LOOKUP(AV$10,$R51:$AT51,#REF!))) -> 0 | AW51: =IF(ISERROR(LOOKUP(AW$10,$R51:$AT51,#REF!)),0,(LOOKUP(AW$10,$R51:$AT51,#REF!))) -> 0 | AX51: =IF(ISERROR(LOOKUP(AX$10,$R51:$AT51,#REF!)),0,(LOOKUP(AX$10,$R51:$AT51,#REF!))) -> 0 | AY51: =IF(ISERROR(LOOKUP(AY$10,$R51:$AT51,#REF!)),0,(LOOKUP(AY$10,$R51:$AT51,#REF!))) -> 0 | AZ51: =IF(ISERROR(LOOKUP(AZ$10,$R51:$AT51,#REF!)),0,(LOOKUP(AZ$10,$R51:$AT51,#REF!))) -> 0 | BA51: =IF(ISERROR(LOOKUP(BA$10,$R51:$AT51,#REF!)),0,(LOOKUP(BA$10,$R51:$AT51,#REF!))) -> 0 | BB51: =IF(ISERROR(LOOKUP(BB$10,$R51:$AT51,#REF!)),0,(LOOKUP(BB$10,$R51:$AT51,#REF!))) -> 0 | ... BE51: =IF(ISERROR(LOOKUP(BE$10,$R51:$AT51,#REF!)),0,(LOOKUP(BE$10,$R51:$AT51,#REF!))) -> 0
A52: =A49+1 -> 13 | B52: MM-ZTK-1F-GEN-PIP-MR-0001 | C52: RFQ-PIP-002 | D52: Globe Valve (without equal percentage) | E52: 4-21 | F52: PI | G52: N | H52: L3 | I52: LC | J52: DHV | K52: KCON, CAMERON-declined | L52: Neway | P52: SH | Q52: P | R52: 46174 | S52: 46177 | T52: 46185 | U52: 46185 | V52: 46185 | W52: 46202 | X52: 46219 | Y52: 46237 | AA52: 46248 | AB52: 46252 | AC52: 46259 | AD52: 46280 | AE52: 46294 | AF52: 46324 | AG52: 46327 | AH52: 46330 | AI52: 46422 | AJ52: 46437 | AK52: 46444 | AL52: 46447 | AM52: 46474 | AN52: 28 | AO52: 196 | AP52: 46444 | AQ52: 46487 | AR52: =AQ52-AP53 -> 96 | AS52: Lin yazhen | AU52: =IF(ISERROR(LOOKUP(AU$10,$R52:$AT52,#REF!)),0,(LOOKUP(AU$10,$R52:$AT52,#REF!))) -> 0 | AV52: =IF(ISERROR(LOOKUP(AV$10,$R52:$AT52,#REF!)),0,(LOOKUP(AV$10,$R52:$AT52,#REF!))) -> 0 | AW52: =IF(ISERROR(LOOKUP(AW$10,$R52:$AT52,#REF!)),0,(LOOKUP(AW$10,$R52:$AT52,#REF!))) -> 0 | AX52: =IF(ISERROR(LOOKUP(AX$10,$R52:$AT52,#REF!)),0,(LOOKUP(AX$10,$R52:$AT52,#REF!))) -> 0 | AY52: =IF(ISERROR(LOOKUP(AY$10,$R52:$AT52,#REF!)),0,(LOOKUP(AY$10,$R52:$AT52,#REF!))) -> 0 | AZ52: =IF(ISERROR(LOOKUP(AZ$10,$R52:$AT52,#REF!)),0,(LOOKUP(AZ$10,$R52:$AT52,#REF!))) -> 0 | BA52: =IF(ISERROR(LOOKUP(BA$10,$R52:$AT52,#REF!)),0,(LOOKUP(BA$10,$R52:$AT52,#REF!))) -> 0 | BB52: =IF(ISERROR(LOOKUP(BB$10,$R52:$AT52,#REF!)),0,(LOOKUP(BB$10,$R52:$AT52,#REF!))) -> 0 | ... BE52: =IF(ISERROR(LOOKUP(BE$10,$R52:$AT52,#REF!)),0,(LOOKUP(BE$10,$R52:$AT52,#REF!))) -> 0
B53: MM-ZTK-1F-GEN-PIP-MR-0001 | C53: RFQ-PIP-002 | D53: Globe Valve (without equal percentage) | E53: 4-21 | F53: PI | G53: N | H53: L3 | I53: LC | J53: ZM169-WP1-PO-PIP-002 | K53: Neway,HDV, Boteli | L53: Boteli | M53: Boteli | N53: Boteli | O53: Boteli | P53: SH | Q53: F | AE53: =AE52 -> 46294 | AF53: =AE53+40 -> 46334 | AG53: =AF53+3 -> 46337 | AH53: =AG53+3 -> 46340 | AI53: =AJ53-15 -> 46369 | AJ53: =AK53-7 -> 46384 | AK53: =AP53 -> 46391 | AL53: =AP52+3 -> 46447 | AM53: =AP52+30 -> 46474 | AP53: =BG53 -> 46391 | AS53: DDP Zhuhai Yard | AU53: =IF(ISERROR(LOOKUP(AU$10,$R53:$AT53,#REF!)),0,(LOOKUP(AU$10,$R53:$AT53,#REF!))) -> 0 | AV53: =IF(ISERROR(LOOKUP(AV$10,$R53:$AT53,#REF!)),0,(LOOKUP(AV$10,$R53:$AT53,#REF!))) -> 0 | AW53: =IF(ISERROR(LOOKUP(AW$10,$R53:$AT53,#REF!)),0,(LOOKUP(AW$10,$R53:$AT53,#REF!))) -> 0 | AX53: =IF(ISERROR(LOOKUP(AX$10,$R53:$AT53,#REF!)),0,(LOOKUP(AX$10,$R53:$AT53,#REF!))) -> 0 | AY53: =IF(ISERROR(LOOKUP(AY$10,$R53:$AT53,#REF!)),0,(LOOKUP(AY$10,$R53:$AT53,#REF!))) -> 0 | AZ53: =IF(ISERROR(LOOKUP(AZ$10,$R53:$AT53,#REF!)),0,(LOOKUP(AZ$10,$R53:$AT53,#REF!))) -> 0 | BA53: =IF(ISERROR(LOOKUP(BA$10,$R53:$AT53,#REF!)),0,(LOOKUP(BA$10,$R53:$AT53,#REF!))) -> 0 | BB53: =IF(ISERROR(LOOKUP(BB$10,$R53:$AT53,#REF!)),0,(LOOKUP(BB$10,$R53:$AT53,#REF!))) -> 0 | ... BE53: =IF(ISERROR(LOOKUP(BE$10,$R53:$AT53,#REF!)),0,(LOOKUP(BE$10,$R53:$AT53,#REF!))) -> 0 | BF53: ZWP20-23 | BG53: 46391
B54: MM-ZTK-1F-GEN-PIP-MR-0001 | C54: RFQ-PIP-002 | D54: Globe Valve (without equal percentage) | E54: 4-21 | F54: PI | G54: N | H54: L3 | I54: LC | K54: RAIMONDI (BY TYCO VALVE)-declined | L54: DHV | M54: DHV | N54: DHV | O54: DHV | P54: SH | Q54: A | R54: 46174 | S54: 46148 | T54: 46165 | U54: 46178 | V54: 46178 | W54: 46198 | X54: 46219 | Y54: 46245 | Z54: 46248 | AA54: 46255 | AB54: 46260 | AC54: 46260 | AD54: 46255 | AU54: =IF(ISERROR(LOOKUP(AU$10,$R54:$AT54,#REF!)),0,(LOOKUP(AU$10,$R54:$AT54,#REF!))) -> 0 | AV54: =IF(ISERROR(LOOKUP(AV$10,$R54:$AT54,#REF!)),0,(LOOKUP(AV$10,$R54:$AT54,#REF!))) -> 0 | AW54: =IF(ISERROR(LOOKUP(AW$10,$R54:$AT54,#REF!)),0,(LOOKUP(AW$10,$R54:$AT54,#REF!))) -> 0 | AX54: =IF(ISERROR(LOOKUP(AX$10,$R54:$AT54,#REF!)),0,(LOOKUP(AX$10,$R54:$AT54,#REF!))) -> 0 | AY54: =IF(ISERROR(LOOKUP(AY$10,$R54:$AT54,#REF!)),0,(LOOKUP(AY$10,$R54:$AT54,#REF!))) -> 0 | AZ54: =IF(ISERROR(LOOKUP(AZ$10,$R54:$AT54,#REF!)),0,(LOOKUP(AZ$10,$R54:$AT54,#REF!))) -> 0 | BA54: =IF(ISERROR(LOOKUP(BA$10,$R54:$AT54,#REF!)),0,(LOOKUP(BA$10,$R54:$AT54,#REF!))) -> 0 | BB54: =IF(ISERROR(LOOKUP(BB$10,$R54:$AT54,#REF!)),0,(LOOKUP(BB$10,$R54:$AT54,#REF!))) -> 0 | ... BE54: =IF(ISERROR(LOOKUP(BE$10,$R54:$AT54,#REF!)),0,(LOOKUP(BE$10,$R54:$AT54,#REF!))) -> 0
A55: 14 | B55: MM-ZTK-1F-GEN-PIP-MR-0001 | C55: RFQ-PIP-028 | D55: Globe Valve (with equal percentage) | E55: 4-21 | F55: PI | G55: N | H55: L3 | I55: LC | J55: THS(LVF) | K55: Pentair | L55: Pentair | M55: Pentair | N55: Pentair | P55: SH | Q55: P | R55: 46174 | S55: 46177 | T55: 46185 | U55: 46185 | V55: 46185 | W55: 46202 | X55: 46219 | Y55: 46237 | AA55: 46248 | AB55: 46252 | AC55: 46259 | AD55: 46280 | AE55: 46294 | AF55: 46324 | AG55: 46327 | AH55: 46330 | AI55: 46422 | AJ55: 46437 | AK55: 46444 | AL55: 46447 | AM55: 46474 | AN55: 28 | AO55: 196 | AP55: 46444 | AQ55: 46487 | AR55: =AQ55-AP56 -> 24 | AS55: Lin Yazhen | AU55: =IF(ISERROR(LOOKUP(AU$10,$R55:$AT55,#REF!)),0,(LOOKUP(AU$10,$R55:$AT55,#REF!))) -> 0 | AV55: =IF(ISERROR(LOOKUP(AV$10,$R55:$AT55,#REF!)),0,(LOOKUP(AV$10,$R55:$AT55,#REF!))) -> 0 | AW55: =IF(ISERROR(LOOKUP(AW$10,$R55:$AT55,#REF!)),0,(LOOKUP(AW$10,$R55:$AT55,#REF!))) -> 0 | AX55: =IF(ISERROR(LOOKUP(AX$10,$R55:$AT55,#REF!)),0,(LOOKUP(AX$10,$R55:$AT55,#REF!))) -> 0 | AY55: =IF(ISERROR(LOOKUP(AY$10,$R55:$AT55,#REF!)),0,(LOOKUP(AY$10,$R55:$AT55,#REF!))) -> 0 | AZ55: =IF(ISERROR(LOOKUP(AZ$10,$R55:$AT55,#REF!)),0,(LOOKUP(AZ$10,$R55:$AT55,#REF!))) -> 0 | BA55: =IF(ISERROR(LOOKUP(BA$10,$R55:$AT55,#REF!)),0,(LOOKUP(BA$10,$R55:$AT55,#REF!))) -> 0 | BB55: =IF(ISERROR(LOOKUP(BB$10,$R55:$AT55,#REF!)),0,(LOOKUP(BB$10,$R55:$AT55,#REF!))) -> 0 | ... BE55: =IF(ISERROR(LOOKUP(BE$10,$R55:$AT55,#REF!)),0,(LOOKUP(BE$10,$R55:$AT55,#REF!))) -> 0
B56: MM-ZTK-1F-GEN-PIP-MR-0001 | C56: RFQ-PIP-028 | D56: Globe Valve (withequal percentage) | E56: 4-21 | F56: PI | G56: N | H56: L3 | I56: LC | J56: ZM169-WP1-PO-PIP-003 | K56: TFS(LVF) | L56: TFS(LVF) | M56: TFS(LVF) | N56: TFS(LVF) | P56: SH | Q56: F | AE56: =AE55 -> 46294 | AF56: =AE56+30 -> 46324 | AG56: =AF56+3 -> 46327 | AH56: =AG56+3 -> 46330 | AI56: =AJ56-15 -> 46441 | AJ56: =AK56-7 -> 46456 | AK56: =AP56 -> 46463 | AL56: =AP55+3 -> 46447 | AM56: =AP55+30 -> 46474 | AP56: =BG56+20 -> 46463 | AS56: CIF Guangzhou and Shenzhen Airport | AU56: =IF(ISERROR(LOOKUP(AU$10,$R56:$AT56,#REF!)),0,(LOOKUP(AU$10,$R56:$AT56,#REF!))) -> 0 | AV56: =IF(ISERROR(LOOKUP(AV$10,$R56:$AT56,#REF!)),0,(LOOKUP(AV$10,$R56:$AT56,#REF!))) -> 0 | AW56: =IF(ISERROR(LOOKUP(AW$10,$R56:$AT56,#REF!)),0,(LOOKUP(AW$10,$R56:$AT56,#REF!))) -> 0 | AX56: =IF(ISERROR(LOOKUP(AX$10,$R56:$AT56,#REF!)),0,(LOOKUP(AX$10,$R56:$AT56,#REF!))) -> 0 | AY56: =IF(ISERROR(LOOKUP(AY$10,$R56:$AT56,#REF!)),0,(LOOKUP(AY$10,$R56:$AT56,#REF!))) -> 0 | AZ56: =IF(ISERROR(LOOKUP(AZ$10,$R56:$AT56,#REF!)),0,(LOOKUP(AZ$10,$R56:$AT56,#REF!))) -> 0 | BA56: =IF(ISERROR(LOOKUP(BA$10,$R56:$AT56,#REF!)),0,(LOOKUP(BA$10,$R56:$AT56,#REF!))) -> 0 | BB56: =IF(ISERROR(LOOKUP(BB$10,$R56:$AT56,#REF!)),0,(LOOKUP(BB$10,$R56:$AT56,#REF!))) -> 0 | ... BE56: =IF(ISERROR(LOOKUP(BE$10,$R56:$AT56,#REF!)),0,(LOOKUP(BE$10,$R56:$AT56,#REF!))) -> 0 | BF56: ZWP20-23 | BG56: 46443
B57: MM-ZTK-1F-GEN-PIP-MR-0001 | C57: RFQ-PIP-028 | D57: Globe Valve (withequal percentage) | E57: 4-21 | F57: PI | G57: N | H57: L3 | I57: LC | K57: Crane(No product) | P57: SH | Q57: A | R57: 46174 | S57: 46148 | T57: 46165 | U57: 46178 | V57: 46178 | W57: 46198 | X57: 46219 | Y57: 46245 | Z57: 46253 | AA57: 46258 | AB57: 46276 | AC57: 46261 | AD57: 46273 | AP57: CD+Spr F+20 | AU57: =IF(ISERROR(LOOKUP(AU$10,$R57:$AT57,#REF!)),0,(LOOKUP(AU$10,$R57:$AT57,#REF!))) -> 0 | AV57: =IF(ISERROR(LOOKUP(AV$10,$R57:$AT57,#REF!)),0,(LOOKUP(AV$10,$R57:$AT57,#REF!))) -> 0 | AW57: =IF(ISERROR(LOOKUP(AW$10,$R57:$AT57,#REF!)),0,(LOOKUP(AW$10,$R57:$AT57,#REF!))) -> 0 | AX57: =IF(ISERROR(LOOKUP(AX$10,$R57:$AT57,#REF!)),0,(LOOKUP(AX$10,$R57:$AT57,#REF!))) -> 0 | AY57: =IF(ISERROR(LOOKUP(AY$10,$R57:$AT57,#REF!)),0,(LOOKUP(AY$10,$R57:$AT57,#REF!))) -> 0 | AZ57: =IF(ISERROR(LOOKUP(AZ$10,$R57:$AT57,#REF!)),0,(LOOKUP(AZ$10,$R57:$AT57,#REF!))) -> 0 | BA57: =IF(ISERROR(LOOKUP(BA$10,$R57:$AT57,#REF!)),0,(LOOKUP(BA$10,$R57:$AT57,#REF!))) -> 0 | BB57: =IF(ISERROR(LOOKUP(BB$10,$R57:$AT57,#REF!)),0,(LOOKUP(BB$10,$R57:$AT57,#REF!))) -> 0 | ... BE57: =IF(ISERROR(LOOKUP(BE$10,$R57:$AT57,#REF!)),0,(LOOKUP(BE$10,$R57:$AT57,#REF!))) -> 0
B58: MM-ZTK-1F-GEN-PIP-MR-0001 | C58: RFQ-PIP-003 | D58: Check Valve (Swing) | E58: 4-22 | F58: PI | G58: N | H58: L3 | I58: LC | J58: Combined with Check Wafer | P58: SH | Q58: P | R58: 46174 | S58: 46177 | T58: 46185 | U58: 46185 | V58: 46185 | W58: 46202 | X58: 46219 | Y58: 46237 | AA58: 46248 | AB58: 46252 | AC58: 46259 | AD58: 46280 | AE58: 46294 | AF58: 46324 | AG58: 46327 | AH58: 46330 | AI58: 46422 | AJ58: 46437 | AK58: 46444 | AL58: 46447 | AM58: 46474 | AN58: 28 | AO58: 196 | AP58: 46444 | AU58: =IF(ISERROR(LOOKUP(AU$10,$R58:$AT58,#REF!)),0,(LOOKUP(AU$10,$R58:$AT58,#REF!))) -> 0 | AV58: =IF(ISERROR(LOOKUP(AV$10,$R58:$AT58,#REF!)),0,(LOOKUP(AV$10,$R58:$AT58,#REF!))) -> 0 | AW58: =IF(ISERROR(LOOKUP(AW$10,$R58:$AT58,#REF!)),0,(LOOKUP(AW$10,$R58:$AT58,#REF!))) -> 0 | AX58: =IF(ISERROR(LOOKUP(AX$10,$R58:$AT58,#REF!)),0,(LOOKUP(AX$10,$R58:$AT58,#REF!))) -> 0 | AY58: =IF(ISERROR(LOOKUP(AY$10,$R58:$AT58,#REF!)),0,(LOOKUP(AY$10,$R58:$AT58,#REF!))) -> 0 | AZ58: =IF(ISERROR(LOOKUP(AZ$10,$R58:$AT58,#REF!)),0,(LOOKUP(AZ$10,$R58:$AT58,#REF!))) -> 0 | BA58: =IF(ISERROR(LOOKUP(BA$10,$R58:$AT58,#REF!)),0,(LOOKUP(BA$10,$R58:$AT58,#REF!))) -> 0 | BB58: =IF(ISERROR(LOOKUP(BB$10,$R58:$AT58,#REF!)),0,(LOOKUP(BB$10,$R58:$AT58,#REF!))) -> 0 | ... BE58: =IF(ISERROR(LOOKUP(BE$10,$R58:$AT58,#REF!)),0,(LOOKUP(BE$10,$R58:$AT58,#REF!))) -> 0
B59: MM-ZTK-1F-GEN-PIP-MR-0001 | C59: RFQ-PIP-003 | D59: Check Valve (Swing) | E59: 4-22 | F59: PI | G59: N | H59: L3 | I59: LC | P59: SH | Q59: F | X59: =X58 -> 46219 | Y59: =WORKDAY(X59, Y8, IF(Y12="China",'China Holidays'!$A$2:$A$84,'Thai Holidays'!$A$2:$A$65)) -> 46237 | AA59: =WORKDAY(Y59, AA8, IF(AA12="China",'China Holidays'!$A$2:$A$84,'Thai Holidays'!$A$2:$A$65)) -> 46248 | AB59: =WORKDAY(AA59, AB8, IF(AB12="China",'China Holidays'!$A$2:$A$84,'Thai Holidays'!$A$2:$A$65)) -> 46252 | AC59: =WORKDAY(AB59, AC8, IF(AC12="China",'China Holidays'!$A$2:$A$84,'Thai Holidays'!$A$2:$A$65)) -> 46259 | AD59: =WORKDAY(AC59, AD8, IF(AD12="China",'China Holidays'!$A$2:$A$84,'Thai Holidays'!$A$2:$A$65)) -> 46280 | AE59: =WORKDAY(AD59, AE8, IF(AE12="China",'China Holidays'!$A$2:$A$84,'Thai Holidays'!$A$2:$A$65)) -> 46294 | AF59: =AE59+30 -> 46324 | AG59: =AF59+3 -> 46327 | AH59: =AG59+3 -> 46330 | AI59: =AJ59-15 -> 46422 | AJ59: =AK59-7 -> 46437 | AK59: =AP59 -> 46444 | AL59: =AP58+3 -> 46447 | AM59: =AP58+30 -> 46474 | AP59: =AA59+AO58 -> 46444 | AU59: =IF(ISERROR(LOOKUP(AU$10,$R59:$AT59,#REF!)),0,(LOOKUP(AU$10,$R59:$AT59,#REF!))) -> 0 | AV59: =IF(ISERROR(LOOKUP(AV$10,$R59:$AT59,#REF!)),0,(LOOKUP(AV$10,$R59:$AT59,#REF!))) -> 0 | AW59: =IF(ISERROR(LOOKUP(AW$10,$R59:$AT59,#REF!)),0,(LOOKUP(AW$10,$R59:$AT59,#REF!))) -> 0 | AX59: =IF(ISERROR(LOOKUP(AX$10,$R59:$AT59,#REF!)),0,(LOOKUP(AX$10,$R59:$AT59,#REF!))) -> 0 | AY59: =IF(ISERROR(LOOKUP(AY$10,$R59:$AT59,#REF!)),0,(LOOKUP(AY$10,$R59:$AT59,#REF!))) -> 0 | AZ59: =IF(ISERROR(LOOKUP(AZ$10,$R59:$AT59,#REF!)),0,(LOOKUP(AZ$10,$R59:$AT59,#REF!))) -> 0 | BA59: =IF(ISERROR(LOOKUP(BA$10,$R59:$AT59,#REF!)),0,(LOOKUP(BA$10,$R59:$AT59,#REF!))) -> 0 | BB59: =IF(ISERROR(LOOKUP(BB$10,$R59:$AT59,#REF!)),0,(LOOKUP(BB$10,$R59:$AT59,#REF!))) -> 0 | ... BE59: =IF(ISERROR(LOOKUP(BE$10,$R59:$AT59,#REF!)),0,(LOOKUP(BE$10,$R59:$AT59,#REF!))) -> 0
B60: MM-ZTK-1F-GEN-PIP-MR-0001 | C60: RFQ-PIP-003 | D60: Check Valve (Swing) | E60: 4-22 | F60: PI | G60: N | H60: L3 | I60: LC | P60: SH | Q60: A | R60: 46174 | S60: 46148 | T60: 46165 | U60: 46182 | V60: 46182 | W60: 46202 | AU60: =IF(ISERROR(LOOKUP(AU$10,$R60:$AT60,#REF!)),0,(LOOKUP(AU$10,$R60:$AT60,#REF!))) -> 0 | AV60: =IF(ISERROR(LOOKUP(AV$10,$R60:$AT60,#REF!)),0,(LOOKUP(AV$10,$R60:$AT60,#REF!))) -> 0 | AW60: =IF(ISERROR(LOOKUP(AW$10,$R60:$AT60,#REF!)),0,(LOOKUP(AW$10,$R60:$AT60,#REF!))) -> 0 | AX60: =IF(ISERROR(LOOKUP(AX$10,$R60:$AT60,#REF!)),0,(LOOKUP(AX$10,$R60:$AT60,#REF!))) -> 0 | AY60: =IF(ISERROR(LOOKUP(AY$10,$R60:$AT60,#REF!)),0,(LOOKUP(AY$10,$R60:$AT60,#REF!))) -> 0 | AZ60: =IF(ISERROR(LOOKUP(AZ$10,$R60:$AT60,#REF!)),0,(LOOKUP(AZ$10,$R60:$AT60,#REF!))) -> 0 | BA60: =IF(ISERROR(LOOKUP(BA$10,$R60:$AT60,#REF!)),0,(LOOKUP(BA$10,$R60:$AT60,#REF!))) -> 0 | BB60: =IF(ISERROR(LOOKUP(BB$10,$R60:$AT60,#REF!)),0,(LOOKUP(BB$10,$R60:$AT60,#REF!))) -> 0 | ... BE60: =IF(ISERROR(LOOKUP(BE$10,$R60:$AT60,#REF!)),0,(LOOKUP(BE$10,$R60:$AT60,#REF!))) -> 0
B61: MM-ZTK-1F-GEN-PIP-MR-0001 | C61: RFQ-PIP-029 | D61: Check Valve (Position) | E61: 4-22 | F61: PI | G61: N | H61: L3 | I61: LC | J61: Combined with Check Wafer | P61: SH | Q61: P | R61: 46174 | S61: 46177 | T61: 46185 | U61: 46185 | V61: 46185 | W61: 46202 | X61: 46219 | Y61: 46237 | AA61: 46248 | AB61: 46252 | AC61: 46259 | AD61: 46280 | AE61: 46294 | AF61: 46324 | AG61: 46327 | AH61: 46330 | AI61: 46422 | AJ61: 46437 | AK61: 46444 | AL61: 46447 | AM61: 46474 | AN61: 28 | AO61: 196 | AP61: 46444 | AU61: =IF(ISERROR(LOOKUP(AU$10,$R61:$AT61,#REF!)),0,(LOOKUP(AU$10,$R61:$AT61,#REF!))) -> 0 | AV61: =IF(ISERROR(LOOKUP(AV$10,$R61:$AT61,#REF!)),0,(LOOKUP(AV$10,$R61:$AT61,#REF!))) -> 0 | AW61: =IF(ISERROR(LOOKUP(AW$10,$R61:$AT61,#REF!)),0,(LOOKUP(AW$10,$R61:$AT61,#REF!))) -> 0 | AX61: =IF(ISERROR(LOOKUP(AX$10,$R61:$AT61,#REF!)),0,(LOOKUP(AX$10,$R61:$AT61,#REF!))) -> 0 | AY61: =IF(ISERROR(LOOKUP(AY$10,$R61:$AT61,#REF!)),0,(LOOKUP(AY$10,$R61:$AT61,#REF!))) -> 0 | AZ61: =IF(ISERROR(LOOKUP(AZ$10,$R61:$AT61,#REF!)),0,(LOOKUP(AZ$10,$R61:$AT61,#REF!))) -> 0 | BA61: =IF(ISERROR(LOOKUP(BA$10,$R61:$AT61,#REF!)),0,(LOOKUP(BA$10,$R61:$AT61,#REF!))) -> 0 | BB61: =IF(ISERROR(LOOKUP(BB$10,$R61:$AT61,#REF!)),0,(LOOKUP(BB$10,$R61:$AT61,#REF!))) -> 0 | ... BE61: =IF(ISERROR(LOOKUP(BE$10,$R61:$AT61,#REF!)),0,(LOOKUP(BE$10,$R61:$AT61,#REF!))) -> 0
B62: MM-ZTK-1F-GEN-PIP-MR-0001 | C62: RFQ-PIP-029 | D62: Check Valve (Position) | E62: 4-22 | F62: PI | G62: N | H62: L3 | I62: LC | P62: SH | Q62: F | X62: =X61 -> 46219 | Y62: =WORKDAY(X62, Y8, IF(Y12="China",'China Holidays'!$A$2:$A$84,'Thai Holidays'!$A$2:$A$65)) -> 46237 | AA62: =WORKDAY(Y62, AA8, IF(AA12="China",'China Holidays'!$A$2:$A$84,'Thai Holidays'!$A$2:$A$65)) -> 46248 | AB62: =WORKDAY(AA62, AB8, IF(AB12="China",'China Holidays'!$A$2:$A$84,'Thai Holidays'!$A$2:$A$65)) -> 46252 | AC62: =WORKDAY(AB62, AC8, IF(AC12="China",'China Holidays'!$A$2:$A$84,'Thai Holidays'!$A$2:$A$65)) -> 46259 | AD62: =WORKDAY(AC62, AD8, IF(AD12="China",'China Holidays'!$A$2:$A$84,'Thai Holidays'!$A$2:$A$65)) -> 46280 | AE62: =WORKDAY(AD62, AE8, IF(AE12="China",'China Holidays'!$A$2:$A$84,'Thai Holidays'!$A$2:$A$65)) -> 46294 | AF62: =AE62+30 -> 46324 | AG62: =AF62+3 -> 46327 | AH62: =AG62+3 -> 46330 | AI62: =AJ62-15 -> 46422 | AJ62: =AK62-7 -> 46437 | AK62: =AP62 -> 46444 | AL62: =AP61+3 -> 46447 | AM62: =AP61+30 -> 46474 | AP62: =AA62+AO61 -> 46444 | AU62: =IF(ISERROR(LOOKUP(AU$10,$R62:$AT62,#REF!)),0,(LOOKUP(AU$10,$R62:$AT62,#REF!))) -> 0 | AV62: =IF(ISERROR(LOOKUP(AV$10,$R62:$AT62,#REF!)),0,(LOOKUP(AV$10,$R62:$AT62,#REF!))) -> 0 | AW62: =IF(ISERROR(LOOKUP(AW$10,$R62:$AT62,#REF!)),0,(LOOKUP(AW$10,$R62:$AT62,#REF!))) -> 0 | AX62: =IF(ISERROR(LOOKUP(AX$10,$R62:$AT62,#REF!)),0,(LOOKUP(AX$10,$R62:$AT62,#REF!))) -> 0 | AY62: =IF(ISERROR(LOOKUP(AY$10,$R62:$AT62,#REF!)),0,(LOOKUP(AY$10,$R62:$AT62,#REF!))) -> 0 | AZ62: =IF(ISERROR(LOOKUP(AZ$10,$R62:$AT62,#REF!)),0,(LOOKUP(AZ$10,$R62:$AT62,#REF!))) -> 0 | BA62: =IF(ISERROR(LOOKUP(BA$10,$R62:$AT62,#REF!)),0,(LOOKUP(BA$10,$R62:$AT62,#REF!))) -> 0 | BB62: =IF(ISERROR(LOOKUP(BB$10,$R62:$AT62,#REF!)),0,(LOOKUP(BB$10,$R62:$AT62,#REF!))) -> 0 | ... BE62: =IF(ISERROR(LOOKUP(BE$10,$R62:$AT62,#REF!)),0,(LOOKUP(BE$10,$R62:$AT62,#REF!))) -> 0
B63: MM-ZTK-1F-GEN-PIP-MR-0001 | C63: RFQ-PIP-029 | D63: Check Valve (Position) | E63: 4-22 | F63: PI | G63: N | H63: L3 | I63: LC | P63: SH | Q63: A | R63: 46174 | S63: 46148 | T63: 46165 | U63: 46182 | V63: 46182 | W63: 46202 | AU63: =IF(ISERROR(LOOKUP(AU$10,$R63:$AT63,#REF!)),0,(LOOKUP(AU$10,$R63:$AT63,#REF!))) -> 0 | AV63: =IF(ISERROR(LOOKUP(AV$10,$R63:$AT63,#REF!)),0,(LOOKUP(AV$10,$R63:$AT63,#REF!))) -> 0 | AW63: =IF(ISERROR(LOOKUP(AW$10,$R63:$AT63,#REF!)),0,(LOOKUP(AW$10,$R63:$AT63,#REF!))) -> 0 | AX63: =IF(ISERROR(LOOKUP(AX$10,$R63:$AT63,#REF!)),0,(LOOKUP(AX$10,$R63:$AT63,#REF!))) -> 0 | AY63: =IF(ISERROR(LOOKUP(AY$10,$R63:$AT63,#REF!)),0,(LOOKUP(AY$10,$R63:$AT63,#REF!))) -> 0 | AZ63: =IF(ISERROR(LOOKUP(AZ$10,$R63:$AT63,#REF!)),0,(LOOKUP(AZ$10,$R63:$AT63,#REF!))) -> 0 | BA63: =IF(ISERROR(LOOKUP(BA$10,$R63:$AT63,#REF!)),0,(LOOKUP(BA$10,$R63:$AT63,#REF!))) -> 0 | BB63: =IF(ISERROR(LOOKUP(BB$10,$R63:$AT63,#REF!)),0,(LOOKUP(BB$10,$R63:$AT63,#REF!))) -> 0 | ... BE63: =IF(ISERROR(LOOKUP(BE$10,$R63:$AT63,#REF!)),0,(LOOKUP(BE$10,$R63:$AT63,#REF!))) -> 0
A64: =A55+1 -> 15 | B64: MM-ZTK-1F-GEN-PIP-MR-0001 | C64: RFQ-PIP-030 | D64: Check Valve (Wafer) | E64: 4-22 | F64: PI | G64: N | H64: L3 | I64: LC | J64: BOTELI | K64: Neway | L64: Neway | M64: Neway | N64: Neway | P64: SH | Q64: P | R64: 46174 | S64: 46177 | T64: 46185 | U64: 46185 | V64: 46185 | W64: 46202 | X64: 46219 | Y64: 46237 | AA64: 46248 | AB64: 46252 | AC64: 46259 | AD64: 46280 | AE64: 46294 | AF64: 46324 | AG64: 46327 | AH64: 46330 | AI64: 46422 | AJ64: 46437 | AK64: 46444 | AL64: 46447 | AM64: 46474 | AN64: 28 | AO64: 196 | AP64: 46444 | AQ64: 46487 | AR64: =AQ64-AP65 -> 109 | AS64: Lin yazhen | AU64: =IF(ISERROR(LOOKUP(AU$10,$R64:$AT64,#REF!)),0,(LOOKUP(AU$10,$R64:$AT64,#REF!))) -> 0 | AV64: =IF(ISERROR(LOOKUP(AV$10,$R64:$AT64,#REF!)),0,(LOOKUP(AV$10,$R64:$AT64,#REF!))) -> 0 | AW64: =IF(ISERROR(LOOKUP(AW$10,$R64:$AT64,#REF!)),0,(LOOKUP(AW$10,$R64:$AT64,#REF!))) -> 0 | AX64: =IF(ISERROR(LOOKUP(AX$10,$R64:$AT64,#REF!)),0,(LOOKUP(AX$10,$R64:$AT64,#REF!))) -> 0 | AY64: =IF(ISERROR(LOOKUP(AY$10,$R64:$AT64,#REF!)),0,(LOOKUP(AY$10,$R64:$AT64,#REF!))) -> 0 | AZ64: =IF(ISERROR(LOOKUP(AZ$10,$R64:$AT64,#REF!)),0,(LOOKUP(AZ$10,$R64:$AT64,#REF!))) -> 0 | BA64: =IF(ISERROR(LOOKUP(BA$10,$R64:$AT64,#REF!)),0,(LOOKUP(BA$10,$R64:$AT64,#REF!))) -> 0 | BB64: =IF(ISERROR(LOOKUP(BB$10,$R64:$AT64,#REF!)),0,(LOOKUP(BB$10,$R64:$AT64,#REF!))) -> 0 | ... BE64: =IF(ISERROR(LOOKUP(BE$10,$R64:$AT64,#REF!)),0,(LOOKUP(BE$10,$R64:$AT64,#REF!))) -> 0
B65: MM-ZTK-1F-GEN-PIP-MR-0001 | C65: RFQ-PIP-030 | D65: Check Valve (Wafer) | E65: 4-22 | F65: PI | G65: N | H65: L3 | I65: LC | J65: ZM169-WP1-PO-PIP-001 | K65: Boteli | L65: Boteli | M65: Boteli | N65: Boteli | O65: Boteli | P65: SH | Q65: F | AE65: =AE64 -> 46294 | AF65: =AE65+30 -> 46324 | AG65: =AF65+3 -> 46327 | AH65: =AG65+3 -> 46330 | AI65: =AJ65-15 -> 46356 | AJ65: =AK65-7 -> 46371 | AK65: =AP65 -> 46378 | AL65: =AP64+3 -> 46447 | AM65: =AP64+30 -> 46474 | AN65: 22 | AO65: =AN65*7 -> 154 | AP65: =BG65 -> 46378 | AS65: DDP Zhuhai Yard | AU65: =IF(ISERROR(LOOKUP(AU$10,$R65:$AT65,#REF!)),0,(LOOKUP(AU$10,$R65:$AT65,#REF!))) -> 0 | AV65: =IF(ISERROR(LOOKUP(AV$10,$R65:$AT65,#REF!)),0,(LOOKUP(AV$10,$R65:$AT65,#REF!))) -> 0 | AW65: =IF(ISERROR(LOOKUP(AW$10,$R65:$AT65,#REF!)),0,(LOOKUP(AW$10,$R65:$AT65,#REF!))) -> 0 | AX65: =IF(ISERROR(LOOKUP(AX$10,$R65:$AT65,#REF!)),0,(LOOKUP(AX$10,$R65:$AT65,#REF!))) -> 0 | AY65: =IF(ISERROR(LOOKUP(AY$10,$R65:$AT65,#REF!)),0,(LOOKUP(AY$10,$R65:$AT65,#REF!))) -> 0 | AZ65: =IF(ISERROR(LOOKUP(AZ$10,$R65:$AT65,#REF!)),0,(LOOKUP(AZ$10,$R65:$AT65,#REF!))) -> 0 | BA65: =IF(ISERROR(LOOKUP(BA$10,$R65:$AT65,#REF!)),0,(LOOKUP(BA$10,$R65:$AT65,#REF!))) -> 0 | BB65: =IF(ISERROR(LOOKUP(BB$10,$R65:$AT65,#REF!)),0,(LOOKUP(BB$10,$R65:$AT65,#REF!))) -> 0 | ... BE65: =IF(ISERROR(LOOKUP(BE$10,$R65:$AT65,#REF!)),0,(LOOKUP(BE$10,$R65:$AT65,#REF!))) -> 0 | BF65: ZWP20-23 | BG65: 46378
B66: MM-ZTK-1F-GEN-PIP-MR-0001 | C66: RFQ-PIP-030 | D66: Check Valve (Wafer) | E66: 4-22 | F66: PI | G66: N | H66: L3 | I66: LC | K66: Huaying, keystone | L66: Huaying | M66: Huaying | N66: Huaying | O66: Huaying | P66: SH | Q66: A | R66: 46174 | S66: 46148 | T66: 46165 | U66: 46182 | V66: 46182 | W66: 46202 | X66: 46219 | Y66: 46245 | Z66: 46248 | AA66: 46258 | AB66: 46265 | AC66: 46259 | AD66: 46275 | AU66: =IF(ISERROR(LOOKUP(AU$10,$R66:$AT66,#REF!)),0,(LOOKUP(AU$10,$R66:$AT66,#REF!))) -> 0 | AV66: =IF(ISERROR(LOOKUP(AV$10,$R66:$AT66,#REF!)),0,(LOOKUP(AV$10,$R66:$AT66,#REF!))) -> 0 | AW66: =IF(ISERROR(LOOKUP(AW$10,$R66:$AT66,#REF!)),0,(LOOKUP(AW$10,$R66:$AT66,#REF!))) -> 0 | AX66: =IF(ISERROR(LOOKUP(AX$10,$R66:$AT66,#REF!)),0,(LOOKUP(AX$10,$R66:$AT66,#REF!))) -> 0 | AY66: =IF(ISERROR(LOOKUP(AY$10,$R66:$AT66,#REF!)),0,(LOOKUP(AY$10,$R66:$AT66,#REF!))) -> 0 | AZ66: =IF(ISERROR(LOOKUP(AZ$10,$R66:$AT66,#REF!)),0,(LOOKUP(AZ$10,$R66:$AT66,#REF!))) -> 0 | BA66: =IF(ISERROR(LOOKUP(BA$10,$R66:$AT66,#REF!)),0,(LOOKUP(BA$10,$R66:$AT66,#REF!))) -> 0 | BB66: =IF(ISERROR(LOOKUP(BB$10,$R66:$AT66,#REF!)),0,(LOOKUP(BB$10,$R66:$AT66,#REF!))) -> 0 | ... BE66: =IF(ISERROR(LOOKUP(BE$10,$R66:$AT66,#REF!)),0,(LOOKUP(BE$10,$R66:$AT66,#REF!))) -> 0
A67: =A64+1 -> 16 | B67: MM-ZTK-1F-GEN-PIP-MR-0001 | C67: RFQ-PIP-004 | D67: Check valve (Compact) | E67: 4-41 | F67: PI | G67: N | H67: L3 | I67: LB | J67: KCON | K67: PIPER VALVE | L67: PIPER VALVE | M67: PIPER VALVE | N67: PIPER VALVE | O67: KCON | P67: SH | Q67: P | R67: 46174 | S67: 46177 | T67: 46185 | U67: 46185 | V67: 46177 | W67: 46191 | X67: 46216 | Y67: 46230 | AA67: 46244 | AB67: 46246 | AC67: 46253 | AD67: 46281 | AE67: 46295 | AF67: 46325 | AG67: 46328 | AH67: 46331 | AI67: 46420 | AJ67: 46435 | AK67: 46440 | AL67: 46443 | AM67: 46470 | AN67: 28 | AO67: 196 | AP67: 46440 | AQ67: 46487 | AR67: =AQ67-AP68 -> 47 | AS67: Lin Yazhen | AU67: =IF(ISERROR(LOOKUP(AU$10,$R67:$AT67,#REF!)),0,(LOOKUP(AU$10,$R67:$AT67,#REF!))) -> 0 | AV67: =IF(ISERROR(LOOKUP(AV$10,$R67:$AT67,#REF!)),0,(LOOKUP(AV$10,$R67:$AT67,#REF!))) -> 0 | AW67: =IF(ISERROR(LOOKUP(AW$10,$R67:$AT67,#REF!)),0,(LOOKUP(AW$10,$R67:$AT67,#REF!))) -> 0 | AX67: =IF(ISERROR(LOOKUP(AX$10,$R67:$AT67,#REF!)),0,(LOOKUP(AX$10,$R67:$AT67,#REF!))) -> 0 | AY67: =IF(ISERROR(LOOKUP(AY$10,$R67:$AT67,#REF!)),0,(LOOKUP(AY$10,$R67:$AT67,#REF!))) -> 0 | AZ67: =IF(ISERROR(LOOKUP(AZ$10,$R67:$AT67,#REF!)),0,(LOOKUP(AZ$10,$R67:$AT67,#REF!))) -> 0 | BA67: =IF(ISERROR(LOOKUP(BA$10,$R67:$AT67,#REF!)),0,(LOOKUP(BA$10,$R67:$AT67,#REF!))) -> 0 | BB67: =IF(ISERROR(LOOKUP(BB$10,$R67:$AT67,#REF!)),0,(LOOKUP(BB$10,$R67:$AT67,#REF!))) -> 0 | ... BE67: =IF(ISERROR(LOOKUP(BE$10,$R67:$AT67,#REF!)),0,(LOOKUP(BE$10,$R67:$AT67,#REF!))) -> 0
B68: MM-ZTK-1F-GEN-PIP-MR-0001 | C68: RFQ-PIP-004 | D68: Check valve (Compact) | E68: 4-41 | F68: PI | G68: N | H68: L3 | I68: LB | J68: ZM169-WP1-PO-PIP-004 | K68: COMBET | L68: COMBET | M68: COMBET-declined | P68: SH | Q68: F | AE68: =AE67 -> 46295 | AF68: =AE68+30 -> 46325 | AG68: =AF68+3 -> 46328 | AH68: =AG68+3 -> 46331 | AI68: =AJ68-10 -> 46425 | AJ68: =AK68-5 -> 46435 | AK68: =AP68 -> 46440 | AL68: =AP67+3 -> 46443 | AM68: =AP67+30 -> 46470 | AN68: 28 | AO68: 196 | AP68: =BG68 -> 46440 | AS68: DDP Zhuhai Yard | AU68: =IF(ISERROR(LOOKUP(AU$10,$R68:$AT68,#REF!)),0,(LOOKUP(AU$10,$R68:$AT68,#REF!))) -> 0 | AV68: =IF(ISERROR(LOOKUP(AV$10,$R68:$AT68,#REF!)),0,(LOOKUP(AV$10,$R68:$AT68,#REF!))) -> 0 | AW68: =IF(ISERROR(LOOKUP(AW$10,$R68:$AT68,#REF!)),0,(LOOKUP(AW$10,$R68:$AT68,#REF!))) -> 0 | AX68: =IF(ISERROR(LOOKUP(AX$10,$R68:$AT68,#REF!)),0,(LOOKUP(AX$10,$R68:$AT68,#REF!))) -> 0 | AY68: =IF(ISERROR(LOOKUP(AY$10,$R68:$AT68,#REF!)),0,(LOOKUP(AY$10,$R68:$AT68,#REF!))) -> 0 | AZ68: =IF(ISERROR(LOOKUP(AZ$10,$R68:$AT68,#REF!)),0,(LOOKUP(AZ$10,$R68:$AT68,#REF!))) -> 0 | BA68: =IF(ISERROR(LOOKUP(BA$10,$R68:$AT68,#REF!)),0,(LOOKUP(BA$10,$R68:$AT68,#REF!))) -> 0 | BB68: =IF(ISERROR(LOOKUP(BB$10,$R68:$AT68,#REF!)),0,(LOOKUP(BB$10,$R68:$AT68,#REF!))) -> 0 | ... BE68: =IF(ISERROR(LOOKUP(BE$10,$R68:$AT68,#REF!)),0,(LOOKUP(BE$10,$R68:$AT68,#REF!))) -> 0 | BF68: ZWP20-23 | BG68: 46440
B69: MM-ZTK-1F-GEN-PIP-MR-0001 | C69: RFQ-PIP-004 | D69: Check valve (Compact) | E69: 4-41 | F69: PI | G69: N | H69: L3 | I69: LB | K69: KCON, FMC | L69: KCON | N69: KCON | P69: SH | Q69: A | R69: 46174 | S69: 46148 | T69: 46165 | U69: 46174 | V69: 46174 | W69: 46188 | X69: 46213 | Y69: 46241 | Z69: 46241 | AA69: 46244 | AB69: 46246 | AC69: 46240 | AD69: 46258 | AU69: =IF(ISERROR(LOOKUP(AU$10,$R69:$AT69,#REF!)),0,(LOOKUP(AU$10,$R69:$AT69,#REF!))) -> 0 | AV69: =IF(ISERROR(LOOKUP(AV$10,$R69:$AT69,#REF!)),0,(LOOKUP(AV$10,$R69:$AT69,#REF!))) -> 0 | AW69: =IF(ISERROR(LOOKUP(AW$10,$R69:$AT69,#REF!)),0,(LOOKUP(AW$10,$R69:$AT69,#REF!))) -> 0 | AX69: =IF(ISERROR(LOOKUP(AX$10,$R69:$AT69,#REF!)),0,(LOOKUP(AX$10,$R69:$AT69,#REF!))) -> 0 | AY69: =IF(ISERROR(LOOKUP(AY$10,$R69:$AT69,#REF!)),0,(LOOKUP(AY$10,$R69:$AT69,#REF!))) -> 0 | AZ69: =IF(ISERROR(LOOKUP(AZ$10,$R69:$AT69,#REF!)),0,(LOOKUP(AZ$10,$R69:$AT69,#REF!))) -> 0 | BA69: =IF(ISERROR(LOOKUP(BA$10,$R69:$AT69,#REF!)),0,(LOOKUP(BA$10,$R69:$AT69,#REF!))) -> 0 | BB69: =IF(ISERROR(LOOKUP(BB$10,$R69:$AT69,#REF!)),0,(LOOKUP(BB$10,$R69:$AT69,#REF!))) -> 0 | ... BE69: =IF(ISERROR(LOOKUP(BE$10,$R69:$AT69,#REF!)),0,(LOOKUP(BE$10,$R69:$AT69,#REF!))) -> 0
A70: =A67+1 -> 17 | B70: MM-ZTK-1F-GEN-PIP-MR-0001 | C70: RFQ-PIP-030 | D70: ButterflyValve | E70: 4-22 | F70: PI | G70: N | H70: L3 | I70: LC | J70: BOTELI | L70: Neway | M70: Neway | N70: Neway | P70: SH | Q70: P | R70: 46174 | S70: 46177 | T70: 46184 | U70: 46185 | V70: 46192 | W70: 46206 | X70: 46227 | Y70: 46234 | AA70: 46248 | AB70: 46252 | AC70: 46259 | AD70: 46280 | AE70: 46294 | AF70: 46324 | AG70: 46327 | AH70: 46330 | AI70: 46422 | AJ70: 46437 | AK70: 46444 | AL70: 46447 | AM70: 46474 | AN70: 28 | AO70: 196 | AP70: 46444 | AQ70: 46487 | AR70: =AQ70-AP71 -> 109 | AS70: Lin yazhen | AT70: 2026.6.8 Short bidder list to CPY for approval | AU70: =IF(ISERROR(LOOKUP(AU$10,$R70:$AT70,#REF!)),0,(LOOKUP(AU$10,$R70:$AT70,#REF!))) -> 0 | AV70: =IF(ISERROR(LOOKUP(AV$10,$R70:$AT70,#REF!)),0,(LOOKUP(AV$10,$R70:$AT70,#REF!))) -> 0 | AW70: =IF(ISERROR(LOOKUP(AW$10,$R70:$AT70,#REF!)),0,(LOOKUP(AW$10,$R70:$AT70,#REF!))) -> 0 | AX70: =IF(ISERROR(LOOKUP(AX$10,$R70:$AT70,#REF!)),0,(LOOKUP(AX$10,$R70:$AT70,#REF!))) -> 0 | AY70: =IF(ISERROR(LOOKUP(AY$10,$R70:$AT70,#REF!)),0,(LOOKUP(AY$10,$R70:$AT70,#REF!))) -> 0 | AZ70: =IF(ISERROR(LOOKUP(AZ$10,$R70:$AT70,#REF!)),0,(LOOKUP(AZ$10,$R70:$AT70,#REF!))) -> 0 | BA70: =IF(ISERROR(LOOKUP(BA$10,$R70:$AT70,#REF!)),0,(LOOKUP(BA$10,$R70:$AT70,#REF!))) -> 0 | BB70: =IF(ISERROR(LOOKUP(BB$10,$R70:$AT70,#REF!)),0,(LOOKUP(BB$10,$R70:$AT70,#REF!))) -> 0 | ... BE70: =IF(ISERROR(LOOKUP(BE$10,$R70:$AT70,#REF!)),0,(LOOKUP(BE$10,$R70:$AT70,#REF!))) -> 0
B71: MM-ZTK-1F-GEN-PIP-MR-0001 | C71: RFQ-PIP-030 | D71: ButterflyValve | E71: 4-22 | F71: PI | G71: N | H71: L3 | I71: LC | J71: ZM169-WP1-PO-PIP-001 | L71: Boteli | M71: Boteli | N71: Boteli | O71: Boteli | P71: SH | Q71: F | AE71: =AE70 -> 46294 | AF71: =AE71+30 -> 46324 | AG71: =AF71+3 -> 46327 | AH71: =AG71+3 -> 46330 | AI71: =AJ71-10 -> 46361 | AJ71: =AK71-7 -> 46371 | AK71: =AP71 -> 46378 | AL71: =AP70+3 -> 46447 | AM71: =AP70+30 -> 46474 | AN71: 22 | AO71: =AN71*7 -> 154 | AP71: =BG71 -> 46378 | AS71: DDP Zhuhai Yard | AU71: =IF(ISERROR(LOOKUP(AU$10,$R71:$AT71,#REF!)),0,(LOOKUP(AU$10,$R71:$AT71,#REF!))) -> 0 | AV71: =IF(ISERROR(LOOKUP(AV$10,$R71:$AT71,#REF!)),0,(LOOKUP(AV$10,$R71:$AT71,#REF!))) -> 0 | AW71: =IF(ISERROR(LOOKUP(AW$10,$R71:$AT71,#REF!)),0,(LOOKUP(AW$10,$R71:$AT71,#REF!))) -> 0 | AX71: =IF(ISERROR(LOOKUP(AX$10,$R71:$AT71,#REF!)),0,(LOOKUP(AX$10,$R71:$AT71,#REF!))) -> 0 | AY71: =IF(ISERROR(LOOKUP(AY$10,$R71:$AT71,#REF!)),0,(LOOKUP(AY$10,$R71:$AT71,#REF!))) -> 0 | AZ71: =IF(ISERROR(LOOKUP(AZ$10,$R71:$AT71,#REF!)),0,(LOOKUP(AZ$10,$R71:$AT71,#REF!))) -> 0 | BA71: =IF(ISERROR(LOOKUP(BA$10,$R71:$AT71,#REF!)),0,(LOOKUP(BA$10,$R71:$AT71,#REF!))) -> 0 | BB71: =IF(ISERROR(LOOKUP(BB$10,$R71:$AT71,#REF!)),0,(LOOKUP(BB$10,$R71:$AT71,#REF!))) -> 0 | ... BE71: =IF(ISERROR(LOOKUP(BE$10,$R71:$AT71,#REF!)),0,(LOOKUP(BE$10,$R71:$AT71,#REF!))) -> 0 | BF71: ZWP20-23 | BG71: 46378
B72: MM-ZTK-1F-GEN-PIP-MR-0001 | C72: RFQ-PIP-030 | D72: ButterflyValve | E72: 4-22 | F72: PI | G72: N | H72: L3 | I72: LC | J72: Combined with check valve | L72: Huaying | M72: Huaying | N72: Huaying | O72: Huaying | P72: SH | Q72: A | R72: 46183 | S72: 46148 | T72: 46165 | U72: 46182 | V72: 46182 | W72: 46202 | X72: 46219 | Y72: 46245 | Z72: 46248 | AA72: 46258 | AB72: 46265 | AC72: 46259 | AD72: 46275 | AU72: =IF(ISERROR(LOOKUP(AU$10,$R72:$AT72,#REF!)),0,(LOOKUP(AU$10,$R72:$AT72,#REF!))) -> 0 | AV72: =IF(ISERROR(LOOKUP(AV$10,$R72:$AT72,#REF!)),0,(LOOKUP(AV$10,$R72:$AT72,#REF!))) -> 0 | AW72: =IF(ISERROR(LOOKUP(AW$10,$R72:$AT72,#REF!)),0,(LOOKUP(AW$10,$R72:$AT72,#REF!))) -> 0 | AX72: =IF(ISERROR(LOOKUP(AX$10,$R72:$AT72,#REF!)),0,(LOOKUP(AX$10,$R72:$AT72,#REF!))) -> 0 | AY72: =IF(ISERROR(LOOKUP(AY$10,$R72:$AT72,#REF!)),0,(LOOKUP(AY$10,$R72:$AT72,#REF!))) -> 0 | AZ72: =IF(ISERROR(LOOKUP(AZ$10,$R72:$AT72,#REF!)),0,(LOOKUP(AZ$10,$R72:$AT72,#REF!))) -> 0 | BA72: =IF(ISERROR(LOOKUP(BA$10,$R72:$AT72,#REF!)),0,(LOOKUP(BA$10,$R72:$AT72,#REF!))) -> 0 | BB72: =IF(ISERROR(LOOKUP(BB$10,$R72:$AT72,#REF!)),0,(LOOKUP(BB$10,$R72:$AT72,#REF!))) -> 0 | ... BE72: =IF(ISERROR(LOOKUP(BE$10,$R72:$AT72,#REF!)),0,(LOOKUP(BE$10,$R72:$AT72,#REF!))) -> 0
A73: =A70+1 -> 18 | B73: MM-ZTK-1F-GEN-PIP-MR-0003 | C73: RFQ-PIP-006 | D73: Special items-Chemical Injection Quill | E73: 5-5 | F73: PI | G73: N | H73: L3 | I73: LA | K73: Oliver Valves | L73: Oliver Valves | M73: Oliver Valves-22 weeks | P73: SH | Q73: P | R73: 46174 | S73: 46177 | T73: 46184 | U73: 46185 | V73: 46192 | W73: 46206 | X73: 46227 | Y73: 46234 | AA73: 46248 | AB73: 46252 | AC73: 46259 | AD73: 46280 | AE73: 46294 | AF73: 46324 | AG73: 46327 | AH73: 46330 | AI73: 46401 | AJ73: 46411 | AK73: 46416 | AL73: 46419 | AM73: 46446 | AN73: 24 | AO73: 168 | AP73: 46416 | AQ73: 46530 | AR73: =AQ73-AP74 -> 56 | AS73: Liu Lei | AU73: =IF(ISERROR(LOOKUP(AU$10,$R73:$AT73,#REF!)),0,(LOOKUP(AU$10,$R73:$AT73,#REF!))) -> 0 | AV73: =IF(ISERROR(LOOKUP(AV$10,$R73:$AT73,#REF!)),0,(LOOKUP(AV$10,$R73:$AT73,#REF!))) -> 0 | AW73: =IF(ISERROR(LOOKUP(AW$10,$R73:$AT73,#REF!)),0,(LOOKUP(AW$10,$R73:$AT73,#REF!))) -> 0 | AX73: =IF(ISERROR(LOOKUP(AX$10,$R73:$AT73,#REF!)),0,(LOOKUP(AX$10,$R73:$AT73,#REF!))) -> 0 | AY73: =IF(ISERROR(LOOKUP(AY$10,$R73:$AT73,#REF!)),0,(LOOKUP(AY$10,$R73:$AT73,#REF!))) -> 0 | AZ73: =IF(ISERROR(LOOKUP(AZ$10,$R73:$AT73,#REF!)),0,(LOOKUP(AZ$10,$R73:$AT73,#REF!))) -> 0 | BA73: =IF(ISERROR(LOOKUP(BA$10,$R73:$AT73,#REF!)),0,(LOOKUP(BA$10,$R73:$AT73,#REF!))) -> 0 | BB73: =IF(ISERROR(LOOKUP(BB$10,$R73:$AT73,#REF!)),0,(LOOKUP(BB$10,$R73:$AT73,#REF!))) -> 0 | ... BE73: =IF(ISERROR(LOOKUP(BE$10,$R73:$AT73,#REF!)),0,(LOOKUP(BE$10,$R73:$AT73,#REF!))) -> 0 | BF73: Bidder1 | BG73: 20-22 weeks DDP Zhuhai after after drawing approval
B74: MM-ZTK-1F-GEN-PIP-MR-0003 | C74: RFQ-PIP-006 | D74: Special items-Chemical Injection Quill | E74: 5-5 | F74: PI | G74: N | H74: L3 | I74: LA | P74: SH | Q74: F | X74: 46289 | Y74: =X74+5 -> 46294 | Z74: 46304 | AA74: =Z74+2 -> 46306 | AB74: =WORKDAY(AA74, AB6, IF(AB12="China",'China Holidays'!$A$2:$A$84,'Thai Holidays'!$A$2:$A$65)) -> 46308 | AC74: =WORKDAY(AB74, AC6, IF(AC12="China",'China Holidays'!$A$2:$A$84,'Thai Holidays'!$A$2:$A$65)) -> 46315 | AD74: =WORKDAY(AC74, AD6, IF(AD12="China",'China Holidays'!$A$2:$A$84,'Thai Holidays'!$A$2:$A$65)) -> 46343 | AE74: =WORKDAY(AD74, AE6, IF(AE12="China",'China Holidays'!$A$2:$A$84,'Thai Holidays'!$A$2:$A$65)) -> 46357 | AF74: =AE74+23 -> 46380 | AG74: =AF74 -> 46380 | AH74: =AG74+3 -> 46383 | AI74: =AJ74-10 -> 46459 | AJ74: =AK74-5 -> 46469 | AK74: =AP74 -> 46474 | AL74: =AP73+3 -> 46419 | AM74: =AP73+30 -> 46446 | AP74: =AA74+AO73 -> 46474 | AU74: =IF(ISERROR(LOOKUP(AU$10,$R74:$AT74,#REF!)),0,(LOOKUP(AU$10,$R74:$AT74,#REF!))) -> 0 | AV74: =IF(ISERROR(LOOKUP(AV$10,$R74:$AT74,#REF!)),0,(LOOKUP(AV$10,$R74:$AT74,#REF!))) -> 0 | AW74: =IF(ISERROR(LOOKUP(AW$10,$R74:$AT74,#REF!)),0,(LOOKUP(AW$10,$R74:$AT74,#REF!))) -> 0 | AX74: =IF(ISERROR(LOOKUP(AX$10,$R74:$AT74,#REF!)),0,(LOOKUP(AX$10,$R74:$AT74,#REF!))) -> 0 | AY74: =IF(ISERROR(LOOKUP(AY$10,$R74:$AT74,#REF!)),0,(LOOKUP(AY$10,$R74:$AT74,#REF!))) -> 0 | AZ74: =IF(ISERROR(LOOKUP(AZ$10,$R74:$AT74,#REF!)),0,(LOOKUP(AZ$10,$R74:$AT74,#REF!))) -> 0 | BA74: =IF(ISERROR(LOOKUP(BA$10,$R74:$AT74,#REF!)),0,(LOOKUP(BA$10,$R74:$AT74,#REF!))) -> 0 | BB74: =IF(ISERROR(LOOKUP(BB$10,$R74:$AT74,#REF!)),0,(LOOKUP(BB$10,$R74:$AT74,#REF!))) -> 0 | ... BE74: =IF(ISERROR(LOOKUP(BE$10,$R74:$AT74,#REF!)),0,(LOOKUP(BE$10,$R74:$AT74,#REF!))) -> 0
B75: MM-ZTK-1F-GEN-PIP-MR-0003 | C75: RFQ-PIP-006 | D75: Special items-Chemical Injection Quill | E75: 5-5 | F75: PI | G75: N | H75: L3 | I75: LA | K75: RIBO(McMurray) | L75: RIBO(McMurray) | P75: SH | Q75: A | R75: 46174 | S75: 46148 | T75: 46166 | U75: 46182 | V75: 46185 | W75: 46224 | AU75: =IF(ISERROR(LOOKUP(AU$10,$R75:$AT75,#REF!)),0,(LOOKUP(AU$10,$R75:$AT75,#REF!))) -> 0 | AV75: =IF(ISERROR(LOOKUP(AV$10,$R75:$AT75,#REF!)),0,(LOOKUP(AV$10,$R75:$AT75,#REF!))) -> 0 | AW75: =IF(ISERROR(LOOKUP(AW$10,$R75:$AT75,#REF!)),0,(LOOKUP(AW$10,$R75:$AT75,#REF!))) -> 0 | AX75: =IF(ISERROR(LOOKUP(AX$10,$R75:$AT75,#REF!)),0,(LOOKUP(AX$10,$R75:$AT75,#REF!))) -> 0 | AY75: =IF(ISERROR(LOOKUP(AY$10,$R75:$AT75,#REF!)),0,(LOOKUP(AY$10,$R75:$AT75,#REF!))) -> 0 | AZ75: =IF(ISERROR(LOOKUP(AZ$10,$R75:$AT75,#REF!)),0,(LOOKUP(AZ$10,$R75:$AT75,#REF!))) -> 0 | BA75: =IF(ISERROR(LOOKUP(BA$10,$R75:$AT75,#REF!)),0,(LOOKUP(BA$10,$R75:$AT75,#REF!))) -> 0 | BB75: =IF(ISERROR(LOOKUP(BB$10,$R75:$AT75,#REF!)),0,(LOOKUP(BB$10,$R75:$AT75,#REF!))) -> 0 | ... BE75: =IF(ISERROR(LOOKUP(BE$10,$R75:$AT75,#REF!)),0,(LOOKUP(BE$10,$R75:$AT75,#REF!))) -> 0
A76: =A73+1 -> 19 | B76: MM-ZTK-1F-GEN-PIP-MR-0003 | C76: RFQ-PIP-023 | D76: Special items-Hoses and Connections | E76: 5-5 | F76: PI | G76: N | H76: L4 | I76: LA | K76: Eaton-reply | P76: SH | Q76: P | R76: 46164 | S76: 46167 | T76: 46175 | U76: 46176 | V76: 46183 | W76: 46198 | X76: 46226 | Y76: 46233 | AA76: 46247 | AB76: 46251 | AC76: 46258 | AD76: 46286 | AE76: 46300 | AF76: 46330 | AG76: 46330 | AH76: 46332 | AI76: 46421 | AJ76: 46441 | AK76: 46471 | AL76: 46474 | AM76: 46501 | AN76: 24 | AO76: =AN76*7 -> 168 | AP76: 46471 | AQ76: 46530 | AR76: =AQ76-AP77 -> 68 | AS76: Lin Yazhen | AT76: 2026.6.10 Short bidder list to CPY for approval | BF76: Bidder1
B77: MM-ZTK-1F-GEN-PIP-MR-0003 | C77: RFQ-PIP-023 | D77: Special items-Hoses and Connections | E77: 5-5 | F77: PI | G77: N | H77: L4 | I77: LA | K77: MANN TEK（RIBO） | L77: RIBO(MANN TEK ) | M77: RIBO(Dexion ) | N77: RIBO(Dexion ) | P77: SH | Q77: F | Y77: =WORKDAY(X78, Y6, IF(Y12="China",'China Holidays'!$A$2:$A$84,'Thai Holidays'!$A$2:$A$65)) -> 46294 | AA77: =Y77 -> 46294 | AB77: =WORKDAY(AA77, AB6, IF(AB12="China",'China Holidays'!$A$2:$A$84,'Thai Holidays'!$A$2:$A$65)) -> 46303 | AC77: =WORKDAY(AB77, AC6, IF(AC12="China",'China Holidays'!$A$2:$A$84,'Thai Holidays'!$A$2:$A$65)) -> 46310 | AD77: =WORKDAY(AC77, AD6, IF(AD12="China",'China Holidays'!$A$2:$A$84,'Thai Holidays'!$A$2:$A$65)) -> 46338 | AE77: =WORKDAY(AD77, AE6, IF(AE12="China",'China Holidays'!$A$2:$A$84,'Thai Holidays'!$A$2:$A$65)) -> 46352 | AF77: =AE77+30 -> 46382 | AG77: =WORKDAY(AF77, AG9, IF(AG18="China",'China Holidays'!$A$2:$A$84,'Thai Holidays'!$A$2:$A$65)) -> 46382 | AH77: =WORKDAY(AG77, AH9, IF(AH18="China",'China Holidays'!$A$2:$A$84,'Thai Holidays'!$A$2:$A$65)) -> 46382 | AI77: =AJ77-20 -> 46412 | AJ77: =AK77-30 -> 46432 | AK77: =AP77 -> 46462 | AL77: =AP76+3 -> 46474 | AM77: =AP76+30 -> 46501 | AP77: =AA77+AO76 -> 46462 | BF77: Bidder2 | BG77: 12 weeks DDP Zhuhai after after drawing approval
B78: MM-ZTK-1F-GEN-PIP-MR-0003 | C78: RFQ-PIP-023 | D78: Special items-Hoses and Connections | E78: 5-5 | F78: PI | G78: N | H78: L4 | I78: LA | K78: DIXON, TPI | L78: DIXON | P78: SH | Q78: A | R78: 46184 | S78: 46148 | T78: 46166 | U78: 46185 | V78: 46185 | W78: 46199 | X78: 46280 | BF78: Bidder3 | BG78: 12 weeks DDP Zhuhai after after drawing approval
A79: =A76+1 -> 20 | B79: MM-ZTK-1F-GEN-PIP-MR-0003 | C79: RFQ-PIP-022 | D79: Special items-Liquid trap | E79: 5-5 | F79: PI | G79: N | H79: L3 | I79: LA | K79: ARMSTRONG | L79: ARMSTRONG | P79: SH | Q79: P | R79: 46164 | S79: 46167 | T79: 46175 | U79: 46176 | V79: 46183 | W79: 46198 | X79: 46226 | Y79: 46233 | AA79: 46247 | AB79: 46251 | AC79: 46258 | AD79: 46286 | AE79: 46300 | AF79: 46330 | AG79: 46330 | AH79: 46332 | AI79: 46421 | AJ79: 46441 | AK79: 46471 | AL79: 46474 | AM79: 46501 | AN79: 24 | AO79: =AN79*7 -> 168 | AP79: 46471 | AQ79: 46530 | AR79: =AQ79-AP80 -> 68 | AS79: Lin Yazhen | BF79: Bidder1 | BG79: after drawing approved 16 weeks
B80: MM-ZTK-1F-GEN-PIP-MR-0003 | C80: RFQ-PIP-022 | D80: Special items-Liquid trap | E80: 5-5 | F80: PI | G80: N | H80: L3 | I80: LA | K80: Gestra | L80: Gestra | M80: Gestra (Shanghai) | N80: Gestra (Shanghai) | P80: SH | Q80: F | Y80: =WORKDAY(X81, Y6, IF(Y12="China",'China Holidays'!$A$2:$A$84,'Thai Holidays'!$A$2:$A$65)) -> 46294 | AA80: =Y80 -> 46294 | AB80: =WORKDAY(AA80, AB6, IF(AB12="China",'China Holidays'!$A$2:$A$84,'Thai Holidays'!$A$2:$A$65)) -> 46303 | AC80: =WORKDAY(AB80, AC6, IF(AC12="China",'China Holidays'!$A$2:$A$84,'Thai Holidays'!$A$2:$A$65)) -> 46310 | AD80: =WORKDAY(AC80, AD6, IF(AD12="China",'China Holidays'!$A$2:$A$84,'Thai Holidays'!$A$2:$A$65)) -> 46338 | AE80: =WORKDAY(AD80, AE6, IF(AE12="China",'China Holidays'!$A$2:$A$84,'Thai Holidays'!$A$2:$A$65)) -> 46352 | AF80: =AE80+30 -> 46382 | AG80: =WORKDAY(AF80, AG6, IF(AG12="China",'China Holidays'!$A$2:$A$84,'Thai Holidays'!$A$2:$A$65)) -> 46382 | AH80: =WORKDAY(AG80, AH6, IF(AH12="China",'China Holidays'!$A$2:$A$84,'Thai Holidays'!$A$2:$A$65)) -> 46382 | AI80: =AJ80-20 -> 46412 | AJ80: =AK80-30 -> 46432 | AK80: =AP80 -> 46462 | AL80: =AP79+3 -> 46474 | AM80: =AP79+30 -> 46501 | AN80: 20 | AO80: =AN80*7 -> 140 | AP80: =AA80+AO79 -> 46462
B81: MM-ZTK-1F-GEN-PIP-MR-0003 | C81: RFQ-PIP-022 | D81: Special items-Liquid trap | E81: 5-5 | F81: PI | G81: N | H81: L3 | I81: LA | K81: Gestra（RIBO), TPI | L81: Gestra (RIBO） | P81: SH | Q81: A | R81: 46174 | S81: 46148 | T81: 46166 | U81: 46183 | V81: 46183 | W81: 46199 | X81: 46280
A82: =A79+1 -> 21 | B82: MM-ZTK-1F-GEN-PIP-MR-0003 | C82: RFQ-PIP-032 | D82: Special items-Clamp Type Connector and Target Tee with Clamp Type Connector | E82: 5-5 | F82: PI | G82: N | H82: L3 | I82: LA | K82: Destec(RIBO) | L82: RIBO(Destec) | M82: RIBO(Destec)-bundle4# pending | P82: SH | Q82: P | R82: 46164 | S82: 46167 | T82: 46175 | U82: 46176 | V82: 46183 | W82: 46198 | X82: 46226 | Y82: 46233 | AA82: 46247 | AB82: 46251 | AC82: 46258 | AD82: 46286 | AE82: 46300 | AF82: 46330 | AG82: 46330 | AH82: 46332 | AI82: 46421 | AJ82: 46441 | AK82: 46471 | AL82: 46474 | AM82: 46501 | AN82: 24 | AO82: =AN82*7 -> 168 | AP82: 46471 | AQ82: 46530 | AR82: =AQ82-AP83 -> 72 | AS82: Liu Lei | AT82: 2026.6.10 Short bidder list to CPY for approval | BF82: Bidder1 | BG82: 36 weeks DDP Zhuhai after after drawing approval
B83: MM-ZTK-1F-GEN-PIP-MR-0003 | C83: RFQ-PIP-032 | D83: Special items-Clamp Type Connector and Target Tee with Clamp Type Connector | E83: 5-5 | F83: PI | G83: N | H83: L3 | I83: LA | K83: Multiphase(GRAYLOC) | L83: Multiphase(GRAYLOC) | M83: GRAYLOC(7.10, 9.10)-合规性审查 | P83: SH | Q83: F | X83: 46283 | Y83: =WORKDAY(X83, 5, IF(Y12="China",'China Holidays'!$A$2:$A$84,'Thai Holidays'!$A$2:$A$65)) -> 46290 | Z83: =Y83 -> 46290 | AA83: =Y83 -> 46290 | AB83: =WORKDAY(AA83, AB6, IF(AB12="China",'China Holidays'!$A$2:$A$84,'Thai Holidays'!$A$2:$A$65)) -> 46294 | AC83: =WORKDAY(AB83, AC6, IF(AC12="China",'China Holidays'!$A$2:$A$84,'Thai Holidays'!$A$2:$A$65)) -> 46308 | AD83: =WORKDAY(AC83, AD6, IF(AD12="China",'China Holidays'!$A$2:$A$84,'Thai Holidays'!$A$2:$A$65)) -> 46336 | AE83: =WORKDAY(AD83, AE6, IF(AE12="China",'China Holidays'!$A$2:$A$84,'Thai Holidays'!$A$2:$A$65)) -> 46350 | AF83: =WORKDAY(AE83, AF9, IF(AF18="China",'China Holidays'!$A$2:$A$84,'Thai Holidays'!$A$2:$A$65)) -> 46350 | AG83: =WORKDAY(AF83, AG9, IF(AG18="China",'China Holidays'!$A$2:$A$84,'Thai Holidays'!$A$2:$A$65)) -> 46350 | AH83: =WORKDAY(AG83, AH9, IF(AH18="China",'China Holidays'!$A$2:$A$84,'Thai Holidays'!$A$2:$A$65)) -> 46350 | AI83: =AJ83-20 -> 46408 | AJ83: =AK83-30 -> 46428 | AK83: =AP83 -> 46458 | AL83: =AP82+3 -> 46474 | AM83: =AP82+30 -> 46501 | AP83: =AA83+AO82 -> 46458 | BF83: Bidder2 | BG83: 20 weeks DDP Zhuhai after after drawing approval
B84: MM-ZTK-1F-GEN-PIP-MR-0003 | C84: RFQ-PIP-032 | D84: Special items-Clamp Type Connector and Target Tee with Clamp Type Connector | E84: 5-5 | F84: PI | G84: N | H84: L3 | I84: LA | K84: VIAR, TPI | M84: Meritus-sourcing | P84: SH | Q84: A | R84: 46184 | S84: 46148 | T84: 46166 | U84: 46185 | V84: 46185 | W84: 46224
A85: =A82+1 -> 22 | B85: MM-ZTK-1F-GEN-PIP-MR-0003 | C85: RFQ-PIP-031 | D85: Special items-Corrosion Probe & Coupon | E85: 5-5 | F85: PI | G85: N | H85: L3 | I85: LA | K85: MCMURRAY HUGHES | L85: RIBO (RCSL) | M85: RIBO (RCSL)-制裁 | P85: SH | Q85: P | R85: 46164 | S85: 46167 | T85: 46175 | U85: 46176 | V85: 46183 | W85: 46198 | X85: 46226 | Y85: 46233 | AA85: 46247 | AB85: 46251 | AC85: 46258 | AD85: 46286 | AE85: 46300 | AF85: 46330 | AG85: 46330 | AH85: 46332 | AI85: 46421 | AJ85: 46441 | AK85: 46471 | AL85: 46474 | AM85: 46501 | AN85: 24 | AO85: =AN85*7 -> 168 | AP85: 46471 | AQ85: 46530 | AR85: =AQ85-AP86 -> 58 | AS85: Liu Lei
B86: MM-ZTK-1F-GEN-PIP-MR-0003 | C86: RFQ-PIP-031 | D86: Special items-Corrosion Probe & Coupon | E86: 5-5 | F86: PI | G86: N | H86: L3 | I86: LA | K86: Cosasco | L86: Cosasco | M86: Cosasco-TC-用香港代理签 | P86: SH | Q86: F | X86: 46290 | Y86: =WORKDAY(X86, Y6, IF(Y12="China",'China Holidays'!$A$2:$A$84,'Thai Holidays'!$A$2:$A$65)) -> 46304 | AA86: =Y86 -> 46304 | AB86: =WORKDAY(AA86, AB6, IF(AB12="China",'China Holidays'!$A$2:$A$84,'Thai Holidays'!$A$2:$A$65)) -> 46308 | AC86: =WORKDAY(AB86, AC6, IF(AC12="China",'China Holidays'!$A$2:$A$84,'Thai Holidays'!$A$2:$A$65)) -> 46315 | AD86: =WORKDAY(AC86, AD6, IF(AD12="China",'China Holidays'!$A$2:$A$84,'Thai Holidays'!$A$2:$A$65)) -> 46343 | AE86: =WORKDAY(AD86, AE6, IF(AE12="China",'China Holidays'!$A$2:$A$84,'Thai Holidays'!$A$2:$A$65)) -> 46357 | AF86: =AE86+30 -> 46387 | AG86: =AF86 -> 46387 | AH86: =AG86+2 -> 46389 | AI86: =AJ86-20 -> 46422 | AJ86: =AK86-30 -> 46442 | AK86: =AP86 -> 46472 | AL86: =AP85+3 -> 46474 | AM86: =AP85+30 -> 46501 | AP86: =AA86+AO85 -> 46472
B87: MM-ZTK-1F-GEN-PIP-MR-0003 | C87: RFQ-PIP-031 | D87: Special items-Corrosion Probe & Coupon | E87: 5-5 | F87: PI | G87: N | H87: L3 | I87: LA | K87: Clampon | M87: Clampon | P87: SH | Q87: A | R87: 46174 | S87: 46148 | T87: 46166 | U87: 46185 | V87: 46185 | W87: 46225
A88: =A85+1 -> 23 | B88: MM-ZTK-1F-GEN-PIP-MR-0003 | C88: RFQ-PIP-024 | D88: Special items-Portable Valve Actuator | E88: 5-5 | F88: PI | G88: N | H88: L4 | I88: LA | K88: Modec-France | L88: Modec-France | P88: SH | Q88: P | R88: 46164 | S88: 46167 | T88: 46175 | U88: 46176 | V88: 46183 | W88: 46198 | X88: 46286 | Y88: 46293 | AA88: 46307 | AB88: 46311 | AC88: 46318 | AD88: 46346 | AE88: 46360 | AF88: 46390 | AG88: 46390 | AH88: 46392 | AI88: 46481 | AJ88: 46501 | AK88: 46531 | AL88: 46534 | AM88: 46561 | AN88: 24 | AO88: 168 | AP88: 46471 | AQ88: 46561 | AR88: =AQ88-AP89 -> 86 | AS88: Liu Lei
B89: MM-ZTK-1F-GEN-PIP-MR-0003 | C89: RFQ-PIP-024 | D89: Special items-Portable Valve Actuator | E89: 5-5 | F89: PI | G89: N | H89: L4 | I89: LA | K89: Sofis-Netherlands | L89: Sofis-Netherlands | P89: SH | Q89: F | X89: 46290 | Y89: 46293 | AA89: 46307 | AB89: 46311 | AC89: 46318 | AD89: 46346 | AE89: 46360 | AF89: 46390 | AG89: 46390 | AH89: 46392 | AI89: 46481 | AJ89: 46501 | AK89: 46531 | AL89: 46534 | AM89: 46561 | AP89: =AA89+AO88 -> 46475
B90: MM-ZTK-1F-GEN-PIP-MR-0003 | C90: RFQ-PIP-024 | D90: Special items-Portable Valve Actuator | E90: 5-5 | F90: PI | G90: N | H90: L4 | I90: LA | K90: Valtorx-declined | P90: SH | Q90: A | R90: 46251 | S90: 46148 | T90: 46166 | U90: 46251 | V90: 46251 | W90: 46262
A91: =A88+1 -> 24 | B91: MM-ZTK-1F-GEN-PIP-MR-0003 | C91: RFQ-PIP-019 | D91: Special items-Strainers | E91: 5-5 | F91: PI | G91: N | H91: L3 | I91: LA | J91: MULTIPHASE(Barton Firtop) | K91: Trelleborg-trade sanction | L91: Trelleborg | P91: SH | Q91: P | R91: 46164 | S91: 46167 | T91: 46175 | U91: 46176 | V91: 46183 | W91: 46198 | X91: 46226 | Y91: 46233 | AA91: 46247 | AB91: 46251 | AC91: 46258 | AD91: 46286 | AE91: 46300 | AF91: 46330 | AG91: 46330 | AH91: 46332 | AI91: 46421 | AJ91: 46441 | AK91: 46471 | AL91: 46474 | AM91: 46501 | AN91: 32 | AO91: 224 | AP91: 46471 | AQ91: 46485 | AR91: =AQ91-AP92 -> 28 | AS91: Liu Lei
B92: MM-ZTK-1F-GEN-PIP-MR-0003 | C92: RFQ-PIP-019 | D92: Special items-Strainers | E92: 5-5 | F92: PI | G92: N | H92: L3 | I92: LA | J92: ZM169-WP1-PO-PIP-005 | K92: Eaton-no reply | P92: SH | Q92: F | Y92: 46290 | Z92: 46281 | AA92: 46289 | AB92: =WORKDAY(AA92, AB6, IF(AB12="China",'China Holidays'!$A$2:$A$84,'Thai Holidays'!$A$2:$A$65)) -> 46294 | AC92: =WORKDAY(AB92, AC6, IF(AC12="China",'China Holidays'!$A$2:$A$84,'Thai Holidays'!$A$2:$A$65)) -> 46308 | AD92: =WORKDAY(AC92, AD6, IF(AD12="China",'China Holidays'!$A$2:$A$84,'Thai Holidays'!$A$2:$A$65)) -> 46336 | AE92: =WORKDAY(AD92, AE6, IF(AE12="China",'China Holidays'!$A$2:$A$84,'Thai Holidays'!$A$2:$A$65)) -> 46350 | AF92: =AE92+30 -> 46380 | AG92: =AF92 -> 46380 | AH92: =AG92+2 -> 46382 | AI92: =AJ92-20 -> 46407 | AJ92: =AK92-30 -> 46427 | AK92: =AP92 -> 46457 | AL92: =AP91+3 -> 46474 | AM92: =AP91+30 -> 46501 | AN92: 24 | AO92: =AN92*7 -> 168 | AP92: =AA92+AO92 -> 46457 | AS92: CIF Zhuhai Port | BF92: ZWP20-23 | BG92: 22 weeks
B93: MM-ZTK-1F-GEN-PIP-MR-0003 | C93: RFQ-PIP-019 | D93: Special items-Strainers | E93: 5-5 | F93: PI | G93: N | H93: L3 | I93: LA | K93: MULTIPHASE | L93: MULTIPHASE | M93: MULTIPHASE(Barton) | N93: MULTIPHASE(Barton) | O93: MULTIPHASE(Barto) | P93: SH | Q93: A | R93: 46174 | S93: 46148 | T93: 46166 | U93: 46183 | V93: 46183 | W93: 46225 | X93: C1:2026/8/28 C2:2026/9/18 | Y93: C1:11-Sep | Z93: Reject by vendor | AA93: Pending | AP93: CD+7
A94: =A91+1 -> 25 | B94: MM-ZTK-1F-GEN-PIP-MR-0003 | C94: RFQ-PIP-025 | D94: Special items-Barred Tees | E94: 5-5 | F94: PI | G94: N | H94: L3 | I94: LA | K94: BASSI LUIGI | L94: BASSI LUIGI | M94: BASSI LUIGI | P94: SH | Q94: P | R94: 46220 | S94: 46223 | T94: 46230 | U94: 46231 | V94: 46239 | W94: 46253 | X94: 46281 | Y94: 46286 | AA94: 46308 | AB94: 46310 | AC94: 46317 | AD94: 46345 | AE94: 46359 | AF94: 46389 | AG94: 46389 | AH94: 46391 | AI94: 46454 | AJ94: 46474 | AK94: 46504 | AL94: 46507 | AM94: 46534 | AN94: 28 | AO94: 196 | AP94: 46504 | AQ94: 46530 | AR94: =AQ94-AP95 -> 31 | AS94: Lin Yazhen | AT94: 2026.6.8 Short bidder list to CPY for approval | AU94: =IF(ISERROR(LOOKUP(AU$10,$R94:$AT94,#REF!)),0,(LOOKUP(AU$10,$R94:$AT94,#REF!))) -> 0 | AV94: =IF(ISERROR(LOOKUP(AV$10,$R94:$AT94,#REF!)),0,(LOOKUP(AV$10,$R94:$AT94,#REF!))) -> 0 | AW94: =IF(ISERROR(LOOKUP(AW$10,$R94:$AT94,#REF!)),0,(LOOKUP(AW$10,$R94:$AT94,#REF!))) -> 0 | AX94: =IF(ISERROR(LOOKUP(AX$10,$R94:$AT94,#REF!)),0,(LOOKUP(AX$10,$R94:$AT94,#REF!))) -> 0 | AY94: =IF(ISERROR(LOOKUP(AY$10,$R94:$AT94,#REF!)),0,(LOOKUP(AY$10,$R94:$AT94,#REF!))) -> 0 | AZ94: =IF(ISERROR(LOOKUP(AZ$10,$R94:$AT94,#REF!)),0,(LOOKUP(AZ$10,$R94:$AT94,#REF!))) -> 0 | BA94: =IF(ISERROR(LOOKUP(BA$10,$R94:$AT94,#REF!)),0,(LOOKUP(BA$10,$R94:$AT94,#REF!))) -> 0 | BB94: =IF(ISERROR(LOOKUP(BB$10,$R94:$AT94,#REF!)),0,(LOOKUP(BB$10,$R94:$AT94,#REF!))) -> 0 | ... BE94: =IF(ISERROR(LOOKUP(BE$10,$R94:$AT94,#REF!)),0,(LOOKUP(BE$10,$R94:$AT94,#REF!))) -> 0 | BF94: Bidder1 | BG94: 24 weeks FCA from approval of manufacturing drawing and procedures (Summer / Christmas shutdown excluded)
B95: MM-ZTK-1F-GEN-PIP-MR-0003 | C95: RFQ-PIP-025 | D95: Special items-Barred Tees | E95: 5-5 | F95: PI | G95: N | H95: L3 | I95: LA | K95: COPROSIDER S.R.L. | L95: COPROSIDER-holiday | M95: TECTUBI | P95: SH | Q95: F | Y95: 46288 | Z95: 46289 | AA95: 46303 | AB95: =WORKDAY(AA95, AB6, IF(AB12="China",'China Holidays'!$A$2:$A$84,'Thai Holidays'!$A$2:$A$65)) -> 46307 | AC95: =WORKDAY(AB95, AC6, IF(AC12="China",'China Holidays'!$A$2:$A$84,'Thai Holidays'!$A$2:$A$65)) -> 46314 | AD95: =WORKDAY(AC95, AD6, IF(AD12="China",'China Holidays'!$A$2:$A$84,'Thai Holidays'!$A$2:$A$65)) -> 46342 | AE95: =WORKDAY(AD95, AE6, IF(AE12="China",'China Holidays'!$A$2:$A$84,'Thai Holidays'!$A$2:$A$65)) -> 46356 | AF95: =AE95+30 -> 46386 | AG95: =AF95 -> 46386 | AH95: =AG95+2 -> 46388 | AI95: =AJ95-15 -> 46454 | AJ95: =AK95-30 -> 46469 | AK95: =AP95 -> 46499 | AL95: =AP94+3 -> 46507 | AM95: =AP94+30 -> 46534 | AP95: =AA95+AO94 -> 46499 | AU95: =IF(ISERROR(LOOKUP(AU$10,$R95:$AT95,#REF!)),0,(LOOKUP(AU$10,$R95:$AT95,#REF!))) -> 0 | AV95: =IF(ISERROR(LOOKUP(AV$10,$R95:$AT95,#REF!)),0,(LOOKUP(AV$10,$R95:$AT95,#REF!))) -> 0 | AW95: =IF(ISERROR(LOOKUP(AW$10,$R95:$AT95,#REF!)),0,(LOOKUP(AW$10,$R95:$AT95,#REF!))) -> 0 | AX95: =IF(ISERROR(LOOKUP(AX$10,$R95:$AT95,#REF!)),0,(LOOKUP(AX$10,$R95:$AT95,#REF!))) -> 0 | AY95: =IF(ISERROR(LOOKUP(AY$10,$R95:$AT95,#REF!)),0,(LOOKUP(AY$10,$R95:$AT95,#REF!))) -> 0 | AZ95: =IF(ISERROR(LOOKUP(AZ$10,$R95:$AT95,#REF!)),0,(LOOKUP(AZ$10,$R95:$AT95,#REF!))) -> 0 | BA95: =IF(ISERROR(LOOKUP(BA$10,$R95:$AT95,#REF!)),0,(LOOKUP(BA$10,$R95:$AT95,#REF!))) -> 0 | BB95: =IF(ISERROR(LOOKUP(BB$10,$R95:$AT95,#REF!)),0,(LOOKUP(BB$10,$R95:$AT95,#REF!))) -> 0 | ... BE95: =IF(ISERROR(LOOKUP(BE$10,$R95:$AT95,#REF!)),0,(LOOKUP(BE$10,$R95:$AT95,#REF!))) -> 0 | BF95: Bidder2 | BG95: 12/14 WORKING WEEKS FROM PIM DATE.(Working weeks means by excluding 2 weeks of August and 2 weeks of Christmas shut-down)
B96: MM-ZTK-1F-GEN-PIP-MR-0003 | C96: RFQ-PIP-025 | D96: Special items-Barred Tees | E96: 5-5 | F96: PI | G96: N | H96: L3 | I96: LA | K96: VIAR MECCANICA SRL, TECTUBI RACCORDI | L96: VIAR MECCANICA SRL,TECTUBI RACCORDI | P96: SH | Q96: A | R96: 46184 | S96: 46148 | T96: 46166 | U96: 46184 | V96: 46184 | W96: 46195 | X96: 46276 | AU96: =IF(ISERROR(LOOKUP(AU$10,$R96:$AT96,#REF!)),0,(LOOKUP(AU$10,$R96:$AT96,#REF!))) -> 0 | AV96: =IF(ISERROR(LOOKUP(AV$10,$R96:$AT96,#REF!)),0,(LOOKUP(AV$10,$R96:$AT96,#REF!))) -> 0 | AW96: =IF(ISERROR(LOOKUP(AW$10,$R96:$AT96,#REF!)),0,(LOOKUP(AW$10,$R96:$AT96,#REF!))) -> 0 | AX96: =IF(ISERROR(LOOKUP(AX$10,$R96:$AT96,#REF!)),0,(LOOKUP(AX$10,$R96:$AT96,#REF!))) -> 0 | AY96: =IF(ISERROR(LOOKUP(AY$10,$R96:$AT96,#REF!)),0,(LOOKUP(AY$10,$R96:$AT96,#REF!))) -> 0 | AZ96: =IF(ISERROR(LOOKUP(AZ$10,$R96:$AT96,#REF!)),0,(LOOKUP(AZ$10,$R96:$AT96,#REF!))) -> 0 | BA96: =IF(ISERROR(LOOKUP(BA$10,$R96:$AT96,#REF!)),0,(LOOKUP(BA$10,$R96:$AT96,#REF!))) -> 0 | BB96: =IF(ISERROR(LOOKUP(BB$10,$R96:$AT96,#REF!)),0,(LOOKUP(BB$10,$R96:$AT96,#REF!))) -> 0 | ... BE96: =IF(ISERROR(LOOKUP(BE$10,$R96:$AT96,#REF!)),0,(LOOKUP(BE$10,$R96:$AT96,#REF!))) -> 0 | BF96: Bidder3 | BG96: EXW Italy 24-32 weeks after PO
A97: =A94+1 -> 26 | B97: MM-ZTK-1F-GEN-PIP-MR-0003 | C97: RFQ-PIP-025 | D97: Special items-Barrel Reducer (For PIG L&R) | E97: 5-5 | F97: PI | G97: N | H97: L3 | I97: LA | J97: Combine with Barred tee | K97: BASSI LUIGI | L97: BASSI LUIGI | M97: BASSI LUIGI | P97: SH | Q97: P | R97: 46220 | S97: 46223 | T97: 46230 | U97: 46231 | V97: 46239 | W97: 46253 | X97: 46281 | Y97: 46286 | AA97: 46308 | AB97: 46310 | AC97: 46317 | AD97: 46345 | AE97: 46359 | AF97: 46389 | AG97: 46389 | AH97: 46391 | AI97: 46454 | AJ97: 46474 | AK97: 46504 | AL97: 46507 | AM97: 46534 | AN97: 28 | AO97: 196 | AP97: 46504 | AQ97: 46530 | AR97: =AQ97-AP98 -> 31 | AS97: Lin Yazhen | AU97: =IF(ISERROR(LOOKUP(AU$10,$R97:$AT97,#REF!)),0,(LOOKUP(AU$10,$R97:$AT97,#REF!))) -> 0 | AV97: =IF(ISERROR(LOOKUP(AV$10,$R97:$AT97,#REF!)),0,(LOOKUP(AV$10,$R97:$AT97,#REF!))) -> 0 | AW97: =IF(ISERROR(LOOKUP(AW$10,$R97:$AT97,#REF!)),0,(LOOKUP(AW$10,$R97:$AT97,#REF!))) -> 0 | AX97: =IF(ISERROR(LOOKUP(AX$10,$R97:$AT97,#REF!)),0,(LOOKUP(AX$10,$R97:$AT97,#REF!))) -> 0 | AY97: =IF(ISERROR(LOOKUP(AY$10,$R97:$AT97,#REF!)),0,(LOOKUP(AY$10,$R97:$AT97,#REF!))) -> 0 | AZ97: =IF(ISERROR(LOOKUP(AZ$10,$R97:$AT97,#REF!)),0,(LOOKUP(AZ$10,$R97:$AT97,#REF!))) -> 0 | BA97: =IF(ISERROR(LOOKUP(BA$10,$R97:$AT97,#REF!)),0,(LOOKUP(BA$10,$R97:$AT97,#REF!))) -> 0 | BB97: =IF(ISERROR(LOOKUP(BB$10,$R97:$AT97,#REF!)),0,(LOOKUP(BB$10,$R97:$AT97,#REF!))) -> 0 | ... BE97: =IF(ISERROR(LOOKUP(BE$10,$R97:$AT97,#REF!)),0,(LOOKUP(BE$10,$R97:$AT97,#REF!))) -> 0 | BF97: Bidder1 | BG97: 24 weeks FCA from approval of manufacturing drawing and procedures (Summer / Christmas shutdown excluded)
B98: MM-ZTK-1F-GEN-PIP-MR-0003 | C98: RFQ-PIP-025 | D98: Special items-Barrel Reducer (For PIG L&R) | E98: 5-5 | F98: PI | G98: N | H98: L3 | I98: LA | K98: COPROSIDER S.R.L. | L98: COPROSIDER S.R.L. | M98: TECTUBI | P98: SH | Q98: F | Y98: 46288 | Z98: 46289 | AA98: 46303 | AB98: =WORKDAY(AA98, AB6, IF(AB12="China",'China Holidays'!$A$2:$A$84,'Thai Holidays'!$A$2:$A$65)) -> 46307 | AC98: =WORKDAY(AB98, AC6, IF(AC12="China",'China Holidays'!$A$2:$A$84,'Thai Holidays'!$A$2:$A$65)) -> 46314 | AD98: =WORKDAY(AC98, AD6, IF(AD12="China",'China Holidays'!$A$2:$A$84,'Thai Holidays'!$A$2:$A$65)) -> 46342 | AE98: =WORKDAY(AD98, AE6, IF(AE12="China",'China Holidays'!$A$2:$A$84,'Thai Holidays'!$A$2:$A$65)) -> 46356 | AF98: =AE98+30 -> 46386 | AG98: =AF98 -> 46386 | AH98: =AG98+2 -> 46388 | AI98: =AJ98-15 -> 46454 | AJ98: =AK98-30 -> 46469 | AK98: =AP98 -> 46499 | AL98: =AP97+3 -> 46507 | AM98: =AP97+30 -> 46534 | AP98: =AA98+AO97 -> 46499 | AU98: =IF(ISERROR(LOOKUP(AU$10,$R98:$AT98,#REF!)),0,(LOOKUP(AU$10,$R98:$AT98,#REF!))) -> 0 | AV98: =IF(ISERROR(LOOKUP(AV$10,$R98:$AT98,#REF!)),0,(LOOKUP(AV$10,$R98:$AT98,#REF!))) -> 0 | AW98: =IF(ISERROR(LOOKUP(AW$10,$R98:$AT98,#REF!)),0,(LOOKUP(AW$10,$R98:$AT98,#REF!))) -> 0 | AX98: =IF(ISERROR(LOOKUP(AX$10,$R98:$AT98,#REF!)),0,(LOOKUP(AX$10,$R98:$AT98,#REF!))) -> 0 | AY98: =IF(ISERROR(LOOKUP(AY$10,$R98:$AT98,#REF!)),0,(LOOKUP(AY$10,$R98:$AT98,#REF!))) -> 0 | AZ98: =IF(ISERROR(LOOKUP(AZ$10,$R98:$AT98,#REF!)),0,(LOOKUP(AZ$10,$R98:$AT98,#REF!))) -> 0 | BA98: =IF(ISERROR(LOOKUP(BA$10,$R98:$AT98,#REF!)),0,(LOOKUP(BA$10,$R98:$AT98,#REF!))) -> 0 | BB98: =IF(ISERROR(LOOKUP(BB$10,$R98:$AT98,#REF!)),0,(LOOKUP(BB$10,$R98:$AT98,#REF!))) -> 0 | ... BE98: =IF(ISERROR(LOOKUP(BE$10,$R98:$AT98,#REF!)),0,(LOOKUP(BE$10,$R98:$AT98,#REF!))) -> 0 | BF98: Bidder2 | BG98: 12/14 WORKING WEEKS FROM PIM DATE.(Working weeks means by excluding 2 weeks of August and 2 weeks of Christmas shut-down)
B99: MM-ZTK-1F-GEN-PIP-MR-0003 | C99: RFQ-PIP-025 | D99: Special items-Barrel Reducer (For PIG L&R) | E99: 5-5 | F99: PI | G99: N | H99: L3 | I99: LA | K99: VIAR MECCANICA SRL,TECTUBI RACCORDI | L99: VIAR MECCANICA SRL,TECTUBI RACCORDI | P99: SH | Q99: A | R99: 46184 | S99: 46148 | T99: 46166 | U99: 46184 | V99: 46184 | W99: 46195 | X99: 46276 | AU99: =IF(ISERROR(LOOKUP(AU$10,$R99:$AT99,#REF!)),0,(LOOKUP(AU$10,$R99:$AT99,#REF!))) -> 0 | AV99: =IF(ISERROR(LOOKUP(AV$10,$R99:$AT99,#REF!)),0,(LOOKUP(AV$10,$R99:$AT99,#REF!))) -> 0 | AW99: =IF(ISERROR(LOOKUP(AW$10,$R99:$AT99,#REF!)),0,(LOOKUP(AW$10,$R99:$AT99,#REF!))) -> 0 | AX99: =IF(ISERROR(LOOKUP(AX$10,$R99:$AT99,#REF!)),0,(LOOKUP(AX$10,$R99:$AT99,#REF!))) -> 0 | AY99: =IF(ISERROR(LOOKUP(AY$10,$R99:$AT99,#REF!)),0,(LOOKUP(AY$10,$R99:$AT99,#REF!))) -> 0 | AZ99: =IF(ISERROR(LOOKUP(AZ$10,$R99:$AT99,#REF!)),0,(LOOKUP(AZ$10,$R99:$AT99,#REF!))) -> 0 | BA99: =IF(ISERROR(LOOKUP(BA$10,$R99:$AT99,#REF!)),0,(LOOKUP(BA$10,$R99:$AT99,#REF!))) -> 0 | BB99: =IF(ISERROR(LOOKUP(BB$10,$R99:$AT99,#REF!)),0,(LOOKUP(BB$10,$R99:$AT99,#REF!))) -> 0 | ... BE99: =IF(ISERROR(LOOKUP(BE$10,$R99:$AT99,#REF!)),0,(LOOKUP(BE$10,$R99:$AT99,#REF!))) -> 0 | BF99: Bidder3 | BG99: EXW Italy 24-32 weeks after PO
A100: =A97+1 -> 27 | B100: MM-ZTK-1F-GEN-PIP-MR-0004 | C100: RFQ-PIP-026 | D100: PIPELINE BULK (B31.8)-3D Bend | E100: 5-5 | F100: PI | G100: N | H100: L2 | I100: LA | K100: BASSI LUIGI | L100: BASSI LUIGI,MERITUS | M100: Hebei Shengtian-TC(7 weeks) | P100: SH | Q100: P | R100: 46220 | S100: 46223 | T100: 46230 | U100: 46231 | V100: 46239 | W100: 46253 | X100: 46281 | Y100: 46286 | AA100: 46308 | AB100: 46310 | AC100: 46317 | AD100: 46345 | AE100: 46359 | AF100: 46389 | AG100: 46389 | AH100: 46391 | AI100: 46454 | AJ100: 46474 | AK100: 46504 | AL100: 46507 | AM100: 46534 | AN100: 28 | AO100: 196 | AP100: 46504 | AQ100: 46451 | AR100: =AQ100-AP101 -> 5 | AS100: Liu Lei | AU100: =IF(ISERROR(LOOKUP(AU$10,$R100:$AT100,#REF!)),0,(LOOKUP(AU$10,$R100:$AT100,#REF!))) -> 0 | AV100: =IF(ISERROR(LOOKUP(AV$10,$R100:$AT100,#REF!)),0,(LOOKUP(AV$10,$R100:$AT100,#REF!))) -> 0 | AW100: =IF(ISERROR(LOOKUP(AW$10,$R100:$AT100,#REF!)),0,(LOOKUP(AW$10,$R100:$AT100,#REF!))) -> 0 | AX100: =IF(ISERROR(LOOKUP(AX$10,$R100:$AT100,#REF!)),0,(LOOKUP(AX$10,$R100:$AT100,#REF!))) -> 0 | AY100: =IF(ISERROR(LOOKUP(AY$10,$R100:$AT100,#REF!)),0,(LOOKUP(AY$10,$R100:$AT100,#REF!))) -> 0 | AZ100: =IF(ISERROR(LOOKUP(AZ$10,$R100:$AT100,#REF!)),0,(LOOKUP(AZ$10,$R100:$AT100,#REF!))) -> 0 | BA100: =IF(ISERROR(LOOKUP(BA$10,$R100:$AT100,#REF!)),0,(LOOKUP(BA$10,$R100:$AT100,#REF!))) -> 0 | BB100: =IF(ISERROR(LOOKUP(BB$10,$R100:$AT100,#REF!)),0,(LOOKUP(BB$10,$R100:$AT100,#REF!))) -> 0 | ... BE100: =IF(ISERROR(LOOKUP(BE$10,$R100:$AT100,#REF!)),0,(LOOKUP(BE$10,$R100:$AT100,#REF!))) -> 0 | BF100: Bidder1 | BG100: Delivery time FCA Italy : 24-30 weeks, from approval of manufacturing drawing and procedures | BI100: (Summer / Christmas shutdown excluded)
B101: MM-ZTK-1F-GEN-PIP-MR-0004 | C101: RFQ-PIP-026 | D101: PIPELINE BULK (B31.8)-3D Bend | E101: 5-5 | F101: PI | G101: N | H101: L2 | I101: LA | K101: COPROSIDER S.R.L. | L101: COPROSIDER S.R.L. | M101: Roc-Master | P101: SH | Q101: F | Z101: 46287 | AA101: 46308 | AB101: 46310 | AC101: 46317 | AD101: 46345 | AE101: 46359 | AF101: 46389 | AG101: 46389 | AH101: 46391 | AI101: 46454 | AJ101: 46474 | AK101: 46504 | AL101: 46507 | AM101: 46534 | AP101: 46446 | AU101: =IF(ISERROR(LOOKUP(AU$10,$R101:$AT101,#REF!)),0,(LOOKUP(AU$10,$R101:$AT101,#REF!))) -> 0 | AV101: =IF(ISERROR(LOOKUP(AV$10,$R101:$AT101,#REF!)),0,(LOOKUP(AV$10,$R101:$AT101,#REF!))) -> 0 | AW101: =IF(ISERROR(LOOKUP(AW$10,$R101:$AT101,#REF!)),0,(LOOKUP(AW$10,$R101:$AT101,#REF!))) -> 0 | AX101: =IF(ISERROR(LOOKUP(AX$10,$R101:$AT101,#REF!)),0,(LOOKUP(AX$10,$R101:$AT101,#REF!))) -> 0 | AY101: =IF(ISERROR(LOOKUP(AY$10,$R101:$AT101,#REF!)),0,(LOOKUP(AY$10,$R101:$AT101,#REF!))) -> 0 | AZ101: =IF(ISERROR(LOOKUP(AZ$10,$R101:$AT101,#REF!)),0,(LOOKUP(AZ$10,$R101:$AT101,#REF!))) -> 0 | BA101: =IF(ISERROR(LOOKUP(BA$10,$R101:$AT101,#REF!)),0,(LOOKUP(BA$10,$R101:$AT101,#REF!))) -> 0 | BB101: =IF(ISERROR(LOOKUP(BB$10,$R101:$AT101,#REF!)),0,(LOOKUP(BB$10,$R101:$AT101,#REF!))) -> 0 | ... BE101: =IF(ISERROR(LOOKUP(BE$10,$R101:$AT101,#REF!)),0,(LOOKUP(BE$10,$R101:$AT101,#REF!))) -> 0 | BF101: Bidder2
B102: MM-ZTK-1F-GEN-PIP-MR-0004 | C102: RFQ-PIP-026 | D102: PIPELINE BULK (B31.8)-3D Bend | E102: 5-5 | F102: PI | G102: N | H102: L2 | I102: LA | K102: VIAR MECCANICA SRL,TECTUBI RACCORDI | L102: VIAR MECCANICA SRL,TECTUBI RACCORDI | M102: Julong | P102: SH | Q102: A | R102: 46231 | S102: 46217 | T102: 46231 | U102: 46231 | V102: 46231 | W102: 46259 | X102: No need | Y102: No Need | AU102: =IF(ISERROR(LOOKUP(AU$10,$R102:$AT102,#REF!)),0,(LOOKUP(AU$10,$R102:$AT102,#REF!))) -> 0 | AV102: =IF(ISERROR(LOOKUP(AV$10,$R102:$AT102,#REF!)),0,(LOOKUP(AV$10,$R102:$AT102,#REF!))) -> 0 | AW102: =IF(ISERROR(LOOKUP(AW$10,$R102:$AT102,#REF!)),0,(LOOKUP(AW$10,$R102:$AT102,#REF!))) -> 0 | AX102: =IF(ISERROR(LOOKUP(AX$10,$R102:$AT102,#REF!)),0,(LOOKUP(AX$10,$R102:$AT102,#REF!))) -> 0 | AY102: =IF(ISERROR(LOOKUP(AY$10,$R102:$AT102,#REF!)),0,(LOOKUP(AY$10,$R102:$AT102,#REF!))) -> 0 | AZ102: =IF(ISERROR(LOOKUP(AZ$10,$R102:$AT102,#REF!)),0,(LOOKUP(AZ$10,$R102:$AT102,#REF!))) -> 0 | BA102: =IF(ISERROR(LOOKUP(BA$10,$R102:$AT102,#REF!)),0,(LOOKUP(BA$10,$R102:$AT102,#REF!))) -> 0 | BB102: =IF(ISERROR(LOOKUP(BB$10,$R102:$AT102,#REF!)),0,(LOOKUP(BB$10,$R102:$AT102,#REF!))) -> 0 | ... BE102: =IF(ISERROR(LOOKUP(BE$10,$R102:$AT102,#REF!)),0,(LOOKUP(BE$10,$R102:$AT102,#REF!))) -> 0 | BF102: Bidder3 | BG102: FCA SIMAS workshop, 42-44 working weeks after PO receipt and documents approval
A103: =A100+1 -> 28 | B103: MM-ZTK-1F-GEN-PIP-MR-0004 | C103: RFQ-PIP-033 | D103: PIPELINE BULK (B31.8)-Flanges | E103: 5-5 | F103: PI | G103: N | H103: L3 | I103: LA | J103: Galperti | P103: ZH | Q103: P | R103: 46220 | S103: 46223 | T103: 46230 | U103: 46231 | V103: 46239 | W103: 46253 | X103: 46281 | Y103: 46286 | AA103: 46308 | AB103: 46310 | AC103: 46317 | AD103: 46345 | AE103: 46359 | AF103: 46389 | AG103: 46389 | AH103: 46391 | AI103: 46454 | AJ103: 46474 | AK103: 46504 | AL103: 46507 | AM103: 46534 | AN103: 28 | AO103: 196 | AP103: 46504 | AQ103: 46500 | AR103: 26 | AS103: Kuang Yuanna
...

Sheet Brownfield
A1: PROVISION OF ENGINEERING, PROCUREMENT, CONSTRUCTION AND COMMISSIONING FOR WELLHEAD PLATFORMS, ASSOCIATED PIPLINES AND BROWNFIELD MODIFICATIONS FOR ZAWTIKA DEVELOPMENT PROJECT PHASE 1F
A2: Procurement Plan
I6: LA | J6: Most complexity RFQ | S6: 1 | T6: 10 | U6: 0 | V6: 0 | W6: 10 | X6: 17 | Y6: 10 | AA6: 9 | AB6: 2 | AC6: 5 | AD6: 20 | AE6: 10 | AU6: 3 | AW6: 10 | AX6: 2
I7: LB | J7: High complexity RFQ | S7: 1 | T7: 10 | U7: 0 | V7: 0 | W7: 10 | X7: 17 | Y7: 10 | AA7: 9 | AB7: 2 | AC7: 5 | AD7: 20 | AE7: 10 | AU7: 3 | AW7: 10 | AX7: 2
I8: LC | J8: Normal complexity RFQ | S8: 1 | T8: 10 | U8: 0 | V8: 0 | W8: 10 | X8: 13 | Y8: 10 | AA8: 9 | AB8: 2 | AC8: 5 | AD8: 15 | AE8: 10 | AU8: 3 | AW8: 10 | AX8: 2
A9: Contract no: MMC25-5001 | I9: LD | J9: Low complexity RFQ | S9: 1 | T9: 10 | U9: 0 | V9: 0 | W9: 5 | X9: 7 | Y9: 10 | AA9: 5 | AB9: 2 | AC9: 5 | AD9: 10 | AE9: 10 | AT9: Update:11-Sep-2026 | AU9: 2 | AW9: 5 | AX9: 2
A10: No. | B10: MR No. | C10: RFQ No. | D10: Package Name | E10: CODE | F10: DIS | G10: LLI (Y/N) | H10: CR | I10: Priority Level | J10: PO description | K10: Bidders | L10: TC | M10: TBE | N10: Price bid | O10: Price Negotiation | P10: Owner | Q10: P/F/A | R10: Bidder list Approval | S10: MR Issued (IFR) | T10: MR Approved | U10: RFQ Issued | V10: RFQ Approved | W10: Bid Closing Date | X10: TBE Issued | Y10: TBE Approved | Z10: LOA issued | AA10: PO Issued | AB10: Vendor Acknowledgement | AC10: KOM | AD10: VDB Submission | AE10: Approval of Key VP | AF10: Main Material Arrived | AG10: PIM | AH10: Start Production | AI10: FAT | AJ10: Ready for Shipment | AK10: Receipt at WORKSITE | AL10: Punch List Clearance(all punch clearance before Tag Equipment Ready for Shipping ) | AM10: Approval of Final Documentation (To be confirmed later) | AN10: Delivery Duration (Weeks) | AO10: days | AP10: Delivery Date(1st Batch for ZWP21) | AQ10: ROS Date | AR10: Float | AS10: Responder | AT10: Remarks | AU10: 40329 | AV10: 40359 | AW10: 40390 | AX10: 40421 | AY10: 40451 | AZ10: 40482 | BA10: 40512 | BB10: 40543 | BC10: 40574 | BD10: 40602 | BE10: =TODAY() -> 46287 | BF10: Palteform | BG10: PO Delivery date | BH10: Puchase Qty
Q11: Matrix | R11: PTTEP | S11: ENG | T11: PTTEP | U11: TJE PRC | V11: PTTEP | W11: TJE PRC | X11: ENG | Y11: PTTEP | Z11: TJE PRC | AA11: TJE PRC | AB11: BIDDER | AC11: TJE PRC | AD11: Vendor | AE11: ENG | AF11: Vendor | AG11: TJE QA/QC | AH11: Vendor | AI11: TJE QA/QC | AJ11: Vendor | AK11: THE Worksite | AL11: TJE QA/QC | AM11: TJE PRC | AP11: TJE PRC
Q12: Holiday | R12: China | S12: Thai | T12: Thai | U12: China | V12: Thai | W12: China | X12: Thai | Y12: Thai | Z12: China | AA12: China | AB12: China | AC12: China | AD12: China | AE12: Thai | AU12: Thai | AW12: China | AX12: China
A13: 1 | B13: MM-ZTK-1F-ZWP8-INS-MR-0001 | C13: RFQ-IN-B01 | D13: ESDV MODIFICATION | F13: IN | G13: N | I13: LD | P13: SH | Q13: P | AT13: 2026.9.20 ENG team released MR to Procurement
B14: MM-ZTK-1F-ZWP8-INS-MR-0001 | C14: RFQ-IN-B01 | D14: ESDV MODIFICATION | F14: IN | G14: N | I14: LD | P14: SH | Q14: F
B15: MM-ZTK-1F-ZWP8-INS-MR-0001 | C15: RFQ-IN-B01 | D15: ESDV MODIFICATION | F15: IN | G15: N | I15: LD | P15: SH | Q15: A

Sheet Future Well
A1: PROVISION OF ENGINEERING, PROCUREMENT, CONSTRUCTION AND COMMISSIONING FOR WELLHEAD PLATFORMS, ASSOCIATED PIPLINES AND BROWNFIELD MODIFICATIONS FOR ZAWTIKA DEVELOPMENT PROJECT PHASE 1F
A2: Procurement Plan
I6: LA | J6: Most complexity RFQ | S6: 1 | T6: 10 | U6: 0 | V6: 0 | W6: 10 | X6: 17 | Y6: 10 | AA6: 9 | AB6: 2 | AC6: 5 | AD6: 20 | AE6: 10 | AU6: 3 | AW6: 10 | AX6: 2
I7: LB | J7: High complexity RFQ | S7: 1 | T7: 10 | U7: 0 | V7: 0 | W7: 10 | X7: 17 | Y7: 10 | AA7: 9 | AB7: 2 | AC7: 5 | AD7: 20 | AE7: 10 | AU7: 3 | AW7: 10 | AX7: 2
I8: LC | J8: Normal complexity RFQ | S8: 1 | T8: 10 | U8: 0 | V8: 0 | W8: 10 | X8: 13 | Y8: 10 | AA8: 9 | AB8: 2 | AC8: 5 | AD8: 15 | AE8: 10 | AU8: 3 | AW8: 10 | AX8: 2
A9: Contract no: MMC25-5001 | I9: LD | J9: Low complexity RFQ | S9: 1 | T9: 10 | U9: 0 | V9: 0 | W9: 5 | X9: 7 | Y9: 10 | AA9: 5 | AB9: 2 | AC9: 5 | AD9: 10 | AE9: 10 | AT9: Update:11-Sep-2026 | AU9: 2 | AW9: 5 | AX9: 2
A10: No. | B10: MR No. | C10: RFQ No. | D10: Package Name | E10: CODE | F10: DIS | G10: LLI (Y/N) | H10: CR | I10: Priority Level | J10: PO description | K10: Bidders | L10: TC | M10: TBE | N10: Price bid | O10: Price Negotiation | P10: Owner | Q10: P/F/A | R10: Bidder list Approval | S10: MR Issued (IFR) | T10: MR Approved | U10: RFQ Issued | V10: RFQ Approved | W10: Bid Closing Date | X10: TBE Issued | Y10: TBE Approved | Z10: LOA issued | AA10: PO Issued | AB10: Vendor Acknowledgement | AC10: KOM | AD10: VDB Submission | AE10: Approval of Key VP | AF10: Main Material Arrived | AG10: PIM | AH10: Start Production | AI10: FAT | AJ10: Ready for Shipment | AK10: Receipt at WORKSITE | AL10: Punch List Clearance(all punch clearance before Tag Equipment Ready for Shipping ) | AM10: Approval of Final Documentation (To be confirmed later) | AN10: Delivery Duration (Weeks) | AO10: days | AP10: Delivery Date(1st Batch for ZWP21) | AQ10: ROS Date | AR10: Float | AS10: Responder | AT10: Remarks | AU10: 40329 | AV10: 40359 | AW10: 40390 | AX10: 40421 | AY10: 40451 | AZ10: 40482 | BA10: 40512 | BB10: 40543 | BC10: 40574 | BD10: 40602 | BE10: =TODAY() -> 46287 | BF10: Palteform | BG10: PO Delivery date | BH10: Puchase Qty
Q11: Matrix | R11: PTTEP | S11: ENG | T11: PTTEP | U11: TJE PRC | V11: PTTEP | W11: TJE PRC | X11: ENG | Y11: PTTEP | Z11: TJE PRC | AA11: TJE PRC | AB11: BIDDER | AC11: TJE PRC | AD11: Vendor | AE11: ENG | AF11: Vendor | AG11: TJE QA/QC | AH11: Vendor | AI11: TJE QA/QC | AJ11: Vendor | AK11: THE Worksite | AL11: TJE QA/QC | AM11: TJE PRC | AP11: TJE PRC
Q12: Holiday | R12: China | S12: Thai | T12: Thai | U12: China | V12: Thai | W12: China | X12: Thai | Y12: Thai | Z12: China | AA12: China | AB12: China | AC12: China | AD12: China | AE12: Thai | AU12: Thai | AW12: China | AX12: China
A13: 1 | C13: RFQ-IN-F01 | D13: Actuated Choke Valve | E13: 4-20 | F13: IN | G13: Y | H13: L2 | I13: LA | J13: MASTER FLO | K13: FZ | L13: FZ | P13: SH | Q13: P | AN13: 44 | AO13: 308 | AP13: 46482 | AQ13: 46515 | AR13: =AQ13-AP14 -> 54 | AS13: Lin Yazhen
C14: RFQ-IN-F01 | D14: Actuated Choke Valve | E14: 4-20 | F14: IN | G14: Y | H14: L2 | I14: LA | K14: MASTER FLO | L14: MASTER FLO | M14: MASTER FLO | N14: MASTER FLO | O14: MASTER FLO | P14: SH | Q14: F | AN14: 36 | AO14: =AN14*7 -> 252 | AP14: =BG14+7 -> 46461 | AS14: CIF Zhuhai port | BF14: ZWP20-23 | BG14: 46454
C15: RFQ-IN-F01 | D15: Actuated Choke Valve | E15: 4-20 | F15: IN | G15: Y | H15: L2 | I15: LA | K15: Cameron | L15: Cameron | M15: Cameron | P15: SH | Q15: A | AP15: CD+7
A16: =A13+1 -> 2 | C16: RFQ-IN-F02 | D16: Actuated Compact Ball Valve | E16: 4-40 | F16: IN | G16: Y | H16: L2 | I16: LA | J16: OIL STATE | K16: Neway,KCON | L16: KCON | M16: KCON-TNA | P16: SH | Q16: P | AN16: 40 | AO16: 280 | AP16: =AQ16-7 -> 46500 | AQ16: 46507 | AR16: =AQ16-AP17 -> 46507 | AS16: Lin Yazhen
C17: RFQ-IN-F02 | D17: Actuated Compact Ball Valve | E17: 4-40 | F17: IN | G17: Y | H17: L2 | I17: LA | K17: PIPER valve | L17: PIPER | M17: PIPER | N17: PIPER | O17: PIPER | P17: SH | Q17: F | AS17: CIF Zhuhai Airport
C18: RFQ-IN-F02 | D18: Actuated Compact Ball Valve | E18: 4-40 | F18: IN | G18: Y | H18: L2 | I18: LA | K18: FMC,Combet | L18: Combet | M18: Combet-declined | P18: SH | Q18: A | AP18: CD+7

Sheet Thai Holidays
A1: Date | B1: Holiday Name
A2: 45996 | B2: Father's Day
A3: 46001 | B3: Constitution Day
A4: 46020 | B4: New Year's Day
A5: 46021 | B5: New Year's Day
A6: 46022 | B6: New Year's Day
A7: 46023 | B7: New Year's Day
A8: 46024 | B8: New Year's Day
A9: 46065 | B9: The Buddha Day
A10: 46118 | B10: Kutkuri Dynasty Memorial Day
A11: 46125 | B11: Songkran Festival
A12: 46126 | B12: Songkran Festival
A13: 46127 | B13: Songkran Festival
... A17: 46146 | B17: The anniversary of the King's accession to the throne
A18: 46174
A19: 46176
A20: 46231
A21: 46232
A22: 46246 | B22: Mother's Day
A23: 46308 | B23: The anniversary of the death of the 9th King
A24: 46318 | B24: The anniversary of the death of the 5th King Father's Day
A25: 46363 | B25: Father's Day
A26: 46387 | B26: New Year's Day
A27: 46388 | B27: New Year's Day | C27: 佛历节日，日期为预测
A28: 46389
A29: 46439 | B29: The Buddha Day
A30: 46440
A31: 46483 | B31: Kutkuri Dynasty Memorial Day
A32: 46490 | B32: Songkran Festival
A33: 46491 | B33: Songkran Festival
A34: 46492 | B34: Songkran Festival | C34: 佛历节日，日期为预测
A35: 46508 | B35: International Workers' Day
A36: 46511 | B36: The anniversary of the King's accession to the throne
A37: 46527 | B37: Vesak Festival
A38: 46541 | B38: The Birthday Anniversary of the Queen
A39: 46611 | B39: Mother's Day | C39: 佛历节日，日期为预测
A40: 46673 | B40: The anniversary of the death of the 9th King
A41: 46683 | B41: The anniversary of the death of the 5th King Father's Day | D41: The anniversary of the death of the 5th King Father's Day
A42: 46685
A43: 46726 | B43: Father's Day
A44: 46727
A45: 46731 | B45: 宪法纪念日
A46: 46752 | B46: New Year's Day
A47: 46753 | B47: New Year's Day | C47: 佛历节日，日期为预测
A48: 46791 | B48: 万佛节
A49: 46849 | B49: 却克里王朝纪念日
A50: 46856 | B50: Songkran Festival
A51: 46857 | B51: Songkran Festival
A52: 46858 | B52: Songkran Festival
A53: 46874 | B53: International Workers' Day
A54: 46878 | B54: The anniversary of the King's accession to the throne | C54: 佛历节日，日期为预测
A55: 46912 | B55: 卫塞节
A56: 46907 | B56: The Birthday Anniversary of the Queen | C56: 佛历节日，日期为预测
A57: 46958 | B57: 守夏节
A58: 46977 | B58: Mother's Day
A59: 47039 | B59: The anniversary of the death of the 9th King
A60: 47049 | B60: The anniversary of the death of the 5th King Father's Day
A61: 47092 | B61: Father's Day
A62: 47097 | B62: 宪法纪念日
A63: 47118 | B63: New Year's Day

Sheet China Holidays
A1: Date | B1: Holiday Name
A2: 46023 | B2: New Year's Day
A3: 46024 | B3: New Year's Day
A4: 46025 | B4: New Year's Day
A5: 46068 | B5: Spring Festival
A6: 46069 | B6: Spring Festival
A7: 46070 | B7: Spring Festival
A8: 46071 | B8: Spring Festival
A9: 46072 | B9: Spring Festival
A10: 46073 | B10: Spring Festival
A11: 46074 | B11: Spring Festival
A12: 46116 | B12: Qingming Festival
A13: 46117 | B13: Qingming Festival
... A84: 47033 | B84: National Day
