Workbook
Name \c: #N/A
Name \i: #N/A
Name \z: #N/A
Name __material_he_tubes_alternative: #REF!
Name __sf400: '[7]Pull-Down Menus'!$J$2486:$J$2491
Name __sf404: '[7]Pull-Down Menus'!$J$699:$J$701
Name _bal11: [10]bal11!$B$1:$AV$66
Name _bal12: [10]bal12!$B$1:$AU$66
Name _bal6: [10]bal6!$B$1:$CN$66
Name _DESIGN_MAT_SHELL: #REF!
Name _DESIGN_MAT_TUBES: #REF!
Name _DESIGN_TEMP_MAX_1: #REF!
Name _DESIGN_TEMP_MAX_2: #REF!
Name _DESIGN_TEMP_MIN_1: #REF!
Name _DESIGN_TEMP_MIN_2: #REF!
Name _DIMENSIONS_BOT: #REF!
Name _DIMENSIONS_MID: #REF!
Name _DIMENSIONS_PIPE_SHELL: #REF!
Name _DIMENSIONS_PIPE_TUBE: #REF!
Name _DIMENSIONS_TOP_MAIN: #REF!
Name _din24420: #REF!
Name _din28005: #REF!
Name _din28006: #REF!
Name _din28007: #REF!
Name _din28008: #REF!
Name _din28015: #REF!
Name _din28017: #REF!
Name _din28083: #REF!
Name _din28084: #REF!
Name _din28105: #REF!
Name _din28161: #REF!
Name _din28182: #REF!
Name _din4119: #REF!
Name _doc_foundation_plan_loads_digital: #REF!
Name _doc_foundation_plan_loads_paper: #REF!
Name _doc_foundation_plan_loads_week: #REF!
Name _installed_area_per_unit: #REF!
Name _Jos2: #REF!
Name _mat1: #REF!
Name _mat2: #REF!
Name _mat3: #REF!
Name _mat4: #REF!
Name _material_he_tubes: #REF!
Name _mc230: #REF!
Name _mc240: #REF!
Name _mc245: #REF!
Name _mc250: #REF!
Name _mc251: #REF!
Name _mc252: #REF!
Name _mc253: #REF!
Name _mc254: #REF!
Name _mc255: #REF!
Name _mc260: #REF!
Name _mc310: #REF!
Name _mc311: #REF!
Name _mc335: #REF!
Name _mc336: #REF!
Name _mc337: #REF!
Name _mc338: #REF!
Name _mc339: #REF!

Sheet PSR Overall Cycle
B2: Note: | C2: 1. All MR Issuance with Attached File to be used IFR version, some long lead item to be used FEED document as MR Issuance basis which listed in Remark
C3: 2. In principle, Datasheet - IFA version shall be issued before TBE issuance as much as possible to avoid the big gap of changes.
C4: 3.TBE- AFC and MR-AFC should be issued before PO issuance.
C5: 4.For the Steel Structural, TJE will sign the frame agreement with alternative vendors firstly, once the MTO&IFA drawing issuance, TJE will purchase order promptly
C6: 5.The 3rd line of Each procuremnt package with "Proposal from TJE" in column N , has been aligned with GCME about date of MR issuance with atteched relative documents, then forward schedule in procurement and leadtime to ETA, this line is the basis for schedule developing.
L8: LA | O8: 1 | P8: 10 | Q8: 0 | R8: 0 | S8: 0 | T8: 10 | U8: 17 | V8: 10 | W8: 9
L9: LB | O9: 1 | P9: 10 | Q9: 0 | R9: 0 | S9: 0 | T9: 10 | U9: 17 | V9: 10 | W9: 9
L10: LC | O10: 1 | P10: 10 | Q10: 0 | R10: 0 | S10: 0 | T10: 10 | U10: 13 | V10: 10 | W10: 9
L11: LD | O11: 1 | P11: 10 | Q11: 0 | R11: 0 | S11: 0 | T11: 5 | U11: 7 | V11: 10 | W11: 5
B12: ZM167 PTTEPI ASK Procurement Plan | L12: LA | O12: 1 | P12: 5 | Q12: 1 | R12: 5 | T12: 10 | U12: 20 | V12: 3 | W12: 10 | X12: 2 | Y12: 5 | Z12: 20 | AA12: 10 | AE12: 5 | AF12: 5 | AN12: Update
L13: LB | O13: 1 | P13: 5 | Q13: 1 | R13: 5 | T13: 10 | U13: 20 | V13: 3 | W13: 10 | X13: 2 | Y13: 5 | Z13: 20 | AA13: 10 | AE13: 5 | AF13: 5
L14: LC | O14: 3 | P14: 5 | Q14: 1 | R14: 5 | T14: 10 | U14: 15 | V14: 3 | W14: 10 | X14: 2 | Y14: 5 | Z14: 15 | AA14: 10 | AE14: 5 | AF14: 5
L15: LD | O15: 3 | P15: 5 | Q15: 1 | R15: 3 | T15: 5 | U15: 7 | V15: 2 | W15: 5 | X15: 2 | Y15: 5 | Z15: 10 | AA15: 10 | AE15: 5 | AF15: 5
A16: No. | B16: RFQ No. | C16: Package Name | D16: Actual Lead Time | E16: Delivery Duration (Weeks) | F16: Deviation | G16: Float | H16: CODE | I16: Discripline | J16: Long Lead Item (Y/N) | K16: Criticality Rating | L16: Priority Level | N16: Bidder List Approval | O16: MR Issued | P16: MR Approved | Q16: RFQ Issued | R16: RFQ Approved | S16: CFT Issuance | T16: Bid Closing Date | U16: TBE Issued | V16: TBE Approved | W16: PO Issued | X16: Vendor Acknowledgement | Y16: KOM | Z16: VD Submission | AA16: Approval of Key Vendor Documents | AB16: Delivery of Major Materials | AC16: PIM | AD16: Start Production | AE16: FAT | AF16: Ready for Shipment | AG16: Receipt at WORKSITE | AH16: Punch List Clearance | AI16: Approval of Final Documentation (To be confirmed later) | AJ16: Delivery Duration (Weeks) | AK16: Lead Time | AL16: ETA date | AM16: ROS date | AN16: ROS date update | AO16: Construction Date | AP16: Remark | AQ16: Float | AT16: Remark
M17: Matrix | AT17: Installation
M18: Holiday | N18: China | O18: Thai | P18: Thai | Q18: China | R18: Thai | T18: China | U18: Thai | V18: Thai | W18: China | X18: China | Y18: China | Z18: China | AA18: Thai
A19: 1 | B19: RFQ-MEC-001 | C19: Pedestal Crane | D19: 46 | E19: 50 | F19: =E19-D19 -> 4 | I19: Mechanical | J19: Y | K19: =K22 -> 2 | L19: LA | M19: Plan | N19: =WORKDAY.INTL(O19,-INDEX(O$12:O$15,MATCH($L19,$L$12:$L$15,0)),1,IF(N$18="China",'China Holidays'!$A$2:$A$82,'Thai Holidays'!$A$2:$A$63)) -> 46121 | O19: 46122 | P19: 46136 | Q19: 46139 | R19: 46148 | S19: =R19+1 -> 46149 | T19: 46162 | U19: 46192 | V19: 46197 | W19: 46211 | X19: 46213 | Y19: 46220 | Z19: 46248 | AA19: 46262 | AB19: =AA19+45 -> 46307 | AC19: =AB19+3 -> 46310 | AD19: =AC19+3 -> 46313 | AE19: =AF19-30 -> 46517 | AF19: =AG19-14 -> 46547 | AG19: 46561 | AH19: 46575 | AI19: 46591 | AJ19: 47 | AL19: 46561 | AS19: WPA-01 | AT19: 46568
B20: =B19 -> RFQ-MEC-001 | C20: Pedestal Crane | I20: Mechanical | M20: New Plan | O20: 46122 | P20: 46145 | Q20: 46145 | R20: 46145 | S20: 46145 | T20: 46157 | U20: 46184 | V20: 46198 | W20: 46211 | X20: 46213 | Y20: 46220 | Z20: 46248 | AA20: 46262 | AB20: 46307 | AC20: 46310 | AD20: 46313 | AE20: 46496 | AF20: 46526 | AG20: 46540 | AH20: 46554 | AI20: 46570 | AL20: =W20+AK21 -> 46540 | AM20: =AM21 -> 46565 | AQ20: =AM21-AL20 -> 25
B21: =B19 -> RFQ-MEC-001 | C21: Pedestal Crane | G21: 4 | H21: 4-2.1 | I21: Mechanical | J21: Y | K21: =K22 -> 2 | L21: LA | M21: Forecast | N21: 46121 | O21: 46122 | P21: 46145 | Q21: =WORKDAY.INTL(P21,INDEX(Q$8:Q$11,MATCH($L21,$L$8:$L$11,0)),1,IF(Q$18="China",'China Holidays'!$A$2:$A$82,'Thai Holidays'!$A$2:$A$63)) -> 46145 | R21: =WORKDAY.INTL(Q21,INDEX(R$8:R$11,MATCH($L21,$L$8:$L$11,0)),1,IF(R$18="China",'China Holidays'!$A$2:$A$82,'Thai Holidays'!$A$2:$A$63)) -> 46145 | S21: =WORKDAY.INTL(R21,INDEX(S$8:S$11,MATCH($L21,$L$8:$L$11,0)),1,IF(S$18="China",'China Holidays'!$A$2:$A$82,'Thai Holidays'!$A$2:$A$63)) -> 46145 | T21: =WORKDAY.INTL(S21,INDEX(T$8:T$11,MATCH($L21,$L$8:$L$11,0)),1,IF(T$18="China",'China Holidays'!$A$2:$A$82,'Thai Holidays'!$A$2:$A$63)) -> 46157 | U21: =WORKDAY.INTL(T21,INDEX(U$8:U$11,MATCH($L21,$L$8:$L$11,0)),1,IF(U$18="China",'China Holidays'!$A$2:$A$82,'Thai Holidays'!$A$2:$A$63)) -> 46184 | V21: =WORKDAY.INTL(U21,INDEX(V$8:V$11,MATCH($L21,$L$8:$L$11,0)),1,IF(V$18="China",'China Holidays'!$A$2:$A$82,'Thai Holidays'!$A$2:$A$63)) -> 46198 | W21: =WORKDAY.INTL(V21,INDEX(W$8:W$11,MATCH($L21,$L$8:$L$11,0)),1,IF(W$18="China",'China Holidays'!$A$2:$A$82,'Thai Holidays'!$A$2:$A$63)) -> 46211 | X21: =WORKDAY.INTL(W21,INDEX(X$12:X$15,MATCH($L21,$L$12:$L$15,0)),1,IF(X$18="China",'China Holidays'!$A$2:$A$82,'Thai Holidays'!$A$2:$A$63)) -> 46213 | Y21: =WORKDAY.INTL(X21,INDEX(Y$12:Y$15,MATCH($L21,$L$12:$L$15,0)),1,IF(Y$18="China",'China Holidays'!$A$2:$A$82,'Thai Holidays'!$A$2:$A$63)) -> 46220 | Z21: =WORKDAY.INTL(Y21,INDEX(Z$12:Z$15,MATCH($L21,$L$12:$L$15,0)),1,IF(Z$18="China",'China Holidays'!$A$2:$A$82,'Thai Holidays'!$A$2:$A$63)) -> 46248 | AA21: =WORKDAY.INTL(Z21,INDEX(AA$12:AA$15,MATCH($L21,$L$12:$L$15,0)),1,IF(AA$18="China",'China Holidays'!$A$2:$A$82,'Thai Holidays'!$A$2:$A$63)) -> 46262 | AB21: =AA21+45 -> 46307 | AC21: =AB21+3 -> 46310 | AD21: =AC21+3 -> 46313 | AE21: =AF21-30 -> 46496 | AF21: =AG21-14 -> 46526 | AG21: =AL21 -> 46540 | AH21: =AL21+14 -> 46554 | AI21: =AL21+30 -> 46570 | AK21: =AJ19*7 -> 329 | AL21: =W21+AK21 -> 46540 | AM21: =AT19-3 -> 46565 | AN21: =AO21-7 -> 46561 | AO21: 46568 | AQ21: =AM21-AL21 -> 25 | AR21: =AN21-AL21 -> 21 | AS21: WPA-02 | AT21: 46574
B22: =B19 -> RFQ-MEC-001 | C22: Pedestal Crane | I22: Mechanical | J22: Y | K22: 2 | L22: LA | M22: Actual | N22: 46120 | O22: 46122 | P22: 46139 | Q22: =P22 -> 46139 | R22: =Q22 -> 46139 | S22: =R22 -> 46139 | T22: 46143 | U22: 46185 | V22: 46190 | W22: =W19-W21 -> 0 | AP22: Upper Deck
A23: =A19+1 -> 2 | B23: RFQ-MEC-002 | C23: Material Handling Equipment | D23: 14 | E23: 25 | I23: Mechanical | J23: N | K23: =K26 -> 4 | L23: LC | M23: Plan | N23: =WORKDAY.INTL(O23,-INDEX(O$12:O$15,MATCH($L23,$L$12:$L$15,0)),1,IF(N$18="China",'China Holidays'!$A$2:$A$82,'Thai Holidays'!$A$2:$A$63)) -> 46184 | O23: 46189 | P23: 46196 | Q23: 46197 | R23: 46204 | S23: =R23+1 -> 46205 | T23: 46218 | U23: 46241 | V23: 46247 | W23: 46261 | X23: 46265 | Y23: 46272 | Z23: 46293 | AA23: 46307 | AB23: 46352 | AC23: 46355 | AD23: 46356 | AE23: 46392 | AF23: 46422 | AG23: 46436 | AH23: 46450 | AI23: 46466 | AJ23: 25 | AL23: 46436 | AS23: WPA-01 | AT23: 46568
B24: =B23 -> RFQ-MEC-002 | C24: Material Handling Equipment | I24: Mechanical | M24: New Plan | O24: 46203 | P24: 46217 | Q24: 46217 | R24: 46217 | S24: 46217 | T24: 46231 | U24: 46252 | V24: 46266 | W24: 46279 | X24: 46281 | Y24: 46288 | Z24: 46317 | AA24: 46332 | AB24: 46377 | AC24: 46380 | AD24: 46381 | AE24: 46410 | AF24: 46440 | AG24: 46454 | AH24: 46468 | AI24: 46484 | AL24: =W24+AK25 -> 46454 | AQ24: =AM25-AL24 -> 111
B25: =B23 -> RFQ-MEC-002 | C25: Material Handling Equipment | G25: 111 | H25: 4-2.2 | I25: Mechanical | J25: N | K25: =K26 -> 4 | L25: LC | M25: Forecast | N25: =WORKDAY.INTL(O25,-INDEX(O$12:O$15,MATCH($L25,$L$12:$L$15,0)),1,IF(N$18="China",'China Holidays'!$A$2:$A$82,'Thai Holidays'!$A$2:$A$63)) -> 46198 | O25: 46203 | P25: =WORKDAY.INTL(O25,INDEX(P$8:P$11,MATCH($L25,$L$8:$L$11,0)),1,IF(P$18="China",'China Holidays'!$A$2:$A$82,'Thai Holidays'!$A$2:$A$63)) -> 46217 | Q25: =WORKDAY.INTL(P25,INDEX(Q$8:Q$11,MATCH($L25,$L$8:$L$11,0)),1,IF(Q$18="China",'China Holidays'!$A$2:$A$82,'Thai Holidays'!$A$2:$A$63)) -> 46217 | R25: =WORKDAY.INTL(Q25,INDEX(R$8:R$11,MATCH($L25,$L$8:$L$11,0)),1,IF(R$18="China",'China Holidays'!$A$2:$A$82,'Thai Holidays'!$A$2:$A$63)) -> 46217 | S25: =WORKDAY.INTL(R25,INDEX(S$8:S$11,MATCH($L25,$L$8:$L$11,0)),1,IF(S$18="China",'China Holidays'!$A$2:$A$82,'Thai Holidays'!$A$2:$A$63)) -> 46217 | T25: =WORKDAY.INTL(S25,INDEX(T$8:T$11,MATCH($L25,$L$8:$L$11,0)),1,IF(T$18="China",'China Holidays'!$A$2:$A$82,'Thai Holidays'!$A$2:$A$63)) -> 46231 | U25: =WORKDAY.INTL(T25,INDEX(U$8:U$11,MATCH($L25,$L$8:$L$11,0)),1,IF(U$18="China",'China Holidays'!$A$2:$A$82,'Thai Holidays'!$A$2:$A$63)) -> 46252 | V25: =WORKDAY.INTL(U25,INDEX(V$8:V$11,MATCH($L25,$L$8:$L$11,0)),1,IF(V$18="China",'China Holidays'!$A$2:$A$82,'Thai Holidays'!$A$2:$A$63)) -> 46266 | W25: =WORKDAY.INTL(V25,INDEX(W$8:W$11,MATCH($L25,$L$8:$L$11,0)),1,IF(W$18="China",'China Holidays'!$A$2:$A$82,'Thai Holidays'!$A$2:$A$63)) -> 46279 | X25: =WORKDAY.INTL(W25,INDEX(X$12:X$15,MATCH($L25,$L$12:$L$15,0)),1,IF(X$18="China",'China Holidays'!$A$2:$A$82,'Thai Holidays'!$A$2:$A$63)) -> 46281 | Y25: =WORKDAY.INTL(X25,INDEX(Y$12:Y$15,MATCH($L25,$L$12:$L$15,0)),1,IF(Y$18="China",'China Holidays'!$A$2:$A$82,'Thai Holidays'!$A$2:$A$63)) -> 46288 | Z25: =WORKDAY.INTL(Y25,INDEX(Z$12:Z$15,MATCH($L25,$L$12:$L$15,0)),1,IF(Z$18="China",'China Holidays'!$A$2:$A$82,'Thai Holidays'!$A$2:$A$63)) -> 46317 | AA25: =WORKDAY.INTL(Z25,INDEX(AA$12:AA$15,MATCH($L25,$L$12:$L$15,0)),1,IF(AA$18="China",'China Holidays'!$A$2:$A$82,'Thai Holidays'!$A$2:$A$63)) -> 46332 | AB25: =AA25+45 -> 46377 | AC25: =AB25+3 -> 46380 | AD25: =AC25+1 -> 46381 | AE25: =AF25-30 -> 46410 | AF25: =AG25-14 -> 46440 | AG25: =AL25 -> 46454 | AH25: =AL25+14 -> 46468 | AI25: =AL25+30 -> 46484 | AK25: =AJ23*7 -> 175 | AL25: =W25+AK25 -> 46454 | AM25: =AT23-3 -> 46565 | AP25: check Location | AQ25: =AM25-AL25 -> 111 | AS25: WPA-02 | AT25: 46574
B26: =B23 -> RFQ-MEC-002 | C26: Material Handling Equipment | I26: Mechanical | J26: N | K26: 4 | L26: LC | M26: Actual | O26: 46170 | P26: 46188 | Q26: 46188 | R26: 46188 | S26: 46191 | W26: =W23-W25 -> -18
A27: =A23+1 -> 3 | B27: RFQ-MEC-003 | C27: Instrument Gas Filter Coalescer | D27: 26 | E27: 25.714286 | F27: =E27-D27 -> -0.28571429 | I27: Mechanical | J27: Y | K27: =K30 -> 3 | L27: LA | M27: Plan | N27: =WORKDAY.INTL(O27,-INDEX(O$12:O$15,MATCH($L27,$L$12:$L$15,0)),1,IF(N$18="China",'China Holidays'!$A$2:$A$82,'Thai Holidays'!$A$2:$A$63)) -> 46169 | O27: 46170 | P27: 46181 | Q27: 46182 | R27: 46189 | S27: =R27+1 -> 46190 | T27: 46204 | U27: 46234 | V27: 46239 | W27: 46253 | X27: 46255 | Y27: 46262 | Z27: 46290 | AA27: 46304 | AB27: 46364 | AC27: 46367 | AD27: 46368 | AE27: 46402 | AF27: 46432 | AG27: 46433 | AH27: 46447 | AI27: 46463 | AJ27: 25.714286 | AL27: 46433 | AS27: WPA-01 | AT27: 46443
B28: =B27 -> RFQ-MEC-003 | C28: Instrument Gas Filter Coalescer | I28: Mechanical | M28: New Plan | O28: 46170 | P28: 46181 | Q28: 46182 | R28: 46189 | S28: 46190 | T28: 46204 | U28: 46224 | V28: 46240 | W28: 46253 | X28: 46255 | Y28: 46262 | Z28: 46293 | AA28: 46307 | AB28: 46367 | AC28: 46370 | AD28: 46371 | AE28: 46402 | AF28: 46432 | AG28: 46433 | AH28: 46447 | AI28: 46463 | AL28: =W28+AK29 -> 46433 | AQ28: =AM29-AL28 -> 7
B29: =B27 -> RFQ-MEC-003 | C29: Instrument Gas Filter Coalescer | G29: 7 | H29: 4-2.4 | I29: Mechanical | J29: Y | K29: =K30 -> 3 | L29: LA | M29: Forecast | O29: 46168 | P29: =WORKDAY.INTL(O29,INDEX(P$8:P$11,MATCH($L29,$L$8:$L$11,0)),1,IF(P$18="China",'China Holidays'!$A$2:$A$82,'Thai Holidays'!$A$2:$A$63)) -> 46184 | Q29: =WORKDAY.INTL(P29,INDEX(Q$8:Q$11,MATCH($L29,$L$8:$L$11,0)),1,IF(Q$18="China",'China Holidays'!$A$2:$A$82,'Thai Holidays'!$A$2:$A$63)) -> 46184 | R29: =WORKDAY.INTL(Q29,INDEX(R$8:R$11,MATCH($L29,$L$8:$L$11,0)),1,IF(R$18="China",'China Holidays'!$A$2:$A$82,'Thai Holidays'!$A$2:$A$63)) -> 46184 | S29: =WORKDAY.INTL(R29,INDEX(S$8:S$11,MATCH($L29,$L$8:$L$11,0)),1,IF(S$18="China",'China Holidays'!$A$2:$A$82,'Thai Holidays'!$A$2:$A$63)) -> 46184 | T29: =WORKDAY.INTL(S29,INDEX(T$8:T$11,MATCH($L29,$L$8:$L$11,0)),1,IF(T$18="China",'China Holidays'!$A$2:$A$82,'Thai Holidays'!$A$2:$A$63)) -> 46199 | U29: =WORKDAY.INTL(T29,INDEX(U$8:U$11,MATCH($L29,$L$8:$L$11,0)),1,IF(U$18="China",'China Holidays'!$A$2:$A$82,'Thai Holidays'!$A$2:$A$63)) -> 46224 | V29: =WORKDAY.INTL(U29,INDEX(V$8:V$11,MATCH($L29,$L$8:$L$11,0)),1,IF(V$18="China",'China Holidays'!$A$2:$A$82,'Thai Holidays'!$A$2:$A$63)) -> 46240 | W29: =WORKDAY.INTL(V29,INDEX(W$8:W$11,MATCH($L29,$L$8:$L$11,0)),1,IF(W$18="China",'China Holidays'!$A$2:$A$82,'Thai Holidays'!$A$2:$A$63)) -> 46253 | X29: =WORKDAY.INTL(W29,INDEX(X$12:X$15,MATCH($L29,$L$12:$L$15,0)),1,IF(X$18="China",'China Holidays'!$A$2:$A$82,'Thai Holidays'!$A$2:$A$63)) -> 46255 | Y29: =WORKDAY.INTL(X29,INDEX(Y$12:Y$15,MATCH($L29,$L$12:$L$15,0)),1,IF(Y$18="China",'China Holidays'!$A$2:$A$82,'Thai Holidays'!$A$2:$A$63)) -> 46262 | Z29: =WORKDAY.INTL(Y29,INDEX(Z$12:Z$15,MATCH($L29,$L$12:$L$15,0)),1,IF(Z$18="China",'China Holidays'!$A$2:$A$82,'Thai Holidays'!$A$2:$A$63)) -> 46293 | AA29: =WORKDAY.INTL(Z29,INDEX(AA$12:AA$15,MATCH($L29,$L$12:$L$15,0)),1,IF(AA$18="China",'China Holidays'!$A$2:$A$82,'Thai Holidays'!$A$2:$A$63)) -> 46307 | AB29: =AA29+60 -> 46367 | AC29: =AB29+3 -> 46370 | AD29: =AC29+1 -> 46371 | AE29: =AF29-30 -> 46402 | AF29: =AG29-1 -> 46432 | AG29: =AL29 -> 46433 | AH29: =AL29+14 -> 46447 | AI29: =AL29+30 -> 46463 | AK29: =AJ27*7 -> 180 | AL29: =W29+AK29 -> 46433 | AM29: =AT27-3 -> 46440 | AN29: =AO29-7 -> 46440 | AO29: 46447 | AQ29: =AM29-AL29 -> 7 | AS29: WPA-02 | AT29: 46464
B30: =B27 -> RFQ-MEC-003 | C30: Instrument Gas Filter Coalescer | I30: Mechanical | J30: Y | K30: 3 | L30: LA | M30: Actual | N30: 46136 | O30: 46165 | P30: 46183 | Q30: 46183 | R30: 46183 | S30: 46183 | T30: 46192 | W30: =W27-W29 -> 0 | AP30: Lower Deck
A31: =A27+1 -> 4 | B31: RFQ-MEC-004 | C31: Production & Test Seperator | D31: 34 | E31: 30 | F31: =E31-D31 -> -4 | I31: Mechanical | J31: Y | K31: =K34 -> 2 | L31: LA | M31: Plan | N31: =WORKDAY.INTL(O31,-INDEX(O$12:O$15,MATCH($L31,$L$12:$L$15,0)),1,IF(N$18="China",'China Holidays'!$A$2:$A$82,'Thai Holidays'!$A$2:$A$63)) -> 46153 | O31: 46154 | P31: 46161 | Q31: 46162 | R31: 46169 | S31: =R31+1 -> 46170 | T31: 46183 | U31: 46211 | V31: 46216 | W31: 46230 | X31: 46232 | Y31: 46239 | Z31: 46267 | AA31: 46281 | AB31: 46341 | AC31: 46344 | AD31: 46345 | AE31: 46430 | AF31: 46460 | AG31: 46461 | AH31: 46475 | AI31: 46491 | AJ31: 30 | AL31: =TEXT(AL33,"dd-mmm-yy") -> 22-Feb-27 | AS31: WPA-01 | AT31: 46450
B32: =B31 -> RFQ-MEC-004 | C32: Production & Test Seperator | I32: Mechanical | M32: New Plan | O32: 46154 | P32: 46161 | Q32: 46162 | R32: 46169 | S32: 46170 | T32: 46183 | U32: 46211 | V32: 46216 | W32: 46230 | X32: 46232 | Y32: 46239 | Z32: 46267 | AA32: 46281 | AB32: 46341 | AC32: 46344 | AD32: 46345 | AE32: 46430 | AF32: 46460 | AG32: 46461 | AH32: 46475 | AI32: 46491 | AL32: =W32+AK33 -> 46440 | AQ32: =AM33-AL32 -> 7
B33: =B31 -> RFQ-MEC-004 | C33: Production & Test Seperator | G33: 7 | H33: 4-2.3 | I33: Mechanical | J33: Y | K33: =K34 -> 2 | L33: LA | M33: Forecast | O33: 46154 | P33: =WORKDAY.INTL(O33,INDEX(P$8:P$11,MATCH($L33,$L$8:$L$11,0)),1,IF(P$18="China",'China Holidays'!$A$2:$A$82,'Thai Holidays'!$A$2:$A$63)) -> 46168 | Q33: =WORKDAY.INTL(P33,INDEX(Q$8:Q$11,MATCH($L33,$L$8:$L$11,0)),1,IF(Q$18="China",'China Holidays'!$A$2:$A$82,'Thai Holidays'!$A$2:$A$63)) -> 46168 | R33: =WORKDAY.INTL(Q33,INDEX(R$8:R$11,MATCH($L33,$L$8:$L$11,0)),1,IF(R$18="China",'China Holidays'!$A$2:$A$82,'Thai Holidays'!$A$2:$A$63)) -> 46168 | S33: =WORKDAY.INTL(R33,INDEX(S$8:S$11,MATCH($L33,$L$8:$L$11,0)),1,IF(S$18="China",'China Holidays'!$A$2:$A$82,'Thai Holidays'!$A$2:$A$63)) -> 46168 | T33: =WORKDAY.INTL(S33,INDEX(T$8:T$11,MATCH($L33,$L$8:$L$11,0)),1,IF(T$18="China",'China Holidays'!$A$2:$A$82,'Thai Holidays'!$A$2:$A$63)) -> 46182 | U33: 46203 | V33: =WORKDAY.INTL(U33,INDEX(V$8:V$11,MATCH($L33,$L$8:$L$11,0)),1,IF(V$18="China",'China Holidays'!$A$2:$A$82,'Thai Holidays'!$A$2:$A$63)) -> 46217 | W33: =WORKDAY.INTL(V33,INDEX(W$8:W$11,MATCH($L33,$L$8:$L$11,0)),1,IF(W$18="China",'China Holidays'!$A$2:$A$82,'Thai Holidays'!$A$2:$A$63)) -> 46230 | X33: =WORKDAY.INTL(W33,INDEX(X$12:X$15,MATCH($L33,$L$12:$L$15,0)),1,IF(X$18="China",'China Holidays'!$A$2:$A$82,'Thai Holidays'!$A$2:$A$63)) -> 46232 | Y33: =WORKDAY.INTL(X33,INDEX(Y$12:Y$15,MATCH($L33,$L$12:$L$15,0)),1,IF(Y$18="China",'China Holidays'!$A$2:$A$82,'Thai Holidays'!$A$2:$A$63)) -> 46239 | Z33: =WORKDAY.INTL(Y33,INDEX(Z$12:Z$15,MATCH($L33,$L$12:$L$15,0)),1,IF(Z$18="China",'China Holidays'!$A$2:$A$82,'Thai Holidays'!$A$2:$A$63)) -> 46267 | AA33: =WORKDAY.INTL(Z33,INDEX(AA$12:AA$15,MATCH($L33,$L$12:$L$15,0)),1,IF(AA$18="China",'China Holidays'!$A$2:$A$82,'Thai Holidays'!$A$2:$A$63)) -> 46281 | AB33: =AA33+60 -> 46341 | AC33: =AB33+3 -> 46344 | AD33: =AC33+1 -> 46345 | AE33: =AF33-30 -> 46409 | AF33: =AG33-1 -> 46439 | AG33: =AL33 -> 46440 | AH33: =AL33+14 -> 46454 | AI33: =AL33+30 -> 46470 | AK33: =AJ31*7 -> 210 | AL33: =W33+AK33 -> 46440 | AM33: =AT31-3 -> 46447 | AN33: =AO33-7 -> 46440 | AO33: 46447 | AQ33: =AM33-AL33 -> 7 | AS33: WPA-02 | AT33: 46464
B34: =B31 -> RFQ-MEC-004 | C34: Production & Test Seperator | I34: Mechanical | J34: Y | K34: 2 | L34: LA | M34: Actual | N34: 46136 | O34: 46157 | P34: 46182 | Q34: 46182 | R34: 46182 | S34: 46182 | T34: 46190 | U34: 46206 | W34: =W31-W33 -> 0 | AP34: Lower Deck
A35: =A31+1 -> 5 | B35: RFQ-PIP-005 | C35: QUICK OPENING CLOSURE | E35: 32 | I35: Piping | J35: Y | K35: =K38 -> 2 | L35: LA | M35: Plan | N35: =WORKDAY.INTL(O35,-INDEX(O$12:O$15,MATCH($L35,$L$12:$L$15,0)),1,IF(N$18="China",'China Holidays'!$A$2:$A$82,'Thai Holidays'!$A$2:$A$63)) -> 46156 | O35: 46157 | P35: 46164 | Q35: 46167 | R35: 46175 | S35: =R35+1 -> 46176 | T35: 46189 | U35: 46217 | V35: 46220 | W35: 46234 | X35: 46238 | Y35: 46245 | Z35: 46273 | AA35: 46287 | AB35: 46347 | AC35: 46350 | AD35: 46351 | AE35: 46427 | AF35: 46457 | AG35: 46458 | AH35: 46472 | AI35: 46488 | AJ35: 32 | AL35: =TEXT(AL37,"dd-mmm-yy") -> 12-Mar-27 | AS35: WPA-01 | AT35: 46471
B36: =B35 -> RFQ-PIP-005 | C36: QUICK OPENING CLOSURE | I36: Piping | M36: New Plan | O36: 46157 | P36: 46164 | Q36: 46167 | R36: 46175 | S36: 46176 | T36: 46189 | U36: 46217 | V36: 46220 | W36: 46234 | X36: 46238 | Y36: 46245 | Z36: 46273 | AA36: 46287 | AB36: 46347 | AC36: 46350 | AD36: 46351 | AE36: 46427 | AF36: 46457 | AG36: 46458 | AH36: 46472 | AI36: 46488 | AL36: =W36+AK37 -> 46458 | AQ36: =AM37-AL36 -> 10
B37: =B35 -> RFQ-PIP-005 | C37: QUICK OPENING CLOSURE | G37: 10 | H37: 4-2.6 | I37: Piping | J37: Y | K37: =K38 -> 2 | L37: LA | M37: Forecast | N37: =N35 -> 46156 | O37: =WORKDAY.INTL(N37,INDEX(O$8:O$11,MATCH($L37,$L$8:$L$11,0)),1,IF(O$18="China",'China Holidays'!$A$2:$A$82,'Thai Holidays'!$A$2:$A$63)) -> 46157 | P37: =WORKDAY.INTL(O37,INDEX(P$8:P$11,MATCH($L37,$L$8:$L$11,0)),1,IF(P$18="China",'China Holidays'!$A$2:$A$82,'Thai Holidays'!$A$2:$A$63)) -> 46171 | Q37: =WORKDAY.INTL(P37,INDEX(Q$8:Q$11,MATCH($L37,$L$8:$L$11,0)),1,IF(Q$18="China",'China Holidays'!$A$2:$A$82,'Thai Holidays'!$A$2:$A$63)) -> 46171 | R37: =WORKDAY.INTL(Q37,INDEX(R$8:R$11,MATCH($L37,$L$8:$L$11,0)),1,IF(R$18="China",'China Holidays'!$A$2:$A$82,'Thai Holidays'!$A$2:$A$63)) -> 46171 | S37: =WORKDAY.INTL(R37,INDEX(S$8:S$11,MATCH($L37,$L$8:$L$11,0)),1,IF(S$18="China",'China Holidays'!$A$2:$A$82,'Thai Holidays'!$A$2:$A$63)) -> 46171 | T37: =WORKDAY.INTL(S37,INDEX(T$8:T$11,MATCH($L37,$L$8:$L$11,0)),1,IF(T$18="China",'China Holidays'!$A$2:$A$82,'Thai Holidays'!$A$2:$A$63)) -> 46185 | U37: 46209 | V37: =WORKDAY.INTL(U37,INDEX(V$8:V$11,MATCH($L37,$L$8:$L$11,0)),1,IF(V$18="China",'China Holidays'!$A$2:$A$82,'Thai Holidays'!$A$2:$A$63)) -> 46223 | W37: =WORKDAY.INTL(V37,INDEX(W$8:W$11,MATCH($L37,$L$8:$L$11,0)),1,IF(W$18="China",'China Holidays'!$A$2:$A$82,'Thai Holidays'!$A$2:$A$63)) -> 46234 | X37: =WORKDAY.INTL(W37,INDEX(X$12:X$15,MATCH($L37,$L$12:$L$15,0)),1,IF(X$18="China",'China Holidays'!$A$2:$A$82,'Thai Holidays'!$A$2:$A$63)) -> 46238 | Y37: =WORKDAY.INTL(X37,INDEX(Y$12:Y$15,MATCH($L37,$L$12:$L$15,0)),1,IF(Y$18="China",'China Holidays'!$A$2:$A$82,'Thai Holidays'!$A$2:$A$63)) -> 46245 | Z37: =WORKDAY.INTL(Y37,INDEX(Z$12:Z$15,MATCH($L37,$L$12:$L$15,0)),1,IF(Z$18="China",'China Holidays'!$A$2:$A$82,'Thai Holidays'!$A$2:$A$63)) -> 46273 | AA37: =WORKDAY.INTL(Z37,INDEX(AA$12:AA$15,MATCH($L37,$L$12:$L$15,0)),1,IF(AA$18="China",'China Holidays'!$A$2:$A$82,'Thai Holidays'!$A$2:$A$63)) -> 46287 | AB37: =AA37+60 -> 46347 | AC37: =AB37+3 -> 46350 | AD37: =AC37+1 -> 46351 | AE37: =AF37-30 -> 46427 | AF37: =AG37-1 -> 46457 | AG37: =AL37 -> 46458 | AH37: =AL37+14 -> 46472 | AI37: =AL37+30 -> 46488 | AK37: =AJ35*7 -> 224 | AL37: =W37+AK37 -> 46458 | AM37: =AT35-3 -> 46468 | AN37: =AO37-7 -> 46464 | AO37: 46471 | AP37: Lower Deck | AQ37: =AM37-AL37 -> 10 | AS37: WPA-02 | AT37: 46472
B38: =B35 -> RFQ-PIP-005 | C38: QUICK OPENING CLOSURE | I38: Piping | J38: Y | K38: 2 | L38: LA | M38: Actual | N38: 46136 | O38: 46163 | P38: 46182 | Q38: 46182 | R38: 46182 | S38: 46182 | T38: 46206 | W38: =W35-W37 -> 0
A39: =A35+1 -> 6 | B39: RFQ-MEC-006 | C39: Chemical Injection Pump | D39: 32 | E39: 34 | F39: =E39-D39 -> 2 | I39: Mechanical | J39: Y | K39: =K42 -> 3 | L39: LA | M39: Plan | N39: =WORKDAY.INTL(O39,-INDEX(O$12:O$15,MATCH($L39,$L$12:$L$15,0)),1,IF(N$18="China",'China Holidays'!$A$2:$A$82,'Thai Holidays'!$A$2:$A$63)) -> 46150 | O39: 46153 | P39: 46160 | Q39: 46161 | R39: 46168 | S39: =R39+1 -> 46169 | T39: 46182 | U39: 46210 | V39: 46213 | W39: 46227 | X39: 46231 | Y39: 46238 | Z39: 46266 | AA39: 46280 | AB39: 46392 | AC39: 46395 | AD39: 46396 | AE39: 46421 | AF39: 46451 | AG39: 46465 | AH39: 46479 | AI39: 46495 | AJ39: 32 | AL39: =TEXT(AL41,"dd-mmm-yy") -> 05-Mar-27 | AS39: WPA-01 | AT39: 46472
B40: =B39 -> RFQ-MEC-006 | C40: Chemical Injection Pump | I40: Mechanical | M40: New Plan | O40: 46153 | P40: 46160 | Q40: 46161 | R40: 46168 | S40: 46169 | T40: 46182 | U40: 46210 | V40: 46213 | W40: 46227 | X40: 46231 | Y40: 46238 | Z40: 46266 | AA40: 46280 | AB40: 46392 | AC40: 46395 | AD40: 46396 | AE40: 46421 | AF40: 46451 | AG40: 46465 | AH40: 46479 | AI40: 46495 | AL40: =W40+AK41 -> 46451 | AQ40: =AM41-AL40 -> 18
B41: =B39 -> RFQ-MEC-006 | C41: Chemical Injection Pump | G41: 4 | H41: 4-2.8 | I41: Mechanical | J41: Y | K41: =K42 -> 3 | L41: LA | M41: Forecast | O41: 46157 | P41: =WORKDAY.INTL(O41,INDEX(P$8:P$11,MATCH($L41,$L$8:$L$11,0)),1,IF(P$18="China",'China Holidays'!$A$2:$A$82,'Thai Holidays'!$A$2:$A$63)) -> 46171 | Q41: =WORKDAY.INTL(P41,INDEX(Q$8:Q$11,MATCH($L41,$L$8:$L$11,0)),1,IF(Q$18="China",'China Holidays'!$A$2:$A$82,'Thai Holidays'!$A$2:$A$63)) -> 46171 | R41: =WORKDAY.INTL(Q41,INDEX(R$8:R$11,MATCH($L41,$L$8:$L$11,0)),1,IF(R$18="China",'China Holidays'!$A$2:$A$82,'Thai Holidays'!$A$2:$A$63)) -> 46171 | S41: =WORKDAY.INTL(R41,INDEX(S$8:S$11,MATCH($L41,$L$8:$L$11,0)),1,IF(S$18="China",'China Holidays'!$A$2:$A$82,'Thai Holidays'!$A$2:$A$63)) -> 46171 | T41: =WORKDAY.INTL(S41,INDEX(T$8:T$11,MATCH($L41,$L$8:$L$11,0)),1,IF(T$18="China",'China Holidays'!$A$2:$A$82,'Thai Holidays'!$A$2:$A$63)) -> 46185 | U41: 46202 | V41: =WORKDAY.INTL(U41,INDEX(V$8:V$11,MATCH($L41,$L$8:$L$11,0)),1,IF(V$18="China",'China Holidays'!$A$2:$A$82,'Thai Holidays'!$A$2:$A$63)) -> 46216 | W41: =WORKDAY.INTL(V41,INDEX(W$8:W$11,MATCH($L41,$L$8:$L$11,0)),1,IF(W$18="China",'China Holidays'!$A$2:$A$82,'Thai Holidays'!$A$2:$A$63)) -> 46227 | X41: =WORKDAY.INTL(W41,INDEX(X$12:X$15,MATCH($L41,$L$12:$L$15,0)),1,IF(X$18="China",'China Holidays'!$A$2:$A$82,'Thai Holidays'!$A$2:$A$63)) -> 46231 | Y41: =WORKDAY.INTL(X41,INDEX(Y$12:Y$15,MATCH($L41,$L$12:$L$15,0)),1,IF(Y$18="China",'China Holidays'!$A$2:$A$82,'Thai Holidays'!$A$2:$A$63)) -> 46238 | Z41: =WORKDAY.INTL(Y41,INDEX(Z$12:Z$15,MATCH($L41,$L$12:$L$15,0)),1,IF(Z$18="China",'China Holidays'!$A$2:$A$82,'Thai Holidays'!$A$2:$A$63)) -> 46266 | AA41: =WORKDAY.INTL(Z41,INDEX(AA$12:AA$15,MATCH($L41,$L$12:$L$15,0)),1,IF(AA$18="China",'China Holidays'!$A$2:$A$82,'Thai Holidays'!$A$2:$A$63)) -> 46280 | AB41: =AA41+16*7 -> 46392 | AC41: =AB41+3 -> 46395 | AD41: =AC41+1 -> 46396 | AE41: =AF41-30 -> 46407 | AF41: =AG41-14 -> 46437 | AG41: =AL41 -> 46451 | AH41: =AL41+14 -> 46465 | AI41: =AL41+30 -> 46481 | AK41: =AJ39*7 -> 224 | AL41: =W41+AK41 -> 46451 | AM41: =AT39-3 -> 46469 | AN41: =AO41-7 -> 46465 | AO41: 46472 | AQ41: =AM41-AL41 -> 18 | AS41: WPA-02 | AT41: 46477
B42: =B39 -> RFQ-MEC-006 | C42: Chemical Injection Pump | I42: Mechanical | J42: Y | K42: 3 | L42: LA | M42: Actual | N42: 46133 | O42: 46157 | P42: 46182 | Q42: 46182 | R42: 46182 | S42: 46182 | T42: 46183 | U42: 46206 | W42: =W39-W41 -> 0 | AP42: Lower Deck
A43: =A39+1 -> 7 | B43: RFQ-MEC-007 | C43: De-mulsifier / Water Clarifier Injection Pump | E43: 34 | I43: Mechanical | J43: Y | K43: =K45 -> 3 | L43: LA | M43: Plan | N43: =WORKDAY.INTL(O43,-INDEX(O$12:O$15,MATCH($L43,$L$12:$L$15,0)),1,IF(N$18="China",'China Holidays'!$A$2:$A$82,'Thai Holidays'!$A$2:$A$63)) -> 46150 | O43: 46153 | P43: 46160 | Q43: 46161 | R43: 46168 | S43: =R43+1 -> 46169 | T43: 46182 | U43: 46210 | V43: 46213 | W43: 46227 | X43: 46231 | Y43: 46238 | Z43: 46266 | AA43: 46280 | AB43: 46392 | AC43: 46395 | AD43: 46396 | AE43: 46421 | AF43: 46451 | AG43: 46465 | AH43: 46479 | AI43: 46495 | AJ43: 34 | AL43: =TEXT(AL44,"dd-mmm-yy") -> 19-Mar-27 | AT43: De-mulsifier / Water Clarifier Injection Pump included in Item 6 Chemical Injection Pump
B44: =B43 -> RFQ-MEC-007 | C44: De-mulsifier / Water Clarifier Injection Pump | G44: 12 | H44: 4-2.9 | I44: Mechanical | J44: Y | K44: =K45 -> 3 | L44: LA | M44: Forecast | N44: =N43 -> 46150 | O44: 46157 | P44: =WORKDAY.INTL(O44,INDEX(P$8:P$11,MATCH($L44,$L$8:$L$11,0)),1,IF(P$18="China",'China Holidays'!$A$2:$A$82,'Thai Holidays'!$A$2:$A$63)) -> 46171 | Q44: =WORKDAY.INTL(P44,INDEX(Q$8:Q$11,MATCH($L44,$L$8:$L$11,0)),1,IF(Q$18="China",'China Holidays'!$A$2:$A$82,'Thai Holidays'!$A$2:$A$63)) -> 46171 | R44: =WORKDAY.INTL(Q44,INDEX(R$8:R$11,MATCH($L44,$L$8:$L$11,0)),1,IF(R$18="China",'China Holidays'!$A$2:$A$82,'Thai Holidays'!$A$2:$A$63)) -> 46171 | S44: =WORKDAY.INTL(R44,INDEX(S$8:S$11,MATCH($L44,$L$8:$L$11,0)),1,IF(S$18="China",'China Holidays'!$A$2:$A$82,'Thai Holidays'!$A$2:$A$63)) -> 46171 | T44: =WORKDAY.INTL(S44,INDEX(T$8:T$11,MATCH($L44,$L$8:$L$11,0)),1,IF(T$18="China",'China Holidays'!$A$2:$A$82,'Thai Holidays'!$A$2:$A$63)) -> 46185 | U44: 46202 | V44: =WORKDAY.INTL(U44,INDEX(V$8:V$11,MATCH($L44,$L$8:$L$11,0)),1,IF(V$18="China",'China Holidays'!$A$2:$A$82,'Thai Holidays'!$A$2:$A$63)) -> 46216 | W44: =WORKDAY.INTL(V44,INDEX(W$8:W$11,MATCH($L44,$L$8:$L$11,0)),1,IF(W$18="China",'China Holidays'!$A$2:$A$82,'Thai Holidays'!$A$2:$A$63)) -> 46227 | X44: =WORKDAY.INTL(W44,INDEX(X$12:X$15,MATCH($L44,$L$12:$L$15,0)),1,IF(X$18="China",'China Holidays'!$A$2:$A$82,'Thai Holidays'!$A$2:$A$63)) -> 46231 | Y44: =WORKDAY.INTL(X44,INDEX(Y$12:Y$15,MATCH($L44,$L$12:$L$15,0)),1,IF(Y$18="China",'China Holidays'!$A$2:$A$82,'Thai Holidays'!$A$2:$A$63)) -> 46238 | Z44: =WORKDAY.INTL(Y44,INDEX(Z$12:Z$15,MATCH($L44,$L$12:$L$15,0)),1,IF(Z$18="China",'China Holidays'!$A$2:$A$82,'Thai Holidays'!$A$2:$A$63)) -> 46266 | AA44: =WORKDAY.INTL(Z44,INDEX(AA$12:AA$15,MATCH($L44,$L$12:$L$15,0)),1,IF(AA$18="China",'China Holidays'!$A$2:$A$82,'Thai Holidays'!$A$2:$A$63)) -> 46280 | AB44: =AA44+16*7 -> 46392 | AC44: =AB44+3 -> 46395 | AD44: =AC44+1 -> 46396 | AE44: =AF44-30 -> 46421 | AF44: =AG44-14 -> 46451 | AG44: =AL44 -> 46465 | AH44: =AL44+14 -> 46479 | AI44: =AL44+30 -> 46495 | AK44: 238 | AL44: =W44+AK44 -> 46465 | AM44: 46477 | AQ44: =AM44-AL44 -> 12
B45: =B43 -> RFQ-MEC-007 | C45: De-mulsifier / Water Clarifier Injection Pump | I45: Mechanical | J45: Y | K45: 3 | L45: LA | M45: Actual | N45: 46133 | O45: 46157 | P45: 46182 | Q45: 46182 | R45: 46182 | S45: 46182 | W45: =W43-W44 -> 0
A46: =A43+1 -> 8 | B46: RFQ-MEC-008 | C46: De-Oiler Hydrocyclone | D46: 34 | E46: 26 | F46: =E46-D46 -> -8 | I46: Mechanical | J46: Y | K46: =K49 -> 2 | L46: LA | M46: Plan | N46: =WORKDAY.INTL(O46,-INDEX(O$12:O$15,MATCH($L46,$L$12:$L$15,0)),1,IF(N$18="China",'China Holidays'!$A$2:$A$82,'Thai Holidays'!$A$2:$A$63)) -> 46140 | O46: 46141 | P46: 46150 | Q46: 46153 | R46: 46160 | S46: =R46+1 -> 46161 | T46: 46174 | U46: 46203 | V46: 46206 | W46: 46220 | X46: 46224 | Y46: 46231 | Z46: 46259 | AA46: 46273 | AB46: 46333 | AC46: 46336 | AD46: 46337 | AE46: 46371 | AF46: 46401 | AG46: 46402 | AH46: 46416 | AI46: 46432 | AJ46: 34 | AL46: =TEXT(AL48,"dd-mmm-yy") -> 12-Mar-27 | AS46: WPA-01 | AT46: NA
B47: =B46 -> RFQ-MEC-008 | C47: De-Oiler Hydrocyclone | I47: Mechanical | M47: New Plan | O47: 46141 | P47: 46150 | Q47: 46153 | R47: 46160 | S47: 46161 | T47: 46174 | U47: 46203 | V47: 46206 | W47: 46220 | X47: 46224 | Y47: 46231 | Z47: 46259 | AA47: 46273 | AB47: 46333 | AC47: 46336 | AD47: 46337 | AE47: 46371 | AF47: 46401 | AG47: 46402 | AH47: 46416 | AI47: 46432 | AL47: =W47+AK48 -> 46458 | AQ47: =AM48-AL47 -> 9
B48: =B46 -> RFQ-MEC-008 | C48: De-Oiler Hydrocyclone | G48: 65 | H48: 4-2.10 | I48: Mechanical | J48: Y | K48: =K49 -> 2 | L48: LA | M48: Forecast | O48: 46139 | P48: =WORKDAY.INTL(O48,INDEX(P$8:P$11,MATCH($L48,$L$8:$L$11,0)),1,IF(P$18="China",'China Holidays'!$A$2:$A$82,'Thai Holidays'!$A$2:$A$63)) -> 46155 | Q48: =WORKDAY.INTL(P48,INDEX(Q$8:Q$11,MATCH($L48,$L$8:$L$11,0)),1,IF(Q$18="China",'China Holidays'!$A$2:$A$82,'Thai Holidays'!$A$2:$A$63)) -> 46155 | R48: =WORKDAY.INTL(Q48,INDEX(R$8:R$11,MATCH($L48,$L$8:$L$11,0)),1,IF(R$18="China",'China Holidays'!$A$2:$A$82,'Thai Holidays'!$A$2:$A$63)) -> 46155 | S48: =WORKDAY.INTL(R48,INDEX(S$8:S$11,MATCH($L48,$L$8:$L$11,0)),1,IF(S$18="China",'China Holidays'!$A$2:$A$82,'Thai Holidays'!$A$2:$A$63)) -> 46155 | T48: 46168 | U48: =WORKDAY.INTL(T48,INDEX(U$8:U$11,MATCH($L48,$L$8:$L$11,0)),1,IF(U$18="China",'China Holidays'!$A$2:$A$82,'Thai Holidays'!$A$2:$A$63)) -> 46195 | V48: =WORKDAY.INTL(U48,INDEX(V$8:V$11,MATCH($L48,$L$8:$L$11,0)),1,IF(V$18="China",'China Holidays'!$A$2:$A$82,'Thai Holidays'!$A$2:$A$63)) -> 46209 | W48: =WORKDAY.INTL(V48,INDEX(W$8:W$11,MATCH($L48,$L$8:$L$11,0)),1,IF(W$18="China",'China Holidays'!$A$2:$A$82,'Thai Holidays'!$A$2:$A$63)) -> 46220 | X48: =WORKDAY.INTL(W48,INDEX(X$12:X$15,MATCH($L48,$L$12:$L$15,0)),1,IF(X$18="China",'China Holidays'!$A$2:$A$82,'Thai Holidays'!$A$2:$A$63)) -> 46224 | Y48: =WORKDAY.INTL(X48,INDEX(Y$12:Y$15,MATCH($L48,$L$12:$L$15,0)),1,IF(Y$18="China",'China Holidays'!$A$2:$A$82,'Thai Holidays'!$A$2:$A$63)) -> 46231 | Z48: =WORKDAY.INTL(Y48,INDEX(Z$12:Z$15,MATCH($L48,$L$12:$L$15,0)),1,IF(Z$18="China",'China Holidays'!$A$2:$A$82,'Thai Holidays'!$A$2:$A$63)) -> 46259 | AA48: =WORKDAY.INTL(Z48,INDEX(AA$12:AA$15,MATCH($L48,$L$12:$L$15,0)),1,IF(AA$18="China",'China Holidays'!$A$2:$A$82,'Thai Holidays'!$A$2:$A$63)) -> 46273 | AB48: =AA48+60 -> 46333 | AC48: =AB48+3 -> 46336 | AD48: =AC48+1 -> 46337 | AE48: =AF48-30 -> 46427 | AF48: =AG48-1 -> 46457 | AG48: =AL48 -> 46458 | AH48: =AL48+14 -> 46472 | AI48: =AL48+30 -> 46488 | AK48: =AJ46*7 -> 238 | AL48: =W48+AK48 -> 46458 | AM48: =AT48-3 -> 46467 | AN48: =AO48-7 -> 46463 | AO48: 46470 | AP48: only WPA02 | AQ48: =AM48-AL48 -> 9 | AS48: WPA-02 | AT48: 46470
B49: =B46 -> RFQ-MEC-008 | C49: De-Oiler Hydrocyclone | I49: Mechanical | J49: Y | K49: 2 | L49: LA | M49: Actual | N49: 46136 | O49: 46139 | P49: 46153 | Q49: 46153 | R49: =P49 -> 46153 | S49: =P49 -> 46153 | T49: 46182 | U49: 46200 | V49: 46202 | W49: =W46-W48 -> 0 | AP49: Lower Deck
A50: =A46+1 -> 9 | B50: RFQ-MEC-009 | C50: Degasser | D50: 30 | E50: 27.857143 | F50: =E50-D50 -> -2.1428571 | I50: Mechanical | J50: Y | K50: =K53 -> 2 | L50: LA | M50: Plan | N50: =WORKDAY.INTL(O50,-INDEX(O$12:O$15,MATCH($L50,$L$12:$L$15,0)),1,IF(N$18="China",'China Holidays'!$A$2:$A$82,'Thai Holidays'!$A$2:$A$63)) -> 46133 | O50: 46134 | P50: 46141 | Q50: 46142 | R50: 46153 | S50: =R50+1 -> 46154 | T50: 46167 | U50: 46197 | V50: 46202 | W50: 46216 | X50: 46218 | Y50: 46225 | Z50: 46253 | AA50: 46267 | AB50: 46327 | AC50: 46330 | AD50: 46331 | AE50: 46380 | AF50: 46410 | AG50: 46411 | AH50: 46425 | AI50: 46441 | AJ50: 30 | AL50: =TEXT(AL52,"dd-mmm-yy") -> 08-Feb-27 | AS50: WPA-01 | AT50: NA
B51: =B50 -> RFQ-MEC-009 | C51: Degasser | I51: Mechanical | M51: New Plan | O51: 46134 | P51: 46141 | Q51: 46142 | R51: 46153 | S51: 46154 | T51: 46167 | U51: 46197 | V51: 46202 | W51: 46216 | X51: 46218 | Y51: 46225 | Z51: 46253 | AA51: 46267 | AB51: 46327 | AC51: 46330 | AD51: 46331 | AE51: 46380 | AF51: 46410 | AG51: 46411 | AH51: 46425 | AI51: 46441 | AL51: =W51+AK52 -> 46426 | AQ51: =AM52-AL51 -> 36
B52: =B50 -> RFQ-MEC-009 | C52: Degasser | G52: 54 | H52: 4-2.11 | I52: Mechanical | J52: Y | K52: =K53 -> 2 | L52: LA | M52: Forecast | O52: 46135 | P52: =WORKDAY.INTL(O52,INDEX(P$8:P$11,MATCH($L52,$L$8:$L$11,0)),1,IF(P$18="China",'China Holidays'!$A$2:$A$82,'Thai Holidays'!$A$2:$A$63)) -> 46153 | Q52: =WORKDAY.INTL(P52,INDEX(Q$8:Q$11,MATCH($L52,$L$8:$L$11,0)),1,IF(Q$18="China",'China Holidays'!$A$2:$A$82,'Thai Holidays'!$A$2:$A$63)) -> 46153 | R52: =WORKDAY.INTL(Q52,INDEX(R$8:R$11,MATCH($L52,$L$8:$L$11,0)),1,IF(R$18="China",'China Holidays'!$A$2:$A$82,'Thai Holidays'!$A$2:$A$63)) -> 46153 | S52: =WORKDAY.INTL(R52,INDEX(S$8:S$11,MATCH($L52,$L$8:$L$11,0)),1,IF(S$18="China",'China Holidays'!$A$2:$A$82,'Thai Holidays'!$A$2:$A$63)) -> 46153 | T52: 46162 | U52: =WORKDAY.INTL(T52,INDEX(U$8:U$11,MATCH($L52,$L$8:$L$11,0)),1,IF(U$18="China",'China Holidays'!$A$2:$A$82,'Thai Holidays'!$A$2:$A$63)) -> 46189 | V52: =WORKDAY.INTL(U52,INDEX(V$8:V$11,MATCH($L52,$L$8:$L$11,0)),1,IF(V$18="China",'China Holidays'!$A$2:$A$82,'Thai Holidays'!$A$2:$A$63)) -> 46203 | W52: =WORKDAY.INTL(V52,INDEX(W$8:W$11,MATCH($L52,$L$8:$L$11,0)),1,IF(W$18="China",'China Holidays'!$A$2:$A$82,'Thai Holidays'!$A$2:$A$63)) -> 46216 | X52: =WORKDAY.INTL(W52,INDEX(X$12:X$15,MATCH($L52,$L$12:$L$15,0)),1,IF(X$18="China",'China Holidays'!$A$2:$A$82,'Thai Holidays'!$A$2:$A$63)) -> 46218 | Y52: =WORKDAY.INTL(X52,INDEX(Y$12:Y$15,MATCH($L52,$L$12:$L$15,0)),1,IF(Y$18="China",'China Holidays'!$A$2:$A$82,'Thai Holidays'!$A$2:$A$63)) -> 46225 | Z52: =WORKDAY.INTL(Y52,INDEX(Z$12:Z$15,MATCH($L52,$L$12:$L$15,0)),1,IF(Z$18="China",'China Holidays'!$A$2:$A$82,'Thai Holidays'!$A$2:$A$63)) -> 46253 | AA52: =WORKDAY.INTL(Z52,INDEX(AA$12:AA$15,MATCH($L52,$L$12:$L$15,0)),1,IF(AA$18="China",'China Holidays'!$A$2:$A$82,'Thai Holidays'!$A$2:$A$63)) -> 46267 | AB52: =AA52+60 -> 46327 | AC52: =AB52+3 -> 46330 | AD52: =AC52+1 -> 46331 | AE52: =AF52-30 -> 46395 | AF52: =AG52-1 -> 46425 | AG52: =AL52 -> 46426 | AH52: =AL52+14 -> 46440 | AI52: =AL52+30 -> 46456 | AK52: =AJ50*7 -> 210 | AL52: =W52+AK52 -> 46426 | AM52: =AT52-3 -> 46462 | AN52: =AO52-7 -> 46457 | AO52: 46464 | AP52: only WPA02 | AQ52: =AM52-AL52 -> 36 | AS52: WPA-02 | AT52: 46465
B53: =B50 -> RFQ-MEC-009 | C53: Degasser | I53: Mechanical | J53: Y | K53: 2 | L53: LA | M53: Actual | N53: 46135 | O53: 46135 | P53: 46151 | Q53: 46151 | R53: =P53 -> 46151 | S53: =P53 -> 46151 | T53: 46181 | U53: 46202 | V53: 46204 | W53: =W50-W52 -> 0 | AP53: Lower Deck
A54: =A50+1 -> 10 | B54: RFQ-MEC-010 | C54: Skim Tank Vessel | D54: 32 | E54: 26 | F54: =E54-D54 -> -6 | I54: Mechanical | J54: Y | K54: =K57 -> 2 | L54: LA | M54: Plan | N54: =WORKDAY.INTL(O54,-INDEX(O$12:O$15,MATCH($L54,$L$12:$L$15,0)),1,IF(N$18="China",'China Holidays'!$A$2:$A$82,'Thai Holidays'!$A$2:$A$63)) -> 46146 | O54: 46147 | P54: 46154 | Q54: 46155 | R54: 46162 | S54: =R54+1 -> 46163 | T54: 46176 | U54: 46204 | V54: 46209 | W54: 46223 | X54: 46225 | Y54: 46232 | Z54: 46260 | AA54: 46274 | AB54: 46334 | AC54: 46337 | AD54: 46338 | AE54: 46374 | AF54: 46404 | AG54: 46405 | AH54: 46419 | AI54: 46435 | AJ54: 32 | AL54: =TEXT(AL56,"dd-mmm-yy") -> 01-Mar-27 | AS54: WPA-01 | AT54: NA
B55: =B54 -> RFQ-MEC-010 | C55: Skim Tank Vessel | I55: Mechanical | M55: New Plan | O55: 46147 | P55: 46154 | Q55: 46155 | R55: 46162 | S55: 46163 | T55: 46176 | U55: 46204 | V55: 46209 | W55: 46223 | X55: 46225 | Y55: 46232 | Z55: 46260 | AA55: 46274 | AB55: 46334 | AC55: 46337 | AD55: 46338 | AE55: 46374 | AF55: 46404 | AG55: 46405 | AH55: 46419 | AI55: 46435 | AL55: =W55+AK56 -> 46447 | AQ55: =AM56-AL55 -> 18
B56: =B54 -> RFQ-MEC-010 | C56: Skim Tank Vessel | G56: 60 | H56: 4-2.13 | I56: Mechanical | J56: Y | K56: =K57 -> 2 | L56: LA | M56: Forecast | O56: 46150 | P56: =WORKDAY.INTL(O56,INDEX(P$8:P$11,MATCH($L56,$L$8:$L$11,0)),1,IF(P$18="China",'China Holidays'!$A$2:$A$82,'Thai Holidays'!$A$2:$A$63)) -> 46164 | Q56: =WORKDAY.INTL(P56,INDEX(Q$8:Q$11,MATCH($L56,$L$8:$L$11,0)),1,IF(Q$18="China",'China Holidays'!$A$2:$A$82,'Thai Holidays'!$A$2:$A$63)) -> 46164 | R56: =WORKDAY.INTL(Q56,INDEX(R$8:R$11,MATCH($L56,$L$8:$L$11,0)),1,IF(R$18="China",'China Holidays'!$A$2:$A$82,'Thai Holidays'!$A$2:$A$63)) -> 46164 | S56: =WORKDAY.INTL(R56,INDEX(S$8:S$11,MATCH($L56,$L$8:$L$11,0)),1,IF(S$18="China",'China Holidays'!$A$2:$A$82,'Thai Holidays'!$A$2:$A$63)) -> 46164 | T56: =WORKDAY.INTL(S56,INDEX(T$8:T$11,MATCH($L56,$L$8:$L$11,0)),1,IF(T$18="China",'China Holidays'!$A$2:$A$82,'Thai Holidays'!$A$2:$A$63)) -> 46178 | U56: 46196 | V56: =WORKDAY.INTL(U56,INDEX(V$8:V$11,MATCH($L56,$L$8:$L$11,0)),1,IF(V$18="China",'China Holidays'!$A$2:$A$82,'Thai Holidays'!$A$2:$A$63)) -> 46210 | W56: =WORKDAY.INTL(V56,INDEX(W$8:W$11,MATCH($L56,$L$8:$L$11,0)),1,IF(W$18="China",'China Holidays'!$A$2:$A$82,'Thai Holidays'!$A$2:$A$63)) -> 46223 | X56: =WORKDAY.INTL(W56,INDEX(X$12:X$15,MATCH($L56,$L$12:$L$15,0)),1,IF(X$18="China",'China Holidays'!$A$2:$A$82,'Thai Holidays'!$A$2:$A$63)) -> 46225 | Y56: =WORKDAY.INTL(X56,INDEX(Y$12:Y$15,MATCH($L56,$L$12:$L$15,0)),1,IF(Y$18="China",'China Holidays'!$A$2:$A$82,'Thai Holidays'!$A$2:$A$63)) -> 46232 | Z56: =WORKDAY.INTL(Y56,INDEX(Z$12:Z$15,MATCH($L56,$L$12:$L$15,0)),1,IF(Z$18="China",'China Holidays'!$A$2:$A$82,'Thai Holidays'!$A$2:$A$63)) -> 46260 | AA56: =WORKDAY.INTL(Z56,INDEX(AA$12:AA$15,MATCH($L56,$L$12:$L$15,0)),1,IF(AA$18="China",'China Holidays'!$A$2:$A$82,'Thai Holidays'!$A$2:$A$63)) -> 46274 | AB56: =AA56+60 -> 46334 | AC56: =AB56+3 -> 46337 | AD56: =AC56+1 -> 46338 | AE56: =AF56-30 -> 46416 | AF56: =AG56-1 -> 46446 | AG56: =AL56 -> 46447 | AH56: =AL56+14 -> 46461 | AI56: =AL56+30 -> 46477 | AK56: =AJ54*7 -> 224 | AL56: =W56+AK56 -> 46447 | AM56: =AT56-3 -> 46465 | AN56: =AO56-7 -> 46454 | AO56: 46461 | AP56: only WPA02 | AQ56: =AM56-AL56 -> 18 | AS56: WPA-02 | AT56: 46468
B57: =B54 -> RFQ-MEC-010 | C57: Skim Tank Vessel | I57: Mechanical | J57: Y | K57: 2 | L57: LA | M57: Actual | N57: 46136 | O57: 46150 | P57: 46167 | Q57: 46167 | R57: 46167 | S57: 46167 | T57: 46190 | U57: 46206 | W57: =W54-W56 -> 0 | AP57: Lower Deck
A58: =A54+1 -> 11 | B58: RFQ-MEC-011 | C58: Closed Drain Sump Vessel | D58: 26 | E58: 26 | F58: =E58-D58 -> 0 | I58: Mechanical | J58: Y | K58: =K61 -> 3 | L58: LA | M58: Plan | N58: =WORKDAY.INTL(O58,-INDEX(O$12:O$15,MATCH($L58,$L$12:$L$15,0)),1,IF(N$18="China",'China Holidays'!$A$2:$A$82,'Thai Holidays'!$A$2:$A$63)) -> 46154 | O58: 46155 | P58: 46162 | Q58: 46163 | R58: 46170 | S58: =R58+1 -> 46171 | T58: 46184 | U58: 46212 | V58: 46217 | W58: 46231 | X58: 46233 | Y58: 46240 | Z58: 46268 | AA58: 46282 | AB58: 46342 | AC58: 46345 | AD58: 46346 | AE58: 46382 | AF58: 46412 | AG58: 46413 | AH58: 46427 | AI58: 46443 | AJ58: 26 | AL58: =TEXT(AL60,"dd-mmm-yy") -> 26-Jan-27 | AS58: WPA-01 | AT58: 46420
B59: =B58 -> RFQ-MEC-011 | C59: Closed Drain Sump Vessel | I59: Mechanical | M59: New Plan | O59: 46155 | P59: 46162 | Q59: 46163 | R59: 46170 | S59: 46171 | T59: 46184 | U59: 46212 | V59: 46217 | W59: 46231 | X59: 46233 | Y59: 46240 | Z59: 46268 | AA59: 46282 | AB59: 46342 | AC59: 46345 | AD59: 46346 | AE59: 46382 | AF59: 46412 | AG59: 46413 | AH59: 46427 | AI59: 46443 | AL59: =W59+AK60 -> 46413 | AQ59: =AM60-AL59 -> 4
B60: =B58 -> RFQ-MEC-011 | C60: Closed Drain Sump Vessel | G60: 22 | H60: 4-2.12 | I60: Mechanical | J60: Y | K60: =K61 -> 3 | L60: LA | M60: Forecast | O60: 46157 | P60: =WORKDAY.INTL(O60,INDEX(P$8:P$11,MATCH($L60,$L$8:$L$11,0)),1,IF(P$18="China",'China Holidays'!$A$2:$A$82,'Thai Holidays'!$A$2:$A$63)) -> 46171 | Q60: =WORKDAY.INTL(P60,INDEX(Q$8:Q$11,MATCH($L60,$L$8:$L$11,0)),1,IF(Q$18="China",'China Holidays'!$A$2:$A$82,'Thai Holidays'!$A$2:$A$63)) -> 46171 | R60: =WORKDAY.INTL(Q60,INDEX(R$8:R$11,MATCH($L60,$L$8:$L$11,0)),1,IF(R$18="China",'China Holidays'!$A$2:$A$82,'Thai Holidays'!$A$2:$A$63)) -> 46171 | S60: =WORKDAY.INTL(R60,INDEX(S$8:S$11,MATCH($L60,$L$8:$L$11,0)),1,IF(S$18="China",'China Holidays'!$A$2:$A$82,'Thai Holidays'!$A$2:$A$63)) -> 46171 | T60: =WORKDAY.INTL(S60,INDEX(T$8:T$11,MATCH($L60,$L$8:$L$11,0)),1,IF(T$18="China",'China Holidays'!$A$2:$A$82,'Thai Holidays'!$A$2:$A$63)) -> 46185 | U60: 46204 | V60: =WORKDAY.INTL(U60,INDEX(V$8:V$11,MATCH($L60,$L$8:$L$11,0)),1,IF(V$18="China",'China Holidays'!$A$2:$A$82,'Thai Holidays'!$A$2:$A$63)) -> 46218 | W60: =WORKDAY.INTL(V60,INDEX(W$8:W$11,MATCH($L60,$L$8:$L$11,0)),1,IF(W$18="China",'China Holidays'!$A$2:$A$82,'Thai Holidays'!$A$2:$A$63)) -> 46231 | X60: =WORKDAY.INTL(W60,INDEX(X$12:X$15,MATCH($L60,$L$12:$L$15,0)),1,IF(X$18="China",'China Holidays'!$A$2:$A$82,'Thai Holidays'!$A$2:$A$63)) -> 46233 | Y60: =WORKDAY.INTL(X60,INDEX(Y$12:Y$15,MATCH($L60,$L$12:$L$15,0)),1,IF(Y$18="China",'China Holidays'!$A$2:$A$82,'Thai Holidays'!$A$2:$A$63)) -> 46240 | Z60: =WORKDAY.INTL(Y60,INDEX(Z$12:Z$15,MATCH($L60,$L$12:$L$15,0)),1,IF(Z$18="China",'China Holidays'!$A$2:$A$82,'Thai Holidays'!$A$2:$A$63)) -> 46268 | AA60: =WORKDAY.INTL(Z60,INDEX(AA$12:AA$15,MATCH($L60,$L$12:$L$15,0)),1,IF(AA$18="China",'China Holidays'!$A$2:$A$82,'Thai Holidays'!$A$2:$A$63)) -> 46282 | AB60: =AA60+60 -> 46342 | AC60: =AB60+3 -> 46345 | AD60: =AC60+1 -> 46346 | AE60: =AF60-30 -> 46382 | AF60: =AG60-1 -> 46412 | AG60: =AL60 -> 46413 | AH60: =AL60+14 -> 46427 | AI60: =AL60+30 -> 46443 | AK60: =AJ58*7 -> 182 | AL60: =W60+AK60 -> 46413 | AM60: =AT58-3 -> 46417 | AN60: =AO60-7 -> 46412 | AO60: 46419 | AQ60: =AM60-AL60 -> 4 | AS60: WPA-02 | AT60: 46451
B61: =B58 -> RFQ-MEC-011 | C61: Closed Drain Sump Vessel | I61: Mechanical | J61: Y | K61: 3 | L61: LA | M61: Actual | N61: 46136 | O61: 46157 | P61: 46182 | Q61: 46182 | R61: 46182 | S61: 46182 | T61: 46185 | U61: 46206 | W61: =W58-W60 -> 0 | AP61: Sump Deck
A62: =A58+1 -> 12 | B62: RFQ-MEC-012 | C62: Storage Tote Tank | E62: 24 | I62: Mechanical | J62: Y | K62: =K64 -> 3 | L62: LA | M62: Plan | N62: =WORKDAY.INTL(O62,-INDEX(O$12:O$15,MATCH($L62,$L$12:$L$15,0)),1,IF(N$18="China",'China Holidays'!$A$2:$A$82,'Thai Holidays'!$A$2:$A$63)) -> 46163 | O62: 46164 | P62: 46171 | Q62: 46174 | R62: 46182 | S62: =R62+1 -> 46183 | T62: 46197 | U62: 46225 | V62: 46230 | W62: 46244 | X62: 46246 | Y62: 46253 | Z62: 46281 | AA62: 46295 | AB62: 46355 | AC62: 46358 | AD62: 46359 | AE62: 46381 | AF62: 46411 | AG62: 46412 | AH62: 46426 | AI62: 46442 | AJ62: 24 | AL62: =TEXT(AL63,"dd-mmm-yy") -> 19-Jan-27 | AS62: WPA-01 | AT62: This package 7 tote tanks are cancelled and FOUR tote tanks are moved to Storage Tank Package
B63: =B62 -> RFQ-MEC-012 | C63: Storage Tote Tank | H63: 4-2.15 | I63: Mechanical | J63: Y | K63: =K64 -> 3 | L63: LA | M63: Forecast | O63: 46164 | P63: =WORKDAY.INTL(O63,INDEX(P$8:P$11,MATCH($L63,$L$8:$L$11,0)),1,IF(P$18="China",'China Holidays'!$A$2:$A$82,'Thai Holidays'!$A$2:$A$63)) -> 46182 | Q63: =WORKDAY.INTL(P63,INDEX(Q$8:Q$11,MATCH($L63,$L$8:$L$11,0)),1,IF(Q$18="China",'China Holidays'!$A$2:$A$82,'Thai Holidays'!$A$2:$A$63)) -> 46182 | R63: =WORKDAY.INTL(Q63,INDEX(R$8:R$11,MATCH($L63,$L$8:$L$11,0)),1,IF(R$18="China",'China Holidays'!$A$2:$A$82,'Thai Holidays'!$A$2:$A$63)) -> 46182 | S63: =WORKDAY.INTL(R63,INDEX(S$8:S$11,MATCH($L63,$L$8:$L$11,0)),1,IF(S$18="China",'China Holidays'!$A$2:$A$82,'Thai Holidays'!$A$2:$A$63)) -> 46182 | T63: =WORKDAY.INTL(S63,INDEX(T$8:T$11,MATCH($L63,$L$8:$L$11,0)),1,IF(T$18="China",'China Holidays'!$A$2:$A$82,'Thai Holidays'!$A$2:$A$63)) -> 46197 | U63: 46216 | V63: =WORKDAY.INTL(U63,INDEX(V$8:V$11,MATCH($L63,$L$8:$L$11,0)),1,IF(V$18="China",'China Holidays'!$A$2:$A$82,'Thai Holidays'!$A$2:$A$63)) -> 46230 | W63: =WORKDAY.INTL(V63,INDEX(W$8:W$11,MATCH($L63,$L$8:$L$11,0)),1,IF(W$18="China",'China Holidays'!$A$2:$A$82,'Thai Holidays'!$A$2:$A$63)) -> 46241 | X63: =WORKDAY.INTL(W63,INDEX(X$12:X$15,MATCH($L63,$L$12:$L$15,0)),1,IF(X$18="China",'China Holidays'!$A$2:$A$82,'Thai Holidays'!$A$2:$A$63)) -> 46245 | Y63: =WORKDAY.INTL(X63,INDEX(Y$12:Y$15,MATCH($L63,$L$12:$L$15,0)),1,IF(Y$18="China",'China Holidays'!$A$2:$A$82,'Thai Holidays'!$A$2:$A$63)) -> 46252 | Z63: =WORKDAY.INTL(Y63,INDEX(Z$12:Z$15,MATCH($L63,$L$12:$L$15,0)),1,IF(Z$18="China",'China Holidays'!$A$2:$A$82,'Thai Holidays'!$A$2:$A$63)) -> 46280 | AA63: =WORKDAY.INTL(Z63,INDEX(AA$12:AA$15,MATCH($L63,$L$12:$L$15,0)),1,IF(AA$18="China",'China Holidays'!$A$2:$A$82,'Thai Holidays'!$A$2:$A$63)) -> 46294 | AB63: =AA63+60 -> 46354 | AC63: =AB63+3 -> 46357 | AD63: =AC63+1 -> 46358 | AE63: =AF63-30 -> 46375 | AF63: =AG63-1 -> 46405 | AG63: =AL63 -> 46406 | AH63: =AL63+14 -> 46420 | AI63: =AL63+30 -> 46436 | AK63: 165 | AL63: =W63+AK63 -> 46406 | AS63: WPA-02
B64: =B62 -> RFQ-MEC-012 | C64: Storage Tote Tank | I64: Mechanical | J64: Y | K64: 3 | L64: LA | M64: Actual | N64: 46136 | O64: 46164 | P64: 46182 | Q64: 46182 | W64: =W62-W63 -> 3
A65: =A62+1 -> 13 | B65: RFQ-MEC-013 | C65: Storage Tank | D65: 24 | E65: 24 | F65: =E65-D65 -> 0 | I65: Mechanical | J65: Y | K65: =K68 -> 3 | L65: LA | M65: Plan | N65: =WORKDAY.INTL(O65,-INDEX(O$12:O$15,MATCH($L65,$L$12:$L$15,0)),1,IF(N$18="China",'China Holidays'!$A$2:$A$82,'Thai Holidays'!$A$2:$A$63)) -> 46163 | O65: 46164 | P65: 46171 | Q65: 46174 | R65: 46182 | S65: =R65+1 -> 46183 | T65: 46197 | U65: 46225 | V65: 46230 | W65: 46244 | X65: 46246 | Y65: 46253 | Z65: 46281 | AA65: 46295 | AB65: 46355 | AC65: 46358 | AD65: 46359 | AE65: 46381 | AF65: 46411 | AG65: 46412 | AH65: 46426 | AI65: 46442 | AJ65: 24 | AL65: =TEXT(AL67,"dd-mmm-yy") -> 22-Jan-27 | AS65: WPA-01 | AT65: 46465
B66: =B65 -> RFQ-MEC-013 | C66: Storage Tank | I66: Mechanical | M66: New Plan | O66: 46164 | P66: 46171 | Q66: 46174 | R66: 46182 | S66: 46183 | T66: 46197 | U66: 46225 | V66: 46230 | W66: 46244 | X66: 46246 | Y66: 46253 | Z66: 46281 | AA66: 46295 | AB66: 46355 | AC66: 46358 | AD66: 46359 | AE66: 46381 | AF66: 46411 | AG66: 46412 | AH66: 46426 | AI66: 46442 | AL66: =W66+AK67 -> 46412 | AQ66: =AM67-AL66 -> 50
B67: =B65 -> RFQ-MEC-013 | C67: Storage Tank | G67: 53 | H67: 4-2.17 | I67: Mechanical | J67: Y | K67: =K68 -> 3 | L67: LA | M67: Forecast | O67: 46164 | P67: =WORKDAY.INTL(O67,INDEX(P$8:P$11,MATCH($L67,$L$8:$L$11,0)),1,IF(P$18="China",'China Holidays'!$A$2:$A$82,'Thai Holidays'!$A$2:$A$63)) -> 46182 | Q67: =WORKDAY.INTL(P67,INDEX(Q$8:Q$11,MATCH($L67,$L$8:$L$11,0)),1,IF(Q$18="China",'China Holidays'!$A$2:$A$82,'Thai Holidays'!$A$2:$A$63)) -> 46182 | R67: =WORKDAY.INTL(Q67,INDEX(R$8:R$11,MATCH($L67,$L$8:$L$11,0)),1,IF(R$18="China",'China Holidays'!$A$2:$A$82,'Thai Holidays'!$A$2:$A$63)) -> 46182 | S67: =WORKDAY.INTL(R67,INDEX(S$8:S$11,MATCH($L67,$L$8:$L$11,0)),1,IF(S$18="China",'China Holidays'!$A$2:$A$82,'Thai Holidays'!$A$2:$A$63)) -> 46182 | T67: =WORKDAY.INTL(S67,INDEX(T$8:T$11,MATCH($L67,$L$8:$L$11,0)),1,IF(T$18="China",'China Holidays'!$A$2:$A$82,'Thai Holidays'!$A$2:$A$63)) -> 46197 | U67: 46216 | V67: =WORKDAY.INTL(U67,INDEX(V$8:V$11,MATCH($L67,$L$8:$L$11,0)),1,IF(V$18="China",'China Holidays'!$A$2:$A$82,'Thai Holidays'!$A$2:$A$63)) -> 46230 | W67: =WORKDAY.INTL(V67,INDEX(W$8:W$11,MATCH($L67,$L$8:$L$11,0)),1,IF(W$18="China",'China Holidays'!$A$2:$A$82,'Thai Holidays'!$A$2:$A$63)) -> 46241 | X67: =WORKDAY.INTL(W67,INDEX(X$12:X$15,MATCH($L67,$L$12:$L$15,0)),1,IF(X$18="China",'China Holidays'!$A$2:$A$82,'Thai Holidays'!$A$2:$A$63)) -> 46245 | Y67: =WORKDAY.INTL(X67,INDEX(Y$12:Y$15,MATCH($L67,$L$12:$L$15,0)),1,IF(Y$18="China",'China Holidays'!$A$2:$A$82,'Thai Holidays'!$A$2:$A$63)) -> 46252 | Z67: =WORKDAY.INTL(Y67,INDEX(Z$12:Z$15,MATCH($L67,$L$12:$L$15,0)),1,IF(Z$18="China",'China Holidays'!$A$2:$A$82,'Thai Holidays'!$A$2:$A$63)) -> 46280 | AA67: =WORKDAY.INTL(Z67,INDEX(AA$12:AA$15,MATCH($L67,$L$12:$L$15,0)),1,IF(AA$18="China",'China Holidays'!$A$2:$A$82,'Thai Holidays'!$A$2:$A$63)) -> 46294 | AB67: =AA67+60 -> 46354 | AC67: =AB67+3 -> 46357 | AD67: =AC67+1 -> 46358 | AE67: =AF67-30 -> 46378 | AF67: =AG67-1 -> 46408 | AG67: =AL67 -> 46409 | AH67: =AL67+14 -> 46423 | AI67: =AL67+30 -> 46439 | AK67: =AJ65*7 -> 168 | AL67: =W67+AK67 -> 46409 | AM67: =AT65-3 -> 46462 | AN67: =AO67-7 -> 46456 | AO67: 46463 | AQ67: =AM67-AL67 -> 53 | AS67: WPA-02 | AT67: 46489
B68: =B65 -> RFQ-MEC-013 | C68: Storage Tank | I68: Mechanical | J68: Y | K68: 3 | L68: LA | M68: Actual | N68: 46136 | O68: 46164 | P68: 46183 | Q68: 46183 | R68: 46183 | S68: 46183 | T68: 46183 | W68: =W65-W67 -> 3 | AP68: Mezz & Lower
A69: =A65+1 -> 14 | B69: RFQ-MEC-014 | C69: Closed Drain Sump Pump | D69: 30 | E69: 32 | F69: =E69-D69 -> 2 | I69: Mechanical | J69: Y | K69: =K72 -> 3 | L69: LA | M69: Plan | N69: =WORKDAY.INTL(O69,-INDEX(O$12:O$15,MATCH($L69,$L$12:$L$15,0)),1,IF(N$18="China",'China Holidays'!$A$2:$A$82,'Thai Holidays'!$A$2:$A$63)) -> 46154 | O69: 46155 | P69: 46162 | Q69: 46163 | R69: 46170 | S69: =R69+1 -> 46171 | T69: 46184 | U69: 46212 | V69: 46217 | W69: 46231 | X69: 46233 | Y69: 46240 | Z69: 46268 | AA69: 46282 | AB69: 46394 | AC69: 46397 | AD69: 46398 | AE69: 46411 | AF69: 46441 | AG69: 46455 | AH69: 46469 | AI69: 46485 | AJ69: 32 | AL69: =TEXT(AL71,"d-mmm-yy") -> 9-Mar-27 | AS69: WPA-01 | AT69: 46468
B70: =B69 -> RFQ-MEC-014 | C70: Closed Drain Sump Pump | I70: Mechanical | M70: New Plan | O70: 46155 | P70: 46162 | Q70: 46163 | R70: 46170 | S70: 46171 | T70: 46184 | U70: 46212 | V70: 46217 | W70: 46231 | X70: 46233 | Y70: 46240 | Z70: 46268 | AA70: 46282 | AB70: 46394 | AC70: 46397 | AD70: 46398 | AE70: 46411 | AF70: 46441 | AG70: 46455 | AH70: 46469 | AI70: 46485 | AL70: =W70+AK71 -> 46455 | AQ70: =AM71-AL70 -> 10
B71: =B69 -> RFQ-MEC-014 | C71: Closed Drain Sump Pump | G71: 10 | H71: 4-2.21 | I71: Mechanical | J71: Y | K71: =K72 -> 3 | L71: LA | M71: Forecast | O71: 46157 | P71: =WORKDAY.INTL(O71,INDEX(P$8:P$11,MATCH($L71,$L$8:$L$11,0)),1,IF(P$18="China",'China Holidays'!$A$2:$A$82,'Thai Holidays'!$A$2:$A$63)) -> 46171 | Q71: =WORKDAY.INTL(P71,INDEX(Q$8:Q$11,MATCH($L71,$L$8:$L$11,0)),1,IF(Q$18="China",'China Holidays'!$A$2:$A$82,'Thai Holidays'!$A$2:$A$63)) -> 46171 | R71: =WORKDAY.INTL(Q71,INDEX(R$8:R$11,MATCH($L71,$L$8:$L$11,0)),1,IF(R$18="China",'China Holidays'!$A$2:$A$82,'Thai Holidays'!$A$2:$A$63)) -> 46171 | S71: =WORKDAY.INTL(R71,INDEX(S$8:S$11,MATCH($L71,$L$8:$L$11,0)),1,IF(S$18="China",'China Holidays'!$A$2:$A$82,'Thai Holidays'!$A$2:$A$63)) -> 46171 | T71: =WORKDAY.INTL(S71,INDEX(T$8:T$11,MATCH($L71,$L$8:$L$11,0)),1,IF(T$18="China",'China Holidays'!$A$2:$A$82,'Thai Holidays'!$A$2:$A$63)) -> 46185 | U71: 46204 | V71: =WORKDAY.INTL(U71,INDEX(V$8:V$11,MATCH($L71,$L$8:$L$11,0)),1,IF(V$18="China",'China Holidays'!$A$2:$A$82,'Thai Holidays'!$A$2:$A$63)) -> 46218 | W71: =WORKDAY.INTL(V71,INDEX(W$8:W$11,MATCH($L71,$L$8:$L$11,0)),1,IF(W$18="China",'China Holidays'!$A$2:$A$82,'Thai Holidays'!$A$2:$A$63)) -> 46231 | X71: =WORKDAY.INTL(W71,INDEX(X$12:X$15,MATCH($L71,$L$12:$L$15,0)),1,IF(X$18="China",'China Holidays'!$A$2:$A$82,'Thai Holidays'!$A$2:$A$63)) -> 46233 | Y71: =WORKDAY.INTL(X71,INDEX(Y$12:Y$15,MATCH($L71,$L$12:$L$15,0)),1,IF(Y$18="China",'China Holidays'!$A$2:$A$82,'Thai Holidays'!$A$2:$A$63)) -> 46240 | Z71: =WORKDAY.INTL(Y71,INDEX(Z$12:Z$15,MATCH($L71,$L$12:$L$15,0)),1,IF(Z$18="China",'China Holidays'!$A$2:$A$82,'Thai Holidays'!$A$2:$A$63)) -> 46268 | AA71: =WORKDAY.INTL(Z71,INDEX(AA$12:AA$15,MATCH($L71,$L$12:$L$15,0)),1,IF(AA$18="China",'China Holidays'!$A$2:$A$82,'Thai Holidays'!$A$2:$A$63)) -> 46282 | AB71: =AA71+16*7 -> 46394 | AC71: =AB71+3 -> 46397 | AD71: =AC71+1 -> 46398 | AE71: =AF71-30 -> 46411 | AF71: =AG71-14 -> 46441 | AG71: =AL71 -> 46455 | AH71: =AL71+14 -> 46469 | AI71: =AL71+30 -> 46485 | AK71: =AJ69*7 -> 224 | AL71: =W71+AK71 -> 46455 | AM71: =AT69-3 -> 46465 | AN71: =AO71-7 -> 46461 | AO71: 46468 | AQ71: =AM71-AL71 -> 10 | AS71: WPA-02 | AT71: 46468
B72: =B69 -> RFQ-MEC-014 | C72: Closed Drain Sump Pump | I72: Mechanical | J72: Y | K72: 3 | L72: LA | M72: Actual | N72: 46133 | O72: 46157 | P72: 46182 | Q72: 46182 | R72: 46182 | S72: 46182 | T72: 46178 | U72: 46206 | W72: =W69-W71 -> 0 | AP72: Sump Deck
A73: =A69+1 -> 15 | B73: RFQ-MEC-015 | C73: Diesel Transfer Pump | D73: 30 | E73: 32 | F73: =E73-D73 -> 2 | I73: Mechanical | J73: Y | K73: =K76 -> 3 | L73: LA | M73: Plan | N73: =WORKDAY.INTL(O73,-INDEX(O$12:O$15,MATCH($L73,$L$12:$L$15,0)),1,IF(N$18="China",'China Holidays'!$A$2:$A$82,'Thai Holidays'!$A$2:$A$63)) -> 46176 | O73: 46177 | P73: 46184 | Q73: 46185 | R73: 46192 | S73: =R73+1 -> 46193 | T73: 46206 | U73: 46238 | V73: 46241 | W73: 46255 | X73: 46259 | Y73: 46266 | Z73: 46295 | AA73: 46310 | AB73: 46421 | AC73: 46424 | AD73: 46425 | AE73: 46435 | AF73: 46465 | AG73: 46479 | AH73: 46493 | AI73: 46509 | AJ73: 32 | AL73: =TEXT(AL75,"d-mmm-yy") -> 2-Apr-27 | AS73: WPA-01 | AT73: 46483
B74: =B73 -> RFQ-MEC-015 | C74: Diesel Transfer Pump | I74: Mechanical | M74: New Plan | O74: 46177 | P74: 46184 | Q74: 46185 | R74: 46192 | S74: 46193 | T74: 46206 | U74: 46238 | V74: 46241 | W74: 46255 | X74: 46259 | Y74: 46266 | Z74: 46295 | AA74: 46310 | AB74: 46421 | AC74: 46424 | AD74: 46425 | AE74: 46435 | AF74: 46465 | AG74: 46479 | AH74: 46493 | AI74: 46509 | AL74: =W74+AK75 -> 46479 | AQ74: =AM75-AL74 -> 1
B75: =B73 -> RFQ-MEC-015 | C75: Diesel Transfer Pump | G75: 1 | H75: 4-2.23 | I75: Mechanical | J75: Y | K75: =K76 -> 3 | L75: LA | M75: Forecast | N75: =WORKDAY.INTL(O75,-INDEX(O$12:O$15,MATCH($L75,$L$12:$L$15,0)),1,IF(N$18="China",'China Holidays'!$A$2:$A$82,'Thai Holidays'!$A$2:$A$63)) -> 46169 | O75: 46170 | P75: =WORKDAY.INTL(O75,INDEX(P$8:P$11,MATCH($L75,$L$8:$L$11,0)),1,IF(P$18="China",'China Holidays'!$A$2:$A$82,'Thai Holidays'!$A$2:$A$63)) -> 46188 | Q75: =WORKDAY.INTL(P75,INDEX(Q$8:Q$11,MATCH($L75,$L$8:$L$11,0)),1,IF(Q$18="China",'China Holidays'!$A$2:$A$82,'Thai Holidays'!$A$2:$A$63)) -> 46188 | R75: =WORKDAY.INTL(Q75,INDEX(R$8:R$11,MATCH($L75,$L$8:$L$11,0)),1,IF(R$18="China",'China Holidays'!$A$2:$A$82,'Thai Holidays'!$A$2:$A$63)) -> 46188 | S75: =WORKDAY.INTL(R75,INDEX(S$8:S$11,MATCH($L75,$L$8:$L$11,0)),1,IF(S$18="China",'China Holidays'!$A$2:$A$82,'Thai Holidays'!$A$2:$A$63)) -> 46188 | T75: =WORKDAY.INTL(S75,INDEX(T$8:T$11,MATCH($L75,$L$8:$L$11,0)),1,IF(T$18="China",'China Holidays'!$A$2:$A$82,'Thai Holidays'!$A$2:$A$63)) -> 46203 | U75: =WORKDAY.INTL(T75,INDEX(U$8:U$11,MATCH($L75,$L$8:$L$11,0)),1,IF(U$18="China",'China Holidays'!$A$2:$A$82,'Thai Holidays'!$A$2:$A$63)) -> 46226 | V75: =WORKDAY.INTL(U75,INDEX(V$8:V$11,MATCH($L75,$L$8:$L$11,0)),1,IF(V$18="China",'China Holidays'!$A$2:$A$82,'Thai Holidays'!$A$2:$A$63)) -> 46244 | W75: =WORKDAY.INTL(V75,INDEX(W$8:W$11,MATCH($L75,$L$8:$L$11,0)),1,IF(W$18="China",'China Holidays'!$A$2:$A$82,'Thai Holidays'!$A$2:$A$63)) -> 46255 | X75: =WORKDAY.INTL(W75,INDEX(X$12:X$15,MATCH($L75,$L$12:$L$15,0)),1,IF(X$18="China",'China Holidays'!$A$2:$A$82,'Thai Holidays'!$A$2:$A$63)) -> 46259 | Y75: =WORKDAY.INTL(X75,INDEX(Y$12:Y$15,MATCH($L75,$L$12:$L$15,0)),1,IF(Y$18="China",'China Holidays'!$A$2:$A$82,'Thai Holidays'!$A$2:$A$63)) -> 46266 | Z75: =WORKDAY.INTL(Y75,INDEX(Z$12:Z$15,MATCH($L75,$L$12:$L$15,0)),1,IF(Z$18="China",'China Holidays'!$A$2:$A$82,'Thai Holidays'!$A$2:$A$63)) -> 46295 | AA75: =WORKDAY.INTL(Z75,INDEX(AA$12:AA$15,MATCH($L75,$L$12:$L$15,0)),1,IF(AA$18="China",'China Holidays'!$A$2:$A$82,'Thai Holidays'!$A$2:$A$63)) -> 46310 | AB75: =AA75+16*7 -> 46422 | AC75: =AB75+3 -> 46425 | AD75: =AC75+1 -> 46426 | AE75: =AF75-30 -> 46435 | AF75: =AG75-14 -> 46465 | AG75: =AL75 -> 46479 | AH75: =AL75+14 -> 46493 | AI75: =AL75+30 -> 46509 | AK75: =AJ73*7 -> 224 | AL75: =W75+AK75 -> 46479 | AM75: =AT73-3 -> 46480 | AN75: =AO75-7 -> 46476 | AO75: 46483 | AQ75: =AM75-AL75 -> 1 | AS75: WPA-02 | AT75: 46486
B76: =B73 -> RFQ-MEC-015 | C76: Diesel Transfer Pump | I76: Mechanical | J76: Y | K76: 3 | L76: LA | M76: Actual | O76: 46170 | P76: 46188 | Q76: 46188 | R76: 46188 | S76: 46188 | T76: 46191 | W76: =W73-W75 -> 0 | AP76: Lower Deck
A77: =A73+1 -> 16 | B77: RFQ-MEC-016 | C77: Open Drain Caisson Pump | D77: 30 | E77: 32 | F77: =E77-D77 -> 2 | I77: Mechanical | J77: Y | K77: =K80 -> 2 | L77: LA | M77: Plan | N77: =WORKDAY.INTL(O77,-INDEX(O$12:O$15,MATCH($L77,$L$12:$L$15,0)),1,IF(N$18="China",'China Holidays'!$A$2:$A$82,'Thai Holidays'!$A$2:$A$63)) -> 46149 | O77: 46150 | P77: 46157 | Q77: 46160 | R77: 46167 | S77: =R77+1 -> 46168 | T77: 46181 | U77: 46209 | V77: 46212 | W77: 46226 | X77: 46230 | Y77: 46237 | Z77: 46265 | AA77: 46279 | AB77: 46391 | AC77: 46394 | AD77: 46395 | AE77: 46390 | AF77: 46420 | AG77: 46450 | AH77: 46464 | AI77: 46480 | AJ77: 32 | AL77: =TEXT(AL79,"d-mmm-yy") -> 4-Mar-27 | AS77: WPA-01 | AT77: NA
B78: =B77 -> RFQ-MEC-016 | C78: Open Drain Caisson Pump | I78: Mechanical | M78: New Plan | O78: 46150 | P78: 46157 | Q78: 46160 | R78: 46167 | S78: 46168 | T78: 46181 | U78: 46209 | V78: 46212 | W78: 46226 | X78: 46230 | Y78: 46237 | Z78: 46265 | AA78: 46279 | AB78: 46391 | AC78: 46394 | AD78: 46395 | AE78: 46390 | AF78: 46420 | AG78: 46450 | AH78: 46464 | AI78: 46480 | AJ78: 34 | AL78: =W78+AK79 -> 46450 | AQ78: =AM79-AL78 -> 121
B79: =B77 -> RFQ-MEC-016 | C79: Open Drain Caisson Pump | G79: 121 | H79: 4-2.24 | I79: Mechanical | J79: Y | K79: =K80 -> 2 | L79: LA | M79: Forecast | O79: 46152 | P79: =WORKDAY.INTL(O79,INDEX(P$8:P$11,MATCH($L79,$L$8:$L$11,0)),1,IF(P$18="China",'China Holidays'!$A$2:$A$82,'Thai Holidays'!$A$2:$A$63)) -> 46164 | Q79: =WORKDAY.INTL(P79,INDEX(Q$8:Q$11,MATCH($L79,$L$8:$L$11,0)),1,IF(Q$18="China",'China Holidays'!$A$2:$A$82,'Thai Holidays'!$A$2:$A$63)) -> 46164 | R79: =WORKDAY.INTL(Q79,INDEX(R$8:R$11,MATCH($L79,$L$8:$L$11,0)),1,IF(R$18="China",'China Holidays'!$A$2:$A$82,'Thai Holidays'!$A$2:$A$63)) -> 46164 | S79: =WORKDAY.INTL(R79,INDEX(S$8:S$11,MATCH($L79,$L$8:$L$11,0)),1,IF(S$18="China",'China Holidays'!$A$2:$A$82,'Thai Holidays'!$A$2:$A$63)) -> 46164 | T79: =WORKDAY.INTL(S79,INDEX(T$8:T$11,MATCH($L79,$L$8:$L$11,0)),1,IF(T$18="China",'China Holidays'!$A$2:$A$82,'Thai Holidays'!$A$2:$A$63)) -> 46178 | U79: 46199 | V79: =WORKDAY.INTL(U79,INDEX(V$8:V$11,MATCH($L79,$L$8:$L$11,0)),1,IF(V$18="China",'China Holidays'!$A$2:$A$82,'Thai Holidays'!$A$2:$A$63)) -> 46213 | W79: =WORKDAY.INTL(V79,INDEX(W$8:W$11,MATCH($L79,$L$8:$L$11,0)),1,IF(W$18="China",'China Holidays'!$A$2:$A$82,'Thai Holidays'!$A$2:$A$63)) -> 46226 | X79: =WORKDAY.INTL(W79,INDEX(X$12:X$15,MATCH($L79,$L$12:$L$15,0)),1,IF(X$18="China",'China Holidays'!$A$2:$A$82,'Thai Holidays'!$A$2:$A$63)) -> 46230 | Y79: =WORKDAY.INTL(X79,INDEX(Y$12:Y$15,MATCH($L79,$L$12:$L$15,0)),1,IF(Y$18="China",'China Holidays'!$A$2:$A$82,'Thai Holidays'!$A$2:$A$63)) -> 46237 | Z79: =WORKDAY.INTL(Y79,INDEX(Z$12:Z$15,MATCH($L79,$L$12:$L$15,0)),1,IF(Z$18="China",'China Holidays'!$A$2:$A$82,'Thai Holidays'!$A$2:$A$63)) -> 46265 | AA79: =WORKDAY.INTL(Z79,INDEX(AA$12:AA$15,MATCH($L79,$L$12:$L$15,0)),1,IF(AA$18="China",'China Holidays'!$A$2:$A$82,'Thai Holidays'!$A$2:$A$63)) -> 46279 | AB79: =AA79+16*7 -> 46391 | AC79: =AB79+3 -> 46394 | AD79: =AC79+1 -> 46395 | AE79: =AF79-30 -> 46390 | AF79: =AG79-30 -> 46420 | AG79: =AL79 -> 46450 | AH79: =AL79+14 -> 46464 | AI79: =AL79+30 -> 46480 | AK79: =AJ77*7 -> 224 | AL79: =W79+AK79 -> 46450 | AM79: =AT79-3 -> 46571 | AN79: =AO79-7 -> 46479 | AO79: 46486 | AQ79: =AM79-AL79 -> 121 | AS79: WPA-02 | AT79: 46574
B80: =B77 -> RFQ-MEC-016 | C80: Open Drain Caisson Pump | I80: Mechanical | J80: Y | K80: 2 | L80: LA | M80: Actual | N80: 46133 | O80: 46152 | P80: 46167 | Q80: 46167 | R80: 46167 | S80: 46167 | T80: 46184 | W80: =W77-W79 -> 0 | AP80: check Location
A81: =A77+1 -> 17 | B81: RFQ-ELE-017 | C81: AC/DC Distribution Board | D81: 32 | E81: 37 | F81: =E81-D81 -> 5 | I81: Electrical | J81: Y | K81: =K84 -> 3 | L81: LB | M81: Plan | N81: =WORKDAY.INTL(O81,-INDEX(O$12:O$15,MATCH($L81,$L$12:$L$15,0)),1,IF(N$18="China",'China Holidays'!$A$2:$A$82,'Thai Holidays'!$A$2:$A$63)) -> 46135 | O81: 46136 | P81: 46147 | Q81: 46148 | R81: 46155 | S81: =R81+1 -> 46156 | T81: 46169 | U81: 46199 | V81: 46204 | W81: 46218 | X81: 46220 | Y81: 46227 | Z81: 46255 | AA81: 46269 | AB81: 46289 | AC81: 46292 | AD81: 46293 | AE81: 46471 | AF81: 46491 | AG81: 46498 | AH81: 46512 | AI81: 46528 | AJ81: 36 | AL81: =TEXT(AL83,"d-mmm-yy") -> 1-Apr-27 | AS81: WPA-01 | AT81: 46505
B82: =B81 -> RFQ-ELE-017 | C82: AC/DC Distribution Board | I82: Electrical | M82: New Plan | O82: 46139 | P82: 46155 | Q82: 46155 | R82: 46155 | S82: 46155 | T82: 46164 | U82: 46199 | V82: 46213 | W82: 46226 | X82: 46230 | Y82: 46237 | Z82: 46265 | AA82: 46279 | AB82: 46299 | AC82: 46302 | AD82: 46303 | AE82: 46458 | AF82: 46478 | AG82: 46485 | AH82: 46499 | AI82: 46515 | AL82: =W82+AK83 -> 46478 | AQ82: =AM83-AL82 -> 20
B83: =B81 -> RFQ-ELE-017 | C83: AC/DC Distribution Board | G83: 0 | H83: 4-3.1 | I83: Electrical | J83: Y | K83: =K84 -> 3 | L83: LB | M83: Forecast | O83: 46139 | P83: =WORKDAY.INTL(O83,INDEX(P$8:P$11,MATCH($L83,$L$8:$L$11,0)),1,IF(P$18="China",'China Holidays'!$A$2:$A$82,'Thai Holidays'!$A$2:$A$63)) -> 46155 | Q83: =WORKDAY.INTL(P83,INDEX(Q$8:Q$11,MATCH($L83,$L$8:$L$11,0)),1,IF(Q$18="China",'China Holidays'!$A$2:$A$82,'Thai Holidays'!$A$2:$A$63)) -> 46155 | R83: =WORKDAY.INTL(Q83,INDEX(R$8:R$11,MATCH($L83,$L$8:$L$11,0)),1,IF(R$18="China",'China Holidays'!$A$2:$A$82,'Thai Holidays'!$A$2:$A$63)) -> 46155 | S83: =WORKDAY.INTL(R83,INDEX(S$8:S$11,MATCH($L83,$L$8:$L$11,0)),1,IF(S$18="China",'China Holidays'!$A$2:$A$82,'Thai Holidays'!$A$2:$A$63)) -> 46155 | T83: 46164 | U83: 46199 | V83: =WORKDAY.INTL(U83,INDEX(V$8:V$11,MATCH($L83,$L$8:$L$11,0)),1,IF(V$18="China",'China Holidays'!$A$2:$A$82,'Thai Holidays'!$A$2:$A$63)) -> 46213 | W83: =WORKDAY.INTL(V83,INDEX(W$8:W$11,MATCH($L83,$L$8:$L$11,0)),1,IF(W$18="China",'China Holidays'!$A$2:$A$82,'Thai Holidays'!$A$2:$A$63)) -> 46226 | X83: =WORKDAY.INTL(W83,INDEX(X$12:X$15,MATCH($L83,$L$12:$L$15,0)),1,IF(X$18="China",'China Holidays'!$A$2:$A$82,'Thai Holidays'!$A$2:$A$63)) -> 46230 | Y83: =WORKDAY.INTL(X83,INDEX(Y$12:Y$15,MATCH($L83,$L$12:$L$15,0)),1,IF(Y$18="China",'China Holidays'!$A$2:$A$82,'Thai Holidays'!$A$2:$A$63)) -> 46237 | Z83: =WORKDAY.INTL(Y83,INDEX(Z$12:Z$15,MATCH($L83,$L$12:$L$15,0)),1,IF(Z$18="China",'China Holidays'!$A$2:$A$82,'Thai Holidays'!$A$2:$A$63)) -> 46265 | AA83: =WORKDAY.INTL(Z83,INDEX(AA$12:AA$15,MATCH($L83,$L$12:$L$15,0)),1,IF(AA$18="China",'China Holidays'!$A$2:$A$82,'Thai Holidays'!$A$2:$A$63)) -> 46279 | AB83: =AA83+20 -> 46299 | AC83: =AB83+3 -> 46302 | AD83: =AC83+1 -> 46303 | AE83: =AF83-20 -> 46451 | AF83: =AG83-7 -> 46471 | AG83: =AL83 -> 46478 | AH83: =AL83+14 -> 46492 | AI83: =AL83+30 -> 46508 | AK83: =AJ81*7 -> 252 | AL83: =W83+AK83 -> 46478 | AM83: =AT81-7 -> 46498 | AN83: =AO83-7 -> 46498 | AO83: 46505 | AQ83: =AM83-AL83 -> 20 | AS83: WPA-02 | AT83: 46518
B84: =B81 -> RFQ-ELE-017 | C84: AC/DC Distribution Board | I84: Electrical | J84: Y | K84: 3 | L84: LB | M84: Actual | N84: 46133 | O84: 46139 | P84: 46156 | Q84: 46156 | R84: 46156 | S84: 46156 | T84: 46164 | U84: 46206 | W84: =W81-W83 -> -8 | AT84: It is included in RFQ for Solar Power System
A85: =A81+1 -> 18 | B85: RFQ-ELE-018 | C85: Solar Power System | D85: 32 | E85: 40 | F85: =E85-D85 -> 8 | I85: Electrical | J85: Y | K85: =K88 -> 2 | L85: LA | M85: Plan | N85: =WORKDAY.INTL(O85,-INDEX(O$12:O$15,MATCH($L85,$L$12:$L$15,0)),1,IF(N$18="China",'China Holidays'!$A$2:$A$82,'Thai Holidays'!$A$2:$A$63)) -> 46135 | O85: 46136 | P85: 46147 | Q85: 46148 | R85: 46155 | S85: =R85+1 -> 46156 | T85: 46169 | U85: 46199 | V85: 46204 | W85: 46218 | X85: 46220 | Y85: 46227 | Z85: 46255 | AA85: 46269 | AB85: 46289 | AC85: 46292 | AD85: 46293 | AE85: 46471 | AF85: 46491 | AG85: 46498 | AH85: 46512 | AI85: 46528 | AJ85: 37 | AL85: =TEXT(AL87,"d-mmm-yy") -> 8-Apr-27 | AS85: WPA-01 | AT85: 46505
B86: =B85 -> RFQ-ELE-018 | C86: Solar Power System | I86: Electrical | M86: New Plan | O86: 46139 | P86: 46155 | Q86: 46155 | R86: 46155 | S86: 46155 | T86: 46164 | U86: 46199 | V86: 46213 | W86: 46226 | X86: 46230 | Y86: 46237 | Z86: 46265 | AA86: 46279 | AB86: 46299 | AC86: 46302 | AD86: 46303 | AE86: 46458 | AF86: 46478 | AG86: 46485 | AH86: 46499 | AI86: 46515 | AL86: =W86+AK87 -> 46485 | AQ86: =AM87-AL86 -> 13
B87: =B85 -> RFQ-ELE-018 | C87: Solar Power System | G87: 0 | H87: 4-3.3 | I87: Electrical | J87: Y | K87: =K88 -> 2 | L87: LA | M87: Forecast | O87: 46139 | P87: =WORKDAY.INTL(O87,INDEX(P$8:P$11,MATCH($L87,$L$8:$L$11,0)),1,IF(P$18="China",'China Holidays'!$A$2:$A$82,'Thai Holidays'!$A$2:$A$63)) -> 46155 | Q87: =WORKDAY.INTL(P87,INDEX(Q$8:Q$11,MATCH($L87,$L$8:$L$11,0)),1,IF(Q$18="China",'China Holidays'!$A$2:$A$82,'Thai Holidays'!$A$2:$A$63)) -> 46155 | R87: =WORKDAY.INTL(Q87,INDEX(R$8:R$11,MATCH($L87,$L$8:$L$11,0)),1,IF(R$18="China",'China Holidays'!$A$2:$A$82,'Thai Holidays'!$A$2:$A$63)) -> 46155 | S87: =WORKDAY.INTL(R87,INDEX(S$8:S$11,MATCH($L87,$L$8:$L$11,0)),1,IF(S$18="China",'China Holidays'!$A$2:$A$82,'Thai Holidays'!$A$2:$A$63)) -> 46155 | T87: 46164 | U87: 46199 | V87: =WORKDAY.INTL(U87,INDEX(V$8:V$11,MATCH($L87,$L$8:$L$11,0)),1,IF(V$18="China",'China Holidays'!$A$2:$A$82,'Thai Holidays'!$A$2:$A$63)) -> 46213 | W87: =WORKDAY.INTL(V87,INDEX(W$8:W$11,MATCH($L87,$L$8:$L$11,0)),1,IF(W$18="China",'China Holidays'!$A$2:$A$82,'Thai Holidays'!$A$2:$A$63)) -> 46226 | X87: =WORKDAY.INTL(W87,INDEX(X$12:X$15,MATCH($L87,$L$12:$L$15,0)),1,IF(X$18="China",'China Holidays'!$A$2:$A$82,'Thai Holidays'!$A$2:$A$63)) -> 46230 | Y87: =WORKDAY.INTL(X87,INDEX(Y$12:Y$15,MATCH($L87,$L$12:$L$15,0)),1,IF(Y$18="China",'China Holidays'!$A$2:$A$82,'Thai Holidays'!$A$2:$A$63)) -> 46237 | Z87: =WORKDAY.INTL(Y87,INDEX(Z$12:Z$15,MATCH($L87,$L$12:$L$15,0)),1,IF(Z$18="China",'China Holidays'!$A$2:$A$82,'Thai Holidays'!$A$2:$A$63)) -> 46265 | AA87: =WORKDAY.INTL(Z87,INDEX(AA$12:AA$15,MATCH($L87,$L$12:$L$15,0)),1,IF(AA$18="China",'China Holidays'!$A$2:$A$82,'Thai Holidays'!$A$2:$A$63)) -> 46279 | AB87: =AA87+20 -> 46299 | AC87: =AB87+3 -> 46302 | AD87: =AC87+1 -> 46303 | AE87: =AF87-20 -> 46458 | AF87: =AG87-7 -> 46478 | AG87: =AL87 -> 46485 | AH87: =AL87+14 -> 46499 | AI87: =AL87+30 -> 46515 | AK87: =AJ85*7 -> 259 | AL87: =W87+AK87 -> 46485 | AM87: =AT85-7 -> 46498 | AN87: =AO87-7 -> 46498 | AO87: 46505 | AQ87: =AM87-AL87 -> 13 | AS87: WPA-02 | AT87: 46518
B88: =B85 -> RFQ-ELE-018 | C88: Solar Power System | I88: Electrical | J88: Y | K88: 2 | L88: LA | M88: Actual | N88: 46133 | O88: 46139 | P88: 46156 | Q88: 46156 | R88: 46156 | S88: 46156 | T88: 46164 | U88: 46206 | W88: =W85-W87 -> -8
A89: =A85+1 -> 19 | B89: RFQ-ELE-019 | C89: Navigation Aid System | D89: 36 | E89: 42 | F89: =E89-D89 -> 6 | I89: Electrical | J89: Y | K89: =K92 -> 4 | L89: LB | M89: Plan | N89: =WORKDAY.INTL(O89,-INDEX(O$12:O$15,MATCH($L89,$L$12:$L$15,0)),1,IF(N$18="China",'China Holidays'!$A$2:$A$82,'Thai Holidays'!$A$2:$A$63)) -> 46147 | O89: 46148 | P89: 46155 | Q89: 46156 | R89: 46163 | S89: =R89+1 -> 46164 | T89: 46177 | U89: 46205 | V89: 46210 | W89: 46224 | X89: 46226 | Y89: 46233 | Z89: 46261 | AA89: 46275 | AB89: 46295 | AC89: 46295 | AD89: 46298 | AE89: 46491 | AF89: 46511 | AG89: 46518 | AH89: 46532 | AI89: 46548 | AJ89: 36 | AL89: =TEXT(AL91,"d-mmm-yy") -> 22-Apr-27 | AS89: WPA-01 | AT89: 46537
B90: =B89 -> RFQ-ELE-019 | C90: Navigation Aid System | I90: Electrical | M90: New Plan | O90: 46150 | P90: 46164 | Q90: 46164 | R90: 46164 | S90: 46164 | T90: 46171 | U90: 46218 | V90: 46234 | W90: 46247 | X90: 46251 | Y90: 46258 | Z90: 46286 | AA90: 46300 | AB90: 46320 | AC90: 46320 | AD90: 46323 | AE90: 46472 | AF90: 46492 | AG90: 46499 | AH90: 46513 | AI90: 46529 | AL90: =W90+AK91 -> 46499 | AQ90: =AM91-AL90 -> 31
B91: =B89 -> RFQ-ELE-019 | C91: Navigation Aid System | G91: 12 | H91: 4-3.2 | I91: Electrical | J91: Y | K91: =K92 -> 4 | L91: LB | M91: Forecast | O91: 46150 | P91: =WORKDAY.INTL(O91,INDEX(P$8:P$11,MATCH($L91,$L$8:$L$11,0)),1,IF(P$18="China",'China Holidays'!$A$2:$A$82,'Thai Holidays'!$A$2:$A$63)) -> 46164 | Q91: =WORKDAY.INTL(P91,INDEX(Q$8:Q$11,MATCH($L91,$L$8:$L$11,0)),1,IF(Q$18="China",'China Holidays'!$A$2:$A$82,'Thai Holidays'!$A$2:$A$63)) -> 46164 | R91: =WORKDAY.INTL(Q91,INDEX(R$8:R$11,MATCH($L91,$L$8:$L$11,0)),1,IF(R$18="China",'China Holidays'!$A$2:$A$82,'Thai Holidays'!$A$2:$A$63)) -> 46164 | S91: =WORKDAY.INTL(R91,INDEX(S$8:S$11,MATCH($L91,$L$8:$L$11,0)),1,IF(S$18="China",'China Holidays'!$A$2:$A$82,'Thai Holidays'!$A$2:$A$63)) -> 46164 | T91: 46171 | U91: 46218 | V91: =WORKDAY.INTL(U91,INDEX(V$8:V$11,MATCH($L91,$L$8:$L$11,0)),1,IF(V$18="China",'China Holidays'!$A$2:$A$82,'Thai Holidays'!$A$2:$A$63)) -> 46234 | W91: =WORKDAY.INTL(V91,INDEX(W$8:W$11,MATCH($L91,$L$8:$L$11,0)),1,IF(W$18="China",'China Holidays'!$A$2:$A$82,'Thai Holidays'!$A$2:$A$63)) -> 46247 | X91: =WORKDAY.INTL(W91,INDEX(X$12:X$15,MATCH($L91,$L$12:$L$15,0)),1,IF(X$18="China",'China Holidays'!$A$2:$A$82,'Thai Holidays'!$A$2:$A$63)) -> 46251 | Y91: =WORKDAY.INTL(X91,INDEX(Y$12:Y$15,MATCH($L91,$L$12:$L$15,0)),1,IF(Y$18="China",'China Holidays'!$A$2:$A$82,'Thai Holidays'!$A$2:$A$63)) -> 46258 | Z91: =WORKDAY.INTL(Y91,INDEX(Z$12:Z$15,MATCH($L91,$L$12:$L$15,0)),1,IF(Z$18="China",'China Holidays'!$A$2:$A$82,'Thai Holidays'!$A$2:$A$63)) -> 46286 | AA91: =WORKDAY.INTL(Z91,INDEX(AA$12:AA$15,MATCH($L91,$L$12:$L$15,0)),1,IF(AA$18="China",'China Holidays'!$A$2:$A$82,'Thai Holidays'!$A$2:$A$63)) -> 46300 | AB91: =AA91+20 -> 46320 | AC91: =AB91 -> 46320 | AD91: =AC91+3 -> 46323 | AE91: =AF91-20 -> 46472 | AF91: =AG91-7 -> 46492 | AG91: =AL91 -> 46499 | AH91: =AL91+14 -> 46513 | AI91: =AL91+30 -> 46529 | AK91: =AJ89*7 -> 252 | AL91: =W91+AK91 -> 46499 | AM91: =AT89-7 -> 46530 | AN91: =AO91-7 -> 46530 | AO91: 46537 | AQ91: =AM91-AL91 -> 31 | AS91: WPA-02 | AT91: 46537
B92: =B89 -> RFQ-ELE-019 | C92: Navigation Aid System | I92: Electrical | J92: Y | K92: 4 | L92: LB | M92: Actual | N92: 46133 | O92: 46150 | P92: 46170 | Q92: 46170 | R92: 46170 | S92: 46170 | T92: 46171 | W92: =W89-W91 -> -23
A93: =A89+1 -> 20 | B93: RFQ-ELE-020 | C93: External Battery Charger | D93: 32 | E93: 40 | F93: =E93-D93 -> 8 | I93: Electrical | J93: N | K93: =K96 -> 3 | L93: LC | M93: Plan | N93: =WORKDAY.INTL(O93,-INDEX(O$12:O$15,MATCH($L93,$L$12:$L$15,0)),1,IF(N$18="China",'China Holidays'!$A$2:$A$82,'Thai Holidays'!$A$2:$A$63)) -> 46133 | O93: 46136 | P93: 46147 | Q93: 46148 | R93: 46155 | S93: =R93+1 -> 46156 | T93: 46169 | U93: 46199 | V93: 46204 | W93: 46218 | X93: 46220 | Y93: 46227 | Z93: 46255 | AA93: 46269 | AB93: 46289 | AC93: 46292 | AD93: 46293 | AE93: 46471 | AF93: 46491 | AG93: 46498 | AH93: 46512 | AI93: 46528 | AJ93: 37 | AL93: =TEXT(AL95,"d-mmm-yy") -> 8-Apr-27 | AS93: WPA-01 | AT93: 46505
B94: =B93 -> RFQ-ELE-020 | C94: External Battery Charger | I94: Electrical | M94: New Plan | O94: 46136 | P94: 46147 | Q94: 46148 | R94: 46155 | S94: 46156 | T94: 46169 | U94: 46199 | V94: 46213 | W94: 46226 | X94: 46230 | Y94: 46237 | Z94: 46265 | AA94: 46279 | AB94: 46299 | AC94: 46458 | AD94: 46478 | AE94: 46485 | AF94: 46499 | AG94: 46515 | AH94: =AG94+14 -> 46529 | AI94: 46529 | AL94: =W94+AK95 -> 46485 | AQ94: =AM95-AL94 -> 13
B95: =B93 -> RFQ-ELE-020 | C95: External Battery Charger | G95: 6 | H95: 4-3.3 | I95: Electrical | J95: N | K95: =K96 -> 3 | L95: LC | M95: Forecast | O95: 46139 | P95: =WORKDAY.INTL(O95,INDEX(P$8:P$11,MATCH($L95,$L$8:$L$11,0)),1,IF(P$18="China",'China Holidays'!$A$2:$A$82,'Thai Holidays'!$A$2:$A$63)) -> 46155 | Q95: =WORKDAY.INTL(P95,INDEX(Q$8:Q$11,MATCH($L95,$L$8:$L$11,0)),1,IF(Q$18="China",'China Holidays'!$A$2:$A$82,'Thai Holidays'!$A$2:$A$63)) -> 46155 | R95: =WORKDAY.INTL(Q95,INDEX(R$8:R$11,MATCH($L95,$L$8:$L$11,0)),1,IF(R$18="China",'China Holidays'!$A$2:$A$82,'Thai Holidays'!$A$2:$A$63)) -> 46155 | S95: =WORKDAY.INTL(R95,INDEX(S$8:S$11,MATCH($L95,$L$8:$L$11,0)),1,IF(S$18="China",'China Holidays'!$A$2:$A$82,'Thai Holidays'!$A$2:$A$63)) -> 46155 | T95: 46164 | U95: 46199 | V95: 46213 | W95: 46226 | X95: 46230 | Y95: 46237 | Z95: 46265 | AA95: 46279 | AB95: 46299 | AC95: 46458 | AD95: 46478 | AE95: 46485 | AF95: 46499 | AG95: 46515 | AI95: 259 | AK95: =AJ93*7 -> 259 | AL95: =W95+AK95 -> 46485 | AM95: =AT93-7 -> 46498 | AN95: =AO95-7 -> 46498 | AO95: 46505 | AQ95: =AM95-AL95 -> 13 | AS95: WPA-02 | AT95: 46518
B96: =B93 -> RFQ-ELE-020 | C96: External Battery Charger | I96: Electrical | J96: N | K96: 3 | L96: LC | M96: Actual | N96: 46133 | O96: 46139 | P96: 46156 | Q96: 46156 | R96: 46156 | S96: 46156 | T96: 46164 | W96: =W93-W95 -> -8 | AT96: It is included in RFQ for Solar Power System
A97: =A93+1 -> 21 | B97: RFQ-INS-021 | C97: Control Valve | D97: 30 | E97: 33 | I97: Instrument | J97: N | K97: =K100 -> 2 | L97: LB | M97: Plan | N97: =WORKDAY.INTL(O97,-INDEX(O$12:O$15,MATCH($L97,$L$12:$L$15,0)),1,IF(N$18="China",'China Holidays'!$A$2:$A$82,'Thai Holidays'!$A$2:$A$63)) -> 46163 | O97: 46164 | P97: 46171 | Q97: 46174 | R97: 46182 | S97: =R97+1 -> 46183 | T97: 46197 | U97: 46225 | V97: 46230 | W97: 46244 | X97: 46246 | Y97: 46253 | Z97: 46281 | AA97: 46295 | AB97: 46355 | AC97: 46358 | AD97: 46359 | AE97: 46454 | AF97: 46468 | AG97: 46475 | AH97: 46489 | AI97: 46505 | AJ97: 30 | AL97: =TEXT(AL99,"d-mmm-yy") -> 8-Mar-27 | AS97: WPA-01 | AT97: 46485
B98: =B97 -> RFQ-INS-021 | C98: Control Valve | I98: Instrument | M98: New Plan | O98: 46164 | P98: 46171 | Q98: 46174 | R98: 46182 | S98: 46183 | T98: 46197 | U98: 46225 | V98: 46230 | W98: 46244 | X98: 46246 | Y98: 46253 | Z98: 46281 | AA98: 46295 | AB98: 46355 | AC98: 46358 | AD98: 46359 | AE98: 46454 | AF98: 46468 | AG98: 46475 | AH98: 46489 | AI98: 46505 | AL98: =W98+AK99 -> 46454 | AQ98: =AM99-AL98 -> 24
B99: =B97 -> RFQ-INS-021 | C99: Control Valve | G99: 6 | H99: 4-4.5 | I99: Instrument | J99: N | K99: =K100 -> 2 | L99: LB | M99: Forecast | O99: 46165 | P99: =WORKDAY.INTL(O99,INDEX(P$8:P$11,MATCH($L99,$L$8:$L$11,0)),1,IF(P$18="China",'China Holidays'!$A$2:$A$82,'Thai Holidays'!$A$2:$A$63)) -> 46182 | Q99: =WORKDAY.INTL(P99,INDEX(Q$8:Q$11,MATCH($L99,$L$8:$L$11,0)),1,IF(Q$18="China",'China Holidays'!$A$2:$A$82,'Thai Holidays'!$A$2:$A$63)) -> 46182 | R99: =WORKDAY.INTL(Q99,INDEX(R$8:R$11,MATCH($L99,$L$8:$L$11,0)),1,IF(R$18="China",'China Holidays'!$A$2:$A$82,'Thai Holidays'!$A$2:$A$63)) -> 46182 | S99: =WORKDAY.INTL(R99,INDEX(S$8:S$11,MATCH($L99,$L$8:$L$11,0)),1,IF(S$18="China",'China Holidays'!$A$2:$A$82,'Thai Holidays'!$A$2:$A$63)) -> 46182 | T99: =WORKDAY.INTL(S99,INDEX(T$8:T$11,MATCH($L99,$L$8:$L$11,0)),1,IF(T$18="China",'China Holidays'!$A$2:$A$82,'Thai Holidays'!$A$2:$A$63)) -> 46197 | U99: 46216 | V99: =WORKDAY.INTL(U99,INDEX(V$8:V$11,MATCH($L99,$L$8:$L$11,0)),1,IF(V$18="China",'China Holidays'!$A$2:$A$82,'Thai Holidays'!$A$2:$A$63)) -> 46230 | W99: =WORKDAY.INTL(V99,INDEX(W$8:W$11,MATCH($L99,$L$8:$L$11,0)),1,IF(W$18="China",'China Holidays'!$A$2:$A$82,'Thai Holidays'!$A$2:$A$63)) -> 46241 | X99: =WORKDAY.INTL(W99,INDEX(X$12:X$15,MATCH($L99,$L$12:$L$15,0)),1,IF(X$18="China",'China Holidays'!$A$2:$A$82,'Thai Holidays'!$A$2:$A$63)) -> 46245 | Y99: =WORKDAY.INTL(X99,INDEX(Y$12:Y$15,MATCH($L99,$L$12:$L$15,0)),1,IF(Y$18="China",'China Holidays'!$A$2:$A$82,'Thai Holidays'!$A$2:$A$63)) -> 46252 | Z99: =WORKDAY.INTL(Y99,INDEX(Z$12:Z$15,MATCH($L99,$L$12:$L$15,0)),1,IF(Z$18="China",'China Holidays'!$A$2:$A$82,'Thai Holidays'!$A$2:$A$63)) -> 46280 | AA99: =WORKDAY.INTL(Z99,INDEX(AA$12:AA$15,MATCH($L99,$L$12:$L$15,0)),1,IF(AA$18="China",'China Holidays'!$A$2:$A$82,'Thai Holidays'!$A$2:$A$63)) -> 46294 | AB99: =AA99+60 -> 46354 | AC99: =AB99+3 -> 46357 | AD99: =AC99+1 -> 46358 | AE99: =AF99-14 -> 46433 | AF99: =AG99-7 -> 46447 | AG99: =AL99 -> 46454 | AH99: =AL99+14 -> 46468 | AI99: =AL99+30 -> 46484 | AK99: =AJ97*7 -> 210 | AL99: =W97+AK99 -> 46454 | AM99: =AT97-7 -> 46478 | AN99: =AO99-7 -> 46498 | AO99: 46505 | AP99: installation during Reinstatement | AQ99: =AM99-AL99 -> 24 | AS99: WPA-02 | AT99: 46485
B100: =B97 -> RFQ-INS-021 | C100: Control Valve | I100: Instrument | J100: N | K100: 2 | L100: LB | M100: Actual | N100: 46133 | O100: 46165 | P100: 46182 | Q100: 46182 | R100: 46182 | S100: 46182 | T100: 46188 | W100: =W97-W99 -> 3
A101: =A97+1 -> 22 | B101: RFQ-INS-022 | C101: Self Regulator Valve | D101: 32 | E101: 32 | F101: =E101-D101 -> 0 | I101: Instrument | J101: N | K101: =K104 -> 4 | L101: LB | M101: Plan | N101: =WORKDAY.INTL(O101,-INDEX(O$12:O$15,MATCH($L101,$L$12:$L$15,0)),1,IF(N$18="China",'China Holidays'!$A$2:$A$82,'Thai Holidays'!$A$2:$A$63)) -> 46163 | O101: 46164 | P101: 46171 | Q101: 46174 | R101: 46182 | S101: =R101+1 -> 46183 | T101: 46197 | U101: 46225 | V101: 46230 | W101: 46244 | X101: 46246 | Y101: 46253 | Z101: 46281 | AA101: 46295 | AB101: 46355 | AC101: 46358 | AD101: 46359 | AE101: 46447 | AF101: 46461 | AG101: 46468 | AH101: 46482 | AI101: 46498 | AJ101: 32 | AL101: =TEXT(AL103,"d-mmm-yy") -> 22-Mar-27 | AS101: WPA-01 | AT101: 46485
B102: =B101 -> RFQ-INS-022 | C102: Self Regulator Valve | I102: Instrument | M102: New Plan | O102: 46164 | P102: 46171 | Q102: 46174 | R102: 46182 | S102: 46183 | T102: 46197 | U102: 46225 | V102: 46230 | W102: 46244 | X102: 46246 | Y102: 46253 | Z102: 46281 | AA102: 46295 | AB102: 46355 | AC102: 46358 | AD102: 46359 | AE102: 46447 | AF102: 46461 | AG102: 46468 | AH102: 46482 | AI102: 46498 | AL102: =W102+AK103 -> 46468 | AQ102: =AM103-AL102 -> 10
...

Sheet Sheet1
D3: 46054
D4: 46082 | E4: 1
D5: 46113 | E5: 2
D6: 46143 | E6: 3
D7: 46174 | E7: 4
D8: 46204 | E8: 5
D9: 46235 | E9: 6
D10: 46266 | E10: 7
D11: 46296 | E11: 8
D12: 46327 | E12: 9
D13: 46357 | E13: 10
D14: 46388 | E14: 11
D15: 46419 | E15: 12
... D22: 46631 | E22: 19

Sheet P6
A1: ActivityID | B1: Activity Name | C1: Planned Duration | D1: Start | E1: Finish | F1: Total Float | G1: Calendar
A2: DETAILENGINEERINGFORWELLHEADPLATFORMS(WPA01ANDWPA02)(ASKPROJECT) | C2: 211 | D2: 46085 | E2: 46405 | F2: 0 | G2: PTTME Office 5dx8h
A3: PROJECTMILESTONE | C3: 211 | D3: 46085 | E3: 46405 | F3: 0 | G3: PTTME Office 5dx8h
A4: MI-1000 | B4: Project Start, KOM | C4: 0 | D4: 46085 | F4: -47 | G4: PTTME Office 5dx8h
A5: MI-1010 | B5: P&ID Issue for Review | C5: 0 | E5: 27-Apr-26* | F5: -7 | G5: PTTME Office 5dx8h
A6: MI-1020 | B6: 30% Model Review | C6: 2 | D6: 46155 | E6: 46156 | F6: 10 | G6: PTTME Office 5dx8h
A7: MI-1030 | B7: P&ID issue for HAZOP | C7: 0 | E7: 46170 | F7: 22 | G7: PTTME Office 5dx8h
A8: MI-1040 | B8: HAZID Review Meeting | C8: 2 | D8: 46162 | E8: 46163 | F8: 105 | G8: PTTME Office 5dx8h
A9: MI-1050 | B9: HAZOP Review Meeting | C9: 5 | D9: 46178 | E9: 46184 | F9: 22 | G9: PTTME Office 5dx8h
A10: MI-1060 | B10: SIL Review Meeting | C10: 2 | D10: 46192 | E10: 46195 | F10: 75 | G10: PTTME Office 5dx8h
A11: MI-1070 | B11: Structural - Primary MTO Issue for review | C11: 0 | E11: 26-May-26* | F11: 0 | G11: PTTME Office 5dx8h
A12: MI-1080 | B12: 60% Model Review | C12: 5 | D12: 46258 | E12: 46262 | F12: 0 | G12: PTTME Office 5dx8h
A13: MI-1090 | B13: 90% Model Review | C13: 1 | D13: 46321 | E13: 46321 | F13: 11 | G13: PTTME Office 5dx8h
A14: MI-1100 | B14: Issue all AFC Documents /Drawing | C14: 0 | E14: 46392 | F14: 0 | G14: PTTME Office 5dx8h
A15: MI-1110 | B15: Design Engineering Compilation | C15: 0 | E15: 46405 | F15: 0 | G15: PTTME Office 5dx8h
A16: GENERALSTUDIES | C16: 35 | D16: 46086 | E16: 46140 | F16: 166 | G16: PTTME Office 5dx8h
A17: PJ-1000 | B17: Master Deliverable Register - IFR | C17: 10 | D17: 46086 | E17: 46099 | F17: 166 | G17: PTTME Office 5dx8h
A18: PJ-1010 | B18: Master Deliverable Register - AFC | C18: 5 | D18: 46114 | E18: 46121 | F18: 171 | G18: PTTME Office 5dx8h
A19: PJ-1020 | B19: Engineering Master Schedule - IFR | C19: 10 | D19: 46100 | E19: 46113 | F19: 166 | G19: PTTME Office 5dx8h
A20: PJ-1030 | B20: Engineering Master Schedule - AFC | C20: 5 | D20: 46134 | E20: 46140 | F20: 166 | G20: PTTME Office 5dx8h
A21: PROCESSANDUTILITIESENGINEERING | C21: 80 | D21: 46106 | E21: 46226 | F21: 107 | G21: PTTME Office 5dx8h
A22: PR-1000 | B22: Process Basis of Design - IFR | C22: 10 | D22: 46113 | E22: 46132 | F22: 33 | G22: PTTME Office 5dx8h
A23: PR-1010 | B23: Process Basis of Design - IFA | C23: 5 | D23: 46148 | E23: 46154 | F23: 33 | G23: PTTME Office 5dx8h
A24: PR-1020 | B24: Process Basis of Design - AFC | C24: 5 | D24: 46169 | E24: 46177 | F24: 33 | G24: PTTME Office 5dx8h
A25: PR-1090 | B25: Process Simulation Report - IFR | C25: 5 | D25: 46185 | E25: 46191 | F25: 117 | G25: PTTME Office 5dx8h
A26: PR-1100 | B26: Process Simulation Report - AFC | C26: 5 | D26: 46206 | E26: 46212 | F26: 117 | G26: PTTME Office 5dx8h
A27: PR-1110 | B27: Utility Balance and Consumption Report - IFR | C27: 10 | D27: 46185 | E27: 46198 | F27: 112 | G27: PTTME Office 5dx8h
A28: PR-1120 | B28: Utility Balance and Consumption Report - AFC | C28: 5 | D28: 46213 | E28: 46219 | F28: 112 | G28: PTTME Office 5dx8h
A29: PR-1130 | B29: AIV And FIV Study Report - IFR | C29: 15 | D29: 46162 | E29: 46184 | F29: 109 | G29: PTTME Office 5dx8h
A30: PR-1140 | B30: AIV And FIV Study Report - AFC | C30: 5 | D30: 46199 | E30: 46205 | F30: 122 | G30: PTTME Office 5dx8h
A31: PR-1150 | B31: Depressurization and Low Temperature Study Report - IFR | C31: 20 | D31: 46175 | E31: 46203 | F31: 109 | G31: PTTME Office 5dx8h
A32: PR-1160 | B32: Depressurization and Low Temperature Study Report - AFC | C32: 5 | D32: 46218 | E32: 46224 | F32: 109 | G32: PTTME Office 5dx8h
A33: PR-1170 | B33: Vent Sizing and Relief Load Report - IFR | C33: 13 | D33: 46175 | E33: 46192 | F33: 116 | G33: PTTME Office 5dx8h
... A83: PR-1650 | B83: Transient Flow Assurance Study Report - AFC | C83: 5 | D83: 46220 | E83: 46226 | F83: 107 | G83: PTTME Office 5dx8h
A84: ProcessCalculationNote | C84: 45 | D84: 46140 | E84: 46205 | F84: -17 | G84: PTTME Office 5dx8h
A85: PR-1660 | B85: Process Calculation Note for Line Sizing - IFR | C85: 23 | D85: 46140 | E85: 46171 | F85: -10 | G85: PTTME Office 5dx8h
A86: PR-1670 | B86: Process Calculation Note for Line Sizing - AFC | C86: 5 | D86: 46199 | E86: 46205 | F86: -17 | G86: PTTME Office 5dx8h
A87: PR-1680 | B87: Process Calculation Note for Test Separator Sizing - IFR | C87: 15 | D87: 46140 | E87: 46161 | F87: -2 | G87: PTTME Office 5dx8h
A88: PR-1690 | B88: Process Calculation Note for Test Separator Sizing - AFC | C88: 5 | D88: 46199 | E88: 46205 | F88: -17 | G88: PTTME Office 5dx8h
A89: PR-1700 | B89: Process Calculation Note for Production Separator (V-01001) - IFR | C89: 15 | D89: 46140 | E89: 46161 | F89: -2 | G89: PTTME Office 5dx8h
A90: PR-1710 | B90: Process Calculation Note for Production Separator (V-01001) - AFC | C90: 5 | D90: 46199 | E90: 46205 | F90: -17 | G90: PTTME Office 5dx8h
A91: PR-1720 | B91: Process Calculation Note for Skim Tank Vessel (V-10002) - IFR | C91: 15 | D91: 46140 | E91: 46161 | F91: -2 | G91: PTTME Office 5dx8h
A92: PR-1730 | B92: Process Calculation Note for Skim Tank Vessel (V-10002) - AFC | C92: 5 | D92: 46199 | E92: 46205 | F92: -17 | G92: PTTME Office 5dx8h
A93: PR-1740 | B93: Process Calculation Note for Degasser - IFR | C93: 15 | D93: 46140 | E93: 46161 | F93: -2 | G93: PTTME Office 5dx8h
A94: PR-1750 | B94: Process Calculation Note for Degasser - AFC | C94: 5 | D94: 46199 | E94: 46205 | F94: -17 | G94: PTTME Office 5dx8h
A95: PR-1760 | B95: Process Calculation Note for Closed Drain Sump Vessel Sizing (V-05001) - IFR | C95: 23 | D95: 46140 | E95: 46171 | F95: -10 | G95: PTTME Office 5dx8h
A96: PR-1770 | B96: Process Calculation Note for Closed Drain Sump Vessel Sizing (V-05001) - AFC | C96: 5 | D96: 46199 | E96: 46205 | F96: -17 | G96: PTTME Office 5dx8h
... A126: PR-2070 | B126: Process Calculation Note - Depressurization and Blowdown - AFC | C126: 5 | D126: 46199 | E126: 46205 | F126: -17 | G126: PTTME Office 5dx8h
A127: MECHANICALENGINEERING | C127: 194 | D127: 46091 | E127: 46384 | F127: 4 | G127: PTTME Office 5dx8h
A128: ME-1000 | B128: Mechanical Basis of Design - IFR | C128: 19 | D128: 46091 | E128: 46115 | F128: 4 | G128: PTTME Office 5dx8h
A129: ME-1010 | B129: Mechanical Basis of Design - AFC | C129: 10 | D129: 46136 | E129: 46150 | F129: 159 | G129: PTTME Office 5dx8h
A130: ME-1020 | B130: Material Handling Study Reports - IFR | C130: 15 | D130: 46129 | E130: 46150 | F130: 4 | G130: PTTME Office 5dx8h
A131: ME-1030 | B131: Material Handling Study Reports - AFC | C131: 10 | D131: 46274 | E131: 46287 | F131: 68 | G131: PTTME Office 5dx8h
A132: ME-1040 | B132: WPA01 Mechanical Equipment List - IFR | C132: 20 | D132: 46141 | E132: 46169 | F132: 32 | G132: PTTME Office 5dx8h
A133: ME-1050 | B133: WPA01 Mechanical Equipment List - AFC | C133: 10 | D133: 46199 | E133: 46212 | F133: 82 | G133: PTTME Office 5dx8h
A134: ME-1060 | B134: WPA02 Mechanical Equipment List - IFR | C134: 20 | D134: 46141 | E134: 46169 | F134: 32 | G134: PTTME Office 5dx8h
A135: ME-1070 | B135: WPA02 Mechanical Equipment List - AFC | C135: 10 | D135: 46199 | E135: 46212 | F135: 82 | G135: PTTME Office 5dx8h
A136: ME-1080 | B136: Project Particular Specification for Test and Production Separators - IFR | C136: 25 | D136: 46091 | E136: 46129 | F136: 153 | G136: PTTME Office 5dx8h
A137: ME-1090 | B137: Project Particular Specification for Test and Production Separators - AFC | C137: 10 | D137: 46147 | E137: 46160 | F137: 153 | G137: PTTME Office 5dx8h
A138: ME-1100 | B138: Project Particular Specification for Instrument Gas Filter coalescers - IFR | C138: 23 | D138: 46091 | E138: 46122 | F138: 155 | G138: PTTME Office 5dx8h
A139: ME-1110 | B139: Project Particular Specification for Instrument Gas Filter coalescers - AFC | C139: 10 | D139: 46142 | E139: 46156 | F139: 155 | G139: PTTME Office 5dx8h
... A165: ME-2520 | B165: Criticality Rating Report for Equipment - AFC | C165: 10 | D165: 46148 | E165: 46161 | F165: 152 | G165: PTTME Office 5dx8h
A166: Datasheets-Mechanical | C166: 104 | D166: 46097 | E166: 46255 | F166: 90 | G166: PTTME Office 5dx8h
A167: ME-1360 | B167: Mechanical Datasheet for Corrosion Inhibitor Storage Tank (T-09001) - IFR | C167: 10 | D167: 46140 | E167: 46154 | F167: -44 | G167: PTTME Office 5dx8h
A168: ME-1370 | B168: Mechanical Datasheet for Corrosion Inhibitor Storage Tank (T-09001) - IFA | C168: 10 | D168: 46175 | E168: 46189 | F168: 34 | G168: PTTME Office 5dx8h
A169: ME-1380 | B169: Mechanical Datasheet for Corrosion Inhibitor Storage Tank (T-09001) - AFC | C169: 5 | D169: 46206 | E169: 46212 | F169: 32 | G169: PTTME Office 5dx8h
A170: ME-1390 | B170: Mechanical Datasheet for Corrosion Inhibitor Storage Tote Tank (T-09011) - IFR | C170: 12 | D170: 46140 | E170: 46156 | F170: -16 | G170: PTTME Office 5dx8h
A171: ME-1400 | B171: Mechanical Datasheet for Corrosion Inhibitor Storage Tote Tank (T-09011) - IFA | C171: 10 | D171: 46178 | E171: 46191 | F171: 32 | G171: PTTME Office 5dx8h
A172: ME-1410 | B172: Mechanical Datasheet for Corrosion Inhibitor Storage Tote Tank (T-09011) - AFC | C172: 5 | D172: 46206 | E172: 46212 | F172: 32 | G172: PTTME Office 5dx8h
A173: ME-1420 | B173: Mechanical Datasheet for Utility Water Storage Tote Tank (T-07003, T-07013) - IFR | C173: 10 | D173: 46142 | E173: 46156 | F173: -16 | G173: PTTME Office 5dx8h
A174: ME-1430 | B174: Mechanical Datasheet for Utility Water Storage Tote Tank (T-07003, T-07013) - IFA | C174: 10 | D174: 46178 | E174: 46191 | F174: 32 | G174: PTTME Office 5dx8h
A175: ME-1440 | B175: Mechanical Datasheet for Utility Water Storage Tote Tank (T-07003, T-07013) - AFC | C175: 5 | D175: 46206 | E175: 46212 | F175: 32 | G175: PTTME Office 5dx8h
A176: ME-1450 | B176: Mechanical Datasheet for Diesel Storage Tote Tank (T-07001,T-07011) - IFR | C176: 10 | D176: 46146 | E176: 46157 | F176: -21 | G176: PTTME Office 5dx8h
A177: ME-1460 | B177: Mechanical Datasheet for Diesel Storage Tote Tank (T-07001,T-07011) - IFA | C177: 10 | D177: 46181 | E177: 46192 | F177: 32 | G177: PTTME Office 5dx8h
A178: ME-1470 | B178: Mechanical Datasheet for Diesel Storage Tote Tank (T-07001,T-07011) - AFC | C178: 5 | D178: 46206 | E178: 46212 | F178: 32 | G178: PTTME Office 5dx8h
... A238: ME-2220 | B238: WPA02 Mechanical Datasheet for Open Drain Caisson Pump Package SK-05003) - AFC | C238: 5 | D238: 46223 | E238: 46227 | F238: 101 | G238: PTTME Office 5dx8h
A239: MR-Mechanical | C239: 165 | D239: 46136 | E239: 46384 | F239: 4 | G239: PTTME Office 5dx8h
A240: ME-2230 | B240: Material Requisition for Test and Production Separator - IFR | C240: 10 | D240: 46199 | E240: 46212 | F240: -26 | G240: PTTME Office 5dx8h
A241: ME-2240 | B241: Material Requisition for Test and Production Separator - AFC | C241: 5 | D241: 46301 | E241: 46307 | F241: -26 | G241: PTTME Office 5dx8h
A242: ME-2250 | B242: Material Requisition for Instrument Gas Filter coalescer - IFR | C242: 10 | D242: 46211 | E242: 46224 | F242: -30 | G242: PTTME Office 5dx8h
A243: ME-2260 | B243: Material Requisition for Instrument Gas Filter coalescer - AFC | C243: 5 | D243: 46307 | E243: 46314 | F243: -30 | G243: PTTME Office 5dx8h
A244: ME-2270 | B244: Material Requisition for Storage Tote Tanks - IFR | C244: 10 | D244: 46192 | E244: 46205 | F244: -21 | G244: PTTME Office 5dx8h
A245: ME-2280 | B245: Material Requisition for Storage Tote Tanks - AFC | C245: 5 | D245: 46294 | E245: 46300 | F245: -21 | G245: PTTME Office 5dx8h
A246: ME-2290 | B246: Material Requisition for Storage Tanks - IFR | C246: 10 | D246: 46225 | E246: 46241 | F246: -47 | G246: PTTME Office 5dx8h
A247: ME-2300 | B247: Material Requisition for Storage Tanks - AFC | C247: 5 | D247: 46332 | E247: 46338 | F247: -47 | G247: PTTME Office 5dx8h
A248: ME-2310 | B248: Material Requisition for Chemical Injection Pumps Package - IFR | C248: 10 | D248: 46147 | E248: 46160 | F248: 92 | G248: PTTME Office 5dx8h
A249: ME-2320 | B249: Material Requisition for Chemical Injection Pumps Package - AFC | C249: 5 | D249: 46247 | E249: 46253 | F249: 92 | G249: PTTME Office 5dx8h
A250: ME-2330 | B250: Material Requisition for Diesel Oil Transfer Pump Package - IFR | C250: 10 | D250: 46219 | E250: 46237 | F250: 41 | G250: PTTME Office 5dx8h
A251: ME-2340 | B251: Material Requisition for Diesel Oil Transfer Pump Package - AFC | C251: 5 | D251: 46322 | E251: 46328 | F251: 41 | G251: PTTME Office 5dx8h
... A267: ME-2500 | B267: Material Requisition for Open Drain Caisson Pump - AFC | C267: 5 | D267: 46275 | E267: 46281 | F267: 72 | G267: PTTME Office 5dx8h
A268: TBE-Mechanical | C268: 129 | D268: 46168 | E268: 46358 | F268: 4 | G268: PTTME Office 5dx8h
A269: ME-2530 | B269: Technical Bid Evaluation for Test and Production Separator - IFR | C269: 20 | D269: 46237 | E269: 46265 | F269: -26 | G269: PTTME Office 5dx8h
A270: ME-2540 | B270: Technical Bid Evaluation for Test and Production Separator - AFC | C270: 5 | D270: 46280 | E270: 46286 | F270: -26 | G270: PTTME Office 5dx8h
A271: ME-2550 | B271: Technical Bid Evaluation for Instrument Gas Filter coalescer - IFR | C271: 20 | D271: 46241 | E271: 46269 | F271: -30 | G271: PTTME Office 5dx8h
A272: ME-2560 | B272: Technical Bid Evaluation for Instrument Gas Filter coalescer - AFC | C272: 5 | D272: 46286 | E272: 46290 | F272: -30 | G272: PTTME Office 5dx8h
A273: ME-2570 | B273: Technical Bid Evaluation for Storage Tote Tanks - IFR | C273: 17 | D273: 46230 | E273: 46258 | F273: -21 | G273: PTTME Office 5dx8h
A274: ME-2580 | B274: Technical Bid Evaluation for Storage Tote Tanks - AFC | C274: 5 | D274: 46273 | E274: 46279 | F274: -21 | G274: PTTME Office 5dx8h
A275: ME-2590 | B275: Technical Bid Evaluation for Storage Tanks - IFR | C275: 20 | D275: 46267 | E275: 46294 | F275: -47 | G275: PTTME Office 5dx8h
A276: ME-2600 | B276: Technical Bid Evaluation for Storage Tanks - AFC | C276: 5 | D276: 46310 | E276: 46316 | F276: -47 | G276: PTTME Office 5dx8h
A277: ME-2610 | B277: Technical Bid Evaluation for Chemical Injection Pumps Package - IFR | C277: 20 | D277: 46178 | E277: 46205 | F277: 92 | G277: PTTME Office 5dx8h
...

Sheet Before Award
A1: ZM167 PTTEPI ASK Procurement Plan - Before Award
I12: LA | L12: 1 | M12: 5 | N12: 1 | O12: 5 | R12: 10 | S12: 20 | T12: 3 | U12: 10 | V12: 2 | W12: =SUM(L12:V12) -> 57 | AP12: 2 | AQ12: 4 | AR12: 5
I13: LB | L13: 1 | M13: 5 | N13: 1 | O13: 5 | R13: 10 | S13: 20 | T13: 3 | U13: 10 | V13: 2 | W13: =SUM(L13:V13) -> 57 | AP13: 2 | AQ13: 4 | AR13: 5
I14: LC | L14: 3 | M14: 10 | N14: 1 | O14: 10 | R14: 10 | S14: 15 | T14: 10 | U14: 10 | V14: 2 | W14: =SUM(L14:V14) -> 71 | AP14: 2 | AQ14: 2 | AR14: 5
I15: LD | L15: 3 | M15: 5 | N15: 1 | O15: 3 | R15: 5 | S15: 7 | T15: 2 | U15: 5 | V15: 2 | W15: =SUM(L15:V15) -> 33 | AP15: 2 | AQ15: 2 | AR15: 5
A16: No. | B16: MR.No | C16: RFQ No. | D16: Package Name | E16: PO NO. | F16: Discripline | G16: Long Lead Item (Y/N) | H16: Criticality Rating | I16: Priority Level | K16: Bidder List Approval | L16: MR Issued | M16: MR Approved | N16: RFQ Issued | O16: RFQ Approved | P16: Bidding Duration | Q16: CFT Issuance | R16: Bid Closing Date | S16: TBE Issued | T16: TBE Approved | U16: PO Issued | V16: Vendor Acknowledgement | W16: Delivery Duration (Weeks) | X16: Delivery Date | Y16: Lead Time (Days) | Z16: ROS date | AA16: Earlier ROS date | AB16: Float (Day) | AC16: 40329 | AD16: 40359 | AE16: 40390 | AF16: 40421 | AG16: 40451 | AH16: 40482 | AI16: 40512 | AJ16: 40543 | AK16: 40574 | AL16: 40602 | AM16: =TODAY() -> 46209 | AP16: Final&Best Proposal Submission | AQ16: TJE CBE approval (LOI Issue) | AR16: MRP | AS16: Transportation time
A17: 1 | C17: RFQ-001 | D17: Pedestal Crane | F17: Mechanical | G17: =IF(_xlfn.XLOOKUP(C17,'[35]Before Award'!D:D,'[35]Before Award'!AV:AV,"N/A")="N/A","N","Y") -> N | I17: LA | J17: Plan | K17: =WORKDAY(L17,-INDEX(L$12:L$15,MATCH($I17,$I$12:$I$15,0))) -> 46140 | L17: =WORKDAY(M17,-INDEX(M$12:M$15,MATCH($I17,$I$12:$I$15,0))) -> 46141 | M17: =WORKDAY(N17,-INDEX(N$12:N$15,MATCH($I17,$I$12:$I$15,0))) -> 46148 | N17: =WORKDAY(O17,-INDEX(O$12:O$15,MATCH($I17,$I$12:$I$15,0))) -> 46149 | O17: =WORKDAY(R17,-INDEX(R$12:R$15,MATCH($I17,$I$12:$I$15,0))) -> 46156 | P17: =U17-L17 -> 76 | R17: =WORKDAY(S17,-INDEX(S$12:S$15,MATCH($I17,$I$12:$I$15,0))) -> 46170 | S17: =WORKDAY(T17,-INDEX(T$12:T$15,MATCH($I17,$I$12:$I$15,0))) -> 46198 | T17: =WORKDAY(U17,-INDEX(U$12:U$15,MATCH($I17,$I$12:$I$15,0))) -> 46203 | U17: =X17-Y17 -> 46217 | V17: =WORKDAY(U17,INDEX(V$12:V$15,MATCH($I17,$I$12:$I$15,0))) -> 46219 | W17: =Y17/7 -> 50 | X17: =Z17 -> 46567 | Y17: 350 | Z17: 46567 | AA17: 46567 | AB17: =Z17-X18 -> 0 | AC17: =IF(ISERROR(LOOKUP(AC$16,$L17:$X17,#REF!)),0,(LOOKUP(AC$16,$L17:$X17,#REF!))) -> 0 | AD17: =IF(ISERROR(LOOKUP(AD$16,$L17:$X17,#REF!)),0,(LOOKUP(AD$16,$L17:$X17,#REF!))) -> 0 | AE17: =IF(ISERROR(LOOKUP(AE$16,$L17:$X17,#REF!)),0,(LOOKUP(AE$16,$L17:$X17,#REF!))) -> 0 | AF17: =IF(ISERROR(LOOKUP(AF$16,$L17:$X17,#REF!)),0,(LOOKUP(AF$16,$L17:$X17,#REF!))) -> 0 | AG17: =IF(ISERROR(LOOKUP(AG$16,$L17:$X17,#REF!)),0,(LOOKUP(AG$16,$L17:$X17,#REF!))) -> 0 | AH17: =IF(ISERROR(LOOKUP(AH$16,$L17:$X17,#REF!)),0,(LOOKUP(AH$16,$L17:$X17,#REF!))) -> 0 | AI17: =IF(ISERROR(LOOKUP(AI$16,$L17:$X17,#REF!)),0,(LOOKUP(AI$16,$L17:$X17,#REF!))) -> 0 | AJ17: =IF(ISERROR(LOOKUP(AJ$16,$L17:$X17,#REF!)),0,(LOOKUP(AJ$16,$L17:$X17,#REF!))) -> 0 | ... AM17: =IF(ISERROR(LOOKUP(AM$16,$L17:$X17,#REF!)),0,(LOOKUP(AM$16,$L17:$X17,#REF!))) -> 0 | AO17: =U17-T17 -> 14 | AP17: =WORKDAY(AQ17,-INDEX(AQ$12:AQ$15,MATCH($I17,$I$12:$I$15,0)),$AW$17:$AW$148) -> #REF! | AQ17: =WORKDAY(U17,-INDEX(U$12:U$15,MATCH($I17,$I$12:$I$15,0)),$AW$17:$AW$148) -> #REF! | AR17: =WORKDAY(U17,-INDEX(U$12:U$15,MATCH($I17,$I$12:$I$15,0)),$AW$17:$AW$148) -> #REF! | AS17: 14 | AW17: {='[35]Equipment List and MR List (3)'!$A$2:$A$80} -> #REF!
C18: =C17 -> RFQ-001 | D18: =D17 -> Pedestal Crane | I18: =I17 -> LA | J18: Forecast | K18: =K17 -> 46140 | L18: =WORKDAY(IF(K19="",K18,K19),INDEX(L$12:L$15,MATCH($I17,$I$12:$I$15,0))) -> 46141 | M18: =WORKDAY(IF(L19="",L18,L19),INDEX(M$12:M$15,MATCH($I17,$I$12:$I$15,0))) -> 46148 | N18: =WORKDAY(IF(M19="",M18,M19),INDEX(N$12:N$15,MATCH($I17,$I$12:$I$15,0))) -> 46149 | O18: =WORKDAY(IF(N19="",N18,N19),INDEX(O$12:O$15,MATCH($I17,$I$12:$I$15,0))) -> 46156 | R18: =WORKDAY(IF(O19="",O18,O19),INDEX(R$12:R$15,MATCH($I17,$I$12:$I$15,0))) -> 46170 | S18: =WORKDAY(IF(R19="",R18,R19),INDEX(S$12:S$15,MATCH($I17,$I$12:$I$15,0))) -> 46198 | T18: =WORKDAY(IF(S19="",S18,S19),INDEX(T$12:T$15,MATCH($I17,$I$12:$I$15,0))) -> 46203 | U18: =WORKDAY(IF(T19="",T18,T19),INDEX(U$12:U$15,MATCH($I17,$I$12:$I$15,0))) -> 46217 | V18: =WORKDAY(IF(U19="",U18,U19),INDEX(V$12:V$15,MATCH($I17,$I$12:$I$15,0))) -> 46219 | X18: =U18+Y17 -> 46567 | AC18: =IF(ISERROR(LOOKUP(AC$16,$L18:$X18,#REF!)),0,(LOOKUP(AC$16,$L18:$X18,#REF!))) -> 0 | AD18: =IF(ISERROR(LOOKUP(AD$16,$L18:$X18,#REF!)),0,(LOOKUP(AD$16,$L18:$X18,#REF!))) -> 0 | AE18: =IF(ISERROR(LOOKUP(AE$16,$L18:$X18,#REF!)),0,(LOOKUP(AE$16,$L18:$X18,#REF!))) -> 0 | AF18: =IF(ISERROR(LOOKUP(AF$16,$L18:$X18,#REF!)),0,(LOOKUP(AF$16,$L18:$X18,#REF!))) -> 0 | AG18: =IF(ISERROR(LOOKUP(AG$16,$L18:$X18,#REF!)),0,(LOOKUP(AG$16,$L18:$X18,#REF!))) -> 0 | AH18: =IF(ISERROR(LOOKUP(AH$16,$L18:$X18,#REF!)),0,(LOOKUP(AH$16,$L18:$X18,#REF!))) -> 0 | AI18: =IF(ISERROR(LOOKUP(AI$16,$L18:$X18,#REF!)),0,(LOOKUP(AI$16,$L18:$X18,#REF!))) -> 0 | AJ18: =IF(ISERROR(LOOKUP(AJ$16,$L18:$X18,#REF!)),0,(LOOKUP(AJ$16,$L18:$X18,#REF!))) -> 0 | ... AM18: =IF(ISERROR(LOOKUP(AM$16,$L18:$X18,#REF!)),0,(LOOKUP(AM$16,$L18:$X18,#REF!))) -> 0 | AO18: =U18-T18 -> 14 | AP18: =WORKDAY(IF(T19="",T18,T19),INDEX(AP$12:AP$15,MATCH($I17,$I$12:$I$15,0)),$AW$17:$AW$148) -> #REF! | AQ18: =WORKDAY(IF(AP19="",AP18,AP19),INDEX(AQ$12:AQ$15,MATCH($I17,$I$12:$I$15,0)),$AW$17:$AW$148) -> #REF! | AR18: =WORKDAY(IF(AQ19="",AQ18,AQ19),INDEX(AR$12:AR$15,MATCH($I17,$I$12:$I$15,0)),$AW$17:$AW$148) -> #REF! | AW18: #REF!
C19: =C17 -> RFQ-001 | D19: =D17 -> Pedestal Crane | I19: =I17 -> LA | J19: Actual | AC19: =IF(ISERROR(LOOKUP(AC$16,$L19:$X19,#REF!)),0,(LOOKUP(AC$16,$L19:$X19,#REF!))) -> 0 | AD19: =IF(ISERROR(LOOKUP(AD$16,$L19:$X19,#REF!)),0,(LOOKUP(AD$16,$L19:$X19,#REF!))) -> 0 | AE19: =IF(ISERROR(LOOKUP(AE$16,$L19:$X19,#REF!)),0,(LOOKUP(AE$16,$L19:$X19,#REF!))) -> 0 | AF19: =IF(ISERROR(LOOKUP(AF$16,$L19:$X19,#REF!)),0,(LOOKUP(AF$16,$L19:$X19,#REF!))) -> 0 | AG19: =IF(ISERROR(LOOKUP(AG$16,$L19:$X19,#REF!)),0,(LOOKUP(AG$16,$L19:$X19,#REF!))) -> 0 | AH19: =IF(ISERROR(LOOKUP(AH$16,$L19:$X19,#REF!)),0,(LOOKUP(AH$16,$L19:$X19,#REF!))) -> 0 | AI19: =IF(ISERROR(LOOKUP(AI$16,$L19:$X19,#REF!)),0,(LOOKUP(AI$16,$L19:$X19,#REF!))) -> 0 | AJ19: =IF(ISERROR(LOOKUP(AJ$16,$L19:$X19,#REF!)),0,(LOOKUP(AJ$16,$L19:$X19,#REF!))) -> 0 | ... AM19: =IF(ISERROR(LOOKUP(AM$16,$L19:$X19,#REF!)),0,(LOOKUP(AM$16,$L19:$X19,#REF!))) -> 0 | AO19: =U19-T19 -> 0 | AW19: #REF!
A20: =A17+1 -> 2 | C20: RFQ-002 | D20: Material Handling Equipment | F20: Mechanical | G20: N | I20: LC | J20: Plan | K20: =WORKDAY(L20,-INDEX(L$12:L$15,MATCH($I20,$I$12:$I$15,0))) -> 46296 | L20: =WORKDAY(M20,-INDEX(M$12:M$15,MATCH($I20,$I$12:$I$15,0))) -> 46301 | M20: =WORKDAY(N20,-INDEX(N$12:N$15,MATCH($I20,$I$12:$I$15,0))) -> 46315 | N20: =WORKDAY(O20,-INDEX(O$12:O$15,MATCH($I20,$I$12:$I$15,0))) -> 46316 | O20: =WORKDAY(R20,-INDEX(R$12:R$15,MATCH($I20,$I$12:$I$15,0))) -> 46330 | P20: =U20-L20 -> 92 | R20: =WORKDAY(S20,-INDEX(S$12:S$15,MATCH($I20,$I$12:$I$15,0))) -> 46344 | S20: =WORKDAY(T20,-INDEX(T$12:T$15,MATCH($I20,$I$12:$I$15,0))) -> 46365 | T20: =WORKDAY(U20,-INDEX(U$12:U$15,MATCH($I20,$I$12:$I$15,0))) -> 46379 | U20: =X20-Y20 -> 46393 | V20: =WORKDAY(U20,INDEX(V$12:V$15,MATCH($I20,$I$12:$I$15,0))) -> 46395 | W20: =Y20/7 -> 25 | X20: =Z20 -> 46568 | Y20: 175 | Z20: 46568 | AA20: 46568 | AB20: =Z20-X21 -> 0 | AC20: =IF(ISERROR(LOOKUP(AC$16,$L20:$X20,#REF!)),0,(LOOKUP(AC$16,$L20:$X20,#REF!))) -> 0 | AD20: =IF(ISERROR(LOOKUP(AD$16,$L20:$X20,#REF!)),0,(LOOKUP(AD$16,$L20:$X20,#REF!))) -> 0 | AE20: =IF(ISERROR(LOOKUP(AE$16,$L20:$X20,#REF!)),0,(LOOKUP(AE$16,$L20:$X20,#REF!))) -> 0 | AF20: =IF(ISERROR(LOOKUP(AF$16,$L20:$X20,#REF!)),0,(LOOKUP(AF$16,$L20:$X20,#REF!))) -> 0 | AG20: =IF(ISERROR(LOOKUP(AG$16,$L20:$X20,#REF!)),0,(LOOKUP(AG$16,$L20:$X20,#REF!))) -> 0 | AH20: =IF(ISERROR(LOOKUP(AH$16,$L20:$X20,#REF!)),0,(LOOKUP(AH$16,$L20:$X20,#REF!))) -> 0 | AI20: =IF(ISERROR(LOOKUP(AI$16,$L20:$X20,#REF!)),0,(LOOKUP(AI$16,$L20:$X20,#REF!))) -> 0 | AJ20: =IF(ISERROR(LOOKUP(AJ$16,$L20:$X20,#REF!)),0,(LOOKUP(AJ$16,$L20:$X20,#REF!))) -> 0 | ... AM20: =IF(ISERROR(LOOKUP(AM$16,$L20:$X20,#REF!)),0,(LOOKUP(AM$16,$L20:$X20,#REF!))) -> 0 | AO20: =U20-T20 -> 14 | AP20: =WORKDAY(AQ20,-INDEX(AQ$12:AQ$15,MATCH($I20,$I$12:$I$15,0)),$AW$17:$AW$148) -> #REF! | AQ20: =WORKDAY(U20,-INDEX(U$12:U$15,MATCH($I20,$I$12:$I$15,0)),$AW$17:$AW$148) -> #REF! | AR20: =WORKDAY(U20,-INDEX(U$12:U$15,MATCH($I20,$I$12:$I$15,0)),$AW$17:$AW$148) -> #REF! | AS20: 14 | AW20: #REF!
C21: =C20 -> RFQ-002 | D21: =D20 -> Material Handling Equipment | G21: =G20 -> N | I21: =I20 -> LC | J21: Forecast | K21: =K20 -> 46296 | L21: =WORKDAY(IF(K22="",K21,K22),INDEX(L$12:L$15,MATCH($I20,$I$12:$I$15,0))) -> 46301 | M21: =WORKDAY(IF(L22="",L21,L22),INDEX(M$12:M$15,MATCH($I20,$I$12:$I$15,0))) -> 46315 | N21: =WORKDAY(IF(M22="",M21,M22),INDEX(N$12:N$15,MATCH($I20,$I$12:$I$15,0))) -> 46316 | O21: =WORKDAY(IF(N22="",N21,N22),INDEX(O$12:O$15,MATCH($I20,$I$12:$I$15,0))) -> 46330 | R21: =WORKDAY(IF(O22="",O21,O22),INDEX(R$12:R$15,MATCH($I20,$I$12:$I$15,0))) -> 46344 | S21: =WORKDAY(IF(R22="",R21,R22),INDEX(S$12:S$15,MATCH($I20,$I$12:$I$15,0))) -> 46365 | T21: =WORKDAY(IF(S22="",S21,S22),INDEX(T$12:T$15,MATCH($I20,$I$12:$I$15,0))) -> 46379 | U21: =WORKDAY(IF(T22="",T21,T22),INDEX(U$12:U$15,MATCH($I20,$I$12:$I$15,0))) -> 46393 | V21: =WORKDAY(IF(U22="",U21,U22),INDEX(V$12:V$15,MATCH($I20,$I$12:$I$15,0))) -> 46395 | X21: =U21+Y20 -> 46568 | AC21: =IF(ISERROR(LOOKUP(AC$16,$L21:$X21,#REF!)),0,(LOOKUP(AC$16,$L21:$X21,#REF!))) -> 0 | AD21: =IF(ISERROR(LOOKUP(AD$16,$L21:$X21,#REF!)),0,(LOOKUP(AD$16,$L21:$X21,#REF!))) -> 0 | AE21: =IF(ISERROR(LOOKUP(AE$16,$L21:$X21,#REF!)),0,(LOOKUP(AE$16,$L21:$X21,#REF!))) -> 0 | AF21: =IF(ISERROR(LOOKUP(AF$16,$L21:$X21,#REF!)),0,(LOOKUP(AF$16,$L21:$X21,#REF!))) -> 0 | AG21: =IF(ISERROR(LOOKUP(AG$16,$L21:$X21,#REF!)),0,(LOOKUP(AG$16,$L21:$X21,#REF!))) -> 0 | AH21: =IF(ISERROR(LOOKUP(AH$16,$L21:$X21,#REF!)),0,(LOOKUP(AH$16,$L21:$X21,#REF!))) -> 0 | AI21: =IF(ISERROR(LOOKUP(AI$16,$L21:$X21,#REF!)),0,(LOOKUP(AI$16,$L21:$X21,#REF!))) -> 0 | AJ21: =IF(ISERROR(LOOKUP(AJ$16,$L21:$X21,#REF!)),0,(LOOKUP(AJ$16,$L21:$X21,#REF!))) -> 0 | ... AM21: =IF(ISERROR(LOOKUP(AM$16,$L21:$X21,#REF!)),0,(LOOKUP(AM$16,$L21:$X21,#REF!))) -> 0 | AO21: =U21-T21 -> 14 | AP21: =WORKDAY(IF(T22="",T21,T22),INDEX(AP$12:AP$15,MATCH($I20,$I$12:$I$15,0)),$AW$17:$AW$148) -> #REF! | AQ21: =WORKDAY(IF(AP22="",AP21,AP22),INDEX(AQ$12:AQ$15,MATCH($I20,$I$12:$I$15,0)),$AW$17:$AW$148) -> #REF! | AR21: =WORKDAY(IF(AQ22="",AQ21,AQ22),INDEX(AR$12:AR$15,MATCH($I20,$I$12:$I$15,0)),$AW$17:$AW$148) -> #REF! | AW21: #REF!
C22: =C20 -> RFQ-002 | D22: =D20 -> Material Handling Equipment | G22: =G20 -> N | I22: =I20 -> LC | J22: Actual | AC22: =IF(ISERROR(LOOKUP(AC$16,$L22:$X22,#REF!)),0,(LOOKUP(AC$16,$L22:$X22,#REF!))) -> 0 | AD22: =IF(ISERROR(LOOKUP(AD$16,$L22:$X22,#REF!)),0,(LOOKUP(AD$16,$L22:$X22,#REF!))) -> 0 | AE22: =IF(ISERROR(LOOKUP(AE$16,$L22:$X22,#REF!)),0,(LOOKUP(AE$16,$L22:$X22,#REF!))) -> 0 | AF22: =IF(ISERROR(LOOKUP(AF$16,$L22:$X22,#REF!)),0,(LOOKUP(AF$16,$L22:$X22,#REF!))) -> 0 | AG22: =IF(ISERROR(LOOKUP(AG$16,$L22:$X22,#REF!)),0,(LOOKUP(AG$16,$L22:$X22,#REF!))) -> 0 | AH22: =IF(ISERROR(LOOKUP(AH$16,$L22:$X22,#REF!)),0,(LOOKUP(AH$16,$L22:$X22,#REF!))) -> 0 | AI22: =IF(ISERROR(LOOKUP(AI$16,$L22:$X22,#REF!)),0,(LOOKUP(AI$16,$L22:$X22,#REF!))) -> 0 | AJ22: =IF(ISERROR(LOOKUP(AJ$16,$L22:$X22,#REF!)),0,(LOOKUP(AJ$16,$L22:$X22,#REF!))) -> 0 | ... AM22: =IF(ISERROR(LOOKUP(AM$16,$L22:$X22,#REF!)),0,(LOOKUP(AM$16,$L22:$X22,#REF!))) -> 0 | AO22: =U22-T22 -> 0 | AW22: #REF!
A23: =A20+1 -> 3 | C23: RFQ-003 | D23: Instrument Gas Filter Coalescer | F23: Mechanical | G23: Y | I23: LA | J23: Plan | K23: =WORKDAY(L23,-INDEX(L$12:L$15,MATCH($I23,$I$12:$I$15,0))) -> 46209 | L23: =WORKDAY(M23,-INDEX(M$12:M$15,MATCH($I23,$I$12:$I$15,0))) -> 46210 | M23: =WORKDAY(N23,-INDEX(N$12:N$15,MATCH($I23,$I$12:$I$15,0))) -> 46217 | N23: =WORKDAY(O23,-INDEX(O$12:O$15,MATCH($I23,$I$12:$I$15,0))) -> 46218 | O23: =WORKDAY(R23,-INDEX(R$12:R$15,MATCH($I23,$I$12:$I$15,0))) -> 46225 | P23: =U23-L23 -> 76 | R23: =WORKDAY(S23,-INDEX(S$12:S$15,MATCH($I23,$I$12:$I$15,0))) -> 46239 | S23: =WORKDAY(T23,-INDEX(T$12:T$15,MATCH($I23,$I$12:$I$15,0))) -> 46267 | T23: =WORKDAY(U23,-INDEX(U$12:U$15,MATCH($I23,$I$12:$I$15,0))) -> 46272 | U23: =X23-Y23 -> 46286 | V23: =WORKDAY(U23,INDEX(V$12:V$15,MATCH($I23,$I$12:$I$15,0))) -> 46288 | W23: =Y23/7 -> 25.714286 | X23: =Z23 -> 46466 | Y23: 180 | Z23: 46466 | AA23: 46466 | AB23: =Z23-X24 -> 0 | AC23: =IF(ISERROR(LOOKUP(AC$16,$L23:$X23,#REF!)),0,(LOOKUP(AC$16,$L23:$X23,#REF!))) -> 0 | AD23: =IF(ISERROR(LOOKUP(AD$16,$L23:$X23,#REF!)),0,(LOOKUP(AD$16,$L23:$X23,#REF!))) -> 0 | AE23: =IF(ISERROR(LOOKUP(AE$16,$L23:$X23,#REF!)),0,(LOOKUP(AE$16,$L23:$X23,#REF!))) -> 0 | AF23: =IF(ISERROR(LOOKUP(AF$16,$L23:$X23,#REF!)),0,(LOOKUP(AF$16,$L23:$X23,#REF!))) -> 0 | AG23: =IF(ISERROR(LOOKUP(AG$16,$L23:$X23,#REF!)),0,(LOOKUP(AG$16,$L23:$X23,#REF!))) -> 0 | AH23: =IF(ISERROR(LOOKUP(AH$16,$L23:$X23,#REF!)),0,(LOOKUP(AH$16,$L23:$X23,#REF!))) -> 0 | AI23: =IF(ISERROR(LOOKUP(AI$16,$L23:$X23,#REF!)),0,(LOOKUP(AI$16,$L23:$X23,#REF!))) -> 0 | AJ23: =IF(ISERROR(LOOKUP(AJ$16,$L23:$X23,#REF!)),0,(LOOKUP(AJ$16,$L23:$X23,#REF!))) -> 0 | ... AM23: =IF(ISERROR(LOOKUP(AM$16,$L23:$X23,#REF!)),0,(LOOKUP(AM$16,$L23:$X23,#REF!))) -> 0 | AO23: =U23-T23 -> 14 | AP23: =WORKDAY(AQ23,-INDEX(AQ$12:AQ$15,MATCH($I23,$I$12:$I$15,0)),$AW$17:$AW$148) -> #REF! | AQ23: =WORKDAY(U23,-INDEX(U$12:U$15,MATCH($I23,$I$12:$I$15,0)),$AW$17:$AW$148) -> #REF! | AR23: =WORKDAY(U23,-INDEX(U$12:U$15,MATCH($I23,$I$12:$I$15,0)),$AW$17:$AW$148) -> #REF! | AS23: 7 | AW23: #REF!
C24: =C23 -> RFQ-003 | D24: =D23 -> Instrument Gas Filter Coalescer | G24: =G23 -> Y | I24: =I23 -> LA | J24: Forecast | K24: =K23 -> 46209 | L24: =WORKDAY(IF(K25="",K24,K25),INDEX(L$12:L$15,MATCH($I23,$I$12:$I$15,0))) -> 46210 | M24: =WORKDAY(IF(L25="",L24,L25),INDEX(M$12:M$15,MATCH($I23,$I$12:$I$15,0))) -> 46217 | N24: =WORKDAY(IF(M25="",M24,M25),INDEX(N$12:N$15,MATCH($I23,$I$12:$I$15,0))) -> 46218 | O24: =WORKDAY(IF(N25="",N24,N25),INDEX(O$12:O$15,MATCH($I23,$I$12:$I$15,0))) -> 46225 | R24: =WORKDAY(IF(O25="",O24,O25),INDEX(R$12:R$15,MATCH($I23,$I$12:$I$15,0))) -> 46239 | S24: =WORKDAY(IF(R25="",R24,R25),INDEX(S$12:S$15,MATCH($I23,$I$12:$I$15,0))) -> 46267 | T24: =WORKDAY(IF(S25="",S24,S25),INDEX(T$12:T$15,MATCH($I23,$I$12:$I$15,0))) -> 46272 | U24: =WORKDAY(IF(T25="",T24,T25),INDEX(U$12:U$15,MATCH($I23,$I$12:$I$15,0))) -> 46286 | V24: =WORKDAY(IF(U25="",U24,U25),INDEX(V$12:V$15,MATCH($I23,$I$12:$I$15,0))) -> 46288 | X24: =U24+Y23 -> 46466 | AC24: =IF(ISERROR(LOOKUP(AC$16,$L24:$X24,#REF!)),0,(LOOKUP(AC$16,$L24:$X24,#REF!))) -> 0 | AD24: =IF(ISERROR(LOOKUP(AD$16,$L24:$X24,#REF!)),0,(LOOKUP(AD$16,$L24:$X24,#REF!))) -> 0 | AE24: =IF(ISERROR(LOOKUP(AE$16,$L24:$X24,#REF!)),0,(LOOKUP(AE$16,$L24:$X24,#REF!))) -> 0 | AF24: =IF(ISERROR(LOOKUP(AF$16,$L24:$X24,#REF!)),0,(LOOKUP(AF$16,$L24:$X24,#REF!))) -> 0 | AG24: =IF(ISERROR(LOOKUP(AG$16,$L24:$X24,#REF!)),0,(LOOKUP(AG$16,$L24:$X24,#REF!))) -> 0 | AH24: =IF(ISERROR(LOOKUP(AH$16,$L24:$X24,#REF!)),0,(LOOKUP(AH$16,$L24:$X24,#REF!))) -> 0 | AI24: =IF(ISERROR(LOOKUP(AI$16,$L24:$X24,#REF!)),0,(LOOKUP(AI$16,$L24:$X24,#REF!))) -> 0 | AJ24: =IF(ISERROR(LOOKUP(AJ$16,$L24:$X24,#REF!)),0,(LOOKUP(AJ$16,$L24:$X24,#REF!))) -> 0 | ... AM24: =IF(ISERROR(LOOKUP(AM$16,$L24:$X24,#REF!)),0,(LOOKUP(AM$16,$L24:$X24,#REF!))) -> 0 | AO24: =U24-T24 -> 14 | AP24: =WORKDAY(IF(T25="",T24,T25),INDEX(AP$12:AP$15,MATCH($I23,$I$12:$I$15,0)),$AW$17:$AW$148) -> #REF! | AQ24: =WORKDAY(IF(AP25="",AP24,AP25),INDEX(AQ$12:AQ$15,MATCH($I23,$I$12:$I$15,0)),$AW$17:$AW$148) -> #REF! | AR24: =WORKDAY(IF(AQ25="",AQ24,AQ25),INDEX(AR$12:AR$15,MATCH($I23,$I$12:$I$15,0)),$AW$17:$AW$148) -> #REF! | AW24: #REF!
C25: =C23 -> RFQ-003 | D25: =D23 -> Instrument Gas Filter Coalescer | G25: =G23 -> Y | I25: =I23 -> LA | J25: Actual | AC25: =IF(ISERROR(LOOKUP(AC$16,$L25:$X25,#REF!)),0,(LOOKUP(AC$16,$L25:$X25,#REF!))) -> 0 | AD25: =IF(ISERROR(LOOKUP(AD$16,$L25:$X25,#REF!)),0,(LOOKUP(AD$16,$L25:$X25,#REF!))) -> 0 | AE25: =IF(ISERROR(LOOKUP(AE$16,$L25:$X25,#REF!)),0,(LOOKUP(AE$16,$L25:$X25,#REF!))) -> 0 | AF25: =IF(ISERROR(LOOKUP(AF$16,$L25:$X25,#REF!)),0,(LOOKUP(AF$16,$L25:$X25,#REF!))) -> 0 | AG25: =IF(ISERROR(LOOKUP(AG$16,$L25:$X25,#REF!)),0,(LOOKUP(AG$16,$L25:$X25,#REF!))) -> 0 | AH25: =IF(ISERROR(LOOKUP(AH$16,$L25:$X25,#REF!)),0,(LOOKUP(AH$16,$L25:$X25,#REF!))) -> 0 | AI25: =IF(ISERROR(LOOKUP(AI$16,$L25:$X25,#REF!)),0,(LOOKUP(AI$16,$L25:$X25,#REF!))) -> 0 | AJ25: =IF(ISERROR(LOOKUP(AJ$16,$L25:$X25,#REF!)),0,(LOOKUP(AJ$16,$L25:$X25,#REF!))) -> 0 | ... AM25: =IF(ISERROR(LOOKUP(AM$16,$L25:$X25,#REF!)),0,(LOOKUP(AM$16,$L25:$X25,#REF!))) -> 0 | AO25: =U25-T25 -> 0 | AW25: #REF!
A26: =A23+1 -> 4 | C26: RFQ-004 | D26: Production & Test Seperator | F26: Mechanical | G26: =IF(_xlfn.XLOOKUP(C26,'[35]Before Award'!D:D,'[35]Before Award'!AV:AV,"N/A")="N/A","N","Y") -> N | I26: LA | J26: Plan | K26: 46211 | L26: 46212 | M26: 46217 | N26: 46218 | O26: 46223 | P26: =U26-L26 -> 71 | R26: 46237 | S26: 46265 | T26: 46268 | U26: 46283 | V26: 46290 | W26: 26 | X26: 46466 | Y26: =W26*7 -> 182 | Z26: 46466 | AA26: 46466 | AB26: =Z26-X27 -> 0 | AC26: =IF(ISERROR(LOOKUP(AC$16,$L26:$X26,#REF!)),0,(LOOKUP(AC$16,$L26:$X26,#REF!))) -> 0 | AD26: =IF(ISERROR(LOOKUP(AD$16,$L26:$X26,#REF!)),0,(LOOKUP(AD$16,$L26:$X26,#REF!))) -> 0 | AE26: =IF(ISERROR(LOOKUP(AE$16,$L26:$X26,#REF!)),0,(LOOKUP(AE$16,$L26:$X26,#REF!))) -> 0 | AF26: =IF(ISERROR(LOOKUP(AF$16,$L26:$X26,#REF!)),0,(LOOKUP(AF$16,$L26:$X26,#REF!))) -> 0 | AG26: =IF(ISERROR(LOOKUP(AG$16,$L26:$X26,#REF!)),0,(LOOKUP(AG$16,$L26:$X26,#REF!))) -> 0 | AH26: =IF(ISERROR(LOOKUP(AH$16,$L26:$X26,#REF!)),0,(LOOKUP(AH$16,$L26:$X26,#REF!))) -> 0 | AI26: =IF(ISERROR(LOOKUP(AI$16,$L26:$X26,#REF!)),0,(LOOKUP(AI$16,$L26:$X26,#REF!))) -> 0 | AJ26: =IF(ISERROR(LOOKUP(AJ$16,$L26:$X26,#REF!)),0,(LOOKUP(AJ$16,$L26:$X26,#REF!))) -> 0 | ... AM26: =IF(ISERROR(LOOKUP(AM$16,$L26:$X26,#REF!)),0,(LOOKUP(AM$16,$L26:$X26,#REF!))) -> 0 | AO26: =U26-T26 -> 15 | AP26: 46272 | AQ26: 46276 | AR26: 46276 | AS26: 14 | AW26: #REF!
C27: =C26 -> RFQ-004 | D27: =D26 -> Production & Test Seperator | G27: =G26 -> N | I27: =I26 -> LA | J27: Forecast | K27: 46211 | L27: 46212 | M27: 46217 | N27: 46218 | O27: 46223 | R27: 46237 | S27: 46265 | T27: 46268 | U27: 46283 | V27: 46290 | X27: 46466 | AC27: =IF(ISERROR(LOOKUP(AC$16,$L27:$X27,#REF!)),0,(LOOKUP(AC$16,$L27:$X27,#REF!))) -> 0 | AD27: =IF(ISERROR(LOOKUP(AD$16,$L27:$X27,#REF!)),0,(LOOKUP(AD$16,$L27:$X27,#REF!))) -> 0 | AE27: =IF(ISERROR(LOOKUP(AE$16,$L27:$X27,#REF!)),0,(LOOKUP(AE$16,$L27:$X27,#REF!))) -> 0 | AF27: =IF(ISERROR(LOOKUP(AF$16,$L27:$X27,#REF!)),0,(LOOKUP(AF$16,$L27:$X27,#REF!))) -> 0 | AG27: =IF(ISERROR(LOOKUP(AG$16,$L27:$X27,#REF!)),0,(LOOKUP(AG$16,$L27:$X27,#REF!))) -> 0 | AH27: =IF(ISERROR(LOOKUP(AH$16,$L27:$X27,#REF!)),0,(LOOKUP(AH$16,$L27:$X27,#REF!))) -> 0 | AI27: =IF(ISERROR(LOOKUP(AI$16,$L27:$X27,#REF!)),0,(LOOKUP(AI$16,$L27:$X27,#REF!))) -> 0 | AJ27: =IF(ISERROR(LOOKUP(AJ$16,$L27:$X27,#REF!)),0,(LOOKUP(AJ$16,$L27:$X27,#REF!))) -> 0 | ... AM27: =IF(ISERROR(LOOKUP(AM$16,$L27:$X27,#REF!)),0,(LOOKUP(AM$16,$L27:$X27,#REF!))) -> 0 | AO27: =U27-T27 -> 15 | AP27: 46272 | AQ27: 46276 | AR27: 46283 | AW27: #REF!
C28: =C26 -> RFQ-004 | D28: =D26 -> Production & Test Seperator | G28: =G26 -> N | I28: =I26 -> LA | J28: Actual | AC28: =IF(ISERROR(LOOKUP(AC$16,$L28:$X28,#REF!)),0,(LOOKUP(AC$16,$L28:$X28,#REF!))) -> 0 | AD28: =IF(ISERROR(LOOKUP(AD$16,$L28:$X28,#REF!)),0,(LOOKUP(AD$16,$L28:$X28,#REF!))) -> 0 | AE28: =IF(ISERROR(LOOKUP(AE$16,$L28:$X28,#REF!)),0,(LOOKUP(AE$16,$L28:$X28,#REF!))) -> 0 | AF28: =IF(ISERROR(LOOKUP(AF$16,$L28:$X28,#REF!)),0,(LOOKUP(AF$16,$L28:$X28,#REF!))) -> 0 | AG28: =IF(ISERROR(LOOKUP(AG$16,$L28:$X28,#REF!)),0,(LOOKUP(AG$16,$L28:$X28,#REF!))) -> 0 | AH28: =IF(ISERROR(LOOKUP(AH$16,$L28:$X28,#REF!)),0,(LOOKUP(AH$16,$L28:$X28,#REF!))) -> 0 | AI28: =IF(ISERROR(LOOKUP(AI$16,$L28:$X28,#REF!)),0,(LOOKUP(AI$16,$L28:$X28,#REF!))) -> 0 | AJ28: =IF(ISERROR(LOOKUP(AJ$16,$L28:$X28,#REF!)),0,(LOOKUP(AJ$16,$L28:$X28,#REF!))) -> 0 | ... AM28: =IF(ISERROR(LOOKUP(AM$16,$L28:$X28,#REF!)),0,(LOOKUP(AM$16,$L28:$X28,#REF!))) -> 0 | AO28: =U28-T28 -> 0 | AW28: #REF!
A29: =A26+1 -> 5 | C29: RFQ-005 | D29: Pig Launcher and Receiver | F29: Piping | G29: Y | I29: LA | J29: Plan | K29: 46176 | L29: 46177 | M29: 46182 | N29: 46183 | O29: 46188 | P29: =U29-L29 -> 71 | R29: 46202 | S29: 46230 | T29: 46233 | U29: 46248 | V29: 46255 | W29: 32 | X29: 46472 | Y29: =W29*7 -> 224 | Z29: 46472 | AA29: 46472 | AB29: =Z29-X30 -> 0 | AC29: =IF(ISERROR(LOOKUP(AC$16,$L29:$X29,#REF!)),0,(LOOKUP(AC$16,$L29:$X29,#REF!))) -> 0 | AD29: =IF(ISERROR(LOOKUP(AD$16,$L29:$X29,#REF!)),0,(LOOKUP(AD$16,$L29:$X29,#REF!))) -> 0 | AE29: =IF(ISERROR(LOOKUP(AE$16,$L29:$X29,#REF!)),0,(LOOKUP(AE$16,$L29:$X29,#REF!))) -> 0 | AF29: =IF(ISERROR(LOOKUP(AF$16,$L29:$X29,#REF!)),0,(LOOKUP(AF$16,$L29:$X29,#REF!))) -> 0 | AG29: =IF(ISERROR(LOOKUP(AG$16,$L29:$X29,#REF!)),0,(LOOKUP(AG$16,$L29:$X29,#REF!))) -> 0 | AH29: =IF(ISERROR(LOOKUP(AH$16,$L29:$X29,#REF!)),0,(LOOKUP(AH$16,$L29:$X29,#REF!))) -> 0 | AI29: =IF(ISERROR(LOOKUP(AI$16,$L29:$X29,#REF!)),0,(LOOKUP(AI$16,$L29:$X29,#REF!))) -> 0 | AJ29: =IF(ISERROR(LOOKUP(AJ$16,$L29:$X29,#REF!)),0,(LOOKUP(AJ$16,$L29:$X29,#REF!))) -> 0 | ... AM29: =IF(ISERROR(LOOKUP(AM$16,$L29:$X29,#REF!)),0,(LOOKUP(AM$16,$L29:$X29,#REF!))) -> 0 | AO29: =U29-T29 -> 15 | AP29: 46237 | AQ29: 46241 | AR29: 46241 | AS29: 14 | AW29: #REF!
C30: =C29 -> RFQ-005 | D30: =D29 -> Pig Launcher and Receiver | F30: =F29 -> Piping | G30: =G29 -> Y | I30: =I29 -> LA | J30: Forecast | K30: 46176 | L30: 46177 | M30: 46182 | N30: 46183 | O30: 46188 | R30: 46202 | S30: 46230 | T30: 46233 | U30: 46248 | V30: 46255 | X30: 46472 | AC30: =IF(ISERROR(LOOKUP(AC$16,$L30:$X30,#REF!)),0,(LOOKUP(AC$16,$L30:$X30,#REF!))) -> 0 | AD30: =IF(ISERROR(LOOKUP(AD$16,$L30:$X30,#REF!)),0,(LOOKUP(AD$16,$L30:$X30,#REF!))) -> 0 | AE30: =IF(ISERROR(LOOKUP(AE$16,$L30:$X30,#REF!)),0,(LOOKUP(AE$16,$L30:$X30,#REF!))) -> 0 | AF30: =IF(ISERROR(LOOKUP(AF$16,$L30:$X30,#REF!)),0,(LOOKUP(AF$16,$L30:$X30,#REF!))) -> 0 | AG30: =IF(ISERROR(LOOKUP(AG$16,$L30:$X30,#REF!)),0,(LOOKUP(AG$16,$L30:$X30,#REF!))) -> 0 | AH30: =IF(ISERROR(LOOKUP(AH$16,$L30:$X30,#REF!)),0,(LOOKUP(AH$16,$L30:$X30,#REF!))) -> 0 | AI30: =IF(ISERROR(LOOKUP(AI$16,$L30:$X30,#REF!)),0,(LOOKUP(AI$16,$L30:$X30,#REF!))) -> 0 | AJ30: =IF(ISERROR(LOOKUP(AJ$16,$L30:$X30,#REF!)),0,(LOOKUP(AJ$16,$L30:$X30,#REF!))) -> 0 | ... AM30: =IF(ISERROR(LOOKUP(AM$16,$L30:$X30,#REF!)),0,(LOOKUP(AM$16,$L30:$X30,#REF!))) -> 0 | AO30: =U30-T30 -> 15 | AP30: 46237 | AQ30: 46241 | AR30: 46248 | AW30: #REF!
C31: =C29 -> RFQ-005 | D31: =D29 -> Pig Launcher and Receiver | F31: =F29 -> Piping | G31: =G29 -> Y | I31: =I29 -> LA | J31: Actual | AC31: =IF(ISERROR(LOOKUP(AC$16,$L31:$X31,#REF!)),0,(LOOKUP(AC$16,$L31:$X31,#REF!))) -> 0 | AD31: =IF(ISERROR(LOOKUP(AD$16,$L31:$X31,#REF!)),0,(LOOKUP(AD$16,$L31:$X31,#REF!))) -> 0 | AE31: =IF(ISERROR(LOOKUP(AE$16,$L31:$X31,#REF!)),0,(LOOKUP(AE$16,$L31:$X31,#REF!))) -> 0 | AF31: =IF(ISERROR(LOOKUP(AF$16,$L31:$X31,#REF!)),0,(LOOKUP(AF$16,$L31:$X31,#REF!))) -> 0 | AG31: =IF(ISERROR(LOOKUP(AG$16,$L31:$X31,#REF!)),0,(LOOKUP(AG$16,$L31:$X31,#REF!))) -> 0 | AH31: =IF(ISERROR(LOOKUP(AH$16,$L31:$X31,#REF!)),0,(LOOKUP(AH$16,$L31:$X31,#REF!))) -> 0 | AI31: =IF(ISERROR(LOOKUP(AI$16,$L31:$X31,#REF!)),0,(LOOKUP(AI$16,$L31:$X31,#REF!))) -> 0 | AJ31: =IF(ISERROR(LOOKUP(AJ$16,$L31:$X31,#REF!)),0,(LOOKUP(AJ$16,$L31:$X31,#REF!))) -> 0 | ... AM31: =IF(ISERROR(LOOKUP(AM$16,$L31:$X31,#REF!)),0,(LOOKUP(AM$16,$L31:$X31,#REF!))) -> 0 | AO31: =U31-T31 -> 0 | AW31: #REF!
A32: =A29+1 -> 6 | C32: RFQ-006 | D32: Corrosion Inhibitor Injection Pump | F32: Mechanical | G32: N | I32: LA | J32: Plan | K32: =WORKDAY(L32,-INDEX(L$12:L$15,MATCH($I32,$I$12:$I$15,0))) -> 46143 | L32: =WORKDAY(M32,-INDEX(M$12:M$15,MATCH($I32,$I$12:$I$15,0))) -> 46146 | M32: =WORKDAY(N32,-INDEX(N$12:N$15,MATCH($I32,$I$12:$I$15,0))) -> 46153 | N32: =WORKDAY(O32,-INDEX(O$12:O$15,MATCH($I32,$I$12:$I$15,0))) -> 46154 | O32: =WORKDAY(R32,-INDEX(R$12:R$15,MATCH($I32,$I$12:$I$15,0))) -> 46161 | P32: =U32-L32 -> 74 | R32: =WORKDAY(S32,-INDEX(S$12:S$15,MATCH($I32,$I$12:$I$15,0))) -> 46175 | S32: =WORKDAY(T32,-INDEX(T$12:T$15,MATCH($I32,$I$12:$I$15,0))) -> 46203 | T32: =WORKDAY(U32,-INDEX(U$12:U$15,MATCH($I32,$I$12:$I$15,0))) -> 46206 | U32: =X32-Y32 -> 46220 | V32: =WORKDAY(U32,INDEX(V$12:V$15,MATCH($I32,$I$12:$I$15,0))) -> 46224 | W32: =Y32/7 -> 32 | X32: =Z32 -> 46444 | Y32: =32*7 -> 224 | Z32: 46444 | AA32: 46444 | AB32: =Z32-X33 -> 0 | AC32: =IF(ISERROR(LOOKUP(AC$16,$L32:$X32,#REF!)),0,(LOOKUP(AC$16,$L32:$X32,#REF!))) -> 0 | AD32: =IF(ISERROR(LOOKUP(AD$16,$L32:$X32,#REF!)),0,(LOOKUP(AD$16,$L32:$X32,#REF!))) -> 0 | AE32: =IF(ISERROR(LOOKUP(AE$16,$L32:$X32,#REF!)),0,(LOOKUP(AE$16,$L32:$X32,#REF!))) -> 0 | AF32: =IF(ISERROR(LOOKUP(AF$16,$L32:$X32,#REF!)),0,(LOOKUP(AF$16,$L32:$X32,#REF!))) -> 0 | AG32: =IF(ISERROR(LOOKUP(AG$16,$L32:$X32,#REF!)),0,(LOOKUP(AG$16,$L32:$X32,#REF!))) -> 0 | AH32: =IF(ISERROR(LOOKUP(AH$16,$L32:$X32,#REF!)),0,(LOOKUP(AH$16,$L32:$X32,#REF!))) -> 0 | AI32: =IF(ISERROR(LOOKUP(AI$16,$L32:$X32,#REF!)),0,(LOOKUP(AI$16,$L32:$X32,#REF!))) -> 0 | AJ32: =IF(ISERROR(LOOKUP(AJ$16,$L32:$X32,#REF!)),0,(LOOKUP(AJ$16,$L32:$X32,#REF!))) -> 0 | ... AM32: =IF(ISERROR(LOOKUP(AM$16,$L32:$X32,#REF!)),0,(LOOKUP(AM$16,$L32:$X32,#REF!))) -> 0 | AO32: =U32-T32 -> 14 | AP32: =WORKDAY(AQ32,-INDEX(AQ$12:AQ$15,MATCH($I32,$I$12:$I$15,0)),$AW$17:$AW$148) -> #REF! | AQ32: =WORKDAY(U32,-INDEX(U$12:U$15,MATCH($I32,$I$12:$I$15,0)),$AW$17:$AW$148) -> #REF! | AR32: =WORKDAY(U32,-INDEX(U$12:U$15,MATCH($I32,$I$12:$I$15,0)),$AW$17:$AW$148) -> #REF! | AS32: 14 | AW32: #REF!
C33: =C32 -> RFQ-006 | G33: =G32 -> N | I33: =I32 -> LA | J33: Forecast | K33: =K32 -> 46143 | L33: =WORKDAY(IF(K34="",K33,K34),INDEX(L$12:L$15,MATCH($I32,$I$12:$I$15,0))) -> 46146 | M33: =WORKDAY(IF(L34="",L33,L34),INDEX(M$12:M$15,MATCH($I32,$I$12:$I$15,0))) -> 46153 | N33: =WORKDAY(IF(M34="",M33,M34),INDEX(N$12:N$15,MATCH($I32,$I$12:$I$15,0))) -> 46154 | O33: =WORKDAY(IF(N34="",N33,N34),INDEX(O$12:O$15,MATCH($I32,$I$12:$I$15,0))) -> 46161 | R33: =WORKDAY(IF(O34="",O33,O34),INDEX(R$12:R$15,MATCH($I32,$I$12:$I$15,0))) -> 46175 | S33: =WORKDAY(IF(R34="",R33,R34),INDEX(S$12:S$15,MATCH($I32,$I$12:$I$15,0))) -> 46203 | T33: =WORKDAY(IF(S34="",S33,S34),INDEX(T$12:T$15,MATCH($I32,$I$12:$I$15,0))) -> 46206 | U33: =WORKDAY(IF(T34="",T33,T34),INDEX(U$12:U$15,MATCH($I32,$I$12:$I$15,0))) -> 46220 | V33: =WORKDAY(IF(U34="",U33,U34),INDEX(V$12:V$15,MATCH($I32,$I$12:$I$15,0))) -> 46224 | X33: =U33+Y32 -> 46444 | AC33: =IF(ISERROR(LOOKUP(AC$16,$L33:$X33,#REF!)),0,(LOOKUP(AC$16,$L33:$X33,#REF!))) -> 0 | AD33: =IF(ISERROR(LOOKUP(AD$16,$L33:$X33,#REF!)),0,(LOOKUP(AD$16,$L33:$X33,#REF!))) -> 0 | AE33: =IF(ISERROR(LOOKUP(AE$16,$L33:$X33,#REF!)),0,(LOOKUP(AE$16,$L33:$X33,#REF!))) -> 0 | AF33: =IF(ISERROR(LOOKUP(AF$16,$L33:$X33,#REF!)),0,(LOOKUP(AF$16,$L33:$X33,#REF!))) -> 0 | AG33: =IF(ISERROR(LOOKUP(AG$16,$L33:$X33,#REF!)),0,(LOOKUP(AG$16,$L33:$X33,#REF!))) -> 0 | AH33: =IF(ISERROR(LOOKUP(AH$16,$L33:$X33,#REF!)),0,(LOOKUP(AH$16,$L33:$X33,#REF!))) -> 0 | AI33: =IF(ISERROR(LOOKUP(AI$16,$L33:$X33,#REF!)),0,(LOOKUP(AI$16,$L33:$X33,#REF!))) -> 0 | AJ33: =IF(ISERROR(LOOKUP(AJ$16,$L33:$X33,#REF!)),0,(LOOKUP(AJ$16,$L33:$X33,#REF!))) -> 0 | ... AM33: =IF(ISERROR(LOOKUP(AM$16,$L33:$X33,#REF!)),0,(LOOKUP(AM$16,$L33:$X33,#REF!))) -> 0 | AO33: =U33-T33 -> 14 | AP33: =WORKDAY(IF(T34="",T33,T34),INDEX(AP$12:AP$15,MATCH($I32,$I$12:$I$15,0)),$AW$17:$AW$148) -> #REF! | AQ33: =WORKDAY(IF(AP34="",AP33,AP34),INDEX(AQ$12:AQ$15,MATCH($I32,$I$12:$I$15,0)),$AW$17:$AW$148) -> #REF! | AR33: =WORKDAY(IF(AQ34="",AQ33,AQ34),INDEX(AR$12:AR$15,MATCH($I32,$I$12:$I$15,0)),$AW$17:$AW$148) -> #REF! | AW33: #REF!
C34: =C32 -> RFQ-006 | G34: =G32 -> N | I34: =I32 -> LA | J34: Actual | AC34: =IF(ISERROR(LOOKUP(AC$16,$L34:$X34,#REF!)),0,(LOOKUP(AC$16,$L34:$X34,#REF!))) -> 0 | AD34: =IF(ISERROR(LOOKUP(AD$16,$L34:$X34,#REF!)),0,(LOOKUP(AD$16,$L34:$X34,#REF!))) -> 0 | AE34: =IF(ISERROR(LOOKUP(AE$16,$L34:$X34,#REF!)),0,(LOOKUP(AE$16,$L34:$X34,#REF!))) -> 0 | AF34: =IF(ISERROR(LOOKUP(AF$16,$L34:$X34,#REF!)),0,(LOOKUP(AF$16,$L34:$X34,#REF!))) -> 0 | AG34: =IF(ISERROR(LOOKUP(AG$16,$L34:$X34,#REF!)),0,(LOOKUP(AG$16,$L34:$X34,#REF!))) -> 0 | AH34: =IF(ISERROR(LOOKUP(AH$16,$L34:$X34,#REF!)),0,(LOOKUP(AH$16,$L34:$X34,#REF!))) -> 0 | AI34: =IF(ISERROR(LOOKUP(AI$16,$L34:$X34,#REF!)),0,(LOOKUP(AI$16,$L34:$X34,#REF!))) -> 0 | AJ34: =IF(ISERROR(LOOKUP(AJ$16,$L34:$X34,#REF!)),0,(LOOKUP(AJ$16,$L34:$X34,#REF!))) -> 0 | ... AM34: =IF(ISERROR(LOOKUP(AM$16,$L34:$X34,#REF!)),0,(LOOKUP(AM$16,$L34:$X34,#REF!))) -> 0 | AO34: =U34-T34 -> 0 | AW34: #REF!
A35: =A32+1 -> 7 | C35: RFQ-007 | D35: Demulsifier/Water Clarifier Injection Pump | F35: Mechanical | G35: N | I35: LA | J35: Plan | K35: =WORKDAY(L35,-INDEX(L$12:L$15,MATCH($I35,$I$12:$I$15,0))) -> 46176 | L35: =WORKDAY(M35,-INDEX(M$12:M$15,MATCH($I35,$I$12:$I$15,0))) -> 46177 | M35: =WORKDAY(N35,-INDEX(N$12:N$15,MATCH($I35,$I$12:$I$15,0))) -> 46184 | N35: =WORKDAY(O35,-INDEX(O$12:O$15,MATCH($I35,$I$12:$I$15,0))) -> 46185 | O35: =WORKDAY(R35,-INDEX(R$12:R$15,MATCH($I35,$I$12:$I$15,0))) -> 46192 | P35: =U35-L35 -> 76 | R35: =WORKDAY(S35,-INDEX(S$12:S$15,MATCH($I35,$I$12:$I$15,0))) -> 46206 | S35: =WORKDAY(T35,-INDEX(T$12:T$15,MATCH($I35,$I$12:$I$15,0))) -> 46234 | T35: =WORKDAY(U35,-INDEX(U$12:U$15,MATCH($I35,$I$12:$I$15,0))) -> 46239 | U35: =X35-Y35 -> 46253 | V35: =WORKDAY(U35,INDEX(V$12:V$15,MATCH($I35,$I$12:$I$15,0))) -> 46255 | W35: =Y35/7 -> 32 | X35: =Z35 -> 46477 | Y35: =32*7 -> 224 | Z35: 46477 | AA35: 46477 | AB35: =Z35-X36 -> 0 | AC35: =IF(ISERROR(LOOKUP(AC$16,$L35:$X35,#REF!)),0,(LOOKUP(AC$16,$L35:$X35,#REF!))) -> 0 | AD35: =IF(ISERROR(LOOKUP(AD$16,$L35:$X35,#REF!)),0,(LOOKUP(AD$16,$L35:$X35,#REF!))) -> 0 | AE35: =IF(ISERROR(LOOKUP(AE$16,$L35:$X35,#REF!)),0,(LOOKUP(AE$16,$L35:$X35,#REF!))) -> 0 | AF35: =IF(ISERROR(LOOKUP(AF$16,$L35:$X35,#REF!)),0,(LOOKUP(AF$16,$L35:$X35,#REF!))) -> 0 | AG35: =IF(ISERROR(LOOKUP(AG$16,$L35:$X35,#REF!)),0,(LOOKUP(AG$16,$L35:$X35,#REF!))) -> 0 | AH35: =IF(ISERROR(LOOKUP(AH$16,$L35:$X35,#REF!)),0,(LOOKUP(AH$16,$L35:$X35,#REF!))) -> 0 | AI35: =IF(ISERROR(LOOKUP(AI$16,$L35:$X35,#REF!)),0,(LOOKUP(AI$16,$L35:$X35,#REF!))) -> 0 | AJ35: =IF(ISERROR(LOOKUP(AJ$16,$L35:$X35,#REF!)),0,(LOOKUP(AJ$16,$L35:$X35,#REF!))) -> 0 | ... AM35: =IF(ISERROR(LOOKUP(AM$16,$L35:$X35,#REF!)),0,(LOOKUP(AM$16,$L35:$X35,#REF!))) -> 0 | AO35: =U35-T35 -> 14 | AP35: =WORKDAY(AQ35,-INDEX(AQ$12:AQ$15,MATCH($I35,$I$12:$I$15,0)),$AW$17:$AW$148) -> #REF! | AQ35: =WORKDAY(U35,-INDEX(U$12:U$15,MATCH($I35,$I$12:$I$15,0)),$AW$17:$AW$148) -> #REF! | AR35: =WORKDAY(U35,-INDEX(U$12:U$15,MATCH($I35,$I$12:$I$15,0)),$AW$17:$AW$148) -> #REF! | AS35: 14 | AW35: #REF!
C36: =C35 -> RFQ-007 | D36: =D35 -> Demulsifier/Water Clarifier Injection Pump | G36: =G35 -> N | I36: =I35 -> LA | J36: Forecast | K36: =K35 -> 46176 | L36: =WORKDAY(IF(K37="",K36,K37),INDEX(L$12:L$15,MATCH($I35,$I$12:$I$15,0))) -> 46177 | M36: =WORKDAY(IF(L37="",L36,L37),INDEX(M$12:M$15,MATCH($I35,$I$12:$I$15,0))) -> 46184 | N36: =WORKDAY(IF(M37="",M36,M37),INDEX(N$12:N$15,MATCH($I35,$I$12:$I$15,0))) -> 46185 | O36: =WORKDAY(IF(N37="",N36,N37),INDEX(O$12:O$15,MATCH($I35,$I$12:$I$15,0))) -> 46192 | R36: =WORKDAY(IF(O37="",O36,O37),INDEX(R$12:R$15,MATCH($I35,$I$12:$I$15,0))) -> 46206 | S36: =WORKDAY(IF(R37="",R36,R37),INDEX(S$12:S$15,MATCH($I35,$I$12:$I$15,0))) -> 46234 | T36: =WORKDAY(IF(S37="",S36,S37),INDEX(T$12:T$15,MATCH($I35,$I$12:$I$15,0))) -> 46239 | U36: =WORKDAY(IF(T37="",T36,T37),INDEX(U$12:U$15,MATCH($I35,$I$12:$I$15,0))) -> 46253 | V36: =WORKDAY(IF(U37="",U36,U37),INDEX(V$12:V$15,MATCH($I35,$I$12:$I$15,0))) -> 46255 | X36: =U36+Y35 -> 46477 | AC36: =IF(ISERROR(LOOKUP(AC$16,$L36:$X36,#REF!)),0,(LOOKUP(AC$16,$L36:$X36,#REF!))) -> 0 | AD36: =IF(ISERROR(LOOKUP(AD$16,$L36:$X36,#REF!)),0,(LOOKUP(AD$16,$L36:$X36,#REF!))) -> 0 | AE36: =IF(ISERROR(LOOKUP(AE$16,$L36:$X36,#REF!)),0,(LOOKUP(AE$16,$L36:$X36,#REF!))) -> 0 | AF36: =IF(ISERROR(LOOKUP(AF$16,$L36:$X36,#REF!)),0,(LOOKUP(AF$16,$L36:$X36,#REF!))) -> 0 | AG36: =IF(ISERROR(LOOKUP(AG$16,$L36:$X36,#REF!)),0,(LOOKUP(AG$16,$L36:$X36,#REF!))) -> 0 | AH36: =IF(ISERROR(LOOKUP(AH$16,$L36:$X36,#REF!)),0,(LOOKUP(AH$16,$L36:$X36,#REF!))) -> 0 | AI36: =IF(ISERROR(LOOKUP(AI$16,$L36:$X36,#REF!)),0,(LOOKUP(AI$16,$L36:$X36,#REF!))) -> 0 | AJ36: =IF(ISERROR(LOOKUP(AJ$16,$L36:$X36,#REF!)),0,(LOOKUP(AJ$16,$L36:$X36,#REF!))) -> 0 | ... AM36: =IF(ISERROR(LOOKUP(AM$16,$L36:$X36,#REF!)),0,(LOOKUP(AM$16,$L36:$X36,#REF!))) -> 0 | AO36: =U36-T36 -> 14 | AP36: =WORKDAY(IF(T37="",T36,T37),INDEX(AP$12:AP$15,MATCH($I35,$I$12:$I$15,0)),$AW$17:$AW$148) -> #REF! | AQ36: =WORKDAY(IF(AP37="",AP36,AP37),INDEX(AQ$12:AQ$15,MATCH($I35,$I$12:$I$15,0)),$AW$17:$AW$148) -> #REF! | AR36: =WORKDAY(IF(AQ37="",AQ36,AQ37),INDEX(AR$12:AR$15,MATCH($I35,$I$12:$I$15,0)),$AW$17:$AW$148) -> #REF! | AW36: #REF!
C37: =C35 -> RFQ-007 | D37: =D35 -> Demulsifier/Water Clarifier Injection Pump | G37: =G35 -> N | I37: =I35 -> LA | J37: Actual | AC37: =IF(ISERROR(LOOKUP(AC$16,$L37:$X37,#REF!)),0,(LOOKUP(AC$16,$L37:$X37,#REF!))) -> 0 | AD37: =IF(ISERROR(LOOKUP(AD$16,$L37:$X37,#REF!)),0,(LOOKUP(AD$16,$L37:$X37,#REF!))) -> 0 | AE37: =IF(ISERROR(LOOKUP(AE$16,$L37:$X37,#REF!)),0,(LOOKUP(AE$16,$L37:$X37,#REF!))) -> 0 | AF37: =IF(ISERROR(LOOKUP(AF$16,$L37:$X37,#REF!)),0,(LOOKUP(AF$16,$L37:$X37,#REF!))) -> 0 | AG37: =IF(ISERROR(LOOKUP(AG$16,$L37:$X37,#REF!)),0,(LOOKUP(AG$16,$L37:$X37,#REF!))) -> 0 | AH37: =IF(ISERROR(LOOKUP(AH$16,$L37:$X37,#REF!)),0,(LOOKUP(AH$16,$L37:$X37,#REF!))) -> 0 | AI37: =IF(ISERROR(LOOKUP(AI$16,$L37:$X37,#REF!)),0,(LOOKUP(AI$16,$L37:$X37,#REF!))) -> 0 | AJ37: =IF(ISERROR(LOOKUP(AJ$16,$L37:$X37,#REF!)),0,(LOOKUP(AJ$16,$L37:$X37,#REF!))) -> 0 | ... AM37: =IF(ISERROR(LOOKUP(AM$16,$L37:$X37,#REF!)),0,(LOOKUP(AM$16,$L37:$X37,#REF!))) -> 0 | AO37: =U37-T37 -> 0 | AW37: #REF!
A38: =A35+1 -> 8 | C38: RFQ-008 | D38: De-Oiler Hydrocyclone | F38: Mechanical | G38: =IF(_xlfn.XLOOKUP(C38,'[35]Before Award'!D:D,'[35]Before Award'!AV:AV,"N/A")="N/A","N","Y") -> N | J38: Plan | K38: 46162 | L38: 46163 | M38: 46168 | N38: 46169 | O38: 46174 | P38: =U38-L38 -> 71 | R38: 46188 | S38: 46216 | T38: 46219 | U38: 46234 | V38: 46241 | W38: 26 | X38: 46416 | Y38: =W38*7 -> 182 | Z38: 46416 | AA38: 46416 | AB38: =Z38-X39 -> 0 | AC38: =IF(ISERROR(LOOKUP(AC$16,$L38:$X38,#REF!)),0,(LOOKUP(AC$16,$L38:$X38,#REF!))) -> 0 | AD38: =IF(ISERROR(LOOKUP(AD$16,$L38:$X38,#REF!)),0,(LOOKUP(AD$16,$L38:$X38,#REF!))) -> 0 | AE38: =IF(ISERROR(LOOKUP(AE$16,$L38:$X38,#REF!)),0,(LOOKUP(AE$16,$L38:$X38,#REF!))) -> 0 | AF38: =IF(ISERROR(LOOKUP(AF$16,$L38:$X38,#REF!)),0,(LOOKUP(AF$16,$L38:$X38,#REF!))) -> 0 | AG38: =IF(ISERROR(LOOKUP(AG$16,$L38:$X38,#REF!)),0,(LOOKUP(AG$16,$L38:$X38,#REF!))) -> 0 | AH38: =IF(ISERROR(LOOKUP(AH$16,$L38:$X38,#REF!)),0,(LOOKUP(AH$16,$L38:$X38,#REF!))) -> 0 | AI38: =IF(ISERROR(LOOKUP(AI$16,$L38:$X38,#REF!)),0,(LOOKUP(AI$16,$L38:$X38,#REF!))) -> 0 | AJ38: =IF(ISERROR(LOOKUP(AJ$16,$L38:$X38,#REF!)),0,(LOOKUP(AJ$16,$L38:$X38,#REF!))) -> 0 | ... AM38: =IF(ISERROR(LOOKUP(AM$16,$L38:$X38,#REF!)),0,(LOOKUP(AM$16,$L38:$X38,#REF!))) -> 0 | AO38: =U38-T38 -> 15 | AP38: 46223 | AQ38: 46227 | AR38: 46227 | AS38: 14 | AW38: #REF!
C39: =C38 -> RFQ-008 | D39: =D38 -> De-Oiler Hydrocyclone | G39: =G38 -> N | I39: =I38 | J39: Forecast | K39: 46162 | L39: 46163 | M39: 46168 | N39: 46169 | O39: 46174 | R39: 46188 | S39: 46216 | T39: 46219 | U39: 46234 | V39: 46241 | X39: 46416 | AC39: =IF(ISERROR(LOOKUP(AC$16,$L39:$X39,#REF!)),0,(LOOKUP(AC$16,$L39:$X39,#REF!))) -> 0 | AD39: =IF(ISERROR(LOOKUP(AD$16,$L39:$X39,#REF!)),0,(LOOKUP(AD$16,$L39:$X39,#REF!))) -> 0 | AE39: =IF(ISERROR(LOOKUP(AE$16,$L39:$X39,#REF!)),0,(LOOKUP(AE$16,$L39:$X39,#REF!))) -> 0 | AF39: =IF(ISERROR(LOOKUP(AF$16,$L39:$X39,#REF!)),0,(LOOKUP(AF$16,$L39:$X39,#REF!))) -> 0 | AG39: =IF(ISERROR(LOOKUP(AG$16,$L39:$X39,#REF!)),0,(LOOKUP(AG$16,$L39:$X39,#REF!))) -> 0 | AH39: =IF(ISERROR(LOOKUP(AH$16,$L39:$X39,#REF!)),0,(LOOKUP(AH$16,$L39:$X39,#REF!))) -> 0 | AI39: =IF(ISERROR(LOOKUP(AI$16,$L39:$X39,#REF!)),0,(LOOKUP(AI$16,$L39:$X39,#REF!))) -> 0 | AJ39: =IF(ISERROR(LOOKUP(AJ$16,$L39:$X39,#REF!)),0,(LOOKUP(AJ$16,$L39:$X39,#REF!))) -> 0 | ... AM39: =IF(ISERROR(LOOKUP(AM$16,$L39:$X39,#REF!)),0,(LOOKUP(AM$16,$L39:$X39,#REF!))) -> 0 | AO39: =U39-T39 -> 15 | AP39: 46223 | AQ39: 46227 | AR39: 46234 | AW39: #REF!
C40: =C38 -> RFQ-008 | D40: =D38 -> De-Oiler Hydrocyclone | G40: =G38 -> N | I40: =I38 | J40: Actual | AC40: =IF(ISERROR(LOOKUP(AC$16,$L40:$X40,#REF!)),0,(LOOKUP(AC$16,$L40:$X40,#REF!))) -> 0 | AD40: =IF(ISERROR(LOOKUP(AD$16,$L40:$X40,#REF!)),0,(LOOKUP(AD$16,$L40:$X40,#REF!))) -> 0 | AE40: =IF(ISERROR(LOOKUP(AE$16,$L40:$X40,#REF!)),0,(LOOKUP(AE$16,$L40:$X40,#REF!))) -> 0 | AF40: =IF(ISERROR(LOOKUP(AF$16,$L40:$X40,#REF!)),0,(LOOKUP(AF$16,$L40:$X40,#REF!))) -> 0 | AG40: =IF(ISERROR(LOOKUP(AG$16,$L40:$X40,#REF!)),0,(LOOKUP(AG$16,$L40:$X40,#REF!))) -> 0 | AH40: =IF(ISERROR(LOOKUP(AH$16,$L40:$X40,#REF!)),0,(LOOKUP(AH$16,$L40:$X40,#REF!))) -> 0 | AI40: =IF(ISERROR(LOOKUP(AI$16,$L40:$X40,#REF!)),0,(LOOKUP(AI$16,$L40:$X40,#REF!))) -> 0 | AJ40: =IF(ISERROR(LOOKUP(AJ$16,$L40:$X40,#REF!)),0,(LOOKUP(AJ$16,$L40:$X40,#REF!))) -> 0 | ... AM40: =IF(ISERROR(LOOKUP(AM$16,$L40:$X40,#REF!)),0,(LOOKUP(AM$16,$L40:$X40,#REF!))) -> 0 | AO40: =U40-T40 -> 0 | AW40: #REF!
A41: =A38+1 -> 9 | C41: RFQ-009 | D41: Degasser | F41: Mechanical | G41: =IF(_xlfn.XLOOKUP(C41,'[35]Before Award'!D:D,'[35]Before Award'!AV:AV,"N/A")="N/A","N","Y") -> N | I41: LA | J41: Plan | K41: 46162 | L41: 46163 | M41: 46168 | N41: 46169 | O41: 46174 | P41: =U41-L41 -> 71 | R41: 46188 | S41: 46216 | T41: 46219 | U41: 46234 | V41: 46241 | W41: 26 | X41: 46416 | Y41: =W41*7 -> 182 | Z41: 46416 | AA41: 46416 | AB41: =Z41-X42 -> 0 | AC41: =IF(ISERROR(LOOKUP(AC$16,$L41:$X41,#REF!)),0,(LOOKUP(AC$16,$L41:$X41,#REF!))) -> 0 | AD41: =IF(ISERROR(LOOKUP(AD$16,$L41:$X41,#REF!)),0,(LOOKUP(AD$16,$L41:$X41,#REF!))) -> 0 | AE41: =IF(ISERROR(LOOKUP(AE$16,$L41:$X41,#REF!)),0,(LOOKUP(AE$16,$L41:$X41,#REF!))) -> 0 | AF41: =IF(ISERROR(LOOKUP(AF$16,$L41:$X41,#REF!)),0,(LOOKUP(AF$16,$L41:$X41,#REF!))) -> 0 | AG41: =IF(ISERROR(LOOKUP(AG$16,$L41:$X41,#REF!)),0,(LOOKUP(AG$16,$L41:$X41,#REF!))) -> 0 | AH41: =IF(ISERROR(LOOKUP(AH$16,$L41:$X41,#REF!)),0,(LOOKUP(AH$16,$L41:$X41,#REF!))) -> 0 | AI41: =IF(ISERROR(LOOKUP(AI$16,$L41:$X41,#REF!)),0,(LOOKUP(AI$16,$L41:$X41,#REF!))) -> 0 | AJ41: =IF(ISERROR(LOOKUP(AJ$16,$L41:$X41,#REF!)),0,(LOOKUP(AJ$16,$L41:$X41,#REF!))) -> 0 | ... AM41: =IF(ISERROR(LOOKUP(AM$16,$L41:$X41,#REF!)),0,(LOOKUP(AM$16,$L41:$X41,#REF!))) -> 0 | AO41: =U41-T41 -> 15 | AP41: 46223 | AQ41: 46227 | AR41: 46227 | AS41: 14 | AW41: #REF!
C42: =C41 -> RFQ-009 | D42: =D41 -> Degasser | G42: =G41 -> N | I42: =I41 -> LA | J42: Forecast | K42: 46162 | L42: 46163 | M42: 46168 | N42: 46169 | O42: 46174 | R42: 46188 | S42: 46216 | T42: 46219 | U42: 46234 | V42: 46241 | X42: 46416 | AC42: =IF(ISERROR(LOOKUP(AC$16,$L42:$X42,#REF!)),0,(LOOKUP(AC$16,$L42:$X42,#REF!))) -> 0 | AD42: =IF(ISERROR(LOOKUP(AD$16,$L42:$X42,#REF!)),0,(LOOKUP(AD$16,$L42:$X42,#REF!))) -> 0 | AE42: =IF(ISERROR(LOOKUP(AE$16,$L42:$X42,#REF!)),0,(LOOKUP(AE$16,$L42:$X42,#REF!))) -> 0 | AF42: =IF(ISERROR(LOOKUP(AF$16,$L42:$X42,#REF!)),0,(LOOKUP(AF$16,$L42:$X42,#REF!))) -> 0 | AG42: =IF(ISERROR(LOOKUP(AG$16,$L42:$X42,#REF!)),0,(LOOKUP(AG$16,$L42:$X42,#REF!))) -> 0 | AH42: =IF(ISERROR(LOOKUP(AH$16,$L42:$X42,#REF!)),0,(LOOKUP(AH$16,$L42:$X42,#REF!))) -> 0 | AI42: =IF(ISERROR(LOOKUP(AI$16,$L42:$X42,#REF!)),0,(LOOKUP(AI$16,$L42:$X42,#REF!))) -> 0 | AJ42: =IF(ISERROR(LOOKUP(AJ$16,$L42:$X42,#REF!)),0,(LOOKUP(AJ$16,$L42:$X42,#REF!))) -> 0 | ... AM42: =IF(ISERROR(LOOKUP(AM$16,$L42:$X42,#REF!)),0,(LOOKUP(AM$16,$L42:$X42,#REF!))) -> 0 | AO42: =U42-T42 -> 15 | AP42: 46223 | AQ42: 46227 | AR42: 46234 | AW42: #REF!
C43: =C41 -> RFQ-009 | D43: =D41 -> Degasser | G43: =G41 -> N | I43: =I41 -> LA | J43: Actual | AC43: =IF(ISERROR(LOOKUP(AC$16,$L43:$X43,#REF!)),0,(LOOKUP(AC$16,$L43:$X43,#REF!))) -> 0 | AD43: =IF(ISERROR(LOOKUP(AD$16,$L43:$X43,#REF!)),0,(LOOKUP(AD$16,$L43:$X43,#REF!))) -> 0 | AE43: =IF(ISERROR(LOOKUP(AE$16,$L43:$X43,#REF!)),0,(LOOKUP(AE$16,$L43:$X43,#REF!))) -> 0 | AF43: =IF(ISERROR(LOOKUP(AF$16,$L43:$X43,#REF!)),0,(LOOKUP(AF$16,$L43:$X43,#REF!))) -> 0 | AG43: =IF(ISERROR(LOOKUP(AG$16,$L43:$X43,#REF!)),0,(LOOKUP(AG$16,$L43:$X43,#REF!))) -> 0 | AH43: =IF(ISERROR(LOOKUP(AH$16,$L43:$X43,#REF!)),0,(LOOKUP(AH$16,$L43:$X43,#REF!))) -> 0 | AI43: =IF(ISERROR(LOOKUP(AI$16,$L43:$X43,#REF!)),0,(LOOKUP(AI$16,$L43:$X43,#REF!))) -> 0 | AJ43: =IF(ISERROR(LOOKUP(AJ$16,$L43:$X43,#REF!)),0,(LOOKUP(AJ$16,$L43:$X43,#REF!))) -> 0 | ... AM43: =IF(ISERROR(LOOKUP(AM$16,$L43:$X43,#REF!)),0,(LOOKUP(AM$16,$L43:$X43,#REF!))) -> 0 | AO43: =U43-T43 -> 0 | AW43: #REF!
A44: =A41+1 -> 10 | C44: RFQ-010 | D44: Skim Tank Vessel | F44: Mechanical | G44: =IF(_xlfn.XLOOKUP(C44,'[35]Before Award'!D:D,'[35]Before Award'!AV:AV,"N/A")="N/A","N","Y") -> N | I44: LA | J44: Plan | K44: 46162 | L44: 46163 | M44: 46168 | N44: 46169 | O44: 46174 | P44: =U44-L44 -> 71 | R44: 46188 | S44: 46216 | T44: 46219 | U44: 46234 | V44: 46241 | W44: 26 | X44: 46416 | Y44: =W44*7 -> 182 | Z44: 46416 | AA44: 46416 | AB44: =Z44-X45 -> 0 | AC44: =IF(ISERROR(LOOKUP(AC$16,$L44:$X44,#REF!)),0,(LOOKUP(AC$16,$L44:$X44,#REF!))) -> 0 | AD44: =IF(ISERROR(LOOKUP(AD$16,$L44:$X44,#REF!)),0,(LOOKUP(AD$16,$L44:$X44,#REF!))) -> 0 | AE44: =IF(ISERROR(LOOKUP(AE$16,$L44:$X44,#REF!)),0,(LOOKUP(AE$16,$L44:$X44,#REF!))) -> 0 | AF44: =IF(ISERROR(LOOKUP(AF$16,$L44:$X44,#REF!)),0,(LOOKUP(AF$16,$L44:$X44,#REF!))) -> 0 | AG44: =IF(ISERROR(LOOKUP(AG$16,$L44:$X44,#REF!)),0,(LOOKUP(AG$16,$L44:$X44,#REF!))) -> 0 | AH44: =IF(ISERROR(LOOKUP(AH$16,$L44:$X44,#REF!)),0,(LOOKUP(AH$16,$L44:$X44,#REF!))) -> 0 | AI44: =IF(ISERROR(LOOKUP(AI$16,$L44:$X44,#REF!)),0,(LOOKUP(AI$16,$L44:$X44,#REF!))) -> 0 | AJ44: =IF(ISERROR(LOOKUP(AJ$16,$L44:$X44,#REF!)),0,(LOOKUP(AJ$16,$L44:$X44,#REF!))) -> 0 | ... AM44: =IF(ISERROR(LOOKUP(AM$16,$L44:$X44,#REF!)),0,(LOOKUP(AM$16,$L44:$X44,#REF!))) -> 0 | AO44: =U44-T44 -> 15 | AP44: 46223 | AQ44: 46227 | AR44: 46227 | AS44: 14 | AW44: #REF!
C45: =C44 -> RFQ-010 | D45: =D44 -> Skim Tank Vessel | G45: =G44 -> N | I45: =I44 -> LA | J45: Forecast | K45: 46162 | L45: 46163 | M45: 46168 | N45: 46169 | O45: 46174 | R45: 46188 | S45: 46216 | T45: 46219 | U45: 46234 | V45: 46241 | X45: 46416 | AC45: =IF(ISERROR(LOOKUP(AC$16,$L45:$X45,#REF!)),0,(LOOKUP(AC$16,$L45:$X45,#REF!))) -> 0 | AD45: =IF(ISERROR(LOOKUP(AD$16,$L45:$X45,#REF!)),0,(LOOKUP(AD$16,$L45:$X45,#REF!))) -> 0 | AE45: =IF(ISERROR(LOOKUP(AE$16,$L45:$X45,#REF!)),0,(LOOKUP(AE$16,$L45:$X45,#REF!))) -> 0 | AF45: =IF(ISERROR(LOOKUP(AF$16,$L45:$X45,#REF!)),0,(LOOKUP(AF$16,$L45:$X45,#REF!))) -> 0 | AG45: =IF(ISERROR(LOOKUP(AG$16,$L45:$X45,#REF!)),0,(LOOKUP(AG$16,$L45:$X45,#REF!))) -> 0 | AH45: =IF(ISERROR(LOOKUP(AH$16,$L45:$X45,#REF!)),0,(LOOKUP(AH$16,$L45:$X45,#REF!))) -> 0 | AI45: =IF(ISERROR(LOOKUP(AI$16,$L45:$X45,#REF!)),0,(LOOKUP(AI$16,$L45:$X45,#REF!))) -> 0 | AJ45: =IF(ISERROR(LOOKUP(AJ$16,$L45:$X45,#REF!)),0,(LOOKUP(AJ$16,$L45:$X45,#REF!))) -> 0 | ... AM45: =IF(ISERROR(LOOKUP(AM$16,$L45:$X45,#REF!)),0,(LOOKUP(AM$16,$L45:$X45,#REF!))) -> 0 | AO45: =U45-T45 -> 15 | AP45: 46223 | AQ45: 46227 | AR45: 46234 | AW45: #REF!
C46: =C44 -> RFQ-010 | D46: =D44 -> Skim Tank Vessel | G46: =G44 -> N | I46: =I44 -> LA | J46: Actual | AC46: =IF(ISERROR(LOOKUP(AC$16,$L46:$X46,#REF!)),0,(LOOKUP(AC$16,$L46:$X46,#REF!))) -> 0 | AD46: =IF(ISERROR(LOOKUP(AD$16,$L46:$X46,#REF!)),0,(LOOKUP(AD$16,$L46:$X46,#REF!))) -> 0 | AE46: =IF(ISERROR(LOOKUP(AE$16,$L46:$X46,#REF!)),0,(LOOKUP(AE$16,$L46:$X46,#REF!))) -> 0 | AF46: =IF(ISERROR(LOOKUP(AF$16,$L46:$X46,#REF!)),0,(LOOKUP(AF$16,$L46:$X46,#REF!))) -> 0 | AG46: =IF(ISERROR(LOOKUP(AG$16,$L46:$X46,#REF!)),0,(LOOKUP(AG$16,$L46:$X46,#REF!))) -> 0 | AH46: =IF(ISERROR(LOOKUP(AH$16,$L46:$X46,#REF!)),0,(LOOKUP(AH$16,$L46:$X46,#REF!))) -> 0 | AI46: =IF(ISERROR(LOOKUP(AI$16,$L46:$X46,#REF!)),0,(LOOKUP(AI$16,$L46:$X46,#REF!))) -> 0 | AJ46: =IF(ISERROR(LOOKUP(AJ$16,$L46:$X46,#REF!)),0,(LOOKUP(AJ$16,$L46:$X46,#REF!))) -> 0 | ... AM46: =IF(ISERROR(LOOKUP(AM$16,$L46:$X46,#REF!)),0,(LOOKUP(AM$16,$L46:$X46,#REF!))) -> 0 | AO46: =U46-T46 -> 0 | AW46: #REF!
A47: =A44+1 -> 11 | C47: RFQ-011 | D47: Closed Drain Sump Vessel | F47: Mechanical | G47: Y | I47: LA | J47: Plan | K47: 46183 | L47: 46184 | M47: 46189 | N47: 46190 | O47: 46195 | P47: =U47-L47 -> 71 | R47: 46209 | S47: 46237 | T47: 46240 | U47: 46255 | V47: 46262 | W47: 26 | X47: 46437 | Y47: =W47*7 -> 182 | Z47: 46437 | AA47: 46386 | AB47: =Z47-X48 -> 0 | AC47: =IF(ISERROR(LOOKUP(AC$16,$L47:$X47,#REF!)),0,(LOOKUP(AC$16,$L47:$X47,#REF!))) -> 0 | AD47: =IF(ISERROR(LOOKUP(AD$16,$L47:$X47,#REF!)),0,(LOOKUP(AD$16,$L47:$X47,#REF!))) -> 0 | AE47: =IF(ISERROR(LOOKUP(AE$16,$L47:$X47,#REF!)),0,(LOOKUP(AE$16,$L47:$X47,#REF!))) -> 0 | AF47: =IF(ISERROR(LOOKUP(AF$16,$L47:$X47,#REF!)),0,(LOOKUP(AF$16,$L47:$X47,#REF!))) -> 0 | AG47: =IF(ISERROR(LOOKUP(AG$16,$L47:$X47,#REF!)),0,(LOOKUP(AG$16,$L47:$X47,#REF!))) -> 0 | AH47: =IF(ISERROR(LOOKUP(AH$16,$L47:$X47,#REF!)),0,(LOOKUP(AH$16,$L47:$X47,#REF!))) -> 0 | AI47: =IF(ISERROR(LOOKUP(AI$16,$L47:$X47,#REF!)),0,(LOOKUP(AI$16,$L47:$X47,#REF!))) -> 0 | AJ47: =IF(ISERROR(LOOKUP(AJ$16,$L47:$X47,#REF!)),0,(LOOKUP(AJ$16,$L47:$X47,#REF!))) -> 0 | ... AM47: =IF(ISERROR(LOOKUP(AM$16,$L47:$X47,#REF!)),0,(LOOKUP(AM$16,$L47:$X47,#REF!))) -> 0 | AO47: =U47-T47 -> 15 | AP47: 46244 | AQ47: 46248 | AR47: 46248 | AS47: 14 | AW47: #REF!
C48: =C47 -> RFQ-011 | D48: =D47 -> Closed Drain Sump Vessel | G48: =G47 -> Y | I48: =I47 -> LA | J48: Forecast | K48: 46183 | L48: 46184 | M48: 46189 | N48: 46190 | O48: 46195 | R48: 46209 | S48: 46237 | T48: 46240 | U48: 46255 | V48: 46262 | X48: 46437 | AC48: =IF(ISERROR(LOOKUP(AC$16,$L48:$X48,#REF!)),0,(LOOKUP(AC$16,$L48:$X48,#REF!))) -> 0 | AD48: =IF(ISERROR(LOOKUP(AD$16,$L48:$X48,#REF!)),0,(LOOKUP(AD$16,$L48:$X48,#REF!))) -> 0 | AE48: =IF(ISERROR(LOOKUP(AE$16,$L48:$X48,#REF!)),0,(LOOKUP(AE$16,$L48:$X48,#REF!))) -> 0 | AF48: =IF(ISERROR(LOOKUP(AF$16,$L48:$X48,#REF!)),0,(LOOKUP(AF$16,$L48:$X48,#REF!))) -> 0 | AG48: =IF(ISERROR(LOOKUP(AG$16,$L48:$X48,#REF!)),0,(LOOKUP(AG$16,$L48:$X48,#REF!))) -> 0 | AH48: =IF(ISERROR(LOOKUP(AH$16,$L48:$X48,#REF!)),0,(LOOKUP(AH$16,$L48:$X48,#REF!))) -> 0 | AI48: =IF(ISERROR(LOOKUP(AI$16,$L48:$X48,#REF!)),0,(LOOKUP(AI$16,$L48:$X48,#REF!))) -> 0 | AJ48: =IF(ISERROR(LOOKUP(AJ$16,$L48:$X48,#REF!)),0,(LOOKUP(AJ$16,$L48:$X48,#REF!))) -> 0 | ... AM48: =IF(ISERROR(LOOKUP(AM$16,$L48:$X48,#REF!)),0,(LOOKUP(AM$16,$L48:$X48,#REF!))) -> 0 | AO48: =U48-T48 -> 15 | AP48: 46244 | AQ48: 46248 | AR48: 46255 | AW48: #REF!
C49: =C47 -> RFQ-011 | D49: =D47 -> Closed Drain Sump Vessel | G49: =G47 -> Y | I49: =I47 -> LA | J49: Actual | AC49: =IF(ISERROR(LOOKUP(AC$16,$L49:$X49,#REF!)),0,(LOOKUP(AC$16,$L49:$X49,#REF!))) -> 0 | AD49: =IF(ISERROR(LOOKUP(AD$16,$L49:$X49,#REF!)),0,(LOOKUP(AD$16,$L49:$X49,#REF!))) -> 0 | AE49: =IF(ISERROR(LOOKUP(AE$16,$L49:$X49,#REF!)),0,(LOOKUP(AE$16,$L49:$X49,#REF!))) -> 0 | AF49: =IF(ISERROR(LOOKUP(AF$16,$L49:$X49,#REF!)),0,(LOOKUP(AF$16,$L49:$X49,#REF!))) -> 0 | AG49: =IF(ISERROR(LOOKUP(AG$16,$L49:$X49,#REF!)),0,(LOOKUP(AG$16,$L49:$X49,#REF!))) -> 0 | AH49: =IF(ISERROR(LOOKUP(AH$16,$L49:$X49,#REF!)),0,(LOOKUP(AH$16,$L49:$X49,#REF!))) -> 0 | AI49: =IF(ISERROR(LOOKUP(AI$16,$L49:$X49,#REF!)),0,(LOOKUP(AI$16,$L49:$X49,#REF!))) -> 0 | AJ49: =IF(ISERROR(LOOKUP(AJ$16,$L49:$X49,#REF!)),0,(LOOKUP(AJ$16,$L49:$X49,#REF!))) -> 0 | ... AM49: =IF(ISERROR(LOOKUP(AM$16,$L49:$X49,#REF!)),0,(LOOKUP(AM$16,$L49:$X49,#REF!))) -> 0 | AO49: =U49-T49 -> 0 | AW49: #REF!
A50: =A47+1 -> 12 | C50: RFQ-012 | D50: Storage Tote Tank | F50: Mechanical | G50: =IF(_xlfn.XLOOKUP(C50,'[35]Before Award'!D:D,'[35]Before Award'!AV:AV,"N/A")="N/A","N","Y") -> N | I50: LA | J50: Plan | K50: 46204 | L50: 46205 | M50: 46210 | N50: 46211 | O50: 46216 | P50: =U50-L50 -> 71 | R50: 46230 | S50: 46258 | T50: 46261 | U50: 46276 | V50: 46283 | W50: 20 | X50: 46416 | Y50: =W50*7 -> 140 | Z50: 46416 | AA50: 46416 | AB50: =Z50-X51 -> 0 | AC50: =IF(ISERROR(LOOKUP(AC$16,$L50:$X50,#REF!)),0,(LOOKUP(AC$16,$L50:$X50,#REF!))) -> 0 | AD50: =IF(ISERROR(LOOKUP(AD$16,$L50:$X50,#REF!)),0,(LOOKUP(AD$16,$L50:$X50,#REF!))) -> 0 | AE50: =IF(ISERROR(LOOKUP(AE$16,$L50:$X50,#REF!)),0,(LOOKUP(AE$16,$L50:$X50,#REF!))) -> 0 | AF50: =IF(ISERROR(LOOKUP(AF$16,$L50:$X50,#REF!)),0,(LOOKUP(AF$16,$L50:$X50,#REF!))) -> 0 | AG50: =IF(ISERROR(LOOKUP(AG$16,$L50:$X50,#REF!)),0,(LOOKUP(AG$16,$L50:$X50,#REF!))) -> 0 | AH50: =IF(ISERROR(LOOKUP(AH$16,$L50:$X50,#REF!)),0,(LOOKUP(AH$16,$L50:$X50,#REF!))) -> 0 | AI50: =IF(ISERROR(LOOKUP(AI$16,$L50:$X50,#REF!)),0,(LOOKUP(AI$16,$L50:$X50,#REF!))) -> 0 | AJ50: =IF(ISERROR(LOOKUP(AJ$16,$L50:$X50,#REF!)),0,(LOOKUP(AJ$16,$L50:$X50,#REF!))) -> 0 | ... AM50: =IF(ISERROR(LOOKUP(AM$16,$L50:$X50,#REF!)),0,(LOOKUP(AM$16,$L50:$X50,#REF!))) -> 0 | AO50: =U50-T50 -> 15 | AP50: 46265 | AQ50: 46269 | AR50: 46269 | AS50: 14 | AW50: #REF!
C51: =C50 -> RFQ-012 | D51: =D50 -> Storage Tote Tank | G51: =G50 -> N | I51: =I50 -> LA | J51: Forecast | K51: 46204 | L51: 46205 | M51: 46210 | N51: 46211 | O51: 46216 | R51: 46230 | S51: 46258 | T51: 46261 | U51: 46276 | V51: 46283 | X51: 46416 | AC51: =IF(ISERROR(LOOKUP(AC$16,$L51:$X51,#REF!)),0,(LOOKUP(AC$16,$L51:$X51,#REF!))) -> 0 | AD51: =IF(ISERROR(LOOKUP(AD$16,$L51:$X51,#REF!)),0,(LOOKUP(AD$16,$L51:$X51,#REF!))) -> 0 | AE51: =IF(ISERROR(LOOKUP(AE$16,$L51:$X51,#REF!)),0,(LOOKUP(AE$16,$L51:$X51,#REF!))) -> 0 | AF51: =IF(ISERROR(LOOKUP(AF$16,$L51:$X51,#REF!)),0,(LOOKUP(AF$16,$L51:$X51,#REF!))) -> 0 | AG51: =IF(ISERROR(LOOKUP(AG$16,$L51:$X51,#REF!)),0,(LOOKUP(AG$16,$L51:$X51,#REF!))) -> 0 | AH51: =IF(ISERROR(LOOKUP(AH$16,$L51:$X51,#REF!)),0,(LOOKUP(AH$16,$L51:$X51,#REF!))) -> 0 | AI51: =IF(ISERROR(LOOKUP(AI$16,$L51:$X51,#REF!)),0,(LOOKUP(AI$16,$L51:$X51,#REF!))) -> 0 | AJ51: =IF(ISERROR(LOOKUP(AJ$16,$L51:$X51,#REF!)),0,(LOOKUP(AJ$16,$L51:$X51,#REF!))) -> 0 | ... AM51: =IF(ISERROR(LOOKUP(AM$16,$L51:$X51,#REF!)),0,(LOOKUP(AM$16,$L51:$X51,#REF!))) -> 0 | AO51: =U51-T51 -> 15 | AP51: 46265 | AQ51: 46269 | AR51: 46276 | AW51: #REF!
C52: =C50 -> RFQ-012 | D52: =D50 -> Storage Tote Tank | G52: =G50 -> N | I52: =I50 -> LA | J52: Actual | AC52: =IF(ISERROR(LOOKUP(AC$16,$L52:$X52,#REF!)),0,(LOOKUP(AC$16,$L52:$X52,#REF!))) -> 0 | AD52: =IF(ISERROR(LOOKUP(AD$16,$L52:$X52,#REF!)),0,(LOOKUP(AD$16,$L52:$X52,#REF!))) -> 0 | AE52: =IF(ISERROR(LOOKUP(AE$16,$L52:$X52,#REF!)),0,(LOOKUP(AE$16,$L52:$X52,#REF!))) -> 0 | AF52: =IF(ISERROR(LOOKUP(AF$16,$L52:$X52,#REF!)),0,(LOOKUP(AF$16,$L52:$X52,#REF!))) -> 0 | AG52: =IF(ISERROR(LOOKUP(AG$16,$L52:$X52,#REF!)),0,(LOOKUP(AG$16,$L52:$X52,#REF!))) -> 0 | AH52: =IF(ISERROR(LOOKUP(AH$16,$L52:$X52,#REF!)),0,(LOOKUP(AH$16,$L52:$X52,#REF!))) -> 0 | AI52: =IF(ISERROR(LOOKUP(AI$16,$L52:$X52,#REF!)),0,(LOOKUP(AI$16,$L52:$X52,#REF!))) -> 0 | AJ52: =IF(ISERROR(LOOKUP(AJ$16,$L52:$X52,#REF!)),0,(LOOKUP(AJ$16,$L52:$X52,#REF!))) -> 0 | ... AM52: =IF(ISERROR(LOOKUP(AM$16,$L52:$X52,#REF!)),0,(LOOKUP(AM$16,$L52:$X52,#REF!))) -> 0 | AO52: =U52-T52 -> 0 | AW52: #REF!
A53: =A50+1 -> 13 | C53: RFQ-013 | D53: Storage Tank | F53: Mechanical | G53: =IF(_xlfn.XLOOKUP(C53,'[35]Before Award'!D:D,'[35]Before Award'!AV:AV,"N/A")="N/A","N","Y") -> N | I53: LA | J53: Plan | K53: 46240 | L53: 46241 | M53: 46246 | N53: 46247 | O53: 46252 | P53: =U53-L53 -> 73 | R53: 46266 | S53: 46294 | T53: 46297 | U53: 46314 | V53: 46321 | W53: 20 | X53: 46454 | Y53: =W53*7 -> 140 | Z53: 46454 | AA53: 46416 | AB53: =Z53-X54 -> 0 | AC53: =IF(ISERROR(LOOKUP(AC$16,$L53:$X53,#REF!)),0,(LOOKUP(AC$16,$L53:$X53,#REF!))) -> 0 | AD53: =IF(ISERROR(LOOKUP(AD$16,$L53:$X53,#REF!)),0,(LOOKUP(AD$16,$L53:$X53,#REF!))) -> 0 | AE53: =IF(ISERROR(LOOKUP(AE$16,$L53:$X53,#REF!)),0,(LOOKUP(AE$16,$L53:$X53,#REF!))) -> 0 | AF53: =IF(ISERROR(LOOKUP(AF$16,$L53:$X53,#REF!)),0,(LOOKUP(AF$16,$L53:$X53,#REF!))) -> 0 | AG53: =IF(ISERROR(LOOKUP(AG$16,$L53:$X53,#REF!)),0,(LOOKUP(AG$16,$L53:$X53,#REF!))) -> 0 | AH53: =IF(ISERROR(LOOKUP(AH$16,$L53:$X53,#REF!)),0,(LOOKUP(AH$16,$L53:$X53,#REF!))) -> 0 | AI53: =IF(ISERROR(LOOKUP(AI$16,$L53:$X53,#REF!)),0,(LOOKUP(AI$16,$L53:$X53,#REF!))) -> 0 | AJ53: =IF(ISERROR(LOOKUP(AJ$16,$L53:$X53,#REF!)),0,(LOOKUP(AJ$16,$L53:$X53,#REF!))) -> 0 | ... AM53: =IF(ISERROR(LOOKUP(AM$16,$L53:$X53,#REF!)),0,(LOOKUP(AM$16,$L53:$X53,#REF!))) -> 0 | AO53: =U53-T53 -> 17 | AP53: 46301 | AQ53: 46307 | AR53: 46307 | AS53: 14 | AW53: #REF!
C54: =C53 -> RFQ-013 | D54: =D53 -> Storage Tank | G54: =G53 -> N | I54: =I53 -> LA | J54: Forecast | K54: 46240 | L54: 46241 | M54: 46246 | N54: 46247 | O54: 46252 | R54: 46266 | S54: 46294 | T54: 46297 | U54: 46314 | V54: 46321 | X54: 46454 | AC54: =IF(ISERROR(LOOKUP(AC$16,$L54:$X54,#REF!)),0,(LOOKUP(AC$16,$L54:$X54,#REF!))) -> 0 | AD54: =IF(ISERROR(LOOKUP(AD$16,$L54:$X54,#REF!)),0,(LOOKUP(AD$16,$L54:$X54,#REF!))) -> 0 | AE54: =IF(ISERROR(LOOKUP(AE$16,$L54:$X54,#REF!)),0,(LOOKUP(AE$16,$L54:$X54,#REF!))) -> 0 | AF54: =IF(ISERROR(LOOKUP(AF$16,$L54:$X54,#REF!)),0,(LOOKUP(AF$16,$L54:$X54,#REF!))) -> 0 | AG54: =IF(ISERROR(LOOKUP(AG$16,$L54:$X54,#REF!)),0,(LOOKUP(AG$16,$L54:$X54,#REF!))) -> 0 | AH54: =IF(ISERROR(LOOKUP(AH$16,$L54:$X54,#REF!)),0,(LOOKUP(AH$16,$L54:$X54,#REF!))) -> 0 | AI54: =IF(ISERROR(LOOKUP(AI$16,$L54:$X54,#REF!)),0,(LOOKUP(AI$16,$L54:$X54,#REF!))) -> 0 | AJ54: =IF(ISERROR(LOOKUP(AJ$16,$L54:$X54,#REF!)),0,(LOOKUP(AJ$16,$L54:$X54,#REF!))) -> 0 | ... AM54: =IF(ISERROR(LOOKUP(AM$16,$L54:$X54,#REF!)),0,(LOOKUP(AM$16,$L54:$X54,#REF!))) -> 0 | AO54: =U54-T54 -> 17 | AP54: 46301 | AQ54: 46307 | AR54: 46314 | AW54: #REF!
C55: =C53 -> RFQ-013 | D55: =D53 -> Storage Tank | G55: =G53 -> N | I55: =I53 -> LA | J55: Actual | AC55: =IF(ISERROR(LOOKUP(AC$16,$L55:$X55,#REF!)),0,(LOOKUP(AC$16,$L55:$X55,#REF!))) -> 0 | AD55: =IF(ISERROR(LOOKUP(AD$16,$L55:$X55,#REF!)),0,(LOOKUP(AD$16,$L55:$X55,#REF!))) -> 0 | AE55: =IF(ISERROR(LOOKUP(AE$16,$L55:$X55,#REF!)),0,(LOOKUP(AE$16,$L55:$X55,#REF!))) -> 0 | AF55: =IF(ISERROR(LOOKUP(AF$16,$L55:$X55,#REF!)),0,(LOOKUP(AF$16,$L55:$X55,#REF!))) -> 0 | AG55: =IF(ISERROR(LOOKUP(AG$16,$L55:$X55,#REF!)),0,(LOOKUP(AG$16,$L55:$X55,#REF!))) -> 0 | AH55: =IF(ISERROR(LOOKUP(AH$16,$L55:$X55,#REF!)),0,(LOOKUP(AH$16,$L55:$X55,#REF!))) -> 0 | AI55: =IF(ISERROR(LOOKUP(AI$16,$L55:$X55,#REF!)),0,(LOOKUP(AI$16,$L55:$X55,#REF!))) -> 0 | AJ55: =IF(ISERROR(LOOKUP(AJ$16,$L55:$X55,#REF!)),0,(LOOKUP(AJ$16,$L55:$X55,#REF!))) -> 0 | ... AM55: =IF(ISERROR(LOOKUP(AM$16,$L55:$X55,#REF!)),0,(LOOKUP(AM$16,$L55:$X55,#REF!))) -> 0 | AO55: =U55-T55 -> 0 | AW55: #REF!
A56: =A53+1 -> 14 | C56: RFQ-014 | D56: Closed Drain Sump Pump | F56: Mechanical | G56: =IF(_xlfn.XLOOKUP(C56,'[35]Before Award'!D:D,'[35]Before Award'!AV:AV,"N/A")="N/A","N","Y") -> N | I56: LA | J56: Plan | K56: =WORKDAY(L56,-INDEX(L$12:L$15,MATCH($I56,$I$12:$I$15,0))) -> 46133 | L56: =WORKDAY(M56,-INDEX(M$12:M$15,MATCH($I56,$I$12:$I$15,0))) -> 46134 | M56: =WORKDAY(N56,-INDEX(N$12:N$15,MATCH($I56,$I$12:$I$15,0))) -> 46141 | N56: =WORKDAY(O56,-INDEX(O$12:O$15,MATCH($I56,$I$12:$I$15,0))) -> 46142 | O56: =WORKDAY(R56,-INDEX(R$12:R$15,MATCH($I56,$I$12:$I$15,0))) -> 46149 | P56: =U56-L56 -> 76 | R56: =WORKDAY(S56,-INDEX(S$12:S$15,MATCH($I56,$I$12:$I$15,0))) -> 46163 | S56: =WORKDAY(T56,-INDEX(T$12:T$15,MATCH($I56,$I$12:$I$15,0))) -> 46191 | T56: =WORKDAY(U56,-INDEX(U$12:U$15,MATCH($I56,$I$12:$I$15,0))) -> 46196 | U56: =X56-Y56 -> 46210 | V56: =WORKDAY(U56,INDEX(V$12:V$15,MATCH($I56,$I$12:$I$15,0))) -> 46212 | W56: =Y56/7 -> 32 | X56: =Z56 -> 46434 | Y56: =32*7 -> 224 | Z56: 46434 | AA56: 46386 | AB56: =Z56-X57 -> 0 | AC56: =IF(ISERROR(LOOKUP(AC$16,$L56:$X56,#REF!)),0,(LOOKUP(AC$16,$L56:$X56,#REF!))) -> 0 | AD56: =IF(ISERROR(LOOKUP(AD$16,$L56:$X56,#REF!)),0,(LOOKUP(AD$16,$L56:$X56,#REF!))) -> 0 | AE56: =IF(ISERROR(LOOKUP(AE$16,$L56:$X56,#REF!)),0,(LOOKUP(AE$16,$L56:$X56,#REF!))) -> 0 | AF56: =IF(ISERROR(LOOKUP(AF$16,$L56:$X56,#REF!)),0,(LOOKUP(AF$16,$L56:$X56,#REF!))) -> 0 | AG56: =IF(ISERROR(LOOKUP(AG$16,$L56:$X56,#REF!)),0,(LOOKUP(AG$16,$L56:$X56,#REF!))) -> 0 | AH56: =IF(ISERROR(LOOKUP(AH$16,$L56:$X56,#REF!)),0,(LOOKUP(AH$16,$L56:$X56,#REF!))) -> 0 | AI56: =IF(ISERROR(LOOKUP(AI$16,$L56:$X56,#REF!)),0,(LOOKUP(AI$16,$L56:$X56,#REF!))) -> 0 | AJ56: =IF(ISERROR(LOOKUP(AJ$16,$L56:$X56,#REF!)),0,(LOOKUP(AJ$16,$L56:$X56,#REF!))) -> 0 | ... AM56: =IF(ISERROR(LOOKUP(AM$16,$L56:$X56,#REF!)),0,(LOOKUP(AM$16,$L56:$X56,#REF!))) -> 0 | AO56: =U56-T56 -> 14 | AP56: =WORKDAY(AQ56,-INDEX(AQ$12:AQ$15,MATCH($I56,$I$12:$I$15,0)),$AW$17:$AW$148) -> #REF! | AQ56: =WORKDAY(U56,-INDEX(U$12:U$15,MATCH($I56,$I$12:$I$15,0)),$AW$17:$AW$148) -> #REF! | AR56: =WORKDAY(U56,-INDEX(U$12:U$15,MATCH($I56,$I$12:$I$15,0)),$AW$17:$AW$148) -> #REF! | AS56: 14 | AW56: #REF!
C57: =C56 -> RFQ-014 | D57: =D56 -> Closed Drain Sump Pump | G57: =G56 -> N | I57: =I56 -> LA | J57: Forecast | K57: =K56 -> 46133 | L57: =WORKDAY(IF(K58="",K57,K58),INDEX(L$12:L$15,MATCH($I56,$I$12:$I$15,0))) -> 46134 | M57: =WORKDAY(IF(L58="",L57,L58),INDEX(M$12:M$15,MATCH($I56,$I$12:$I$15,0))) -> 46141 | N57: =WORKDAY(IF(M58="",M57,M58),INDEX(N$12:N$15,MATCH($I56,$I$12:$I$15,0))) -> 46142 | O57: =WORKDAY(IF(N58="",N57,N58),INDEX(O$12:O$15,MATCH($I56,$I$12:$I$15,0))) -> 46149 | R57: =WORKDAY(IF(O58="",O57,O58),INDEX(R$12:R$15,MATCH($I56,$I$12:$I$15,0))) -> 46163 | S57: =WORKDAY(IF(R58="",R57,R58),INDEX(S$12:S$15,MATCH($I56,$I$12:$I$15,0))) -> 46191 | T57: =WORKDAY(IF(S58="",S57,S58),INDEX(T$12:T$15,MATCH($I56,$I$12:$I$15,0))) -> 46196 | U57: =WORKDAY(IF(T58="",T57,T58),INDEX(U$12:U$15,MATCH($I56,$I$12:$I$15,0))) -> 46210 | V57: =WORKDAY(IF(U58="",U57,U58),INDEX(V$12:V$15,MATCH($I56,$I$12:$I$15,0))) -> 46212 | X57: =U57+Y56 -> 46434 | AC57: =IF(ISERROR(LOOKUP(AC$16,$L57:$X57,#REF!)),0,(LOOKUP(AC$16,$L57:$X57,#REF!))) -> 0 | AD57: =IF(ISERROR(LOOKUP(AD$16,$L57:$X57,#REF!)),0,(LOOKUP(AD$16,$L57:$X57,#REF!))) -> 0 | AE57: =IF(ISERROR(LOOKUP(AE$16,$L57:$X57,#REF!)),0,(LOOKUP(AE$16,$L57:$X57,#REF!))) -> 0 | AF57: =IF(ISERROR(LOOKUP(AF$16,$L57:$X57,#REF!)),0,(LOOKUP(AF$16,$L57:$X57,#REF!))) -> 0 | AG57: =IF(ISERROR(LOOKUP(AG$16,$L57:$X57,#REF!)),0,(LOOKUP(AG$16,$L57:$X57,#REF!))) -> 0 | AH57: =IF(ISERROR(LOOKUP(AH$16,$L57:$X57,#REF!)),0,(LOOKUP(AH$16,$L57:$X57,#REF!))) -> 0 | AI57: =IF(ISERROR(LOOKUP(AI$16,$L57:$X57,#REF!)),0,(LOOKUP(AI$16,$L57:$X57,#REF!))) -> 0 | AJ57: =IF(ISERROR(LOOKUP(AJ$16,$L57:$X57,#REF!)),0,(LOOKUP(AJ$16,$L57:$X57,#REF!))) -> 0 | ... AM57: =IF(ISERROR(LOOKUP(AM$16,$L57:$X57,#REF!)),0,(LOOKUP(AM$16,$L57:$X57,#REF!))) -> 0 | AO57: =U57-T57 -> 14 | AP57: =WORKDAY(IF(T58="",T57,T58),INDEX(AP$12:AP$15,MATCH($I56,$I$12:$I$15,0)),$AW$17:$AW$148) -> #REF! | AQ57: =WORKDAY(IF(AP58="",AP57,AP58),INDEX(AQ$12:AQ$15,MATCH($I56,$I$12:$I$15,0)),$AW$17:$AW$148) -> #REF! | AR57: =WORKDAY(IF(AQ58="",AQ57,AQ58),INDEX(AR$12:AR$15,MATCH($I56,$I$12:$I$15,0)),$AW$17:$AW$148) -> #REF! | AW57: #REF!
C58: =C56 -> RFQ-014 | D58: =D56 -> Closed Drain Sump Pump | G58: =G56 -> N | I58: =I56 -> LA | J58: Actual | AC58: =IF(ISERROR(LOOKUP(AC$16,$L58:$X58,#REF!)),0,(LOOKUP(AC$16,$L58:$X58,#REF!))) -> 0 | AD58: =IF(ISERROR(LOOKUP(AD$16,$L58:$X58,#REF!)),0,(LOOKUP(AD$16,$L58:$X58,#REF!))) -> 0 | AE58: =IF(ISERROR(LOOKUP(AE$16,$L58:$X58,#REF!)),0,(LOOKUP(AE$16,$L58:$X58,#REF!))) -> 0 | AF58: =IF(ISERROR(LOOKUP(AF$16,$L58:$X58,#REF!)),0,(LOOKUP(AF$16,$L58:$X58,#REF!))) -> 0 | AG58: =IF(ISERROR(LOOKUP(AG$16,$L58:$X58,#REF!)),0,(LOOKUP(AG$16,$L58:$X58,#REF!))) -> 0 | AH58: =IF(ISERROR(LOOKUP(AH$16,$L58:$X58,#REF!)),0,(LOOKUP(AH$16,$L58:$X58,#REF!))) -> 0 | AI58: =IF(ISERROR(LOOKUP(AI$16,$L58:$X58,#REF!)),0,(LOOKUP(AI$16,$L58:$X58,#REF!))) -> 0 | AJ58: =IF(ISERROR(LOOKUP(AJ$16,$L58:$X58,#REF!)),0,(LOOKUP(AJ$16,$L58:$X58,#REF!))) -> 0 | ... AM58: =IF(ISERROR(LOOKUP(AM$16,$L58:$X58,#REF!)),0,(LOOKUP(AM$16,$L58:$X58,#REF!))) -> 0 | AO58: =U58-T58 -> 0 | AW58: #REF!
A59: =A56+1 -> 15 | C59: RFQ-015 | D59: Diesel Transfer Pump | F59: Mechanical | G59: N | I59: LA | J59: Plan | K59: =WORKDAY(L59,-INDEX(L$12:L$15,MATCH($I59,$I$12:$I$15,0))) -> 46220 | L59: =WORKDAY(M59,-INDEX(M$12:M$15,MATCH($I59,$I$12:$I$15,0))) -> 46223 | M59: =WORKDAY(N59,-INDEX(N$12:N$15,MATCH($I59,$I$12:$I$15,0))) -> 46230 | N59: =WORKDAY(O59,-INDEX(O$12:O$15,MATCH($I59,$I$12:$I$15,0))) -> 46231 | O59: =WORKDAY(R59,-INDEX(R$12:R$15,MATCH($I59,$I$12:$I$15,0))) -> 46238 | P59: =U59-L59 -> 74 | R59: =WORKDAY(S59,-INDEX(S$12:S$15,MATCH($I59,$I$12:$I$15,0))) -> 46252 | S59: =WORKDAY(T59,-INDEX(T$12:T$15,MATCH($I59,$I$12:$I$15,0))) -> 46280 | T59: =WORKDAY(U59,-INDEX(U$12:U$15,MATCH($I59,$I$12:$I$15,0))) -> 46283 | U59: =X59-Y59 -> 46297 | V59: =WORKDAY(U59,INDEX(V$12:V$15,MATCH($I59,$I$12:$I$15,0))) -> 46301 | W59: =Y59/7 -> 32 | X59: =Z59 -> 46521 | Y59: =32*7 -> 224 | Z59: 46521 | AA59: 46521 | AB59: =Z59-X60 -> 0 | AC59: =IF(ISERROR(LOOKUP(AC$16,$L59:$X59,#REF!)),0,(LOOKUP(AC$16,$L59:$X59,#REF!))) -> 0 | AD59: =IF(ISERROR(LOOKUP(AD$16,$L59:$X59,#REF!)),0,(LOOKUP(AD$16,$L59:$X59,#REF!))) -> 0 | AE59: =IF(ISERROR(LOOKUP(AE$16,$L59:$X59,#REF!)),0,(LOOKUP(AE$16,$L59:$X59,#REF!))) -> 0 | AF59: =IF(ISERROR(LOOKUP(AF$16,$L59:$X59,#REF!)),0,(LOOKUP(AF$16,$L59:$X59,#REF!))) -> 0 | AG59: =IF(ISERROR(LOOKUP(AG$16,$L59:$X59,#REF!)),0,(LOOKUP(AG$16,$L59:$X59,#REF!))) -> 0 | AH59: =IF(ISERROR(LOOKUP(AH$16,$L59:$X59,#REF!)),0,(LOOKUP(AH$16,$L59:$X59,#REF!))) -> 0 | AI59: =IF(ISERROR(LOOKUP(AI$16,$L59:$X59,#REF!)),0,(LOOKUP(AI$16,$L59:$X59,#REF!))) -> 0 | AJ59: =IF(ISERROR(LOOKUP(AJ$16,$L59:$X59,#REF!)),0,(LOOKUP(AJ$16,$L59:$X59,#REF!))) -> 0 | ... AM59: =IF(ISERROR(LOOKUP(AM$16,$L59:$X59,#REF!)),0,(LOOKUP(AM$16,$L59:$X59,#REF!))) -> 0 | AO59: =U59-T59 -> 14 | AP59: =WORKDAY(AQ59,-INDEX(AQ$12:AQ$15,MATCH($I59,$I$12:$I$15,0)),$AW$17:$AW$148) -> #REF! | AQ59: =WORKDAY(U59,-INDEX(U$12:U$15,MATCH($I59,$I$12:$I$15,0)),$AW$17:$AW$148) -> #REF! | AR59: =WORKDAY(U59,-INDEX(U$12:U$15,MATCH($I59,$I$12:$I$15,0)),$AW$17:$AW$148) -> #REF! | AS59: 14 | AW59: #REF!
C60: =C59 -> RFQ-015 | D60: =D59 -> Diesel Transfer Pump | G60: =G59 -> N | I60: =I59 -> LA | J60: Forecast | K60: =K59 -> 46220 | L60: =WORKDAY(IF(K61="",K60,K61),INDEX(L$12:L$15,MATCH($I59,$I$12:$I$15,0))) -> 46223 | M60: =WORKDAY(IF(L61="",L60,L61),INDEX(M$12:M$15,MATCH($I59,$I$12:$I$15,0))) -> 46230 | N60: =WORKDAY(IF(M61="",M60,M61),INDEX(N$12:N$15,MATCH($I59,$I$12:$I$15,0))) -> 46231 | O60: =WORKDAY(IF(N61="",N60,N61),INDEX(O$12:O$15,MATCH($I59,$I$12:$I$15,0))) -> 46238 | R60: =WORKDAY(IF(O61="",O60,O61),INDEX(R$12:R$15,MATCH($I59,$I$12:$I$15,0))) -> 46252 | S60: =WORKDAY(IF(R61="",R60,R61),INDEX(S$12:S$15,MATCH($I59,$I$12:$I$15,0))) -> 46280 | T60: =WORKDAY(IF(S61="",S60,S61),INDEX(T$12:T$15,MATCH($I59,$I$12:$I$15,0))) -> 46283 | U60: =WORKDAY(IF(T61="",T60,T61),INDEX(U$12:U$15,MATCH($I59,$I$12:$I$15,0))) -> 46297 | V60: =WORKDAY(IF(U61="",U60,U61),INDEX(V$12:V$15,MATCH($I59,$I$12:$I$15,0))) -> 46301 | X60: =U60+Y59 -> 46521 | AC60: =IF(ISERROR(LOOKUP(AC$16,$L60:$X60,#REF!)),0,(LOOKUP(AC$16,$L60:$X60,#REF!))) -> 0 | AD60: =IF(ISERROR(LOOKUP(AD$16,$L60:$X60,#REF!)),0,(LOOKUP(AD$16,$L60:$X60,#REF!))) -> 0 | AE60: =IF(ISERROR(LOOKUP(AE$16,$L60:$X60,#REF!)),0,(LOOKUP(AE$16,$L60:$X60,#REF!))) -> 0 | AF60: =IF(ISERROR(LOOKUP(AF$16,$L60:$X60,#REF!)),0,(LOOKUP(AF$16,$L60:$X60,#REF!))) -> 0 | AG60: =IF(ISERROR(LOOKUP(AG$16,$L60:$X60,#REF!)),0,(LOOKUP(AG$16,$L60:$X60,#REF!))) -> 0 | AH60: =IF(ISERROR(LOOKUP(AH$16,$L60:$X60,#REF!)),0,(LOOKUP(AH$16,$L60:$X60,#REF!))) -> 0 | AI60: =IF(ISERROR(LOOKUP(AI$16,$L60:$X60,#REF!)),0,(LOOKUP(AI$16,$L60:$X60,#REF!))) -> 0 | AJ60: =IF(ISERROR(LOOKUP(AJ$16,$L60:$X60,#REF!)),0,(LOOKUP(AJ$16,$L60:$X60,#REF!))) -> 0 | ... AM60: =IF(ISERROR(LOOKUP(AM$16,$L60:$X60,#REF!)),0,(LOOKUP(AM$16,$L60:$X60,#REF!))) -> 0 | AO60: =U60-T60 -> 14 | AP60: =WORKDAY(IF(T61="",T60,T61),INDEX(AP$12:AP$15,MATCH($I59,$I$12:$I$15,0)),$AW$17:$AW$148) -> #REF! | AQ60: =WORKDAY(IF(AP61="",AP60,AP61),INDEX(AQ$12:AQ$15,MATCH($I59,$I$12:$I$15,0)),$AW$17:$AW$148) -> #REF! | AR60: =WORKDAY(IF(AQ61="",AQ60,AQ61),INDEX(AR$12:AR$15,MATCH($I59,$I$12:$I$15,0)),$AW$17:$AW$148) -> #REF! | AW60: #REF!
C61: =C59 -> RFQ-015 | D61: =D59 -> Diesel Transfer Pump | G61: =G59 -> N | I61: =I59 -> LA | J61: Actual | AC61: =IF(ISERROR(LOOKUP(AC$16,$L61:$X61,#REF!)),0,(LOOKUP(AC$16,$L61:$X61,#REF!))) -> 0 | AD61: =IF(ISERROR(LOOKUP(AD$16,$L61:$X61,#REF!)),0,(LOOKUP(AD$16,$L61:$X61,#REF!))) -> 0 | AE61: =IF(ISERROR(LOOKUP(AE$16,$L61:$X61,#REF!)),0,(LOOKUP(AE$16,$L61:$X61,#REF!))) -> 0 | AF61: =IF(ISERROR(LOOKUP(AF$16,$L61:$X61,#REF!)),0,(LOOKUP(AF$16,$L61:$X61,#REF!))) -> 0 | AG61: =IF(ISERROR(LOOKUP(AG$16,$L61:$X61,#REF!)),0,(LOOKUP(AG$16,$L61:$X61,#REF!))) -> 0 | AH61: =IF(ISERROR(LOOKUP(AH$16,$L61:$X61,#REF!)),0,(LOOKUP(AH$16,$L61:$X61,#REF!))) -> 0 | AI61: =IF(ISERROR(LOOKUP(AI$16,$L61:$X61,#REF!)),0,(LOOKUP(AI$16,$L61:$X61,#REF!))) -> 0 | AJ61: =IF(ISERROR(LOOKUP(AJ$16,$L61:$X61,#REF!)),0,(LOOKUP(AJ$16,$L61:$X61,#REF!))) -> 0 | ... AM61: =IF(ISERROR(LOOKUP(AM$16,$L61:$X61,#REF!)),0,(LOOKUP(AM$16,$L61:$X61,#REF!))) -> 0 | AO61: =U61-T61 -> 0 | AW61: #REF!
A62: =A59+1 -> 16 | C62: RFQ-016 | D62: Open Drain Caisson Pump | F62: Mechanical | G62: N | I62: LA | J62: Plan | K62: =WORKDAY(L62,-INDEX(L$12:L$15,MATCH($I62,$I$12:$I$15,0))) -> 46176 | L62: =WORKDAY(M62,-INDEX(M$12:M$15,MATCH($I62,$I$12:$I$15,0))) -> 46177 | M62: =WORKDAY(N62,-INDEX(N$12:N$15,MATCH($I62,$I$12:$I$15,0))) -> 46184 | N62: =WORKDAY(O62,-INDEX(O$12:O$15,MATCH($I62,$I$12:$I$15,0))) -> 46185 | O62: =WORKDAY(R62,-INDEX(R$12:R$15,MATCH($I62,$I$12:$I$15,0))) -> 46192 | P62: =U62-L62 -> 76 | R62: =WORKDAY(S62,-INDEX(S$12:S$15,MATCH($I62,$I$12:$I$15,0))) -> 46206 | S62: =WORKDAY(T62,-INDEX(T$12:T$15,MATCH($I62,$I$12:$I$15,0))) -> 46234 | T62: =WORKDAY(U62,-INDEX(U$12:U$15,MATCH($I62,$I$12:$I$15,0))) -> 46239 | U62: =X62-Y62 -> 46253 | V62: =WORKDAY(U62,INDEX(V$12:V$15,MATCH($I62,$I$12:$I$15,0))) -> 46255 | W62: =Y62/7 -> 32 | X62: =Z62 -> 46477 | Y62: =32*7 -> 224 | Z62: 46477 | AA62: 46477 | AB62: =Z62-X63 -> 0 | AC62: =IF(ISERROR(LOOKUP(AC$16,$L62:$X62,#REF!)),0,(LOOKUP(AC$16,$L62:$X62,#REF!))) -> 0 | AD62: =IF(ISERROR(LOOKUP(AD$16,$L62:$X62,#REF!)),0,(LOOKUP(AD$16,$L62:$X62,#REF!))) -> 0 | AE62: =IF(ISERROR(LOOKUP(AE$16,$L62:$X62,#REF!)),0,(LOOKUP(AE$16,$L62:$X62,#REF!))) -> 0 | AF62: =IF(ISERROR(LOOKUP(AF$16,$L62:$X62,#REF!)),0,(LOOKUP(AF$16,$L62:$X62,#REF!))) -> 0 | AG62: =IF(ISERROR(LOOKUP(AG$16,$L62:$X62,#REF!)),0,(LOOKUP(AG$16,$L62:$X62,#REF!))) -> 0 | AH62: =IF(ISERROR(LOOKUP(AH$16,$L62:$X62,#REF!)),0,(LOOKUP(AH$16,$L62:$X62,#REF!))) -> 0 | AI62: =IF(ISERROR(LOOKUP(AI$16,$L62:$X62,#REF!)),0,(LOOKUP(AI$16,$L62:$X62,#REF!))) -> 0 | AJ62: =IF(ISERROR(LOOKUP(AJ$16,$L62:$X62,#REF!)),0,(LOOKUP(AJ$16,$L62:$X62,#REF!))) -> 0 | ... AM62: =IF(ISERROR(LOOKUP(AM$16,$L62:$X62,#REF!)),0,(LOOKUP(AM$16,$L62:$X62,#REF!))) -> 0 | AO62: =U62-T62 -> 14 | AP62: =WORKDAY(AQ62,-INDEX(AQ$12:AQ$15,MATCH($I62,$I$12:$I$15,0)),$AW$17:$AW$148) -> #REF! | AQ62: =WORKDAY(U62,-INDEX(U$12:U$15,MATCH($I62,$I$12:$I$15,0)),$AW$17:$AW$148) -> #REF! | AR62: =WORKDAY(U62,-INDEX(U$12:U$15,MATCH($I62,$I$12:$I$15,0)),$AW$17:$AW$148) -> #REF! | AS62: 14 | AW62: #REF!
C63: =C62 -> RFQ-016 | D63: =D62 -> Open Drain Caisson Pump | G63: =G62 -> N | I63: =I62 -> LA | J63: Forecast | K63: =K62 -> 46176 | L63: =WORKDAY(IF(K64="",K63,K64),INDEX(L$12:L$15,MATCH($I62,$I$12:$I$15,0))) -> 46177 | M63: =WORKDAY(IF(L64="",L63,L64),INDEX(M$12:M$15,MATCH($I62,$I$12:$I$15,0))) -> 46184 | N63: =WORKDAY(IF(M64="",M63,M64),INDEX(N$12:N$15,MATCH($I62,$I$12:$I$15,0))) -> 46185 | O63: =WORKDAY(IF(N64="",N63,N64),INDEX(O$12:O$15,MATCH($I62,$I$12:$I$15,0))) -> 46192 | R63: =WORKDAY(IF(O64="",O63,O64),INDEX(R$12:R$15,MATCH($I62,$I$12:$I$15,0))) -> 46206 | S63: =WORKDAY(IF(R64="",R63,R64),INDEX(S$12:S$15,MATCH($I62,$I$12:$I$15,0))) -> 46234 | T63: =WORKDAY(IF(S64="",S63,S64),INDEX(T$12:T$15,MATCH($I62,$I$12:$I$15,0))) -> 46239 | U63: =WORKDAY(IF(T64="",T63,T64),INDEX(U$12:U$15,MATCH($I62,$I$12:$I$15,0))) -> 46253 | V63: =WORKDAY(IF(U64="",U63,U64),INDEX(V$12:V$15,MATCH($I62,$I$12:$I$15,0))) -> 46255 | X63: =U63+Y62 -> 46477 | AC63: =IF(ISERROR(LOOKUP(AC$16,$L63:$X63,#REF!)),0,(LOOKUP(AC$16,$L63:$X63,#REF!))) -> 0 | AD63: =IF(ISERROR(LOOKUP(AD$16,$L63:$X63,#REF!)),0,(LOOKUP(AD$16,$L63:$X63,#REF!))) -> 0 | AE63: =IF(ISERROR(LOOKUP(AE$16,$L63:$X63,#REF!)),0,(LOOKUP(AE$16,$L63:$X63,#REF!))) -> 0 | AF63: =IF(ISERROR(LOOKUP(AF$16,$L63:$X63,#REF!)),0,(LOOKUP(AF$16,$L63:$X63,#REF!))) -> 0 | AG63: =IF(ISERROR(LOOKUP(AG$16,$L63:$X63,#REF!)),0,(LOOKUP(AG$16,$L63:$X63,#REF!))) -> 0 | AH63: =IF(ISERROR(LOOKUP(AH$16,$L63:$X63,#REF!)),0,(LOOKUP(AH$16,$L63:$X63,#REF!))) -> 0 | AI63: =IF(ISERROR(LOOKUP(AI$16,$L63:$X63,#REF!)),0,(LOOKUP(AI$16,$L63:$X63,#REF!))) -> 0 | AJ63: =IF(ISERROR(LOOKUP(AJ$16,$L63:$X63,#REF!)),0,(LOOKUP(AJ$16,$L63:$X63,#REF!))) -> 0 | ... AM63: =IF(ISERROR(LOOKUP(AM$16,$L63:$X63,#REF!)),0,(LOOKUP(AM$16,$L63:$X63,#REF!))) -> 0 | AO63: =U63-T63 -> 14 | AP63: =WORKDAY(IF(T64="",T63,T64),INDEX(AP$12:AP$15,MATCH($I62,$I$12:$I$15,0)),$AW$17:$AW$148) -> #REF! | AQ63: =WORKDAY(IF(AP64="",AP63,AP64),INDEX(AQ$12:AQ$15,MATCH($I62,$I$12:$I$15,0)),$AW$17:$AW$148) -> #REF! | AR63: =WORKDAY(IF(AQ64="",AQ63,AQ64),INDEX(AR$12:AR$15,MATCH($I62,$I$12:$I$15,0)),$AW$17:$AW$148) -> #REF! | AW63: #REF!
C64: =C62 -> RFQ-016 | D64: =D62 -> Open Drain Caisson Pump | G64: =G62 -> N | I64: =I62 -> LA | J64: Actual | AC64: =IF(ISERROR(LOOKUP(AC$16,$L64:$X64,#REF!)),0,(LOOKUP(AC$16,$L64:$X64,#REF!))) -> 0 | AD64: =IF(ISERROR(LOOKUP(AD$16,$L64:$X64,#REF!)),0,(LOOKUP(AD$16,$L64:$X64,#REF!))) -> 0 | AE64: =IF(ISERROR(LOOKUP(AE$16,$L64:$X64,#REF!)),0,(LOOKUP(AE$16,$L64:$X64,#REF!))) -> 0 | AF64: =IF(ISERROR(LOOKUP(AF$16,$L64:$X64,#REF!)),0,(LOOKUP(AF$16,$L64:$X64,#REF!))) -> 0 | AG64: =IF(ISERROR(LOOKUP(AG$16,$L64:$X64,#REF!)),0,(LOOKUP(AG$16,$L64:$X64,#REF!))) -> 0 | AH64: =IF(ISERROR(LOOKUP(AH$16,$L64:$X64,#REF!)),0,(LOOKUP(AH$16,$L64:$X64,#REF!))) -> 0 | AI64: =IF(ISERROR(LOOKUP(AI$16,$L64:$X64,#REF!)),0,(LOOKUP(AI$16,$L64:$X64,#REF!))) -> 0 | AJ64: =IF(ISERROR(LOOKUP(AJ$16,$L64:$X64,#REF!)),0,(LOOKUP(AJ$16,$L64:$X64,#REF!))) -> 0 | ... AM64: =IF(ISERROR(LOOKUP(AM$16,$L64:$X64,#REF!)),0,(LOOKUP(AM$16,$L64:$X64,#REF!))) -> 0 | AO64: =U64-T64 -> 0 | AW64: #REF!
A65: =A62+1 -> 17 | C65: RFQ-017 | D65: DC Distribution Board | F65: Electrical | G65: N | I65: LB | J65: Plan | K65: =WORKDAY(L65,-INDEX(L$12:L$15,MATCH($I65,$I$12:$I$15,0))) -> 46190 | L65: =WORKDAY(M65,-INDEX(M$12:M$15,MATCH($I65,$I$12:$I$15,0))) -> 46191 | M65: =WORKDAY(N65,-INDEX(N$12:N$15,MATCH($I65,$I$12:$I$15,0))) -> 46198 | N65: =WORKDAY(O65,-INDEX(O$12:O$15,MATCH($I65,$I$12:$I$15,0))) -> 46199 | O65: =WORKDAY(R65,-INDEX(R$12:R$15,MATCH($I65,$I$12:$I$15,0))) -> 46206 | P65: =U65-L65 -> 76 | R65: =WORKDAY(S65,-INDEX(S$12:S$15,MATCH($I65,$I$12:$I$15,0))) -> 46220 | S65: =WORKDAY(T65,-INDEX(T$12:T$15,MATCH($I65,$I$12:$I$15,0))) -> 46248 | T65: =WORKDAY(U65,-INDEX(U$12:U$15,MATCH($I65,$I$12:$I$15,0))) -> 46253 | U65: =X65-Y65 -> 46267 | V65: =WORKDAY(U65,INDEX(V$12:V$15,MATCH($I65,$I$12:$I$15,0))) -> 46269 | W65: =Y65/7 -> 34 | X65: =Z65 -> 46505 | Y65: =34*7 -> 238 | Z65: 46505 | AA65: 46505 | AB65: =Z65-X66 -> 0 | AC65: =IF(ISERROR(LOOKUP(AC$16,$L65:$X65,#REF!)),0,(LOOKUP(AC$16,$L65:$X65,#REF!))) -> 0 | AD65: =IF(ISERROR(LOOKUP(AD$16,$L65:$X65,#REF!)),0,(LOOKUP(AD$16,$L65:$X65,#REF!))) -> 0 | AE65: =IF(ISERROR(LOOKUP(AE$16,$L65:$X65,#REF!)),0,(LOOKUP(AE$16,$L65:$X65,#REF!))) -> 0 | AF65: =IF(ISERROR(LOOKUP(AF$16,$L65:$X65,#REF!)),0,(LOOKUP(AF$16,$L65:$X65,#REF!))) -> 0 | AG65: =IF(ISERROR(LOOKUP(AG$16,$L65:$X65,#REF!)),0,(LOOKUP(AG$16,$L65:$X65,#REF!))) -> 0 | AH65: =IF(ISERROR(LOOKUP(AH$16,$L65:$X65,#REF!)),0,(LOOKUP(AH$16,$L65:$X65,#REF!))) -> 0 | AI65: =IF(ISERROR(LOOKUP(AI$16,$L65:$X65,#REF!)),0,(LOOKUP(AI$16,$L65:$X65,#REF!))) -> 0 | AJ65: =IF(ISERROR(LOOKUP(AJ$16,$L65:$X65,#REF!)),0,(LOOKUP(AJ$16,$L65:$X65,#REF!))) -> 0 | ... AM65: =IF(ISERROR(LOOKUP(AM$16,$L65:$X65,#REF!)),0,(LOOKUP(AM$16,$L65:$X65,#REF!))) -> 0 | AO65: =U65-T65 -> 14 | AP65: =WORKDAY(AQ65,-INDEX(AQ$12:AQ$15,MATCH($I65,$I$12:$I$15,0)),$AW$17:$AW$148) -> #REF! | AQ65: =WORKDAY(U65,-INDEX(U$12:U$15,MATCH($I65,$I$12:$I$15,0)),$AW$17:$AW$148) -> #REF! | AR65: =WORKDAY(U65,-INDEX(U$12:U$15,MATCH($I65,$I$12:$I$15,0)),$AW$17:$AW$148) -> #REF! | AS65: 14 | AW65: #REF!
C66: =C65 -> RFQ-017 | D66: =D65 -> DC Distribution Board | G66: =G65 -> N | I66: =I65 -> LB | J66: Forecast | K66: =K65 -> 46190 | L66: =WORKDAY(IF(K67="",K66,K67),INDEX(L$12:L$15,MATCH($I65,$I$12:$I$15,0))) -> 46191 | M66: =WORKDAY(IF(L67="",L66,L67),INDEX(M$12:M$15,MATCH($I65,$I$12:$I$15,0))) -> 46198 | N66: =WORKDAY(IF(M67="",M66,M67),INDEX(N$12:N$15,MATCH($I65,$I$12:$I$15,0))) -> 46199 | O66: =WORKDAY(IF(N67="",N66,N67),INDEX(O$12:O$15,MATCH($I65,$I$12:$I$15,0))) -> 46206 | R66: =WORKDAY(IF(O67="",O66,O67),INDEX(R$12:R$15,MATCH($I65,$I$12:$I$15,0))) -> 46220 | S66: =WORKDAY(IF(R67="",R66,R67),INDEX(S$12:S$15,MATCH($I65,$I$12:$I$15,0))) -> 46248 | T66: =WORKDAY(IF(S67="",S66,S67),INDEX(T$12:T$15,MATCH($I65,$I$12:$I$15,0))) -> 46253 | U66: =WORKDAY(IF(T67="",T66,T67),INDEX(U$12:U$15,MATCH($I65,$I$12:$I$15,0))) -> 46267 | V66: =WORKDAY(IF(U67="",U66,U67),INDEX(V$12:V$15,MATCH($I65,$I$12:$I$15,0))) -> 46269 | X66: =U66+Y65 -> 46505 | AC66: =IF(ISERROR(LOOKUP(AC$16,$L66:$X66,#REF!)),0,(LOOKUP(AC$16,$L66:$X66,#REF!))) -> 0 | AD66: =IF(ISERROR(LOOKUP(AD$16,$L66:$X66,#REF!)),0,(LOOKUP(AD$16,$L66:$X66,#REF!))) -> 0 | AE66: =IF(ISERROR(LOOKUP(AE$16,$L66:$X66,#REF!)),0,(LOOKUP(AE$16,$L66:$X66,#REF!))) -> 0 | AF66: =IF(ISERROR(LOOKUP(AF$16,$L66:$X66,#REF!)),0,(LOOKUP(AF$16,$L66:$X66,#REF!))) -> 0 | AG66: =IF(ISERROR(LOOKUP(AG$16,$L66:$X66,#REF!)),0,(LOOKUP(AG$16,$L66:$X66,#REF!))) -> 0 | AH66: =IF(ISERROR(LOOKUP(AH$16,$L66:$X66,#REF!)),0,(LOOKUP(AH$16,$L66:$X66,#REF!))) -> 0 | AI66: =IF(ISERROR(LOOKUP(AI$16,$L66:$X66,#REF!)),0,(LOOKUP(AI$16,$L66:$X66,#REF!))) -> 0 | AJ66: =IF(ISERROR(LOOKUP(AJ$16,$L66:$X66,#REF!)),0,(LOOKUP(AJ$16,$L66:$X66,#REF!))) -> 0 | ... AM66: =IF(ISERROR(LOOKUP(AM$16,$L66:$X66,#REF!)),0,(LOOKUP(AM$16,$L66:$X66,#REF!))) -> 0 | AO66: =U66-T66 -> 14 | AP66: =WORKDAY(IF(T67="",T66,T67),INDEX(AP$12:AP$15,MATCH($I65,$I$12:$I$15,0)),$AW$17:$AW$148) -> #REF! | AQ66: =WORKDAY(IF(AP67="",AP66,AP67),INDEX(AQ$12:AQ$15,MATCH($I65,$I$12:$I$15,0)),$AW$17:$AW$148) -> #REF! | AR66: =WORKDAY(IF(AQ67="",AQ66,AQ67),INDEX(AR$12:AR$15,MATCH($I65,$I$12:$I$15,0)),$AW$17:$AW$148) -> #REF! | AW66: #REF!
C67: =C65 -> RFQ-017 | D67: =D65 -> DC Distribution Board | G67: =G65 -> N | I67: =I65 -> LB | J67: Actual | AC67: =IF(ISERROR(LOOKUP(AC$16,$L67:$X67,#REF!)),0,(LOOKUP(AC$16,$L67:$X67,#REF!))) -> 0 | AD67: =IF(ISERROR(LOOKUP(AD$16,$L67:$X67,#REF!)),0,(LOOKUP(AD$16,$L67:$X67,#REF!))) -> 0 | AE67: =IF(ISERROR(LOOKUP(AE$16,$L67:$X67,#REF!)),0,(LOOKUP(AE$16,$L67:$X67,#REF!))) -> 0 | AF67: =IF(ISERROR(LOOKUP(AF$16,$L67:$X67,#REF!)),0,(LOOKUP(AF$16,$L67:$X67,#REF!))) -> 0 | AG67: =IF(ISERROR(LOOKUP(AG$16,$L67:$X67,#REF!)),0,(LOOKUP(AG$16,$L67:$X67,#REF!))) -> 0 | AH67: =IF(ISERROR(LOOKUP(AH$16,$L67:$X67,#REF!)),0,(LOOKUP(AH$16,$L67:$X67,#REF!))) -> 0 | AI67: =IF(ISERROR(LOOKUP(AI$16,$L67:$X67,#REF!)),0,(LOOKUP(AI$16,$L67:$X67,#REF!))) -> 0 | AJ67: =IF(ISERROR(LOOKUP(AJ$16,$L67:$X67,#REF!)),0,(LOOKUP(AJ$16,$L67:$X67,#REF!))) -> 0 | ... AM67: =IF(ISERROR(LOOKUP(AM$16,$L67:$X67,#REF!)),0,(LOOKUP(AM$16,$L67:$X67,#REF!))) -> 0 | AO67: =U67-T67 -> 0 | AW67: #REF!
A68: =A65+1 -> 18 | C68: RFQ-018 | D68: Solar Power System | F68: Electrical | G68: =IF(_xlfn.XLOOKUP(C68,'[35]Before Award'!D:D,'[35]Before Award'!AV:AV,"N/A")="N/A","N","Y") -> N | I68: LA | J68: Plan | K68: =WORKDAY(L68,-INDEX(L$12:L$15,MATCH($I68,$I$12:$I$15,0))) -> 46148 | L68: =WORKDAY(M68,-INDEX(M$12:M$15,MATCH($I68,$I$12:$I$15,0))) -> 46149 | M68: =WORKDAY(N68,-INDEX(N$12:N$15,MATCH($I68,$I$12:$I$15,0))) -> 46156 | N68: =WORKDAY(O68,-INDEX(O$12:O$15,MATCH($I68,$I$12:$I$15,0))) -> 46157 | O68: =WORKDAY(R68,-INDEX(R$12:R$15,MATCH($I68,$I$12:$I$15,0))) -> 46164 | P68: =U68-L68 -> 76 | R68: =WORKDAY(S68,-INDEX(S$12:S$15,MATCH($I68,$I$12:$I$15,0))) -> 46178 | S68: =WORKDAY(T68,-INDEX(T$12:T$15,MATCH($I68,$I$12:$I$15,0))) -> 46206 | T68: =WORKDAY(U68,-INDEX(U$12:U$15,MATCH($I68,$I$12:$I$15,0))) -> 46211 | U68: =X68-Y68 -> 46225 | V68: =WORKDAY(U68,INDEX(V$12:V$15,MATCH($I68,$I$12:$I$15,0))) -> 46227 | W68: =Y68/7 -> 36 | X68: =Z68 -> 46477 | Y68: =36*7 -> 252 | Z68: 46477 | AA68: 46477 | AB68: =Z68-X69 -> 0 | AC68: =IF(ISERROR(LOOKUP(AC$16,$L68:$X68,#REF!)),0,(LOOKUP(AC$16,$L68:$X68,#REF!))) -> 0 | AD68: =IF(ISERROR(LOOKUP(AD$16,$L68:$X68,#REF!)),0,(LOOKUP(AD$16,$L68:$X68,#REF!))) -> 0 | AE68: =IF(ISERROR(LOOKUP(AE$16,$L68:$X68,#REF!)),0,(LOOKUP(AE$16,$L68:$X68,#REF!))) -> 0 | AF68: =IF(ISERROR(LOOKUP(AF$16,$L68:$X68,#REF!)),0,(LOOKUP(AF$16,$L68:$X68,#REF!))) -> 0 | AG68: =IF(ISERROR(LOOKUP(AG$16,$L68:$X68,#REF!)),0,(LOOKUP(AG$16,$L68:$X68,#REF!))) -> 0 | AH68: =IF(ISERROR(LOOKUP(AH$16,$L68:$X68,#REF!)),0,(LOOKUP(AH$16,$L68:$X68,#REF!))) -> 0 | AI68: =IF(ISERROR(LOOKUP(AI$16,$L68:$X68,#REF!)),0,(LOOKUP(AI$16,$L68:$X68,#REF!))) -> 0 | AJ68: =IF(ISERROR(LOOKUP(AJ$16,$L68:$X68,#REF!)),0,(LOOKUP(AJ$16,$L68:$X68,#REF!))) -> 0 | ... AM68: =IF(ISERROR(LOOKUP(AM$16,$L68:$X68,#REF!)),0,(LOOKUP(AM$16,$L68:$X68,#REF!))) -> 0 | AO68: =U68-T68 -> 14 | AP68: =WORKDAY(AQ68,-INDEX(AQ$12:AQ$15,MATCH($I68,$I$12:$I$15,0)),$AW$17:$AW$148) -> #REF! | AQ68: =WORKDAY(U68,-INDEX(U$12:U$15,MATCH($I68,$I$12:$I$15,0)),$AW$17:$AW$148) -> #REF! | AR68: =WORKDAY(U68,-INDEX(U$12:U$15,MATCH($I68,$I$12:$I$15,0)),$AW$17:$AW$148) -> #REF! | AS68: 14 | AW68: #REF!
C69: =C68 -> RFQ-018 | D69: =D68 -> Solar Power System | G69: =G68 -> N | I69: =I68 -> LA | J69: Forecast | K69: =K68 -> 46148 | L69: =WORKDAY(IF(K70="",K69,K70),INDEX(L$12:L$15,MATCH($I68,$I$12:$I$15,0))) -> 46149 | M69: =WORKDAY(IF(L70="",L69,L70),INDEX(M$12:M$15,MATCH($I68,$I$12:$I$15,0))) -> 46156 | N69: =WORKDAY(IF(M70="",M69,M70),INDEX(N$12:N$15,MATCH($I68,$I$12:$I$15,0))) -> 46157 | O69: =WORKDAY(IF(N70="",N69,N70),INDEX(O$12:O$15,MATCH($I68,$I$12:$I$15,0))) -> 46164 | R69: =WORKDAY(IF(O70="",O69,O70),INDEX(R$12:R$15,MATCH($I68,$I$12:$I$15,0))) -> 46178 | S69: =WORKDAY(IF(R70="",R69,R70),INDEX(S$12:S$15,MATCH($I68,$I$12:$I$15,0))) -> 46206 | T69: =WORKDAY(IF(S70="",S69,S70),INDEX(T$12:T$15,MATCH($I68,$I$12:$I$15,0))) -> 46211 | U69: =WORKDAY(IF(T70="",T69,T70),INDEX(U$12:U$15,MATCH($I68,$I$12:$I$15,0))) -> 46225 | V69: =WORKDAY(IF(U70="",U69,U70),INDEX(V$12:V$15,MATCH($I68,$I$12:$I$15,0))) -> 46227 | X69: =U69+Y68 -> 46477 | AC69: =IF(ISERROR(LOOKUP(AC$16,$L69:$X69,#REF!)),0,(LOOKUP(AC$16,$L69:$X69,#REF!))) -> 0 | AD69: =IF(ISERROR(LOOKUP(AD$16,$L69:$X69,#REF!)),0,(LOOKUP(AD$16,$L69:$X69,#REF!))) -> 0 | AE69: =IF(ISERROR(LOOKUP(AE$16,$L69:$X69,#REF!)),0,(LOOKUP(AE$16,$L69:$X69,#REF!))) -> 0 | AF69: =IF(ISERROR(LOOKUP(AF$16,$L69:$X69,#REF!)),0,(LOOKUP(AF$16,$L69:$X69,#REF!))) -> 0 | AG69: =IF(ISERROR(LOOKUP(AG$16,$L69:$X69,#REF!)),0,(LOOKUP(AG$16,$L69:$X69,#REF!))) -> 0 | AH69: =IF(ISERROR(LOOKUP(AH$16,$L69:$X69,#REF!)),0,(LOOKUP(AH$16,$L69:$X69,#REF!))) -> 0 | AI69: =IF(ISERROR(LOOKUP(AI$16,$L69:$X69,#REF!)),0,(LOOKUP(AI$16,$L69:$X69,#REF!))) -> 0 | AJ69: =IF(ISERROR(LOOKUP(AJ$16,$L69:$X69,#REF!)),0,(LOOKUP(AJ$16,$L69:$X69,#REF!))) -> 0 | ... AM69: =IF(ISERROR(LOOKUP(AM$16,$L69:$X69,#REF!)),0,(LOOKUP(AM$16,$L69:$X69,#REF!))) -> 0 | AO69: =U69-T69 -> 14 | AP69: =WORKDAY(IF(T70="",T69,T70),INDEX(AP$12:AP$15,MATCH($I68,$I$12:$I$15,0)),$AW$17:$AW$148) -> #REF! | AQ69: =WORKDAY(IF(AP70="",AP69,AP70),INDEX(AQ$12:AQ$15,MATCH($I68,$I$12:$I$15,0)),$AW$17:$AW$148) -> #REF! | AR69: =WORKDAY(IF(AQ70="",AQ69,AQ70),INDEX(AR$12:AR$15,MATCH($I68,$I$12:$I$15,0)),$AW$17:$AW$148) -> #REF! | AW69: #REF!
C70: =C68 -> RFQ-018 | D70: =D68 -> Solar Power System | G70: =G68 -> N | I70: =I68 -> LA | J70: Actual | AC70: =IF(ISERROR(LOOKUP(AC$16,$L70:$X70,#REF!)),0,(LOOKUP(AC$16,$L70:$X70,#REF!))) -> 0 | AD70: =IF(ISERROR(LOOKUP(AD$16,$L70:$X70,#REF!)),0,(LOOKUP(AD$16,$L70:$X70,#REF!))) -> 0 | AE70: =IF(ISERROR(LOOKUP(AE$16,$L70:$X70,#REF!)),0,(LOOKUP(AE$16,$L70:$X70,#REF!))) -> 0 | AF70: =IF(ISERROR(LOOKUP(AF$16,$L70:$X70,#REF!)),0,(LOOKUP(AF$16,$L70:$X70,#REF!))) -> 0 | AG70: =IF(ISERROR(LOOKUP(AG$16,$L70:$X70,#REF!)),0,(LOOKUP(AG$16,$L70:$X70,#REF!))) -> 0 | AH70: =IF(ISERROR(LOOKUP(AH$16,$L70:$X70,#REF!)),0,(LOOKUP(AH$16,$L70:$X70,#REF!))) -> 0 | AI70: =IF(ISERROR(LOOKUP(AI$16,$L70:$X70,#REF!)),0,(LOOKUP(AI$16,$L70:$X70,#REF!))) -> 0 | AJ70: =IF(ISERROR(LOOKUP(AJ$16,$L70:$X70,#REF!)),0,(LOOKUP(AJ$16,$L70:$X70,#REF!))) -> 0 | ... AM70: =IF(ISERROR(LOOKUP(AM$16,$L70:$X70,#REF!)),0,(LOOKUP(AM$16,$L70:$X70,#REF!))) -> 0 | AO70: =U70-T70 -> 0 | AW70: #REF!
A71: =A68+1 -> 19 | C71: RFQ-019 | D71: Navigation Aid System | F71: Electrical | G71: Y | I71: LB | J71: Plan | K71: =WORKDAY(L71,-INDEX(L$12:L$15,MATCH($I71,$I$12:$I$15,0))) -> 46197 | L71: =WORKDAY(M71,-INDEX(M$12:M$15,MATCH($I71,$I$12:$I$15,0))) -> 46198 | M71: =WORKDAY(N71,-INDEX(N$12:N$15,MATCH($I71,$I$12:$I$15,0))) -> 46205 | N71: =WORKDAY(O71,-INDEX(O$12:O$15,MATCH($I71,$I$12:$I$15,0))) -> 46206 | O71: =WORKDAY(R71,-INDEX(R$12:R$15,MATCH($I71,$I$12:$I$15,0))) -> 46213 | P71: =U71-L71 -> 76 | R71: =WORKDAY(S71,-INDEX(S$12:S$15,MATCH($I71,$I$12:$I$15,0))) -> 46227 | S71: =WORKDAY(T71,-INDEX(T$12:T$15,MATCH($I71,$I$12:$I$15,0))) -> 46255 | T71: =WORKDAY(U71,-INDEX(U$12:U$15,MATCH($I71,$I$12:$I$15,0))) -> 46260 | U71: =X71-Y71 -> 46274 | V71: =WORKDAY(U71,INDEX(V$12:V$15,MATCH($I71,$I$12:$I$15,0))) -> 46276 | W71: =Y71/7 -> 42 | X71: =Z71 -> 46568 | Y71: 294 | Z71: 46568 | AA71: 46598 | AB71: =Z71-X72 -> 0 | AC71: =IF(ISERROR(LOOKUP(AC$16,$L71:$X71,#REF!)),0,(LOOKUP(AC$16,$L71:$X71,#REF!))) -> 0 | AD71: =IF(ISERROR(LOOKUP(AD$16,$L71:$X71,#REF!)),0,(LOOKUP(AD$16,$L71:$X71,#REF!))) -> 0 | AE71: =IF(ISERROR(LOOKUP(AE$16,$L71:$X71,#REF!)),0,(LOOKUP(AE$16,$L71:$X71,#REF!))) -> 0 | AF71: =IF(ISERROR(LOOKUP(AF$16,$L71:$X71,#REF!)),0,(LOOKUP(AF$16,$L71:$X71,#REF!))) -> 0 | AG71: =IF(ISERROR(LOOKUP(AG$16,$L71:$X71,#REF!)),0,(LOOKUP(AG$16,$L71:$X71,#REF!))) -> 0 | AH71: =IF(ISERROR(LOOKUP(AH$16,$L71:$X71,#REF!)),0,(LOOKUP(AH$16,$L71:$X71,#REF!))) -> 0 | AI71: =IF(ISERROR(LOOKUP(AI$16,$L71:$X71,#REF!)),0,(LOOKUP(AI$16,$L71:$X71,#REF!))) -> 0 | AJ71: =IF(ISERROR(LOOKUP(AJ$16,$L71:$X71,#REF!)),0,(LOOKUP(AJ$16,$L71:$X71,#REF!))) -> 0 | ... AM71: =IF(ISERROR(LOOKUP(AM$16,$L71:$X71,#REF!)),0,(LOOKUP(AM$16,$L71:$X71,#REF!))) -> 0 | AO71: =U71-T71 -> 14 | AP71: =WORKDAY(AQ71,-INDEX(AQ$12:AQ$15,MATCH($I71,$I$12:$I$15,0)),$AW$17:$AW$148) -> #REF! | AQ71: =WORKDAY(U71,-INDEX(U$12:U$15,MATCH($I71,$I$12:$I$15,0)),$AW$17:$AW$148) -> #REF! | AR71: =WORKDAY(U71,-INDEX(U$12:U$15,MATCH($I71,$I$12:$I$15,0)),$AW$17:$AW$148) -> #REF! | AS71: 14 | AW71: #REF!
C72: =C71 -> RFQ-019 | D72: =D71 -> Navigation Aid System | G72: =G71 -> Y | I72: =I71 -> LB | J72: Forecast | K72: =K71 -> 46197 | L72: =WORKDAY(IF(K73="",K72,K73),INDEX(L$12:L$15,MATCH($I71,$I$12:$I$15,0))) -> 46198 | M72: =WORKDAY(IF(L73="",L72,L73),INDEX(M$12:M$15,MATCH($I71,$I$12:$I$15,0))) -> 46205 | N72: =WORKDAY(IF(M73="",M72,M73),INDEX(N$12:N$15,MATCH($I71,$I$12:$I$15,0))) -> 46206 | O72: =WORKDAY(IF(N73="",N72,N73),INDEX(O$12:O$15,MATCH($I71,$I$12:$I$15,0))) -> 46213 | R72: =WORKDAY(IF(O73="",O72,O73),INDEX(R$12:R$15,MATCH($I71,$I$12:$I$15,0))) -> 46227 | S72: =WORKDAY(IF(R73="",R72,R73),INDEX(S$12:S$15,MATCH($I71,$I$12:$I$15,0))) -> 46255 | T72: =WORKDAY(IF(S73="",S72,S73),INDEX(T$12:T$15,MATCH($I71,$I$12:$I$15,0))) -> 46260 | U72: =WORKDAY(IF(T73="",T72,T73),INDEX(U$12:U$15,MATCH($I71,$I$12:$I$15,0))) -> 46274 | V72: =WORKDAY(IF(U73="",U72,U73),INDEX(V$12:V$15,MATCH($I71,$I$12:$I$15,0))) -> 46276 | X72: =U72+Y71 -> 46568 | AC72: =IF(ISERROR(LOOKUP(AC$16,$L72:$X72,#REF!)),0,(LOOKUP(AC$16,$L72:$X72,#REF!))) -> 0 | AD72: =IF(ISERROR(LOOKUP(AD$16,$L72:$X72,#REF!)),0,(LOOKUP(AD$16,$L72:$X72,#REF!))) -> 0 | AE72: =IF(ISERROR(LOOKUP(AE$16,$L72:$X72,#REF!)),0,(LOOKUP(AE$16,$L72:$X72,#REF!))) -> 0 | AF72: =IF(ISERROR(LOOKUP(AF$16,$L72:$X72,#REF!)),0,(LOOKUP(AF$16,$L72:$X72,#REF!))) -> 0 | AG72: =IF(ISERROR(LOOKUP(AG$16,$L72:$X72,#REF!)),0,(LOOKUP(AG$16,$L72:$X72,#REF!))) -> 0 | AH72: =IF(ISERROR(LOOKUP(AH$16,$L72:$X72,#REF!)),0,(LOOKUP(AH$16,$L72:$X72,#REF!))) -> 0 | AI72: =IF(ISERROR(LOOKUP(AI$16,$L72:$X72,#REF!)),0,(LOOKUP(AI$16,$L72:$X72,#REF!))) -> 0 | AJ72: =IF(ISERROR(LOOKUP(AJ$16,$L72:$X72,#REF!)),0,(LOOKUP(AJ$16,$L72:$X72,#REF!))) -> 0 | ... AM72: =IF(ISERROR(LOOKUP(AM$16,$L72:$X72,#REF!)),0,(LOOKUP(AM$16,$L72:$X72,#REF!))) -> 0 | AP72: =WORKDAY(IF(T73="",T72,T73),INDEX(AP$12:AP$15,MATCH($I71,$I$12:$I$15,0)),$AW$17:$AW$148) -> #REF! | AQ72: =WORKDAY(IF(AP73="",AP72,AP73),INDEX(AQ$12:AQ$15,MATCH($I71,$I$12:$I$15,0)),$AW$17:$AW$148) -> #REF! | AR72: =WORKDAY(IF(AQ73="",AQ72,AQ73),INDEX(AR$12:AR$15,MATCH($I71,$I$12:$I$15,0)),$AW$17:$AW$148) -> #REF! | AW72: #REF!
C73: =C71 -> RFQ-019 | D73: =D71 -> Navigation Aid System | G73: =G71 -> Y | I73: =I71 -> LB | J73: Actual | AC73: =IF(ISERROR(LOOKUP(AC$16,$L73:$X73,#REF!)),0,(LOOKUP(AC$16,$L73:$X73,#REF!))) -> 0 | AD73: =IF(ISERROR(LOOKUP(AD$16,$L73:$X73,#REF!)),0,(LOOKUP(AD$16,$L73:$X73,#REF!))) -> 0 | AE73: =IF(ISERROR(LOOKUP(AE$16,$L73:$X73,#REF!)),0,(LOOKUP(AE$16,$L73:$X73,#REF!))) -> 0 | AF73: =IF(ISERROR(LOOKUP(AF$16,$L73:$X73,#REF!)),0,(LOOKUP(AF$16,$L73:$X73,#REF!))) -> 0 | AG73: =IF(ISERROR(LOOKUP(AG$16,$L73:$X73,#REF!)),0,(LOOKUP(AG$16,$L73:$X73,#REF!))) -> 0 | AH73: =IF(ISERROR(LOOKUP(AH$16,$L73:$X73,#REF!)),0,(LOOKUP(AH$16,$L73:$X73,#REF!))) -> 0 | AI73: =IF(ISERROR(LOOKUP(AI$16,$L73:$X73,#REF!)),0,(LOOKUP(AI$16,$L73:$X73,#REF!))) -> 0 | AJ73: =IF(ISERROR(LOOKUP(AJ$16,$L73:$X73,#REF!)),0,(LOOKUP(AJ$16,$L73:$X73,#REF!))) -> 0 | ... AM73: =IF(ISERROR(LOOKUP(AM$16,$L73:$X73,#REF!)),0,(LOOKUP(AM$16,$L73:$X73,#REF!))) -> 0 | AW73: #REF!
A74: =A71+1 -> 20 | C74: RFQ-020 | D74: External Battery Charger | F74: Electrical | G74: Y | I74: LC | J74: Plan | K74: =WORKDAY(L74,-INDEX(L$12:L$15,MATCH($I74,$I$12:$I$15,0))) -> 46174 | L74: =WORKDAY(M74,-INDEX(M$12:M$15,MATCH($I74,$I$12:$I$15,0))) -> 46177 | M74: =WORKDAY(N74,-INDEX(N$12:N$15,MATCH($I74,$I$12:$I$15,0))) -> 46191 | N74: =WORKDAY(O74,-INDEX(O$12:O$15,MATCH($I74,$I$12:$I$15,0))) -> 46192 | O74: =WORKDAY(R74,-INDEX(R$12:R$15,MATCH($I74,$I$12:$I$15,0))) -> 46206 | P74: =U74-L74 -> 92 | R74: =WORKDAY(S74,-INDEX(S$12:S$15,MATCH($I74,$I$12:$I$15,0))) -> 46220 | S74: =WORKDAY(T74,-INDEX(T$12:T$15,MATCH($I74,$I$12:$I$15,0))) -> 46241 | T74: =WORKDAY(U74,-INDEX(U$12:U$15,MATCH($I74,$I$12:$I$15,0))) -> 46255 | U74: =X74-Y74 -> 46269 | V74: =WORKDAY(U74,INDEX(V$12:V$15,MATCH($I74,$I$12:$I$15,0))) -> 46273 | W74: =Y74/7 -> 36 | X74: =Z74 -> 46521 | Y74: =36*7 -> 252 | Z74: 46521 | AA74: 46521 | AB74: =Z74-X75 -> 0 | AC74: =IF(ISERROR(LOOKUP(AC$16,$L74:$X74,#REF!)),0,(LOOKUP(AC$16,$L74:$X74,#REF!))) -> 0 | AD74: =IF(ISERROR(LOOKUP(AD$16,$L74:$X74,#REF!)),0,(LOOKUP(AD$16,$L74:$X74,#REF!))) -> 0 | AE74: =IF(ISERROR(LOOKUP(AE$16,$L74:$X74,#REF!)),0,(LOOKUP(AE$16,$L74:$X74,#REF!))) -> 0 | AF74: =IF(ISERROR(LOOKUP(AF$16,$L74:$X74,#REF!)),0,(LOOKUP(AF$16,$L74:$X74,#REF!))) -> 0 | AG74: =IF(ISERROR(LOOKUP(AG$16,$L74:$X74,#REF!)),0,(LOOKUP(AG$16,$L74:$X74,#REF!))) -> 0 | AH74: =IF(ISERROR(LOOKUP(AH$16,$L74:$X74,#REF!)),0,(LOOKUP(AH$16,$L74:$X74,#REF!))) -> 0 | AI74: =IF(ISERROR(LOOKUP(AI$16,$L74:$X74,#REF!)),0,(LOOKUP(AI$16,$L74:$X74,#REF!))) -> 0 | AJ74: =IF(ISERROR(LOOKUP(AJ$16,$L74:$X74,#REF!)),0,(LOOKUP(AJ$16,$L74:$X74,#REF!))) -> 0 | ... AM74: =IF(ISERROR(LOOKUP(AM$16,$L74:$X74,#REF!)),0,(LOOKUP(AM$16,$L74:$X74,#REF!))) -> 0 | AP74: =WORKDAY(AQ74,-INDEX(AQ$12:AQ$15,MATCH($I74,$I$12:$I$15,0)),$AW$17:$AW$148) -> #REF! | AQ74: =WORKDAY(U74,-INDEX(U$12:U$15,MATCH($I74,$I$12:$I$15,0)),$AW$17:$AW$148) -> #REF! | AR74: =WORKDAY(U74,-INDEX(U$12:U$15,MATCH($I74,$I$12:$I$15,0)),$AW$17:$AW$148) -> #REF! | AS74: 14 | AW74: #REF!
C75: =C74 -> RFQ-020 | D75: =D74 -> External Battery Charger | G75: =G74 -> Y | I75: =I74 -> LC | J75: Forecast | K75: =K74 -> 46174 | L75: =WORKDAY(IF(K76="",K75,K76),INDEX(L$12:L$15,MATCH($I74,$I$12:$I$15,0))) -> 46177 | M75: =WORKDAY(IF(L76="",L75,L76),INDEX(M$12:M$15,MATCH($I74,$I$12:$I$15,0))) -> 46191 | N75: =WORKDAY(IF(M76="",M75,M76),INDEX(N$12:N$15,MATCH($I74,$I$12:$I$15,0))) -> 46192 | O75: =WORKDAY(IF(N76="",N75,N76),INDEX(O$12:O$15,MATCH($I74,$I$12:$I$15,0))) -> 46206 | R75: =WORKDAY(IF(O76="",O75,O76),INDEX(R$12:R$15,MATCH($I74,$I$12:$I$15,0))) -> 46220 | S75: =WORKDAY(IF(R76="",R75,R76),INDEX(S$12:S$15,MATCH($I74,$I$12:$I$15,0))) -> 46241 | T75: =WORKDAY(IF(S76="",S75,S76),INDEX(T$12:T$15,MATCH($I74,$I$12:$I$15,0))) -> 46255 | U75: =WORKDAY(IF(T76="",T75,T76),INDEX(U$12:U$15,MATCH($I74,$I$12:$I$15,0))) -> 46269 | V75: =WORKDAY(IF(U76="",U75,U76),INDEX(V$12:V$15,MATCH($I74,$I$12:$I$15,0))) -> 46273 | X75: =U75+Y74 -> 46521 | AC75: =IF(ISERROR(LOOKUP(AC$16,$L75:$X75,#REF!)),0,(LOOKUP(AC$16,$L75:$X75,#REF!))) -> 0 | AD75: =IF(ISERROR(LOOKUP(AD$16,$L75:$X75,#REF!)),0,(LOOKUP(AD$16,$L75:$X75,#REF!))) -> 0 | AE75: =IF(ISERROR(LOOKUP(AE$16,$L75:$X75,#REF!)),0,(LOOKUP(AE$16,$L75:$X75,#REF!))) -> 0 | AF75: =IF(ISERROR(LOOKUP(AF$16,$L75:$X75,#REF!)),0,(LOOKUP(AF$16,$L75:$X75,#REF!))) -> 0 | AG75: =IF(ISERROR(LOOKUP(AG$16,$L75:$X75,#REF!)),0,(LOOKUP(AG$16,$L75:$X75,#REF!))) -> 0 | AH75: =IF(ISERROR(LOOKUP(AH$16,$L75:$X75,#REF!)),0,(LOOKUP(AH$16,$L75:$X75,#REF!))) -> 0 | AI75: =IF(ISERROR(LOOKUP(AI$16,$L75:$X75,#REF!)),0,(LOOKUP(AI$16,$L75:$X75,#REF!))) -> 0 | AJ75: =IF(ISERROR(LOOKUP(AJ$16,$L75:$X75,#REF!)),0,(LOOKUP(AJ$16,$L75:$X75,#REF!))) -> 0 | ... AM75: =IF(ISERROR(LOOKUP(AM$16,$L75:$X75,#REF!)),0,(LOOKUP(AM$16,$L75:$X75,#REF!))) -> 0 | AP75: =WORKDAY(IF(T76="",T75,T76),INDEX(AP$12:AP$15,MATCH($I74,$I$12:$I$15,0)),$AW$17:$AW$148) -> #REF! | AQ75: =WORKDAY(IF(AP76="",AP75,AP76),INDEX(AQ$12:AQ$15,MATCH($I74,$I$12:$I$15,0)),$AW$17:$AW$148) -> #REF! | AR75: =WORKDAY(IF(AQ76="",AQ75,AQ76),INDEX(AR$12:AR$15,MATCH($I74,$I$12:$I$15,0)),$AW$17:$AW$148) -> #REF! | AW75: #REF!
C76: =C74 -> RFQ-020 | D76: =D74 -> External Battery Charger | G76: =G74 -> Y | I76: =I74 -> LC | J76: Actual | AC76: =IF(ISERROR(LOOKUP(AC$16,$L76:$X76,#REF!)),0,(LOOKUP(AC$16,$L76:$X76,#REF!))) -> 0 | AD76: =IF(ISERROR(LOOKUP(AD$16,$L76:$X76,#REF!)),0,(LOOKUP(AD$16,$L76:$X76,#REF!))) -> 0 | AE76: =IF(ISERROR(LOOKUP(AE$16,$L76:$X76,#REF!)),0,(LOOKUP(AE$16,$L76:$X76,#REF!))) -> 0 | AF76: =IF(ISERROR(LOOKUP(AF$16,$L76:$X76,#REF!)),0,(LOOKUP(AF$16,$L76:$X76,#REF!))) -> 0 | AG76: =IF(ISERROR(LOOKUP(AG$16,$L76:$X76,#REF!)),0,(LOOKUP(AG$16,$L76:$X76,#REF!))) -> 0 | AH76: =IF(ISERROR(LOOKUP(AH$16,$L76:$X76,#REF!)),0,(LOOKUP(AH$16,$L76:$X76,#REF!))) -> 0 | AI76: =IF(ISERROR(LOOKUP(AI$16,$L76:$X76,#REF!)),0,(LOOKUP(AI$16,$L76:$X76,#REF!))) -> 0 | AJ76: =IF(ISERROR(LOOKUP(AJ$16,$L76:$X76,#REF!)),0,(LOOKUP(AJ$16,$L76:$X76,#REF!))) -> 0 | ... AM76: =IF(ISERROR(LOOKUP(AM$16,$L76:$X76,#REF!)),0,(LOOKUP(AM$16,$L76:$X76,#REF!))) -> 0 | AW76: #REF!
A77: =A74+1 -> 21 | C77: RFQ-021 | D77: Control Valve | F77: Instrument | G77: N | I77: LB | J77: Plan | K77: =WORKDAY(L77,-INDEX(L$12:L$15,MATCH($I77,$I$12:$I$15,0))) -> 46258 | L77: =WORKDAY(M77,-INDEX(M$12:M$15,MATCH($I77,$I$12:$I$15,0))) -> 46259 | M77: =WORKDAY(N77,-INDEX(N$12:N$15,MATCH($I77,$I$12:$I$15,0))) -> 46266 | N77: =WORKDAY(O77,-INDEX(O$12:O$15,MATCH($I77,$I$12:$I$15,0))) -> 46267 | O77: =WORKDAY(R77,-INDEX(R$12:R$15,MATCH($I77,$I$12:$I$15,0))) -> 46274 | P77: =U77-L77 -> 76 | R77: =WORKDAY(S77,-INDEX(S$12:S$15,MATCH($I77,$I$12:$I$15,0))) -> 46288 | S77: =WORKDAY(T77,-INDEX(T$12:T$15,MATCH($I77,$I$12:$I$15,0))) -> 46316 | T77: =WORKDAY(U77,-INDEX(U$12:U$15,MATCH($I77,$I$12:$I$15,0))) -> 46321 | U77: =X77-Y77 -> 46335 | V77: =WORKDAY(U77,INDEX(V$12:V$15,MATCH($I77,$I$12:$I$15,0))) -> 46337 | W77: =Y77/7 -> 28.571429 | X77: =Z77 -> 46535 | Y77: 200 | Z77: 46535 | AA77: 46535 | AB77: =Z77-X78 -> 0 | AC77: =IF(ISERROR(LOOKUP(AC$16,$L77:$X77,#REF!)),0,(LOOKUP(AC$16,$L77:$X77,#REF!))) -> 0 | AD77: =IF(ISERROR(LOOKUP(AD$16,$L77:$X77,#REF!)),0,(LOOKUP(AD$16,$L77:$X77,#REF!))) -> 0 | AE77: =IF(ISERROR(LOOKUP(AE$16,$L77:$X77,#REF!)),0,(LOOKUP(AE$16,$L77:$X77,#REF!))) -> 0 | AF77: =IF(ISERROR(LOOKUP(AF$16,$L77:$X77,#REF!)),0,(LOOKUP(AF$16,$L77:$X77,#REF!))) -> 0 | AG77: =IF(ISERROR(LOOKUP(AG$16,$L77:$X77,#REF!)),0,(LOOKUP(AG$16,$L77:$X77,#REF!))) -> 0 | AH77: =IF(ISERROR(LOOKUP(AH$16,$L77:$X77,#REF!)),0,(LOOKUP(AH$16,$L77:$X77,#REF!))) -> 0 | AI77: =IF(ISERROR(LOOKUP(AI$16,$L77:$X77,#REF!)),0,(LOOKUP(AI$16,$L77:$X77,#REF!))) -> 0 | AJ77: =IF(ISERROR(LOOKUP(AJ$16,$L77:$X77,#REF!)),0,(LOOKUP(AJ$16,$L77:$X77,#REF!))) -> 0 | ... AM77: =IF(ISERROR(LOOKUP(AM$16,$L77:$X77,#REF!)),0,(LOOKUP(AM$16,$L77:$X77,#REF!))) -> 0 | AP77: =WORKDAY(AQ77,-INDEX(AQ$12:AQ$15,MATCH($I77,$I$12:$I$15,0)),$AW$17:$AW$148) -> #REF! | AQ77: =WORKDAY(U77,-INDEX(U$12:U$15,MATCH($I77,$I$12:$I$15,0)),$AW$17:$AW$148) -> #REF! | AR77: =WORKDAY(U77,-INDEX(U$12:U$15,MATCH($I77,$I$12:$I$15,0)),$AW$17:$AW$148) -> #REF! | AS77: 7 | AW77: #REF!
C78: =C77 -> RFQ-021 | D78: =D77 -> Control Valve | F78: =F77 -> Instrument | G78: =G77 -> N | I78: =I77 -> LB | J78: Forecast | K78: =K77 -> 46258 | L78: =WORKDAY(IF(K79="",K78,K79),INDEX(L$12:L$15,MATCH($I77,$I$12:$I$15,0))) -> 46259 | M78: =WORKDAY(IF(L79="",L78,L79),INDEX(M$12:M$15,MATCH($I77,$I$12:$I$15,0))) -> 46266 | N78: =WORKDAY(IF(M79="",M78,M79),INDEX(N$12:N$15,MATCH($I77,$I$12:$I$15,0))) -> 46267 | O78: =WORKDAY(IF(N79="",N78,N79),INDEX(O$12:O$15,MATCH($I77,$I$12:$I$15,0))) -> 46274 | R78: =WORKDAY(IF(O79="",O78,O79),INDEX(R$12:R$15,MATCH($I77,$I$12:$I$15,0))) -> 46288 | S78: =WORKDAY(IF(R79="",R78,R79),INDEX(S$12:S$15,MATCH($I77,$I$12:$I$15,0))) -> 46316 | T78: =WORKDAY(IF(S79="",S78,S79),INDEX(T$12:T$15,MATCH($I77,$I$12:$I$15,0))) -> 46321 | U78: =WORKDAY(IF(T79="",T78,T79),INDEX(U$12:U$15,MATCH($I77,$I$12:$I$15,0))) -> 46335 | V78: =WORKDAY(IF(U79="",U78,U79),INDEX(V$12:V$15,MATCH($I77,$I$12:$I$15,0))) -> 46337 | X78: =U78+Y77 -> 46535 | AC78: =IF(ISERROR(LOOKUP(AC$16,$L78:$X78,#REF!)),0,(LOOKUP(AC$16,$L78:$X78,#REF!))) -> 0 | AD78: =IF(ISERROR(LOOKUP(AD$16,$L78:$X78,#REF!)),0,(LOOKUP(AD$16,$L78:$X78,#REF!))) -> 0 | AE78: =IF(ISERROR(LOOKUP(AE$16,$L78:$X78,#REF!)),0,(LOOKUP(AE$16,$L78:$X78,#REF!))) -> 0 | AF78: =IF(ISERROR(LOOKUP(AF$16,$L78:$X78,#REF!)),0,(LOOKUP(AF$16,$L78:$X78,#REF!))) -> 0 | AG78: =IF(ISERROR(LOOKUP(AG$16,$L78:$X78,#REF!)),0,(LOOKUP(AG$16,$L78:$X78,#REF!))) -> 0 | AH78: =IF(ISERROR(LOOKUP(AH$16,$L78:$X78,#REF!)),0,(LOOKUP(AH$16,$L78:$X78,#REF!))) -> 0 | AI78: =IF(ISERROR(LOOKUP(AI$16,$L78:$X78,#REF!)),0,(LOOKUP(AI$16,$L78:$X78,#REF!))) -> 0 | AJ78: =IF(ISERROR(LOOKUP(AJ$16,$L78:$X78,#REF!)),0,(LOOKUP(AJ$16,$L78:$X78,#REF!))) -> 0 | ... AM78: =IF(ISERROR(LOOKUP(AM$16,$L78:$X78,#REF!)),0,(LOOKUP(AM$16,$L78:$X78,#REF!))) -> 0 | AP78: =WORKDAY(IF(T79="",T78,T79),INDEX(AP$12:AP$15,MATCH($I77,$I$12:$I$15,0)),$AW$17:$AW$148) -> #REF! | AQ78: =WORKDAY(IF(AP79="",AP78,AP79),INDEX(AQ$12:AQ$15,MATCH($I77,$I$12:$I$15,0)),$AW$17:$AW$148) -> #REF! | AR78: =WORKDAY(IF(AQ79="",AQ78,AQ79),INDEX(AR$12:AR$15,MATCH($I77,$I$12:$I$15,0)),$AW$17:$AW$148) -> #REF! | AW78: #REF!
C79: =C77 -> RFQ-021 | D79: =D77 -> Control Valve | F79: =F77 -> Instrument | G79: =G77 -> N | I79: =I77 -> LB | J79: Actual | AC79: =IF(ISERROR(LOOKUP(AC$16,$L79:$X79,#REF!)),0,(LOOKUP(AC$16,$L79:$X79,#REF!))) -> 0 | AD79: =IF(ISERROR(LOOKUP(AD$16,$L79:$X79,#REF!)),0,(LOOKUP(AD$16,$L79:$X79,#REF!))) -> 0 | AE79: =IF(ISERROR(LOOKUP(AE$16,$L79:$X79,#REF!)),0,(LOOKUP(AE$16,$L79:$X79,#REF!))) -> 0 | AF79: =IF(ISERROR(LOOKUP(AF$16,$L79:$X79,#REF!)),0,(LOOKUP(AF$16,$L79:$X79,#REF!))) -> 0 | AG79: =IF(ISERROR(LOOKUP(AG$16,$L79:$X79,#REF!)),0,(LOOKUP(AG$16,$L79:$X79,#REF!))) -> 0 | AH79: =IF(ISERROR(LOOKUP(AH$16,$L79:$X79,#REF!)),0,(LOOKUP(AH$16,$L79:$X79,#REF!))) -> 0 | AI79: =IF(ISERROR(LOOKUP(AI$16,$L79:$X79,#REF!)),0,(LOOKUP(AI$16,$L79:$X79,#REF!))) -> 0 | AJ79: =IF(ISERROR(LOOKUP(AJ$16,$L79:$X79,#REF!)),0,(LOOKUP(AJ$16,$L79:$X79,#REF!))) -> 0 | ... AM79: =IF(ISERROR(LOOKUP(AM$16,$L79:$X79,#REF!)),0,(LOOKUP(AM$16,$L79:$X79,#REF!))) -> 0 | AW79: #REF!
A80: =A77+1 -> 22 | C80: RFQ-022 | D80: Self Regulator Valve | F80: Instrument | G80: N | I80: LB | J80: Plan | K80: =WORKDAY(L80,-INDEX(L$12:L$15,MATCH($I80,$I$12:$I$15,0))) -> 46261 | L80: =WORKDAY(M80,-INDEX(M$12:M$15,MATCH($I80,$I$12:$I$15,0))) -> 46262 | M80: =WORKDAY(N80,-INDEX(N$12:N$15,MATCH($I80,$I$12:$I$15,0))) -> 46269 | N80: =WORKDAY(O80,-INDEX(O$12:O$15,MATCH($I80,$I$12:$I$15,0))) -> 46272 | O80: =WORKDAY(R80,-INDEX(R$12:R$15,MATCH($I80,$I$12:$I$15,0))) -> 46279 | P80: =U80-L80 -> 76 | R80: =WORKDAY(S80,-INDEX(S$12:S$15,MATCH($I80,$I$12:$I$15,0))) -> 46293 | S80: =WORKDAY(T80,-INDEX(T$12:T$15,MATCH($I80,$I$12:$I$15,0))) -> 46321 | T80: =WORKDAY(U80,-INDEX(U$12:U$15,MATCH($I80,$I$12:$I$15,0))) -> 46324 | U80: =X80-Y80 -> 46338 | V80: =WORKDAY(U80,INDEX(V$12:V$15,MATCH($I80,$I$12:$I$15,0))) -> 46342 | W80: =Y80/7 -> 28.571429 | X80: =Z80 -> 46538 | Y80: 200 | Z80: 46538 | AA80: 46538 | AB80: =Z80-X81 -> 0 | AC80: =IF(ISERROR(LOOKUP(AC$16,$L80:$X80,#REF!)),0,(LOOKUP(AC$16,$L80:$X80,#REF!))) -> 0 | AD80: =IF(ISERROR(LOOKUP(AD$16,$L80:$X80,#REF!)),0,(LOOKUP(AD$16,$L80:$X80,#REF!))) -> 0 | AE80: =IF(ISERROR(LOOKUP(AE$16,$L80:$X80,#REF!)),0,(LOOKUP(AE$16,$L80:$X80,#REF!))) -> 0 | AF80: =IF(ISERROR(LOOKUP(AF$16,$L80:$X80,#REF!)),0,(LOOKUP(AF$16,$L80:$X80,#REF!))) -> 0 | AG80: =IF(ISERROR(LOOKUP(AG$16,$L80:$X80,#REF!)),0,(LOOKUP(AG$16,$L80:$X80,#REF!))) -> 0 | AH80: =IF(ISERROR(LOOKUP(AH$16,$L80:$X80,#REF!)),0,(LOOKUP(AH$16,$L80:$X80,#REF!))) -> 0 | AI80: =IF(ISERROR(LOOKUP(AI$16,$L80:$X80,#REF!)),0,(LOOKUP(AI$16,$L80:$X80,#REF!))) -> 0 | AJ80: =IF(ISERROR(LOOKUP(AJ$16,$L80:$X80,#REF!)),0,(LOOKUP(AJ$16,$L80:$X80,#REF!))) -> 0 | ... AM80: =IF(ISERROR(LOOKUP(AM$16,$L80:$X80,#REF!)),0,(LOOKUP(AM$16,$L80:$X80,#REF!))) -> 0 | AP80: =WORKDAY(AQ80,-INDEX(AQ$12:AQ$15,MATCH($I80,$I$12:$I$15,0)),$AW$17:$AW$148) -> #REF! | AQ80: =WORKDAY(U80,-INDEX(U$12:U$15,MATCH($I80,$I$12:$I$15,0)),$AW$17:$AW$148) -> #REF! | AR80: =WORKDAY(U80,-INDEX(U$12:U$15,MATCH($I80,$I$12:$I$15,0)),$AW$17:$AW$148) -> #REF! | AS80: 7 | AW80: #REF!
C81: =C80 -> RFQ-022 | D81: =D80 -> Self Regulator Valve | F81: =F80 -> Instrument | G81: =G80 -> N | I81: =I80 -> LB | J81: Forecast | K81: =K80 -> 46261 | L81: =WORKDAY(IF(K82="",K81,K82),INDEX(L$12:L$15,MATCH($I80,$I$12:$I$15,0))) -> 46262 | M81: =WORKDAY(IF(L82="",L81,L82),INDEX(M$12:M$15,MATCH($I80,$I$12:$I$15,0))) -> 46269 | N81: =WORKDAY(IF(M82="",M81,M82),INDEX(N$12:N$15,MATCH($I80,$I$12:$I$15,0))) -> 46272 | O81: =WORKDAY(IF(N82="",N81,N82),INDEX(O$12:O$15,MATCH($I80,$I$12:$I$15,0))) -> 46279 | R81: =WORKDAY(IF(O82="",O81,O82),INDEX(R$12:R$15,MATCH($I80,$I$12:$I$15,0))) -> 46293 | S81: =WORKDAY(IF(R82="",R81,R82),INDEX(S$12:S$15,MATCH($I80,$I$12:$I$15,0))) -> 46321 | T81: =WORKDAY(IF(S82="",S81,S82),INDEX(T$12:T$15,MATCH($I80,$I$12:$I$15,0))) -> 46324 | U81: =WORKDAY(IF(T82="",T81,T82),INDEX(U$12:U$15,MATCH($I80,$I$12:$I$15,0))) -> 46338 | V81: =WORKDAY(IF(U82="",U81,U82),INDEX(V$12:V$15,MATCH($I80,$I$12:$I$15,0))) -> 46342 | X81: =U81+Y80 -> 46538 | AC81: =IF(ISERROR(LOOKUP(AC$16,$L81:$X81,#REF!)),0,(LOOKUP(AC$16,$L81:$X81,#REF!))) -> 0 | AD81: =IF(ISERROR(LOOKUP(AD$16,$L81:$X81,#REF!)),0,(LOOKUP(AD$16,$L81:$X81,#REF!))) -> 0 | AE81: =IF(ISERROR(LOOKUP(AE$16,$L81:$X81,#REF!)),0,(LOOKUP(AE$16,$L81:$X81,#REF!))) -> 0 | AF81: =IF(ISERROR(LOOKUP(AF$16,$L81:$X81,#REF!)),0,(LOOKUP(AF$16,$L81:$X81,#REF!))) -> 0 | AG81: =IF(ISERROR(LOOKUP(AG$16,$L81:$X81,#REF!)),0,(LOOKUP(AG$16,$L81:$X81,#REF!))) -> 0 | AH81: =IF(ISERROR(LOOKUP(AH$16,$L81:$X81,#REF!)),0,(LOOKUP(AH$16,$L81:$X81,#REF!))) -> 0 | AI81: =IF(ISERROR(LOOKUP(AI$16,$L81:$X81,#REF!)),0,(LOOKUP(AI$16,$L81:$X81,#REF!))) -> 0 | AJ81: =IF(ISERROR(LOOKUP(AJ$16,$L81:$X81,#REF!)),0,(LOOKUP(AJ$16,$L81:$X81,#REF!))) -> 0 | ... AM81: =IF(ISERROR(LOOKUP(AM$16,$L81:$X81,#REF!)),0,(LOOKUP(AM$16,$L81:$X81,#REF!))) -> 0 | AP81: =WORKDAY(IF(T82="",T81,T82),INDEX(AP$12:AP$15,MATCH($I80,$I$12:$I$15,0)),$AW$17:$AW$148) -> #REF! | AQ81: =WORKDAY(IF(AP82="",AP81,AP82),INDEX(AQ$12:AQ$15,MATCH($I80,$I$12:$I$15,0)),$AW$17:$AW$148) -> #REF! | AR81: =WORKDAY(IF(AQ82="",AQ81,AQ82),INDEX(AR$12:AR$15,MATCH($I80,$I$12:$I$15,0)),$AW$17:$AW$148) -> #REF! | AW81: #REF!
C82: =C80 -> RFQ-022 | D82: =D80 -> Self Regulator Valve | F82: =F80 -> Instrument | G82: =G80 -> N | I82: =I80 -> LB | J82: Actual | AC82: =IF(ISERROR(LOOKUP(AC$16,$L82:$X82,#REF!)),0,(LOOKUP(AC$16,$L82:$X82,#REF!))) -> 0 | AD82: =IF(ISERROR(LOOKUP(AD$16,$L82:$X82,#REF!)),0,(LOOKUP(AD$16,$L82:$X82,#REF!))) -> 0 | AE82: =IF(ISERROR(LOOKUP(AE$16,$L82:$X82,#REF!)),0,(LOOKUP(AE$16,$L82:$X82,#REF!))) -> 0 | AF82: =IF(ISERROR(LOOKUP(AF$16,$L82:$X82,#REF!)),0,(LOOKUP(AF$16,$L82:$X82,#REF!))) -> 0 | AG82: =IF(ISERROR(LOOKUP(AG$16,$L82:$X82,#REF!)),0,(LOOKUP(AG$16,$L82:$X82,#REF!))) -> 0 | AH82: =IF(ISERROR(LOOKUP(AH$16,$L82:$X82,#REF!)),0,(LOOKUP(AH$16,$L82:$X82,#REF!))) -> 0 | AI82: =IF(ISERROR(LOOKUP(AI$16,$L82:$X82,#REF!)),0,(LOOKUP(AI$16,$L82:$X82,#REF!))) -> 0 | AJ82: =IF(ISERROR(LOOKUP(AJ$16,$L82:$X82,#REF!)),0,(LOOKUP(AJ$16,$L82:$X82,#REF!))) -> 0 | ... AM82: =IF(ISERROR(LOOKUP(AM$16,$L82:$X82,#REF!)),0,(LOOKUP(AM$16,$L82:$X82,#REF!))) -> 0 | AW82: #REF!
A83: =A80+1 -> 23 | C83: RFQ-023 | D83: Actuated Choke Valve | F83: Instrument | G83: N | I83: LA | J83: Plan | K83: =WORKDAY(L83,-INDEX(L$12:L$15,MATCH($I83,$I$12:$I$15,0))) -> 46153 | L83: =WORKDAY(M83,-INDEX(M$12:M$15,MATCH($I83,$I$12:$I$15,0))) -> 46154 | M83: =WORKDAY(N83,-INDEX(N$12:N$15,MATCH($I83,$I$12:$I$15,0))) -> 46161 | N83: =WORKDAY(O83,-INDEX(O$12:O$15,MATCH($I83,$I$12:$I$15,0))) -> 46162 | O83: =WORKDAY(R83,-INDEX(R$12:R$15,MATCH($I83,$I$12:$I$15,0))) -> 46169 | P83: =U83-L83 -> 76 | R83: =WORKDAY(S83,-INDEX(S$12:S$15,MATCH($I83,$I$12:$I$15,0))) -> 46183 | S83: =WORKDAY(T83,-INDEX(T$12:T$15,MATCH($I83,$I$12:$I$15,0))) -> 46211 | T83: =WORKDAY(U83,-INDEX(U$12:U$15,MATCH($I83,$I$12:$I$15,0))) -> 46216 | U83: =X83-Y83 -> 46230 | V83: =WORKDAY(U83,INDEX(V$12:V$15,MATCH($I83,$I$12:$I$15,0))) -> 46232 | W83: =Y83/7 -> 44 | X83: =Z83 -> 46538 | Y83: =44*7 -> 308 | Z83: 46538 | AA83: 46538 | AB83: =Z83-X84 -> 0 | AC83: =IF(ISERROR(LOOKUP(AC$16,$L83:$X83,#REF!)),0,(LOOKUP(AC$16,$L83:$X83,#REF!))) -> 0 | AD83: =IF(ISERROR(LOOKUP(AD$16,$L83:$X83,#REF!)),0,(LOOKUP(AD$16,$L83:$X83,#REF!))) -> 0 | AE83: =IF(ISERROR(LOOKUP(AE$16,$L83:$X83,#REF!)),0,(LOOKUP(AE$16,$L83:$X83,#REF!))) -> 0 | AF83: =IF(ISERROR(LOOKUP(AF$16,$L83:$X83,#REF!)),0,(LOOKUP(AF$16,$L83:$X83,#REF!))) -> 0 | AG83: =IF(ISERROR(LOOKUP(AG$16,$L83:$X83,#REF!)),0,(LOOKUP(AG$16,$L83:$X83,#REF!))) -> 0 | AH83: =IF(ISERROR(LOOKUP(AH$16,$L83:$X83,#REF!)),0,(LOOKUP(AH$16,$L83:$X83,#REF!))) -> 0 | AI83: =IF(ISERROR(LOOKUP(AI$16,$L83:$X83,#REF!)),0,(LOOKUP(AI$16,$L83:$X83,#REF!))) -> 0 | AJ83: =IF(ISERROR(LOOKUP(AJ$16,$L83:$X83,#REF!)),0,(LOOKUP(AJ$16,$L83:$X83,#REF!))) -> 0 | ... AM83: =IF(ISERROR(LOOKUP(AM$16,$L83:$X83,#REF!)),0,(LOOKUP(AM$16,$L83:$X83,#REF!))) -> 0 | AP83: =WORKDAY(AQ83,-INDEX(AQ$12:AQ$15,MATCH($I83,$I$12:$I$15,0)),$AW$17:$AW$148) -> #REF! | AQ83: =WORKDAY(U83,-INDEX(U$12:U$15,MATCH($I83,$I$12:$I$15,0)),$AW$17:$AW$148) -> #REF! | AR83: =WORKDAY(U83,-INDEX(U$12:U$15,MATCH($I83,$I$12:$I$15,0)),$AW$17:$AW$148) -> #REF! | AS83: 7 | AW83: #REF!
C84: =C83 -> RFQ-023 | D84: =D83 -> Actuated Choke Valve | F84: =F83 -> Instrument | G84: =G83 -> N | I84: =I83 -> LA | J84: Forecast | K84: =K83 -> 46153 | L84: =WORKDAY(IF(K85="",K84,K85),INDEX(L$12:L$15,MATCH($I83,$I$12:$I$15,0))) -> 46154 | M84: =WORKDAY(IF(L85="",L84,L85),INDEX(M$12:M$15,MATCH($I83,$I$12:$I$15,0))) -> 46161 | N84: =WORKDAY(IF(M85="",M84,M85),INDEX(N$12:N$15,MATCH($I83,$I$12:$I$15,0))) -> 46162 | O84: =WORKDAY(IF(N85="",N84,N85),INDEX(O$12:O$15,MATCH($I83,$I$12:$I$15,0))) -> 46169 | R84: =WORKDAY(IF(O85="",O84,O85),INDEX(R$12:R$15,MATCH($I83,$I$12:$I$15,0))) -> 46183 | S84: =WORKDAY(IF(R85="",R84,R85),INDEX(S$12:S$15,MATCH($I83,$I$12:$I$15,0))) -> 46211 | T84: =WORKDAY(IF(S85="",S84,S85),INDEX(T$12:T$15,MATCH($I83,$I$12:$I$15,0))) -> 46216 | U84: =WORKDAY(IF(T85="",T84,T85),INDEX(U$12:U$15,MATCH($I83,$I$12:$I$15,0))) -> 46230 | V84: =WORKDAY(IF(U85="",U84,U85),INDEX(V$12:V$15,MATCH($I83,$I$12:$I$15,0))) -> 46232 | X84: =U84+Y83 -> 46538 | AC84: =IF(ISERROR(LOOKUP(AC$16,$L84:$X84,#REF!)),0,(LOOKUP(AC$16,$L84:$X84,#REF!))) -> 0 | AD84: =IF(ISERROR(LOOKUP(AD$16,$L84:$X84,#REF!)),0,(LOOKUP(AD$16,$L84:$X84,#REF!))) -> 0 | AE84: =IF(ISERROR(LOOKUP(AE$16,$L84:$X84,#REF!)),0,(LOOKUP(AE$16,$L84:$X84,#REF!))) -> 0 | AF84: =IF(ISERROR(LOOKUP(AF$16,$L84:$X84,#REF!)),0,(LOOKUP(AF$16,$L84:$X84,#REF!))) -> 0 | AG84: =IF(ISERROR(LOOKUP(AG$16,$L84:$X84,#REF!)),0,(LOOKUP(AG$16,$L84:$X84,#REF!))) -> 0 | AH84: =IF(ISERROR(LOOKUP(AH$16,$L84:$X84,#REF!)),0,(LOOKUP(AH$16,$L84:$X84,#REF!))) -> 0 | AI84: =IF(ISERROR(LOOKUP(AI$16,$L84:$X84,#REF!)),0,(LOOKUP(AI$16,$L84:$X84,#REF!))) -> 0 | AJ84: =IF(ISERROR(LOOKUP(AJ$16,$L84:$X84,#REF!)),0,(LOOKUP(AJ$16,$L84:$X84,#REF!))) -> 0 | ... AM84: =IF(ISERROR(LOOKUP(AM$16,$L84:$X84,#REF!)),0,(LOOKUP(AM$16,$L84:$X84,#REF!))) -> 0 | AP84: =WORKDAY(IF(T85="",T84,T85),INDEX(AP$12:AP$15,MATCH($I83,$I$12:$I$15,0)),$AW$17:$AW$148) -> #REF! | AQ84: =WORKDAY(IF(AP85="",AP84,AP85),INDEX(AQ$12:AQ$15,MATCH($I83,$I$12:$I$15,0)),$AW$17:$AW$148) -> #REF! | AR84: =WORKDAY(IF(AQ85="",AQ84,AQ85),INDEX(AR$12:AR$15,MATCH($I83,$I$12:$I$15,0)),$AW$17:$AW$148) -> #REF! | AW84: #REF!
