Workbook
Name \c: #N/A
Name \i: #N/A
Name \z: #N/A
Name __material_he_tubes_alternative: #REF!
Name __sf400: '[7]Pull-Down Menus'!$J$2486:$J$2491
Name __sf404: '[7]Pull-Down Menus'!$J$699:$J$701
Name _bal11: [10]bal11!$B$1:$AV$66
Name _bal12: [10]bal12!$B$1:$AU$66
Name _bal6: [10]bal6!$B$1:$CN$66
Name _DESIGN_MAT_SHELL: #REF!
Name _DESIGN_MAT_TUBES: #REF!
Name _DESIGN_TEMP_MAX_1: #REF!
Name _DESIGN_TEMP_MAX_2: #REF!
Name _DESIGN_TEMP_MIN_1: #REF!
Name _DESIGN_TEMP_MIN_2: #REF!
Name _DIMENSIONS_BOT: #REF!
Name _DIMENSIONS_MID: #REF!
Name _DIMENSIONS_PIPE_SHELL: #REF!
Name _DIMENSIONS_PIPE_TUBE: #REF!
Name _DIMENSIONS_TOP_MAIN: #REF!
Name _din24420: #REF!
Name _din28005: #REF!
Name _din28006: #REF!
Name _din28007: #REF!
Name _din28008: #REF!
Name _din28015: #REF!
Name _din28017: #REF!
Name _din28083: #REF!
Name _din28084: #REF!
Name _din28105: #REF!
Name _din28161: #REF!
Name _din28182: #REF!
Name _din4119: #REF!
Name _doc_foundation_plan_loads_digital: #REF!
Name _doc_foundation_plan_loads_paper: #REF!
Name _doc_foundation_plan_loads_week: #REF!
Name _installed_area_per_unit: #REF!
Name _Jos2: #REF!
Name _mat1: #REF!
Name _mat2: #REF!
Name _mat3: #REF!
Name _mat4: #REF!
Name _material_he_tubes: #REF!
Name _mc230: #REF!
Name _mc240: #REF!
Name _mc245: #REF!
Name _mc250: #REF!
Name _mc251: #REF!
Name _mc252: #REF!
Name _mc253: #REF!
Name _mc254: #REF!
Name _mc255: #REF!
Name _mc260: #REF!
Name _mc310: #REF!
Name _mc311: #REF!
Name _mc335: #REF!
Name _mc336: #REF!
Name _mc337: #REF!
Name _mc338: #REF!
Name _mc339: #REF!

Sheet PSR Overall Cycle
B2: Note: | C2: 1. All MR Issuance with Attached File to be used IFR version, some long lead item to be used FEED document as MR Issuance basis which listed in Remark
C3: 2. In principle, Datasheet - IFA version shall be issued before TBE issuance as much as possible to avoid the big gap of changes.
C4: 3.TBE- AFC and MR-AFC should be issued before PO issuance.
C5: 4.For the Steel Structural, TJE will sign the frame agreement with alternative vendors firstly, once the MTO&IFA drawing issuance, TJE will purchase order promptly
C6: 5.The 3rd line of Each procuremnt package with "Proposal from TJE" in column N , has been aligned with GCME about date of MR issuance with atteched relative documents, then forward schedule in procurement and leadtime to ETA, this line is the basis for schedule developing.
L8: LA | O8: 1 | P8: 10 | Q8: 0 | R8: 0 | S8: 0 | T8: 10 | U8: 17 | V8: 10 | X8: 9
L9: LB | O9: 1 | P9: 10 | Q9: 0 | R9: 0 | S9: 0 | T9: 10 | U9: 17 | V9: 10 | X9: 9
L10: LC | O10: 1 | P10: 10 | Q10: 0 | R10: 0 | S10: 0 | T10: 10 | U10: 13 | V10: 10 | X10: 9
L11: LD | O11: 1 | P11: 10 | Q11: 0 | R11: 0 | S11: 0 | T11: 5 | U11: 7 | V11: 10 | X11: 5
B12: ZM167 PTTEPI ASK Procurement Plan | L12: LA | O12: 1 | P12: 5 | Q12: 1 | R12: 5 | T12: 10 | U12: 20 | V12: 3 | X12: 10 | Y12: 2 | Z12: 5 | AA12: 20 | AB12: 10 | AF12: 5 | AG12: 5 | AO12: Update
L13: LB | O13: 1 | P13: 5 | Q13: 1 | R13: 5 | T13: 10 | U13: 20 | V13: 3 | X13: 10 | Y13: 2 | Z13: 5 | AA13: 20 | AB13: 10 | AF13: 5 | AG13: 5
L14: LC | O14: 3 | P14: 5 | Q14: 1 | R14: 5 | T14: 10 | U14: 15 | V14: 3 | X14: 10 | Y14: 2 | Z14: 5 | AA14: 15 | AB14: 10 | AF14: 5 | AG14: 5
L15: LD | O15: 3 | P15: 5 | Q15: 1 | R15: 3 | T15: 5 | U15: 7 | V15: 2 | X15: 5 | Y15: 2 | Z15: 5 | AA15: 10 | AB15: 10 | AF15: 5 | AG15: 5
A16: No. | B16: RFQ No. | C16: Package Name | D16: Actual Lead Time | E16: Delivery Duration (Weeks) | F16: Deviation | G16: Float | H16: CODE | I16: Discripline | J16: Long Lead Item (Y/N) | K16: Criticality Rating | L16: Priority Level | N16: Bidder List Approval | O16: MR Issued | P16: MR Approved | Q16: RFQ Issued | R16: RFQ Approved | S16: CFT Issuance | T16: Bid Closing Date | U16: TBE Issued | V16: TBE Approved | W16: LOA SIGN | X16: PO Issued | Y16: Vendor Acknowledgement | Z16: KOM | AA16: VD Submission | AB16: Approval of Key Vendor Documents | AC16: Delivery of Major Materials | AD16: PIM | AE16: Start Production | AF16: FAT | AG16: Ready for Shipment | AH16: Receipt at WORKSITE | AI16: Punch List Clearance | AJ16: Approval of Final Documentation (To be confirmed later) | AK16: Delivery Duration (Weeks) | AL16: Lead Time | AM16: ETA date | AN16: ROS date | AO16: ROS date update | AP16: Construction Date | AQ16: Remark | AR16: Float | AU16: Remark
M17: Matrix | AU17: Installation
M18: Holiday | N18: China | O18: Thai | P18: Thai | Q18: China | R18: Thai | T18: China | U18: Thai | V18: Thai | W18: China | X18: China | Y18: China | Z18: China | AA18: China | AB18: Thai
A19: 1 | B19: RFQ-MEC-001 | C19: Offshore Pedestal Crane | I19: Mechanical | L19: LA | M19: New Plan | O19: 46122 | P19: 46145 | Q19: 46145 | R19: 46145 | S19: 46145 | T19: 46157 | U19: 46184 | V19: 46198 | X19: 46211 | Y19: 46213 | Z19: 46220 | AA19: 46248 | AB19: 46262 | AC19: 46307 | AD19: 46310 | AE19: 46313 | AF19: 46496 | AG19: 46526 | AH19: 46540 | AI19: 46554 | AJ19: 46570 | AK19: 47 | AM19: =X19+AL20 -> 46540 | AT19: WPA-01 | AU19: 46568
B20: RFQ-MEC-001 | C20: Offshore Pedestal Crane | G20: 4 | H20: 4-2.1 | I20: Mechanical | J20: Y | K20: 2 | L20: LA | M20: Forecast | X20: 46211 | Y20: =WORKDAY.INTL(X20,INDEX(Y$12:Y$15,MATCH($L20,$L$12:$L$15,0)),1,IF(Y$18="China",'China Holidays'!$A$2:$A$82,'Thai Holidays'!$A$2:$A$63)) -> 46213 | Z20: =WORKDAY.INTL(Y20,INDEX(Z$12:Z$15,MATCH($L20,$L$12:$L$15,0)),1,IF(Z$18="China",'China Holidays'!$A$2:$A$82,'Thai Holidays'!$A$2:$A$63)) -> 46220 | AA20: =WORKDAY.INTL(Z20,INDEX(AA$12:AA$15,MATCH($L20,$L$12:$L$15,0)),1,IF(AA$18="China",'China Holidays'!$A$2:$A$82,'Thai Holidays'!$A$2:$A$63)) -> 46248 | AB20: =WORKDAY.INTL(AA20,INDEX(AB$12:AB$15,MATCH($L20,$L$12:$L$15,0)),1,IF(AB$18="China",'China Holidays'!$A$2:$A$82,'Thai Holidays'!$A$2:$A$63)) -> 46262 | AC20: =AB20+45 -> 46307 | AD20: =AC20+3 -> 46310 | AE20: =AD20+3 -> 46313 | AF20: =AG20-30 -> 46496 | AG20: =AH20-14 -> 46526 | AH20: =AM20 -> 46540 | AI20: =AM20+14 -> 46554 | AJ20: =AM20+30 -> 46570 | AL20: =AK19*7 -> 329 | AM20: =X20+AL20 -> 46540 | AN20: =AU19-3 -> 46565 | AO20: =AP20-7 -> 46561 | AP20: 46568 | AR20: =AN20-AM20 -> 25 | AT20: WPA-02 | AU20: 46574
B21: RFQ-MEC-001 | C21: Offshore Pedestal Crane | I21: Mechanical | J21: Y | K21: 2 | L21: LA | M21: Actual | N21: 46120 | O21: 46122 | P21: 46139 | Q21: =P21 -> 46139 | R21: =Q21 -> 46139 | S21: =R21 -> 46139 | T21: 46143 | U21: 46185 | V21: 46190 | W21: 46223 | Z21: 46213 | AQ21: Upper Deck
A22: 2 | B22: RFQ-MEC-002 | C22: Material Handling Equipment | I22: Mechanical | L22: LC | M22: New Plan | O22: 46203 | P22: 46217 | Q22: 46217 | R22: 46217 | S22: 46217 | T22: 46231 | U22: 46252 | V22: 46266 | X22: 46279 | Y22: 46281 | Z22: 46288 | AA22: 46317 | AB22: 46332 | AC22: 46377 | AD22: 46380 | AE22: 46381 | AF22: 46410 | AG22: 46440 | AH22: 46454 | AI22: 46468 | AJ22: 46484 | AK22: 25 | AM22: =X22+AL23 -> 46454 | AT22: WPA-01 | AU22: 46568
B23: RFQ-MEC-002 | C23: Material Handling Equipment | G23: 111 | H23: 4-2.2 | I23: Mechanical | J23: N | K23: 4 | L23: LC | M23: Forecast | U23: 46252 | V23: =WORKDAY.INTL(U23,INDEX(V$8:V$11,MATCH($L23,$L$8:$L$11,0)),1,IF(V$18="China",'China Holidays'!$A$2:$A$82,'Thai Holidays'!$A$2:$A$63)) -> 46266 | X23: =WORKDAY.INTL(V23,INDEX(X$8:X$11,MATCH($L23,$L$8:$L$11,0)),1,IF(X$18="China",'China Holidays'!$A$2:$A$82,'Thai Holidays'!$A$2:$A$63)) -> 46279 | Y23: =WORKDAY.INTL(X23,INDEX(Y$12:Y$15,MATCH($L23,$L$12:$L$15,0)),1,IF(Y$18="China",'China Holidays'!$A$2:$A$82,'Thai Holidays'!$A$2:$A$63)) -> 46281 | Z23: =WORKDAY.INTL(Y23,INDEX(Z$12:Z$15,MATCH($L23,$L$12:$L$15,0)),1,IF(Z$18="China",'China Holidays'!$A$2:$A$82,'Thai Holidays'!$A$2:$A$63)) -> 46288 | AA23: =WORKDAY.INTL(Z23,INDEX(AA$12:AA$15,MATCH($L23,$L$12:$L$15,0)),1,IF(AA$18="China",'China Holidays'!$A$2:$A$82,'Thai Holidays'!$A$2:$A$63)) -> 46317 | AB23: =WORKDAY.INTL(AA23,INDEX(AB$12:AB$15,MATCH($L23,$L$12:$L$15,0)),1,IF(AB$18="China",'China Holidays'!$A$2:$A$82,'Thai Holidays'!$A$2:$A$63)) -> 46332 | AC23: =AB23+45 -> 46377 | AD23: =AC23+3 -> 46380 | AE23: =AD23+1 -> 46381 | AF23: =AG23-30 -> 46410 | AG23: =AH23-14 -> 46440 | AH23: =AM23 -> 46454 | AI23: =AM23+14 -> 46468 | AJ23: =AM23+30 -> 46484 | AL23: =AK22*7 -> 175 | AM23: =X23+AL23 -> 46454 | AN23: =AU22-3 -> 46565 | AQ23: check Location | AR23: =AN23-AM23 -> 111 | AT23: WPA-02 | AU23: 46574
B24: RFQ-MEC-002 | C24: Material Handling Equipment | I24: Mechanical | J24: N | K24: 4 | L24: LC | M24: Actual | O24: 46170 | P24: 46188 | Q24: 46188 | R24: 46188 | S24: 46191 | T24: 48000
A25: 3 | B25: RFQ-MEC-003 | C25: Instrument Gas Filter Coalescer | I25: Mechanical | L25: LA | M25: New Plan | O25: 46170 | P25: 46181 | Q25: 46182 | R25: 46189 | S25: 46190 | T25: 46204 | U25: 46224 | V25: 46240 | X25: 46253 | Y25: 46255 | Z25: 46262 | AA25: 46293 | AB25: 46307 | AC25: 46367 | AD25: 46370 | AE25: 46371 | AF25: 46402 | AG25: 46432 | AH25: 46433 | AI25: 46447 | AJ25: 46463 | AK25: 25.714286 | AM25: =X25+AL26 -> 46433 | AR25: =AN26-AM25 -> 7 | AT25: WPA-01 | AU25: 46443
B26: RFQ-MEC-003 | C26: Instrument Gas Filter Coalescer | G26: 7 | H26: 4-2.4 | I26: Mechanical | J26: Y | K26: 3 | L26: LA | M26: Forecast | AA26: =WORKDAY.INTL(Z27,INDEX(AA$12:AA$15,MATCH($L26,$L$12:$L$15,0)),1,IF(AA$18="China",'China Holidays'!$A$2:$A$82,'Thai Holidays'!$A$2:$A$63)) -> 46254 | AB26: =WORKDAY.INTL(AA26,INDEX(AB$12:AB$15,MATCH($L26,$L$12:$L$15,0)),1,IF(AB$18="China",'China Holidays'!$A$2:$A$82,'Thai Holidays'!$A$2:$A$63)) -> 46268 | AC26: =AB26+60 -> 46328 | AD26: =AC26+3 -> 46331 | AE26: =AD26+1 -> 46332 | AF26: =AG26-30 -> 46368 | AG26: =AH26-1 -> 46398 | AH26: =AM26 -> 46399 | AI26: =AM26+14 -> 46413 | AJ26: =AM26+30 -> 46429 | AL26: =AK25*7 -> 180 | AM26: =IF(X26<>"",X26+AL26,X27+AL26) -> 46399 | AN26: =AU25-3 -> 46440 | AO26: =AP26-7 -> 46440 | AP26: 46447 | AR26: =AN26-AM26 -> 41 | AT26: WPA-02 | AU26: 46464
B27: RFQ-MEC-003 | C27: Instrument Gas Filter Coalescer | I27: Mechanical | J27: Y | K27: 3 | L27: LA | M27: Actual | N27: 46136 | O27: 46165 | P27: 46183 | Q27: 46183 | R27: 46183 | S27: 46183 | T27: 46192 | U27: 46220 | V27: 46224 | W27: 46219 | X27: 46219 | Y27: 46219 | Z27: 46226 | AQ27: Lower Deck
A28: 4 | B28: RFQ-MEC-004 | C28: TEST AND PRODUCTION SEPARATOR | I28: Mechanical | L28: LA | M28: New Plan | O28: 46154 | P28: 46161 | Q28: 46162 | R28: 46169 | S28: 46170 | T28: 46183 | U28: 46211 | V28: 46216 | X28: 46230 | Y28: 46232 | Z28: 46239 | AA28: 46267 | AB28: 46281 | AC28: 46341 | AD28: 46344 | AE28: 46345 | AF28: 46430 | AG28: =AH28-7 -> 46433 | AH28: =AM28 -> 46440 | AI28: =AM28+14 -> 46454 | AJ28: =AM28+30 -> 46470 | AK28: 30 | AM28: =X28+AL29 -> 46440 | AN28: =AM28-AH28 -> 0 | AR28: =AN29-AM28 -> 7 | AT28: WPA-01 | AU28: 46450
B29: RFQ-MEC-004 | C29: TEST AND PRODUCTION SEPARATOR | G29: 7 | H29: 4-2.3 | I29: Mechanical | J29: Y | K29: 2 | L29: LA | M29: Forecast | AA29: =WORKDAY.INTL(Z30,INDEX(AA$12:AA$15,MATCH($L29,$L$12:$L$15,0)),1,IF(AA$18="China",'China Holidays'!$A$2:$A$82,'Thai Holidays'!$A$2:$A$63)) -> 46254 | AB29: =WORKDAY.INTL(AA29,INDEX(AB$12:AB$15,MATCH($L29,$L$12:$L$15,0)),1,IF(AB$18="China",'China Holidays'!$A$2:$A$82,'Thai Holidays'!$A$2:$A$63)) -> 46268 | AC29: =AB29+60 -> 46328 | AD29: =AC29+3 -> 46331 | AE29: =AD29+1 -> 46332 | AF29: =AG29-30 -> 46398 | AG29: =AH29-1 -> 46428 | AH29: =AM29 -> 46429 | AI29: =AM29+14 -> 46443 | AJ29: =AM29+30 -> 46459 | AL29: =AK28*7 -> 210 | AM29: =IF(X29<>"",X29+AL29,X30+AL29) -> 46429 | AN29: =AU28-3 -> 46447 | AO29: =AP29-7 -> 46440 | AP29: 46447 | AR29: =AN29-AM29 -> 18 | AT29: WPA-02 | AU29: 46464
B30: RFQ-MEC-004 | C30: TEST AND PRODUCTION SEPARATOR | I30: Mechanical | J30: Y | K30: 2 | L30: LA | M30: Actual | N30: 46136 | O30: 46157 | P30: 46182 | Q30: 46182 | R30: 46182 | S30: 46182 | T30: 46190 | U30: 46206 | V30: 46210 | W30: 46219 | X30: 46219 | Y30: 46219 | Z30: 46226 | AQ30: Lower Deck
A31: 5 | B31: RFQ-PIP-005 | C31: QUICK OPENING CLOSURE | I31: Piping | L31: LA | M31: New Plan | O31: 46157 | P31: 46164 | Q31: 46167 | R31: 46175 | S31: 46176 | T31: 46189 | U31: 46217 | V31: =U31+10 -> 46227 | X31: 46234 | Y31: 46238 | Z31: 46245 | AA31: 46273 | AB31: 46287 | AC31: 46347 | AD31: 46350 | AE31: 46351 | AF31: 46427 | AG31: 46457 | AH31: 46458 | AI31: 46472 | AJ31: 46488 | AK31: 32 | AM31: =X31+AL32 -> 46458 | AR31: =AN32-AM31 -> 10 | AT31: WPA-01 | AU31: 46471
B32: RFQ-PIP-005 | C32: QUICK OPENING CLOSURE | G32: 10 | H32: 4-2.6 | I32: Piping | J32: Y | K32: 2 | L32: LA | M32: Forecast | V32: 46227 | X32: =WORKDAY.INTL(V32,INDEX(X$8:X$11,MATCH($L32,$L$8:$L$11,0)),1,IF(X$18="China",'China Holidays'!$A$2:$A$82,'Thai Holidays'!$A$2:$A$63)) -> 46240 | Y32: =WORKDAY.INTL(X32,INDEX(Y$12:Y$15,MATCH($L32,$L$12:$L$15,0)),1,IF(Y$18="China",'China Holidays'!$A$2:$A$82,'Thai Holidays'!$A$2:$A$63)) -> 46244 | Z32: =WORKDAY.INTL(Y32,INDEX(Z$12:Z$15,MATCH($L32,$L$12:$L$15,0)),1,IF(Z$18="China",'China Holidays'!$A$2:$A$82,'Thai Holidays'!$A$2:$A$63)) -> 46251 | AA32: =WORKDAY.INTL(Z32,INDEX(AA$12:AA$15,MATCH($L32,$L$12:$L$15,0)),1,IF(AA$18="China",'China Holidays'!$A$2:$A$82,'Thai Holidays'!$A$2:$A$63)) -> 46279 | AB32: =WORKDAY.INTL(AA32,INDEX(AB$12:AB$15,MATCH($L32,$L$12:$L$15,0)),1,IF(AB$18="China",'China Holidays'!$A$2:$A$82,'Thai Holidays'!$A$2:$A$63)) -> 46293 | AC32: =AB32+60 -> 46353 | AD32: =AC32+3 -> 46356 | AE32: =AD32+1 -> 46357 | AF32: =AG32-30 -> 46433 | AG32: =AH32-1 -> 46463 | AH32: =AM32 -> 46464 | AI32: =AM32+14 -> 46478 | AJ32: =AM32+30 -> 46494 | AL32: =AK31*7 -> 224 | AM32: =IF(X32<>"",X32+AL32,X33+AL32) -> 46464 | AN32: =AU31-3 -> 46468 | AO32: =AP32-7 -> 46464 | AP32: 46471 | AQ32: Lower Deck | AR32: =AN32-AM32 -> 4 | AT32: WPA-02 | AU32: 46472
B33: RFQ-PIP-005 | C33: QUICK OPENING CLOSURE | I33: Piping | J33: Y | K33: 2 | L33: LA | M33: Actual | N33: 46136 | O33: 46163 | P33: 46182 | Q33: 46182 | R33: 46182 | S33: 46182 | T33: 46199 | U33: 46225
A34: 6 | B34: RFQ-MEC-006 | C34: CHEMICAL INJECTION PUMPS PACKAGE | I34: Mechanical | L34: LA | M34: New Plan | O34: 46153 | P34: 46160 | Q34: 46161 | R34: 46168 | S34: 46169 | T34: 46182 | U34: 46210 | V34: 46213 | X34: 46227 | Y34: 46231 | Z34: 46238 | AA34: 46266 | AB34: 46280 | AC34: 46392 | AD34: 46395 | AE34: 46396 | AF34: 46421 | AG34: =AH34-14 -> 46437 | AH34: =AM34 -> 46451 | AI34: =AM34+14 -> 46465 | AJ34: =AM34+30 -> 46481 | AK34: 32 | AM34: =X34+AL35 -> 46451 | AN34: =AM34-AH34 -> 0 | AR34: =AN35-AM34 -> 18 | AT34: WPA-01 | AU34: 46472
B35: RFQ-MEC-006 | C35: CHEMICAL INJECTION PUMPS PACKAGE | G35: 4 | H35: 4-2.8 | I35: Mechanical | J35: Y | K35: 3 | L35: LA | M35: Forecast | X35: 46227 | Y35: =WORKDAY.INTL(X35,INDEX(Y$12:Y$15,MATCH($L35,$L$12:$L$15,0)),1,IF(Y$18="China",'China Holidays'!$A$2:$A$82,'Thai Holidays'!$A$2:$A$63)) -> 46231 | Z35: =WORKDAY.INTL(Y35,INDEX(Z$12:Z$15,MATCH($L35,$L$12:$L$15,0)),1,IF(Z$18="China",'China Holidays'!$A$2:$A$82,'Thai Holidays'!$A$2:$A$63)) -> 46238 | AA35: =WORKDAY.INTL(Z35,INDEX(AA$12:AA$15,MATCH($L35,$L$12:$L$15,0)),1,IF(AA$18="China",'China Holidays'!$A$2:$A$82,'Thai Holidays'!$A$2:$A$63)) -> 46266 | AB35: =WORKDAY.INTL(AA35,INDEX(AB$12:AB$15,MATCH($L35,$L$12:$L$15,0)),1,IF(AB$18="China",'China Holidays'!$A$2:$A$82,'Thai Holidays'!$A$2:$A$63)) -> 46280 | AC35: =AB35+16*7 -> 46392 | AD35: =AC35+3 -> 46395 | AE35: =AD35+1 -> 46396 | AF35: =AG35-30 -> 46407 | AG35: =AH35-14 -> 46437 | AH35: =AM35 -> 46451 | AI35: =AM35+14 -> 46465 | AJ35: =AM35+30 -> 46481 | AL35: =AK34*7 -> 224 | AM35: =IF(X35<>"",X35+AL35,X36+AL35) -> 46451 | AN35: =AU34-3 -> 46469 | AO35: =AP35-7 -> 46465 | AP35: 46472 | AR35: =AN35-AM35 -> 18 | AT35: WPA-02 | AU35: 46477
B36: RFQ-MEC-006 | C36: CHEMICAL INJECTION PUMPS PACKAGE | I36: Mechanical | J36: Y | K36: 3 | L36: LA | M36: Actual | N36: 46133 | O36: 5/15/202 | P36: 46182 | Q36: 46182 | R36: 46182 | S36: 46182 | T36: 46183 | U36: 46206 | V36: 46210 | AQ36: Lower Deck
A37: 8 | B37: RFQ-MEC-008 | C37: DEOILER HYDRO CYCLONE PACKAGE | I37: Mechanical | L37: LA | M37: New Plan | O37: 46141 | P37: 46150 | Q37: 46153 | R37: 46160 | S37: 46161 | T37: 46174 | U37: 46203 | V37: 46206 | X37: 46220 | Y37: 46224 | Z37: 46231 | AA37: 46259 | AB37: 46273 | AC37: 46333 | AD37: 46336 | AE37: 46337 | AF37: 46371 | AG37: =AH37-7 -> 46451 | AH37: =AM37 -> 46458 | AI37: =AM37+14 -> 46472 | AJ37: =AM37+30 -> 46488 | AK37: 34 | AM37: =X37+AL38 -> 46458 | AN37: =AM37-AH37 -> 0 | AR37: =AN38-AM37 -> 9 | AT37: WPA-01 | AU37: NA
B38: RFQ-MEC-008 | C38: DEOILER HYDRO CYCLONE PACKAGE | G38: 65 | H38: 4-2.10 | I38: Mechanical | J38: Y | K38: 2 | L38: LA | M38: Forecast | Z38: 46231 | AA38: =WORKDAY.INTL(Z38,INDEX(AA$12:AA$15,MATCH($L38,$L$12:$L$15,0)),1,IF(AA$18="China",'China Holidays'!$A$2:$A$82,'Thai Holidays'!$A$2:$A$63)) -> 46259 | AB38: =WORKDAY.INTL(AA38,INDEX(AB$12:AB$15,MATCH($L38,$L$12:$L$15,0)),1,IF(AB$18="China",'China Holidays'!$A$2:$A$82,'Thai Holidays'!$A$2:$A$63)) -> 46273 | AC38: =AB38+60 -> 46333 | AD38: =AC38+3 -> 46336 | AE38: =AD38+1 -> 46337 | AF38: =AG38-30 -> 46426 | AG38: =AH38-1 -> 46456 | AH38: =AM38 -> 46457 | AI38: =AM38+14 -> 46471 | AJ38: =AM38+30 -> 46487 | AL38: =AK37*7 -> 238 | AM38: =IF(X38<>"",X38+AL38,X39+AL38) -> 46457 | AN38: =AU38-3 -> 46467 | AO38: =AP38-7 -> 46463 | AP38: 46470 | AQ38: only WPA02 | AR38: =AN38-AM38 -> 10 | AT38: WPA-02 | AU38: 46470
B39: RFQ-MEC-008 | C39: DEOILER HYDRO CYCLONE PACKAGE | I39: Mechanical | J39: Y | K39: 2 | L39: LA | M39: Actual | N39: 46136 | O39: 46139 | P39: 46153 | Q39: 46153 | R39: =P39 -> 46153 | S39: =P39 -> 46153 | T39: 46182 | U39: 46200 | V39: 46202 | W39: 46219 | X39: 46219 | Y39: 46219 | Z39: 46226 | AQ39: Lower Deck
A40: 9 | B40: RFQ-MEC-009 | C40: DEGASSER DRUM | I40: Mechanical | L40: LA | M40: New Plan | O40: 46134 | P40: 46141 | Q40: 46142 | R40: 46153 | S40: 46154 | T40: 46167 | U40: 46197 | V40: 46202 | X40: 46216 | Y40: 46218 | Z40: 46225 | AA40: 46253 | AB40: 46267 | AC40: 46327 | AD40: 46330 | AE40: 46331 | AF40: 46380 | AG40: =AH40-7 -> 46419 | AH40: =AM40 -> 46426 | AI40: =AM40+14 -> 46440 | AJ40: =AM40+30 -> 46456 | AK40: 30 | AM40: =X40+AL41 -> 46426 | AN40: =AM40-AH40 -> 0 | AR40: =AN41-AM40 -> 36 | AT40: WPA-01 | AU40: NA
B41: RFQ-MEC-009 | C41: DEGASSER DRUM | G41: 54 | H41: 4-2.11 | I41: Mechanical | J41: Y | K41: 2 | L41: LA | M41: Forecast | Z41: 46225 | AA41: =WORKDAY.INTL(Z41,INDEX(AA$12:AA$15,MATCH($L41,$L$12:$L$15,0)),1,IF(AA$18="China",'China Holidays'!$A$2:$A$82,'Thai Holidays'!$A$2:$A$63)) -> 46253 | AB41: =WORKDAY.INTL(AA41,INDEX(AB$12:AB$15,MATCH($L41,$L$12:$L$15,0)),1,IF(AB$18="China",'China Holidays'!$A$2:$A$82,'Thai Holidays'!$A$2:$A$63)) -> 46267 | AC41: =AB41+60 -> 46327 | AD41: =AC41+3 -> 46330 | AE41: =AD41+1 -> 46331 | AF41: =AG41-30 -> 46398 | AG41: =AH41-1 -> 46428 | AH41: =AM41 -> 46429 | AI41: =AM41+14 -> 46443 | AJ41: =AM41+30 -> 46459 | AL41: =AK40*7 -> 210 | AM41: =IF(X41<>"",X41+AL41,X42+AL41) -> 46429 | AN41: =AU41-3 -> 46462 | AO41: =AP41-7 -> 46457 | AP41: 46464 | AQ41: only WPA02 | AR41: =AN41-AM41 -> 33 | AT41: WPA-02 | AU41: 46465
B42: RFQ-MEC-009 | C42: DEGASSER DRUM | I42: Mechanical | J42: Y | K42: 2 | L42: LA | M42: Actual | N42: 46135 | O42: 46135 | P42: 46151 | Q42: 46151 | R42: =P42 -> 46151 | S42: =P42 -> 46151 | T42: 46181 | U42: 46202 | V42: 46204 | W42: 46219 | X42: 46219 | Y42: 46219 | Z42: 46226 | AQ42: Lower Deck
A43: 10 | B43: RFQ-MEC-010 | C43: Skim Tank Vessel | I43: Mechanical | L43: LA | M43: New Plan | O43: 46147 | P43: 46154 | Q43: 46155 | R43: 46162 | S43: 46163 | T43: 46176 | U43: 46204 | V43: 46209 | X43: 46223 | Y43: 46225 | Z43: 46232 | AA43: 46260 | AB43: 46274 | AC43: 46334 | AD43: 46337 | AE43: 46338 | AF43: 46374 | AG43: 46446 | AH43: 46447 | AI43: 46461 | AJ43: 46477 | AK43: 32 | AM43: =X43+AL44 -> 46447 | AN43: =AM43-AH43 -> 0 | AR43: =AN44-AM43 -> 18 | AT43: WPA-01 | AU43: NA
B44: RFQ-MEC-010 | C44: Skim Tank Vessel | G44: 60 | H44: 4-2.13 | I44: Mechanical | J44: Y | K44: 2 | L44: LA | M44: Forecast | AA44: =WORKDAY.INTL(Z45,INDEX(AA$12:AA$15,MATCH($L44,$L$12:$L$15,0)),1,IF(AA$18="China",'China Holidays'!$A$2:$A$82,'Thai Holidays'!$A$2:$A$63)) -> 46254 | AB44: =WORKDAY.INTL(AA44,INDEX(AB$12:AB$15,MATCH($L44,$L$12:$L$15,0)),1,IF(AB$18="China",'China Holidays'!$A$2:$A$82,'Thai Holidays'!$A$2:$A$63)) -> 46268 | AC44: =AB44+60 -> 46328 | AD44: =AC44+3 -> 46331 | AE44: =AD44+1 -> 46332 | AF44: =AG44-30 -> 46412 | AG44: =AH44-1 -> 46442 | AH44: =AM44 -> 46443 | AI44: =AM44+14 -> 46457 | AJ44: =AM44+30 -> 46473 | AL44: =AK43*7 -> 224 | AM44: =IF(X44<>"",X44+AL44,X45+AL44) -> 46443 | AN44: =AU44-3 -> 46465 | AO44: =AP44-7 -> 46454 | AP44: 46461 | AQ44: only WPA02 | AR44: =AN44-AM44 -> 22 | AT44: WPA-02 | AU44: 46468
B45: RFQ-MEC-010 | C45: Skim Tank Vessel | I45: Mechanical | J45: Y | K45: 2 | L45: LA | M45: Actual | N45: 46136 | O45: 46150 | P45: 46167 | Q45: 46167 | R45: 46167 | S45: 46167 | T45: 46190 | U45: 46206 | V45: 46210 | W45: 46219 | X45: 46219 | Y45: 46219 | Z45: 46226 | AQ45: Lower Deck
A46: 11 | B46: RFQ-MEC-011 | C46: Closed Drain Sump Vessel | I46: Mechanical | L46: LA | M46: New Plan | O46: 46155 | P46: 46162 | Q46: 46163 | R46: 46170 | S46: 46171 | T46: 46184 | U46: 46212 | V46: 46217 | X46: 46231 | Y46: 46233 | Z46: 46240 | AA46: 46268 | AB46: 46282 | AC46: 46342 | AD46: 46345 | AE46: 46346 | AF46: 46382 | AG46: 46412 | AH46: 46413 | AI46: 46427 | AJ46: 46443 | AK46: 26 | AM46: =X46+AL47 -> 46413 | AR46: =AN47-AM46 -> 4 | AT46: WPA-01 | AU46: 46420
B47: RFQ-MEC-011 | C47: Closed Drain Sump Vessel | G47: 22 | H47: 4-2.12 | I47: Mechanical | J47: Y | K47: 3 | L47: LA | M47: Forecast | AA47: =WORKDAY.INTL(Z48,INDEX(AA$12:AA$15,MATCH($L47,$L$12:$L$15,0)),1,IF(AA$18="China",'China Holidays'!$A$2:$A$82,'Thai Holidays'!$A$2:$A$63)) -> 46254 | AB47: =WORKDAY.INTL(AA47,INDEX(AB$12:AB$15,MATCH($L47,$L$12:$L$15,0)),1,IF(AB$18="China",'China Holidays'!$A$2:$A$82,'Thai Holidays'!$A$2:$A$63)) -> 46268 | AC47: =AB47+60 -> 46328 | AD47: =AC47+3 -> 46331 | AE47: =AD47+1 -> 46332 | AF47: =AG47-30 -> 46370 | AG47: =AH47-1 -> 46400 | AH47: =AM47 -> 46401 | AI47: =AM47+14 -> 46415 | AJ47: =AM47+30 -> 46431 | AL47: =AK46*7 -> 182 | AM47: =IF(X47<>"",X47+AL47,X48+AL47) -> 46401 | AN47: =AU46-3 -> 46417 | AO47: =AP47-7 -> 46412 | AP47: 46419 | AR47: =AN47-AM47 -> 16 | AT47: WPA-02 | AU47: 46451
B48: RFQ-MEC-011 | C48: Closed Drain Sump Vessel | I48: Mechanical | J48: Y | K48: 3 | L48: LA | M48: Actual | N48: 46136 | O48: 46157 | P48: 46182 | Q48: 46182 | R48: 46182 | S48: 46182 | T48: 46185 | U48: 46206 | V48: 46210 | W48: 46219 | X48: 46219 | Y48: 46219 | Z48: 46226 | AQ48: Sump Deck
A49: 13 | B49: RFQ-MEC-013 | C49: Storage Tank | I49: Mechanical | L49: LA | M49: New Plan | O49: 46164 | P49: 46171 | Q49: 46174 | R49: 46182 | S49: 46183 | T49: 46197 | U49: 46225 | V49: 46241 | X49: 46254 | Y49: 46258 | Z49: 46265 | AA49: 46294 | AB49: 46309 | AC49: 46369 | AD49: 46372 | AE49: 46373 | AF49: 46391 | AG49: 46421 | AH49: 46422 | AI49: 46436 | AJ49: 46452 | AK49: 24 | AM49: =X49+AL50 -> 46422 | AR49: =AN50-AM49 -> 40 | AT49: WPA-01 | AU49: 46465
B50: RFQ-MEC-013 | C50: Storage Tank | G50: 53 | H50: 4-2.17 | I50: Mechanical | J50: Y | K50: 3 | L50: LA | M50: Forecast | AA50: =WORKDAY.INTL(Z51,INDEX(AA$12:AA$15,MATCH($L50,$L$12:$L$15,0)),1,IF(AA$18="China",'China Holidays'!$A$2:$A$82,'Thai Holidays'!$A$2:$A$63)) -> 46254 | AB50: =WORKDAY.INTL(AA50,INDEX(AB$12:AB$15,MATCH($L50,$L$12:$L$15,0)),1,IF(AB$18="China",'China Holidays'!$A$2:$A$82,'Thai Holidays'!$A$2:$A$63)) -> 46268 | AC50: =AB50+60 -> 46328 | AD50: =AC50+3 -> 46331 | AE50: =AD50+1 -> 46332 | AF50: =AG50-30 -> 46356 | AG50: =AH50-1 -> 46386 | AH50: =AM50 -> 46387 | AI50: =AM50+14 -> 46401 | AJ50: =AM50+30 -> 46417 | AL50: =AK49*7 -> 168 | AM50: =IF(X50<>"",X50+AL50,X51+AL50) -> 46387 | AN50: =AU49-3 -> 46462 | AO50: =AP50-7 -> 46456 | AP50: 46463 | AR50: =AN50-AM50 -> 75 | AT50: WPA-02 | AU50: 46489
B51: RFQ-MEC-013 | C51: Storage Tank | I51: Mechanical | J51: Y | K51: 3 | L51: LA | M51: Actual | N51: 46136 | O51: 46164 | P51: 46183 | Q51: 46183 | R51: 46183 | S51: 46183 | T51: 46183 | U51: 46212 | V51: 46219 | W51: 46219 | X51: 46219 | Y51: 46219 | Z51: 46226 | AQ51: Mezz & Lower
A52: 14 | B52: RFQ-MEC-014 | C52: CLOSED DRAIN SUMP PUMP AND RECOVERY WATER PUMP PACKAGE | I52: Mechanical | L52: LA | M52: New Plan | O52: 46155 | P52: 46162 | Q52: 46163 | R52: 46170 | S52: 46171 | T52: 46184 | U52: 46212 | V52: 46217 | X52: 46231 | Y52: 46233 | Z52: 46240 | AA52: 46268 | AB52: 46282 | AC52: 46394 | AD52: 46397 | AE52: 46398 | AF52: 46411 | AG52: 46441 | AH52: 46455 | AI52: 46469 | AJ52: 46485 | AK52: 32 | AM52: =X52+AL53 -> 46455 | AR52: =AN53-AM52 -> 10 | AT52: WPA-01 | AU52: 46468
B53: RFQ-MEC-014 | C53: CLOSED DRAIN SUMP PUMP AND RECOVERY WATER PUMP PACKAGE | G53: 10 | H53: 4-2.21 | I53: Mechanical | J53: Y | K53: 3 | L53: LA | M53: Forecast | X53: 46231 | Y53: =WORKDAY.INTL(X53,INDEX(Y$12:Y$15,MATCH($L53,$L$12:$L$15,0)),1,IF(Y$18="China",'China Holidays'!$A$2:$A$82,'Thai Holidays'!$A$2:$A$63)) -> 46233 | Z53: =WORKDAY.INTL(Y53,INDEX(Z$12:Z$15,MATCH($L53,$L$12:$L$15,0)),1,IF(Z$18="China",'China Holidays'!$A$2:$A$82,'Thai Holidays'!$A$2:$A$63)) -> 46240 | AA53: =WORKDAY.INTL(Z53,INDEX(AA$12:AA$15,MATCH($L53,$L$12:$L$15,0)),1,IF(AA$18="China",'China Holidays'!$A$2:$A$82,'Thai Holidays'!$A$2:$A$63)) -> 46268 | AB53: =WORKDAY.INTL(AA53,INDEX(AB$12:AB$15,MATCH($L53,$L$12:$L$15,0)),1,IF(AB$18="China",'China Holidays'!$A$2:$A$82,'Thai Holidays'!$A$2:$A$63)) -> 46282 | AC53: =AB53+16*7 -> 46394 | AD53: =AC53+3 -> 46397 | AE53: =AD53+1 -> 46398 | AF53: =AG53-30 -> 46411 | AG53: =AH53-14 -> 46441 | AH53: =AM53 -> 46455 | AI53: =AM53+14 -> 46469 | AJ53: =AM53+30 -> 46485 | AL53: =AK52*7 -> 224 | AM53: =IF(X53<>"",X53+AL53,X54+AL53) -> 46455 | AN53: =AU52-3 -> 46465 | AO53: =AP53-7 -> 46461 | AP53: 46468 | AR53: =AN53-AM53 -> 10 | AT53: WPA-02 | AU53: 46468
B54: RFQ-MEC-014 | C54: CLOSED DRAIN SUMP PUMP AND RECOVERY WATER PUMP PACKAGE | I54: Mechanical | J54: Y | K54: 3 | L54: LA | M54: Actual | N54: 46133 | O54: 46157 | P54: 46182 | Q54: 46182 | R54: 46182 | S54: 46182 | T54: 46178 | U54: 46206 | V54: 46211 | AQ54: Sump Deck
A55: 15 | B55: RFQ-MEC-015 | C55: DIESEL TRANSFER PUMP PACKAGE | I55: Mechanical | L55: LA | M55: New Plan | O55: 46177 | P55: 46184 | Q55: 46185 | R55: 46192 | S55: 46193 | T55: 46206 | U55: 46238 | V55: 46241 | X55: 46255 | Y55: 46259 | Z55: 46266 | AA55: 46295 | AB55: 46310 | AC55: 46421 | AD55: 46424 | AE55: 46425 | AF55: 46435 | AG55: 46465 | AH55: 46479 | AI55: 46493 | AJ55: 46509 | AK55: 32 | AM55: =X55+AL56 -> 46479 | AR55: =AN56-AM55 -> 1 | AT55: WPA-01 | AU55: 46483
B56: RFQ-MEC-015 | C56: DIESEL TRANSFER PUMP PACKAGE | G56: 1 | H56: 4-2.23 | I56: Mechanical | J56: Y | K56: 3 | L56: LA | M56: Forecast | X56: 46240 | Y56: =WORKDAY.INTL(X56,INDEX(Y$12:Y$15,MATCH($L56,$L$12:$L$15,0)),1,IF(Y$18="China",'China Holidays'!$A$2:$A$82,'Thai Holidays'!$A$2:$A$63)) -> 46244 | Z56: =WORKDAY.INTL(Y56,INDEX(Z$12:Z$15,MATCH($L56,$L$12:$L$15,0)),1,IF(Z$18="China",'China Holidays'!$A$2:$A$82,'Thai Holidays'!$A$2:$A$63)) -> 46251 | AA56: =WORKDAY.INTL(Z56,INDEX(AA$12:AA$15,MATCH($L56,$L$12:$L$15,0)),1,IF(AA$18="China",'China Holidays'!$A$2:$A$82,'Thai Holidays'!$A$2:$A$63)) -> 46279 | AB56: =WORKDAY.INTL(AA56,INDEX(AB$12:AB$15,MATCH($L56,$L$12:$L$15,0)),1,IF(AB$18="China",'China Holidays'!$A$2:$A$82,'Thai Holidays'!$A$2:$A$63)) -> 46293 | AC56: =AB56+16*7 -> 46405 | AD56: =AC56+3 -> 46408 | AE56: =AD56+1 -> 46409 | AF56: =AG56-30 -> 46420 | AG56: =AH56-14 -> 46450 | AH56: =AM56 -> 46464 | AI56: =AM56+14 -> 46478 | AJ56: =AM56+30 -> 46494 | AL56: =AK55*7 -> 224 | AM56: =IF(X56<>"",X56+AL56,X57+AL56) -> 46464 | AN56: =AU55-3 -> 46480 | AO56: =AP56-7 -> 46476 | AP56: 46483 | AR56: =AN56-AM56 -> 16 | AT56: WPA-02 | AU56: 46486
B57: RFQ-MEC-015 | C57: DIESEL TRANSFER PUMP PACKAGE | I57: Mechanical | J57: Y | K57: 3 | L57: LA | M57: Actual | O57: 46170 | P57: 46188 | Q57: 46188 | R57: 46188 | S57: 46188 | T57: 46191 | U57: 46213 | V57: 46217 | AQ57: Lower Deck
A58: 16 | B58: RFQ-MEC-016 | C58: OPEN DRAIN CAISSON PUMP PACKAGE | I58: Mechanical | L58: LA | M58: New Plan | O58: 46150 | P58: 46157 | Q58: 46160 | R58: 46167 | S58: 46168 | T58: 46181 | U58: 46223 | V58: 46239 | X58: 46252 | Y58: 46254 | Z58: 46261 | AA58: 46289 | AB58: 46303 | AC58: 46415 | AD58: 46394 | AE58: 46395 | AF58: =AG58-30 -> 46445 | AG58: =AH58-1 -> 46475 | AH58: =AM58 -> 46476 | AI58: =AM58+14 -> 46490 | AJ58: =AM58+30 -> 46506 | AK58: 32 | AM58: =X58+AL59 -> 46476 | AR58: =AN59-AM58 -> 95 | AT58: WPA-01 | AU58: NA
B59: RFQ-MEC-016 | C59: OPEN DRAIN CAISSON PUMP PACKAGE | G59: 121 | H59: 4-2.24 | I59: Mechanical | J59: Y | K59: 2 | L59: LA | M59: Forecast | X59: 46240 | Y59: =WORKDAY.INTL(X59,INDEX(Y$12:Y$15,MATCH($L59,$L$12:$L$15,0)),1,IF(Y$18="China",'China Holidays'!$A$2:$A$82,'Thai Holidays'!$A$2:$A$63)) -> 46244 | Z59: =WORKDAY.INTL(Y59,INDEX(Z$12:Z$15,MATCH($L59,$L$12:$L$15,0)),1,IF(Z$18="China",'China Holidays'!$A$2:$A$82,'Thai Holidays'!$A$2:$A$63)) -> 46251 | AA59: =WORKDAY.INTL(Z59,INDEX(AA$12:AA$15,MATCH($L59,$L$12:$L$15,0)),1,IF(AA$18="China",'China Holidays'!$A$2:$A$82,'Thai Holidays'!$A$2:$A$63)) -> 46279 | AB59: =WORKDAY.INTL(AA59,INDEX(AB$12:AB$15,MATCH($L59,$L$12:$L$15,0)),1,IF(AB$18="China",'China Holidays'!$A$2:$A$82,'Thai Holidays'!$A$2:$A$63)) -> 46293 | AC59: =AB59+16*7 -> 46405 | AD59: =AC59+3 -> 46408 | AE59: =AD59+1 -> 46409 | AF59: =AG59-30 -> 46404 | AG59: =AH59-30 -> 46434 | AH59: =AM59 -> 46464 | AI59: =AM59+14 -> 46478 | AJ59: =AM59+30 -> 46494 | AL59: =AK58*7 -> 224 | AM59: =IF(X59<>"",X59+AL59,X60+AL59) -> 46464 | AN59: =AU59-3 -> 46571 | AO59: =AP59-7 -> 46479 | AP59: 46486 | AR59: =AN59-AM59 -> 107 | AT59: WPA-02 | AU59: 46574
B60: RFQ-MEC-016 | C60: OPEN DRAIN CAISSON PUMP PACKAGE | I60: Mechanical | J60: Y | K60: 2 | L60: LA | M60: Actual | N60: 46133 | O60: 46152 | P60: 46167 | Q60: 46167 | R60: 46167 | S60: 46167 | T60: 46184 | U60: 46213 | V60: 46219 | AQ60: check Location
A61: 17 | B61: RFQ-ELE-017 | C61: AC/DC Distribution Board | I61: Electrical | L61: LB | M61: New Plan | O61: 46139 | P61: 46155 | Q61: 46155 | R61: 46155 | S61: 46155 | T61: 46164 | U61: 46199 | V61: 46213 | X61: 46226 | Y61: 46230 | Z61: 46237 | AA61: 46265 | AB61: 46279 | AC61: 46299 | AD61: 46302 | AE61: 46303 | AF61: 46458 | AG61: 46471 | AH61: 46478 | AI61: 46492 | AJ61: 46508 | AK61: 36 | AM61: =X61+AL62 -> 46478 | AN61: =AM61-AH61 -> 0 | AR61: =AN62-AM61 -> 20 | AT61: WPA-01 | AU61: 46505
B62: RFQ-ELE-017 | C62: AC/DC Distribution Board | G62: 0 | H62: 4-3.1 | I62: Electrical | J62: Y | K62: 3 | L62: LB | M62: Forecast | X62: 46226 | Y62: =WORKDAY.INTL(X62,INDEX(Y$12:Y$15,MATCH($L62,$L$12:$L$15,0)),1,IF(Y$18="China",'China Holidays'!$A$2:$A$82,'Thai Holidays'!$A$2:$A$63)) -> 46230 | Z62: =WORKDAY.INTL(Y62,INDEX(Z$12:Z$15,MATCH($L62,$L$12:$L$15,0)),1,IF(Z$18="China",'China Holidays'!$A$2:$A$82,'Thai Holidays'!$A$2:$A$63)) -> 46237 | AA62: =WORKDAY.INTL(Z62,INDEX(AA$12:AA$15,MATCH($L62,$L$12:$L$15,0)),1,IF(AA$18="China",'China Holidays'!$A$2:$A$82,'Thai Holidays'!$A$2:$A$63)) -> 46265 | AB62: =WORKDAY.INTL(AA62,INDEX(AB$12:AB$15,MATCH($L62,$L$12:$L$15,0)),1,IF(AB$18="China",'China Holidays'!$A$2:$A$82,'Thai Holidays'!$A$2:$A$63)) -> 46279 | AC62: =AB62+20 -> 46299 | AD62: =AC62+3 -> 46302 | AE62: =AD62+1 -> 46303 | AF62: =AG62-20 -> 46451 | AG62: =AH62-7 -> 46471 | AH62: =AM62 -> 46478 | AI62: =AM62+14 -> 46492 | AJ62: =AM62+30 -> 46508 | AL62: =AK61*7 -> 252 | AM62: =IF(X62<>"",X62+AL62,X63+AL62) -> 46478 | AN62: =AU61-7 -> 46498 | AO62: =AP62-7 -> 46498 | AP62: 46505 | AR62: =AN62-AM62 -> 20 | AT62: WPA-02 | AU62: 46518
B63: RFQ-ELE-017 | C63: AC/DC Distribution Board | I63: Electrical | J63: Y | K63: 3 | L63: LB | M63: Actual | N63: 46133 | O63: 46139 | P63: 46156 | Q63: 46156 | R63: 46156 | S63: 46156 | T63: 46164 | U63: 46206 | V63: 46213 | AU63: It is included in RFQ for Solar Power System
A64: 18 | B64: RFQ-ELE-018 | C64: Solar Power System | I64: Electrical | L64: LA | M64: New Plan | O64: 46139 | P64: 46155 | Q64: 46155 | R64: 46155 | S64: 46155 | T64: 46164 | U64: 46199 | V64: 46213 | X64: 46226 | Y64: 46230 | Z64: 46237 | AA64: 46265 | AB64: 46279 | AC64: 46299 | AD64: 46302 | AE64: 46303 | AF64: 46458 | AG64: 46478 | AH64: 46485 | AI64: 46499 | AJ64: 46515 | AK64: 37 | AM64: =X64+AL65 -> 46485 | AR64: =AN65-AM64 -> 13 | AT64: WPA-01 | AU64: 46505
B65: RFQ-ELE-018 | C65: Solar Power System | G65: 0 | H65: 4-3.3 | I65: Electrical | J65: Y | K65: 2 | L65: LA | M65: Forecast | X65: 46226 | Y65: =WORKDAY.INTL(X65,INDEX(Y$12:Y$15,MATCH($L65,$L$12:$L$15,0)),1,IF(Y$18="China",'China Holidays'!$A$2:$A$82,'Thai Holidays'!$A$2:$A$63)) -> 46230 | Z65: =WORKDAY.INTL(Y65,INDEX(Z$12:Z$15,MATCH($L65,$L$12:$L$15,0)),1,IF(Z$18="China",'China Holidays'!$A$2:$A$82,'Thai Holidays'!$A$2:$A$63)) -> 46237 | AA65: =WORKDAY.INTL(Z65,INDEX(AA$12:AA$15,MATCH($L65,$L$12:$L$15,0)),1,IF(AA$18="China",'China Holidays'!$A$2:$A$82,'Thai Holidays'!$A$2:$A$63)) -> 46265 | AB65: =WORKDAY.INTL(AA65,INDEX(AB$12:AB$15,MATCH($L65,$L$12:$L$15,0)),1,IF(AB$18="China",'China Holidays'!$A$2:$A$82,'Thai Holidays'!$A$2:$A$63)) -> 46279 | AC65: =AB65+20 -> 46299 | AD65: =AC65+3 -> 46302 | AE65: =AD65+1 -> 46303 | AF65: =AG65-20 -> 46458 | AG65: =AH65-7 -> 46478 | AH65: =AM65 -> 46485 | AI65: =AM65+14 -> 46499 | AJ65: =AM65+30 -> 46515 | AL65: =AK64*7 -> 259 | AM65: =IF(X65<>"",X65+AL65,X66+AL65) -> 46485 | AN65: =AU64-7 -> 46498 | AO65: =AP65-7 -> 46498 | AP65: 46505 | AR65: =AN65-AM65 -> 13 | AT65: WPA-02 | AU65: 46518
B66: RFQ-ELE-018 | C66: Solar Power System | I66: Electrical | J66: Y | K66: 2 | L66: LA | M66: Actual | N66: 46133 | O66: 46139 | P66: 46156 | Q66: 46156 | R66: 46156 | S66: 46156 | T66: 46164 | U66: 46206 | V66: 46213
A67: 19 | B67: RFQ-ELE-019 | C67: Navigation Aid System | I67: Electrical | L67: LB | M67: New Plan | O67: 46150 | P67: 46164 | Q67: 46164 | R67: 46164 | S67: 46164 | T67: 46171 | U67: 46218 | V67: 46234 | X67: 46247 | Y67: 46251 | Z67: 46258 | AA67: 46286 | AB67: 46300 | AC67: 46320 | AD67: 46320 | AE67: 46323 | AF67: 46472 | AG67: 46492 | AH67: 46499 | AI67: 46513 | AJ67: 46529 | AK67: 36 | AM67: =X67+AL68 -> 46499 | AR67: =AN68-AM67 -> 31 | AT67: WPA-01 | AU67: 46537
B68: RFQ-ELE-019 | C68: Navigation Aid System | G68: 12 | H68: 4-3.2 | I68: Electrical | J68: Y | K68: 4 | L68: LB | M68: Forecast | V68: 46234 | X68: =WORKDAY.INTL(V68,INDEX(X$8:X$11,MATCH($L68,$L$8:$L$11,0)),1,IF(X$18="China",'China Holidays'!$A$2:$A$82,'Thai Holidays'!$A$2:$A$63)) -> 46247 | Y68: =WORKDAY.INTL(X68,INDEX(Y$12:Y$15,MATCH($L68,$L$12:$L$15,0)),1,IF(Y$18="China",'China Holidays'!$A$2:$A$82,'Thai Holidays'!$A$2:$A$63)) -> 46251 | Z68: =WORKDAY.INTL(Y68,INDEX(Z$12:Z$15,MATCH($L68,$L$12:$L$15,0)),1,IF(Z$18="China",'China Holidays'!$A$2:$A$82,'Thai Holidays'!$A$2:$A$63)) -> 46258 | AA68: =WORKDAY.INTL(Z68,INDEX(AA$12:AA$15,MATCH($L68,$L$12:$L$15,0)),1,IF(AA$18="China",'China Holidays'!$A$2:$A$82,'Thai Holidays'!$A$2:$A$63)) -> 46286 | AB68: =WORKDAY.INTL(AA68,INDEX(AB$12:AB$15,MATCH($L68,$L$12:$L$15,0)),1,IF(AB$18="China",'China Holidays'!$A$2:$A$82,'Thai Holidays'!$A$2:$A$63)) -> 46300 | AC68: =AB68+20 -> 46320 | AD68: =AC68 -> 46320 | AE68: =AD68+3 -> 46323 | AF68: =AG68-20 -> 46472 | AG68: =AH68-7 -> 46492 | AH68: =AM68 -> 46499 | AI68: =AM68+14 -> 46513 | AJ68: =AM68+30 -> 46529 | AL68: =AK67*7 -> 252 | AM68: =IF(X68<>"",X68+AL68,X69+AL68) -> 46499 | AN68: =AU67-7 -> 46530 | AO68: =AP68-7 -> 46530 | AP68: 46537 | AR68: =AN68-AM68 -> 31 | AT68: WPA-02 | AU68: 46537
B69: RFQ-ELE-019 | C69: Navigation Aid System | I69: Electrical | J69: Y | K69: 4 | L69: LB | M69: Actual | N69: 46133 | O69: 46150 | P69: 46170 | Q69: 46170 | R69: 46170 | S69: 46170 | T69: 46171 | U69: 46215 | V69: 46224
A70: 20 | B70: RFQ-ELE-020 | C70: External Battery Charger | I70: Electrical | L70: LC | M70: New Plan | O70: 46136 | P70: 46147 | Q70: 46148 | R70: 46155 | S70: 46156 | T70: 46169 | U70: 46199 | V70: 46213 | X70: 46226 | Y70: 46230 | Z70: 46237 | AA70: 46265 | AB70: 46279 | AC70: 46299 | AD70: 46458 | AE70: 46478 | AF70: =AG70-20 -> 46458 | AG70: 46478 | AH70: 46485 | AI70: 46499 | AJ70: 46515 | AK70: 37 | AM70: =X70+AL71 -> 46485 | AN70: =AM70-AH70 -> 0 | AR70: =AN71-AM70 -> 13 | AT70: WPA-01 | AU70: 46505
B71: RFQ-ELE-020 | C71: External Battery Charger | G71: 6 | H71: 4-3.3 | I71: Electrical | J71: N | K71: 3 | L71: LC | M71: Forecast | X71: 46226 | Y71: 46230 | Z71: 46237 | AA71: 46265 | AB71: 46279 | AC71: 46299 | AD71: 46458 | AE71: 46478 | AF71: =AG71-20 -> 46458 | AG71: =AH71-7 -> 46478 | AH71: =AM71 -> 46485 | AI71: =AM71+14 -> 46499 | AJ71: =AM71+30 -> 46515 | AL71: =AK70*7 -> 259 | AM71: =IF(X71<>"",X71+AL71,X72+AL71) -> 46485 | AN71: =AU70-7 -> 46498 | AO71: =AP71-7 -> 46498 | AP71: 46505 | AR71: =AN71-AM71 -> 13 | AT71: WPA-02 | AU71: 46518
B72: RFQ-ELE-020 | C72: External Battery Charger | I72: Electrical | J72: N | K72: 3 | L72: LC | M72: Actual | N72: 46133 | O72: 46139 | P72: 46156 | Q72: 46156 | R72: 46156 | S72: 46156 | T72: 46164 | U72: 46210 | V72: 46219 | AU72: It is included in RFQ for Solar Power System
A73: 21 | B73: RFQ-INS-021 | C73: Control Valve | I73: Instrument | L73: LB | M73: New Plan | O73: 46164 | P73: 46171 | Q73: 46174 | R73: 46182 | S73: 46183 | T73: 46197 | U73: 46225 | V73: 46241 | X73: 46254 | Y73: 46258 | Z73: 46265 | AA73: 46294 | AB73: 46309 | AC73: 46369 | AD73: 46372 | AE73: 46373 | AF73: 46443 | AG73: 46457 | AH73: 46464 | AI73: 46478 | AJ73: 46494 | AK73: 30 | AM73: =X73+AL74 -> 46464 | AN73: =AM73-AH73 -> 0 | AR73: =AN74-AM73 -> 14 | AT73: WPA-01 | AU73: 46485
B74: RFQ-INS-021 | C74: Control Valve | G74: 6 | H74: 4-4.5 | I74: Instrument | J74: N | K74: 2 | L74: LB | M74: Forecast | U74: 46225 | V74: =WORKDAY.INTL(U74,INDEX(V$8:V$11,MATCH($L74,$L$8:$L$11,0)),1,IF(V$18="China",'China Holidays'!$A$2:$A$82,'Thai Holidays'!$A$2:$A$63)) -> 46241 | X74: =WORKDAY.INTL(V74,INDEX(X$8:X$11,MATCH($L74,$L$8:$L$11,0)),1,IF(X$18="China",'China Holidays'!$A$2:$A$82,'Thai Holidays'!$A$2:$A$63)) -> 46254 | Y74: =WORKDAY.INTL(X74,INDEX(Y$12:Y$15,MATCH($L74,$L$12:$L$15,0)),1,IF(Y$18="China",'China Holidays'!$A$2:$A$82,'Thai Holidays'!$A$2:$A$63)) -> 46258 | Z74: =WORKDAY.INTL(Y74,INDEX(Z$12:Z$15,MATCH($L74,$L$12:$L$15,0)),1,IF(Z$18="China",'China Holidays'!$A$2:$A$82,'Thai Holidays'!$A$2:$A$63)) -> 46265 | AA74: =WORKDAY.INTL(Z74,INDEX(AA$12:AA$15,MATCH($L74,$L$12:$L$15,0)),1,IF(AA$18="China",'China Holidays'!$A$2:$A$82,'Thai Holidays'!$A$2:$A$63)) -> 46294 | AB74: =WORKDAY.INTL(AA74,INDEX(AB$12:AB$15,MATCH($L74,$L$12:$L$15,0)),1,IF(AB$18="China",'China Holidays'!$A$2:$A$82,'Thai Holidays'!$A$2:$A$63)) -> 46309 | AC74: =AB74+60 -> 46369 | AD74: =AC74+3 -> 46372 | AE74: =AD74+1 -> 46373 | AF74: =AG74-14 -> 46443 | AG74: =AH74-7 -> 46457 | AH74: =AM74 -> 46464 | AI74: =AM74+14 -> 46478 | AJ74: =AM74+30 -> 46494 | AL74: =AK73*7 -> 210 | AM74: =IF(X74<>"",X74+AL74,X75+AL74) -> 46464 | AN74: =AU73-7 -> 46478 | AO74: =AP74-7 -> 46498 | AP74: 46505 | AQ74: installation during Reinstatement | AR74: =AN74-AM74 -> 14 | AT74: WPA-02 | AU74: 46485
B75: RFQ-INS-021 | C75: Control Valve | I75: Instrument | J75: N | K75: 2 | L75: LB | M75: Actual | N75: 46133 | O75: 46165 | P75: 46182 | Q75: 46182 | R75: 46182 | S75: 46182 | T75: 46188
A76: 22 | B76: RFQ-INS-022 | C76: Self Regulator Valve | I76: Instrument | L76: LB | M76: New Plan | O76: 46164 | P76: 46171 | Q76: 46174 | R76: 46182 | S76: 46183 | T76: 46197 | U76: 46225 | V76: 46241 | X76: 46254 | Y76: 46258 | Z76: 46265 | AA76: 46294 | AB76: 46309 | AC76: 46369 | AD76: 46372 | AE76: 46373 | AF76: 46457 | AG76: 46471 | AH76: 46478 | AI76: 46492 | AJ76: 46508 | AK76: 32 | AM76: =X76+AL77 -> 46478 | AR76: =AN77-AM76 -> 0 | AT76: WPA-01 | AU76: 46485
B77: RFQ-INS-022 | C77: Self Regulator Valve | G77: 13 | H77: 4-4.6 | I77: Instrument | J77: N | K77: 4 | L77: LB | M77: Forecast | U77: 46225 | V77: =WORKDAY.INTL(U77,INDEX(V$8:V$11,MATCH($L77,$L$8:$L$11,0)),1,IF(V$18="China",'China Holidays'!$A$2:$A$82,'Thai Holidays'!$A$2:$A$63)) -> 46241 | X77: =WORKDAY.INTL(V77,INDEX(X$8:X$11,MATCH($L77,$L$8:$L$11,0)),1,IF(X$18="China",'China Holidays'!$A$2:$A$82,'Thai Holidays'!$A$2:$A$63)) -> 46254 | Y77: =WORKDAY.INTL(X77,INDEX(Y$12:Y$15,MATCH($L77,$L$12:$L$15,0)),1,IF(Y$18="China",'China Holidays'!$A$2:$A$82,'Thai Holidays'!$A$2:$A$63)) -> 46258 | Z77: =WORKDAY.INTL(Y77,INDEX(Z$12:Z$15,MATCH($L77,$L$12:$L$15,0)),1,IF(Z$18="China",'China Holidays'!$A$2:$A$82,'Thai Holidays'!$A$2:$A$63)) -> 46265 | AA77: =WORKDAY.INTL(Z77,INDEX(AA$12:AA$15,MATCH($L77,$L$12:$L$15,0)),1,IF(AA$18="China",'China Holidays'!$A$2:$A$82,'Thai Holidays'!$A$2:$A$63)) -> 46294 | AB77: =WORKDAY.INTL(AA77,INDEX(AB$12:AB$15,MATCH($L77,$L$12:$L$15,0)),1,IF(AB$18="China",'China Holidays'!$A$2:$A$82,'Thai Holidays'!$A$2:$A$63)) -> 46309 | AC77: =AB77+60 -> 46369 | AD77: =AC77+3 -> 46372 | AE77: =AD77+1 -> 46373 | AF77: =AG77-14 -> 46457 | AG77: =AH77-7 -> 46471 | AH77: =AM77 -> 46478 | AI77: =AM77+14 -> 46492 | AJ77: =AM77+30 -> 46508 | AL77: =AK76*7 -> 224 | AM77: =IF(X77<>"",X77+AL77,X78+AL77) -> 46478 | AN77: =AU76-7 -> 46478 | AO77: =AP77-7 -> 46498 | AP77: 46505 | AQ77: installation during Reinstatement | AR77: =AN77-AM77 -> 0 | AT77: WPA-02 | AU77: 46485
B78: RFQ-INS-022 | C78: Self Regulator Valve | I78: Instrument | J78: N | K78: 4 | L78: LB | M78: Actual | N78: 46133 | O78: 46165 | P78: 46182 | Q78: 46182 | R78: 46182 | S78: 46182 | T78: 46188 | U78: 46227
A79: 23 | B79: RFQ-INS-023 | C79: Actuated Choke Valve | I79: Instrument | L79: LA | M79: New Plan | O79: 46164 | P79: 46171 | Q79: 46174 | R79: 46182 | S79: 46183 | T79: 46197 | U79: 46225 | V79: 46241 | X79: 46254 | Y79: 46258 | Z79: 46265 | AA79: 46294 | AB79: 46309 | AC79: 46369 | AD79: 46372 | AE79: 46373 | AF79: 46490 | AG79: 46504 | AH79: 46534 | AI79: 46548 | AJ79: 46564 | AK79: 40 | AM79: =X79+AL80 -> 46534 | AN79: =AM79-AH79 -> 0 | AR79: =AN80-AM79 -> 16 | AT79: WPA-01 | AU79: 46553
B80: RFQ-INS-023 | C80: Actuated Choke Valve | G80: 1 | H80: 4-4.3 | I80: Instrument | J80: Y | K80: 2 | L80: LA | M80: Forecast | U80: 46225 | V80: =WORKDAY.INTL(U80,INDEX(V$8:V$11,MATCH($L80,$L$8:$L$11,0)),1,IF(V$18="China",'China Holidays'!$A$2:$A$82,'Thai Holidays'!$A$2:$A$63)) -> 46241 | X80: =WORKDAY.INTL(V80,INDEX(X$8:X$11,MATCH($L80,$L$8:$L$11,0)),1,IF(X$18="China",'China Holidays'!$A$2:$A$82,'Thai Holidays'!$A$2:$A$63)) -> 46254 | Y80: =WORKDAY.INTL(X80,INDEX(Y$12:Y$15,MATCH($L80,$L$12:$L$15,0)),1,IF(Y$18="China",'China Holidays'!$A$2:$A$82,'Thai Holidays'!$A$2:$A$63)) -> 46258 | Z80: =WORKDAY.INTL(Y80,INDEX(Z$12:Z$15,MATCH($L80,$L$12:$L$15,0)),1,IF(Z$18="China",'China Holidays'!$A$2:$A$82,'Thai Holidays'!$A$2:$A$63)) -> 46265 | AA80: =WORKDAY.INTL(Z80,INDEX(AA$12:AA$15,MATCH($L80,$L$12:$L$15,0)),1,IF(AA$18="China",'China Holidays'!$A$2:$A$82,'Thai Holidays'!$A$2:$A$63)) -> 46294 | AB80: =WORKDAY.INTL(AA80,INDEX(AB$12:AB$15,MATCH($L80,$L$12:$L$15,0)),1,IF(AB$18="China",'China Holidays'!$A$2:$A$82,'Thai Holidays'!$A$2:$A$63)) -> 46309 | AC80: =AB80+60 -> 46369 | AD80: =AC80+3 -> 46372 | AE80: =AD80+1 -> 46373 | AF80: =AG80-14 -> 46490 | AG80: =AH80-30 -> 46504 | AH80: =AM80 -> 46534 | AI80: =AM80+14 -> 46548 | AJ80: =AM80+30 -> 46564 | AL80: =AK79*7 -> 280 | AM80: =IF(X80<>"",X80+AL80,X81+AL80) -> 46534 | AN80: =AU79-3 -> 46550 | AO80: =AP80-7 -> 46551 | AP80: 46558 | AQ80: installation during Reinstatement | AR80: =AN80-AM80 -> 16 | AT80: WPA-02 | AU80: 46553
B81: RFQ-INS-023 | C81: Actuated Choke Valve | I81: Instrument | J81: Y | K81: 2 | L81: LA | M81: Actual | N81: 46133 | O81: 46165 | P81: 46182 | Q81: 46182 | R81: 46182 | S81: 46182 | T81: 46191 | U81: 46227
A82: 24 | B82: RFQ-INS-024 | C82: Actuated Ball Valve | I82: Instrument | L82: LB | M82: New Plan | O82: 46178 | P82: 46185 | Q82: 46188 | R82: 46195 | S82: 46196 | T82: 46209 | U82: 46239 | V82: 46254 | X82: 46267 | Y82: 46269 | Z82: 46276 | AA82: 46314 | AB82: 46329 | AC82: 46389 | AD82: 46392 | AE82: 46393 | AF82: 46475 | AG82: 46489 | AH82: 46519 | AI82: 46533 | AJ82: 46549 | AK82: 36 | AM82: =X82+AL83 -> 46519 | AR82: =AN83-AM82 -> 11 | AT82: WPA-01 | AU82: 46537
B83: RFQ-INS-024 | C83: Actuated Ball Valve | G83: 20 | H83: 4-4.4 | I83: Instrument | J83: N | K83: 2 | L83: LB | M83: Forecast | U83: 46239 | V83: =WORKDAY.INTL(U83,INDEX(V$8:V$11,MATCH($L83,$L$8:$L$11,0)),1,IF(V$18="China",'China Holidays'!$A$2:$A$82,'Thai Holidays'!$A$2:$A$63)) -> 46254 | X83: =WORKDAY.INTL(V83,INDEX(X$8:X$11,MATCH($L83,$L$8:$L$11,0)),1,IF(X$18="China",'China Holidays'!$A$2:$A$82,'Thai Holidays'!$A$2:$A$63)) -> 46267 | Y83: =WORKDAY.INTL(X83,INDEX(Y$12:Y$15,MATCH($L83,$L$12:$L$15,0)),1,IF(Y$18="China",'China Holidays'!$A$2:$A$82,'Thai Holidays'!$A$2:$A$63)) -> 46269 | Z83: =WORKDAY.INTL(Y83,INDEX(Z$12:Z$15,MATCH($L83,$L$12:$L$15,0)),1,IF(Z$18="China",'China Holidays'!$A$2:$A$82,'Thai Holidays'!$A$2:$A$63)) -> 46276 | AA83: =WORKDAY.INTL(Z83,INDEX(AA$12:AA$15,MATCH($L83,$L$12:$L$15,0)),1,IF(AA$18="China",'China Holidays'!$A$2:$A$82,'Thai Holidays'!$A$2:$A$63)) -> 46314 | AB83: =WORKDAY.INTL(AA83,INDEX(AB$12:AB$15,MATCH($L83,$L$12:$L$15,0)),1,IF(AB$18="China",'China Holidays'!$A$2:$A$82,'Thai Holidays'!$A$2:$A$63)) -> 46329 | AC83: =AB83+60 -> 46389 | AD83: =AC83+3 -> 46392 | AE83: =AD83+1 -> 46393 | AF83: =AG83-14 -> 46475 | AG83: =AH83-30 -> 46489 | AH83: =AM83 -> 46519 | AI83: =AM83+14 -> 46533 | AJ83: =AM83+30 -> 46549 | AL83: =AK82*7 -> 252 | AM83: =IF(X83<>"",X83+AL83,X84+AL83) -> 46519 | AN83: =AU82-7 -> 46530 | AO83: =AP83-7 -> 46530 | AP83: 46537 | AQ83: installation during Reinstatement | AR83: =AN83-AM83 -> 11 | AT83: WPA-02 | AU83: 46537
B84: RFQ-INS-024 | C84: Actuated Ball Valve | I84: Instrument | J84: N | K84: 2 | L84: LB | M84: Actual | O84: 46178 | P84: 46186 | Q84: 46186 | R84: 46186 | S84: 46186 | T84: 46196
A85: 25 | B85: RFQ-INS-025 | C85: Actuated Compact Ball Valve | I85: Instrument | L85: LB | M85: New Plan | O85: 46162 | P85: 46169 | Q85: 46170 | R85: 46181 | S85: 46182 | T85: 46196 | U85: 46224 | V85: 46230 | X85: 46241 | Y85: 46245 | Z85: 46252 | AA85: 46280 | AB85: 46294 | AC85: 46354 | AD85: 46357 | AE85: 46358 | AF85: 46477 | AG85: 46491 | AH85: 46521 | AI85: 46535 | AJ85: 46551 | AK85: 40 | AM85: =X85+AL86 -> 46521 | AR85: =AN86-AM85 -> 9 | AT85: WPA-01 | AU85: 46537
B86: RFQ-INS-025 | C86: Actuated Compact Ball Valve | G86: 9 | H86: 4-4.4 | I86: Instrument | J86: Y | K86: 2 | L86: LB | M86: Forecast | U86: 46216 | V86: =WORKDAY.INTL(U86,INDEX(V$8:V$11,MATCH($L86,$L$8:$L$11,0)),1,IF(V$18="China",'China Holidays'!$A$2:$A$82,'Thai Holidays'!$A$2:$A$63)) -> 46230 | X86: =WORKDAY.INTL(V86,INDEX(X$8:X$11,MATCH($L86,$L$8:$L$11,0)),1,IF(X$18="China",'China Holidays'!$A$2:$A$82,'Thai Holidays'!$A$2:$A$63)) -> 46241 | Y86: =WORKDAY.INTL(X86,INDEX(Y$12:Y$15,MATCH($L86,$L$12:$L$15,0)),1,IF(Y$18="China",'China Holidays'!$A$2:$A$82,'Thai Holidays'!$A$2:$A$63)) -> 46245 | Z86: =WORKDAY.INTL(Y86,INDEX(Z$12:Z$15,MATCH($L86,$L$12:$L$15,0)),1,IF(Z$18="China",'China Holidays'!$A$2:$A$82,'Thai Holidays'!$A$2:$A$63)) -> 46252 | AA86: =WORKDAY.INTL(Z86,INDEX(AA$12:AA$15,MATCH($L86,$L$12:$L$15,0)),1,IF(AA$18="China",'China Holidays'!$A$2:$A$82,'Thai Holidays'!$A$2:$A$63)) -> 46280 | AB86: =WORKDAY.INTL(AA86,INDEX(AB$12:AB$15,MATCH($L86,$L$12:$L$15,0)),1,IF(AB$18="China",'China Holidays'!$A$2:$A$82,'Thai Holidays'!$A$2:$A$63)) -> 46294 | AC86: =AB86+60 -> 46354 | AD86: =AC86+3 -> 46357 | AE86: =AD86+1 -> 46358 | AF86: =AG86-14 -> 46477 | AG86: =AH86-30 -> 46491 | AH86: =AM86 -> 46521 | AI86: =AM86+14 -> 46535 | AJ86: =AM86+30 -> 46551 | AL86: =AK85*7 -> 280 | AM86: =IF(X86<>"",X86+AL86,X87+AL86) -> 46521 | AN86: =AU85-7 -> 46530 | AO86: =AP86-7 -> 46530 | AP86: 46537 | AQ86: installation during Reinstatement | AR86: =AN86-AM86 -> 9 | AT86: WPA-02 | AU86: 46537
B87: RFQ-INS-025 | C87: Actuated Compact Ball Valve | I87: Instrument | J87: Y | K87: 2 | L87: LB | M87: Actual | N87: 46133 | O87: 46169 | P87: 46183 | Q87: 46183 | R87: 46183 | S87: 46183 | T87: 46191
A88: 26 | B88: RFQ-INS-026 | C88: Safety Relief Valves | I88: Instrument | L88: LB | M88: New Plan | O88: 46185 | P88: 46192 | Q88: 46195 | R88: 46202 | S88: 46203 | T88: 46216 | U88: 46247 | V88: 46261 | X88: 46274 | Y88: 46276 | Z88: 46283 | AA88: 46321 | AB88: 46335 | AC88: 46395 | AD88: 46398 | AE88: 46399 | AF88: 46477 | AG88: 46491 | AH88: 46498 | AI88: 46512 | AJ88: 46528 | AK88: 32 | AM88: =X88+AL89 -> 46498 | AR88: =AN89-AM88 -> 32 | AT88: WPA-01 | AU88: 46537
B89: RFQ-INS-026 | C89: Safety Relief Valves | G89: 40 | H89: 4-4.7 | I89: Instrument | J89: N | K89: 2 | L89: LB | M89: Forecast | T89: 46216 | U89: 46247 | V89: =WORKDAY.INTL(U89,INDEX(V$8:V$11,MATCH($L89,$L$8:$L$11,0)),1,IF(V$18="China",'China Holidays'!$A$2:$A$82,'Thai Holidays'!$A$2:$A$63)) -> 46261 | X89: =WORKDAY.INTL(V89,INDEX(X$8:X$11,MATCH($L89,$L$8:$L$11,0)),1,IF(X$18="China",'China Holidays'!$A$2:$A$82,'Thai Holidays'!$A$2:$A$63)) -> 46274 | Y89: =WORKDAY.INTL(X89,INDEX(Y$12:Y$15,MATCH($L89,$L$12:$L$15,0)),1,IF(Y$18="China",'China Holidays'!$A$2:$A$82,'Thai Holidays'!$A$2:$A$63)) -> 46276 | Z89: =WORKDAY.INTL(Y89,INDEX(Z$12:Z$15,MATCH($L89,$L$12:$L$15,0)),1,IF(Z$18="China",'China Holidays'!$A$2:$A$82,'Thai Holidays'!$A$2:$A$63)) -> 46283 | AA89: =WORKDAY.INTL(Z89,INDEX(AA$12:AA$15,MATCH($L89,$L$12:$L$15,0)),1,IF(AA$18="China",'China Holidays'!$A$2:$A$82,'Thai Holidays'!$A$2:$A$63)) -> 46321 | AB89: =WORKDAY.INTL(AA89,INDEX(AB$12:AB$15,MATCH($L89,$L$12:$L$15,0)),1,IF(AB$18="China",'China Holidays'!$A$2:$A$82,'Thai Holidays'!$A$2:$A$63)) -> 46335 | AC89: =AB89+60 -> 46395 | AD89: =AC89+3 -> 46398 | AE89: =AD89+1 -> 46399 | AF89: =AG89-14 -> 46477 | AG89: =AH89-7 -> 46491 | AH89: =AM89 -> 46498 | AI89: =AM89+14 -> 46512 | AJ89: =AM89+30 -> 46528 | AL89: =AK88*7 -> 224 | AM89: =IF(X89<>"",X89+AL89,X90+AL89) -> 46498 | AN89: =AU88-7 -> 46530 | AO89: =AP89-7 -> 46530 | AP89: 46537 | AQ89: installation during Reinstatement | AR89: =AN89-AM89 -> 32 | AT89: WPA-02 | AU89: 46537
B90: RFQ-INS-026 | C90: Safety Relief Valves | I90: Instrument | J90: N | K90: 2 | L90: LB | M90: Actual | O90: 46189 | P90: 46203 | Q90: 46203 | R90: 46203 | S90: 46203
A91: 27 | B91: RFQ-INS-027 | C91: Coriolis Flow Meters | I91: Instrument | L91: LC | M91: New Plan | O91: 46227 | P91: 46245 | Q91: 46209 | R91: 46245 | S91: 46245 | T91: 46259 | U91: 46276 | V91: 46290 | X91: 46310 | Y91: 46314 | Z91: 46321 | AA91: 46342 | AB91: 46356 | AC91: 46371 | AD91: 46371 | AE91: 46373 | AF91: 46434 | AG91: 46448 | AH91: 46455 | AI91: 46469 | AJ91: 46485 | AK91: 20.714286 | AM91: =X91+AL92 -> 46455 | AR91: =AN92-AM91 -> 23 | AT91: WPA-01 | AU91: 46485
B92: RFQ-INS-027 | C92: Coriolis Flow Meters | G92: 60 | H92: 4-4.9 | I92: Instrument | J92: N | K92: 3 | L92: LC | M92: Forecast | S92: 46245 | T92: =WORKDAY.INTL(S92,INDEX(T$8:T$11,MATCH($L92,$L$8:$L$11,0)),1,IF(T$18="China",'China Holidays'!$A$2:$A$82,'Thai Holidays'!$A$2:$A$63)) -> 46259 | U92: =WORKDAY.INTL(T92,INDEX(U$8:U$11,MATCH($L92,$L$8:$L$11,0)),1,IF(U$18="China",'China Holidays'!$A$2:$A$82,'Thai Holidays'!$A$2:$A$63)) -> 46276 | V92: =WORKDAY.INTL(U92,INDEX(V$8:V$11,MATCH($L92,$L$8:$L$11,0)),1,IF(V$18="China",'China Holidays'!$A$2:$A$82,'Thai Holidays'!$A$2:$A$63)) -> 46290 | X92: =WORKDAY.INTL(V92,INDEX(X$8:X$11,MATCH($L92,$L$8:$L$11,0)),1,IF(X$18="China",'China Holidays'!$A$2:$A$82,'Thai Holidays'!$A$2:$A$63)) -> 46310 | Y92: =WORKDAY.INTL(X92,INDEX(Y$12:Y$15,MATCH($L92,$L$12:$L$15,0)),1,IF(Y$18="China",'China Holidays'!$A$2:$A$82,'Thai Holidays'!$A$2:$A$63)) -> 46314 | Z92: =WORKDAY.INTL(Y92,INDEX(Z$12:Z$15,MATCH($L92,$L$12:$L$15,0)),1,IF(Z$18="China",'China Holidays'!$A$2:$A$82,'Thai Holidays'!$A$2:$A$63)) -> 46321 | AA92: =WORKDAY.INTL(Z92,INDEX(AA$12:AA$15,MATCH($L92,$L$12:$L$15,0)),1,IF(AA$18="China",'China Holidays'!$A$2:$A$82,'Thai Holidays'!$A$2:$A$63)) -> 46342 | AB92: =WORKDAY.INTL(AA92,INDEX(AB$12:AB$15,MATCH($L92,$L$12:$L$15,0)),1,IF(AB$18="China",'China Holidays'!$A$2:$A$82,'Thai Holidays'!$A$2:$A$63)) -> 46356 | AC92: =AB92+15 -> 46371 | AD92: =AC92 -> 46371 | AE92: =AD92+2 -> 46373 | AF92: =AG92-14 -> 46434 | AG92: =AH92-7 -> 46448 | AH92: =AM92 -> 46455 | AI92: =AM92+14 -> 46469 | AJ92: =AM92+30 -> 46485 | AL92: =AK91*7 -> 145 | AM92: =IF(X92<>"",X92+AL92,X93+AL92) -> 46455 | AN92: =AU91-7 -> 46478 | AO92: =AP92-7 -> 46498 | AP92: 46505 | AQ92: installation during Reinstatement | AR92: =AN92-AM92 -> 23 | AT92: WPA-02 | AU92: 46485
B93: RFQ-INS-027 | C93: Coriolis Flow Meters | I93: Instrument | J93: N | K93: 3 | L93: LC | M93: Actual | O93: 46198 | P93: 46219 | Q93: 46219 | R93: =Q93 -> 46219
A94: 28 | B94: RFQ-INS-028 | C94: WELLHEAD CONTROL PANEL (WHCP) | I94: Instrument | L94: LA | M94: New Plan | O94: 46136 | P94: 46147 | Q94: 46148 | R94: 46155 | S94: 46156 | T94: 46169 | U94: 46199 | V94: 46204 | X94: 46218 | Y94: 46220 | Z94: 46227 | AA94: 46255 | AB94: 46269 | AC94: 46309 | AD94: 46309 | AE94: 46311 | AF94: 46433 | AG94: 46463 | AH94: 46470 | AI94: 46484 | AJ94: 46500 | AK94: 36 | AM94: =X94+AL95 -> 46470 | AR94: =AN95-AM94 -> 8 | AT94: WPA-01 | AU94: 46485
B95: RFQ-INS-028 | C95: WELLHEAD CONTROL PANEL (WHCP) | G95: 10 | H95: 4-4.2 | I95: Instrument | J95: Y | K95: 2 | L95: LA | M95: Forecast | X95: 46226 | Y95: =WORKDAY.INTL(X95,INDEX(Y$12:Y$15,MATCH($L95,$L$12:$L$15,0)),1,IF(Y$18="China",'China Holidays'!$A$2:$A$82,'Thai Holidays'!$A$2:$A$63)) -> 46230 | Z95: =WORKDAY.INTL(Y95,INDEX(Z$12:Z$15,MATCH($L95,$L$12:$L$15,0)),1,IF(Z$18="China",'China Holidays'!$A$2:$A$82,'Thai Holidays'!$A$2:$A$63)) -> 46237 | AA95: =WORKDAY.INTL(Z95,INDEX(AA$12:AA$15,MATCH($L95,$L$12:$L$15,0)),1,IF(AA$18="China",'China Holidays'!$A$2:$A$82,'Thai Holidays'!$A$2:$A$63)) -> 46265 | AB95: =WORKDAY.INTL(AA95,INDEX(AB$12:AB$15,MATCH($L95,$L$12:$L$15,0)),1,IF(AB$18="China",'China Holidays'!$A$2:$A$82,'Thai Holidays'!$A$2:$A$63)) -> 46279 | AC95: =AB95+40 -> 46319 | AD95: =AC95 -> 46319 | AE95: =AD95+2 -> 46321 | AF95: =AG95-30 -> 46441 | AG95: =AH95-7 -> 46471 | AH95: =AM95 -> 46478 | AI95: =AM95+14 -> 46492 | AJ95: =AM95+30 -> 46508 | AL95: =AK94*7 -> 252 | AM95: =IF(X95<>"",X95+AL95,X96+AL95) -> 46478 | AN95: =AU94-7 -> 46478 | AO95: =AP95-7 -> 46498 | AP95: 46505 | AQ95: installation during Reinstatement | AR95: =AN95-AM95 -> 0 | AT95: WPA-02 | AU95: 46485
B96: RFQ-INS-028 | C96: WELLHEAD CONTROL PANEL (WHCP) | I96: Instrument | J96: Y | K96: 2 | L96: LA | M96: Actual | N96: 46133 | O96: 46140 | P96: 46157 | Q96: 46157 | R96: 46157 | S96: 46157 | T96: 46162 | U96: 46206 | V96: 46210 | W96: 46227
A97: 29 | B97: RFQ-INS-029 | C97: Pressure Gauge | I97: Instrument | L97: LC | M97: New Plan | O97: 46239 | P97: 46254 | Q97: 46254 | R97: 46254 | S97: 46254 | T97: 46268 | U97: 46287 | V97: 46301 | X97: 46316 | Y97: 46318 | Z97: 46325 | AA97: 46346 | AB97: 46360 | AC97: 46375 | AD97: 46375 | AE97: 46377 | AF97: 46421 | AG97: 46435 | AH97: 46442 | AI97: 46456 | AJ97: 46472 | AK97: 18 | AM97: =X97+AL98 -> 46442 | AR97: =AN98-AM97 -> 36 | AT97: WPA-01 | AU97: 46485
B98: RFQ-INS-029 | C98: Pressure Gauge | G98: 37 | H98: 4-4.12 | I98: Instrument | J98: N | K98: 4 | L98: LC | M98: Forecast | O98: 46239 | P98: =WORKDAY.INTL(O98,INDEX(P$8:P$11,MATCH($L98,$L$8:$L$11,0)),1,IF(P$18="China",'China Holidays'!$A$2:$A$82,'Thai Holidays'!$A$2:$A$63)) -> 46254 | Q98: =WORKDAY.INTL(P98,INDEX(Q$8:Q$11,MATCH($L98,$L$8:$L$11,0)),1,IF(Q$18="China",'China Holidays'!$A$2:$A$82,'Thai Holidays'!$A$2:$A$63)) -> 46254 | R98: =WORKDAY.INTL(Q98,INDEX(R$8:R$11,MATCH($L98,$L$8:$L$11,0)),1,IF(R$18="China",'China Holidays'!$A$2:$A$82,'Thai Holidays'!$A$2:$A$63)) -> 46254 | S98: =WORKDAY.INTL(R98,INDEX(S$8:S$11,MATCH($L98,$L$8:$L$11,0)),1,IF(S$18="China",'China Holidays'!$A$2:$A$82,'Thai Holidays'!$A$2:$A$63)) -> 46254 | T98: =WORKDAY.INTL(S98,INDEX(T$8:T$11,MATCH($L98,$L$8:$L$11,0)),1,IF(T$18="China",'China Holidays'!$A$2:$A$82,'Thai Holidays'!$A$2:$A$63)) -> 46268 | U98: =WORKDAY.INTL(T98,INDEX(U$8:U$11,MATCH($L98,$L$8:$L$11,0)),1,IF(U$18="China",'China Holidays'!$A$2:$A$82,'Thai Holidays'!$A$2:$A$63)) -> 46287 | V98: =WORKDAY.INTL(U98,INDEX(V$8:V$11,MATCH($L98,$L$8:$L$11,0)),1,IF(V$18="China",'China Holidays'!$A$2:$A$82,'Thai Holidays'!$A$2:$A$63)) -> 46301 | X98: =WORKDAY.INTL(V98,INDEX(X$8:X$11,MATCH($L98,$L$8:$L$11,0)),1,IF(X$18="China",'China Holidays'!$A$2:$A$82,'Thai Holidays'!$A$2:$A$63)) -> 46315 | Y98: =WORKDAY.INTL(X98,INDEX(Y$12:Y$15,MATCH($L98,$L$12:$L$15,0)),1,IF(Y$18="China",'China Holidays'!$A$2:$A$82,'Thai Holidays'!$A$2:$A$63)) -> 46317 | Z98: =WORKDAY.INTL(Y98,INDEX(Z$12:Z$15,MATCH($L98,$L$12:$L$15,0)),1,IF(Z$18="China",'China Holidays'!$A$2:$A$82,'Thai Holidays'!$A$2:$A$63)) -> 46324 | AA98: =WORKDAY.INTL(Z98,INDEX(AA$12:AA$15,MATCH($L98,$L$12:$L$15,0)),1,IF(AA$18="China",'China Holidays'!$A$2:$A$82,'Thai Holidays'!$A$2:$A$63)) -> 46345 | AB98: =WORKDAY.INTL(AA98,INDEX(AB$12:AB$15,MATCH($L98,$L$12:$L$15,0)),1,IF(AB$18="China",'China Holidays'!$A$2:$A$82,'Thai Holidays'!$A$2:$A$63)) -> 46359 | AC98: =AB98+15 -> 46374 | AD98: =AC98 -> 46374 | AE98: =AD98+2 -> 46376 | AF98: =AG98-14 -> 46420 | AG98: =AH98-7 -> 46434 | AH98: =AM98 -> 46441 | AI98: =AM98+14 -> 46455 | AJ98: =AM98+30 -> 46471 | AL98: =AK97*7 -> 126 | AM98: =IF(X98<>"",X98+AL98,X99+AL98) -> 46441 | AN98: =AU97-7 -> 46478 | AO98: =AP98-7 -> 46498 | AP98: 46505 | AQ98: installation during Reinstatement | AR98: =AN98-AM98 -> 37 | AT98: WPA-02 | AU98: 46485
B99: RFQ-INS-029 | C99: Pressure Gauge | I99: Instrument | J99: N | K99: 4 | L99: LC | M99: Actual
A100: 30 | B100: RFQ-INS-030 | C100: Pressure Transmitter | I100: Instrument | L100: LC | M100: New Plan | O100: 46239 | P100: 46254 | Q100: 46254 | R100: 46254 | S100: 46254 | T100: 46268 | U100: 46287 | V100: 46301 | X100: 46316 | Y100: 46318 | Z100: 46325 | AA100: 46346 | AB100: 46360 | AC100: 46375 | AD100: 46375 | AE100: 46377 | AF100: 46421 | AG100: 46435 | AH100: 46442 | AI100: 46456 | AJ100: 46472 | AK100: 18 | AM100: =X100+AL101 -> 46442 | AR100: =AN101-AM100 -> 36 | AT100: WPA-01 | AU100: 46485
B101: RFQ-INS-030 | C101: Pressure Transmitter | G101: 37 | H101: 4-4.12 | I101: Instrument | J101: N | K101: 4 | L101: LC | M101: Forecast | O101: 46239 | P101: =WORKDAY.INTL(O101,INDEX(P$8:P$11,MATCH($L101,$L$8:$L$11,0)),1,IF(P$18="China",'China Holidays'!$A$2:$A$82,'Thai Holidays'!$A$2:$A$63)) -> 46254 | Q101: =WORKDAY.INTL(P101,INDEX(Q$8:Q$11,MATCH($L101,$L$8:$L$11,0)),1,IF(Q$18="China",'China Holidays'!$A$2:$A$82,'Thai Holidays'!$A$2:$A$63)) -> 46254 | R101: =WORKDAY.INTL(Q101,INDEX(R$8:R$11,MATCH($L101,$L$8:$L$11,0)),1,IF(R$18="China",'China Holidays'!$A$2:$A$82,'Thai Holidays'!$A$2:$A$63)) -> 46254 | S101: =WORKDAY.INTL(R101,INDEX(S$8:S$11,MATCH($L101,$L$8:$L$11,0)),1,IF(S$18="China",'China Holidays'!$A$2:$A$82,'Thai Holidays'!$A$2:$A$63)) -> 46254 | T101: =WORKDAY.INTL(S101,INDEX(T$8:T$11,MATCH($L101,$L$8:$L$11,0)),1,IF(T$18="China",'China Holidays'!$A$2:$A$82,'Thai Holidays'!$A$2:$A$63)) -> 46268 | U101: =WORKDAY.INTL(T101,INDEX(U$8:U$11,MATCH($L101,$L$8:$L$11,0)),1,IF(U$18="China",'China Holidays'!$A$2:$A$82,'Thai Holidays'!$A$2:$A$63)) -> 46287 | V101: =WORKDAY.INTL(U101,INDEX(V$8:V$11,MATCH($L101,$L$8:$L$11,0)),1,IF(V$18="China",'China Holidays'!$A$2:$A$82,'Thai Holidays'!$A$2:$A$63)) -> 46301 | X101: =WORKDAY.INTL(V101,INDEX(X$8:X$11,MATCH($L101,$L$8:$L$11,0)),1,IF(X$18="China",'China Holidays'!$A$2:$A$82,'Thai Holidays'!$A$2:$A$63)) -> 46315 | Y101: =WORKDAY.INTL(X101,INDEX(Y$12:Y$15,MATCH($L101,$L$12:$L$15,0)),1,IF(Y$18="China",'China Holidays'!$A$2:$A$82,'Thai Holidays'!$A$2:$A$63)) -> 46317 | Z101: =WORKDAY.INTL(Y101,INDEX(Z$12:Z$15,MATCH($L101,$L$12:$L$15,0)),1,IF(Z$18="China",'China Holidays'!$A$2:$A$82,'Thai Holidays'!$A$2:$A$63)) -> 46324 | AA101: =WORKDAY.INTL(Z101,INDEX(AA$12:AA$15,MATCH($L101,$L$12:$L$15,0)),1,IF(AA$18="China",'China Holidays'!$A$2:$A$82,'Thai Holidays'!$A$2:$A$63)) -> 46345 | AB101: =WORKDAY.INTL(AA101,INDEX(AB$12:AB$15,MATCH($L101,$L$12:$L$15,0)),1,IF(AB$18="China",'China Holidays'!$A$2:$A$82,'Thai Holidays'!$A$2:$A$63)) -> 46359 | AC101: =AB101+15 -> 46374 | AD101: =AC101 -> 46374 | AE101: =AD101+2 -> 46376 | AF101: =AG101-14 -> 46420 | AG101: =AH101-7 -> 46434 | AH101: =AM101 -> 46441 | AI101: =AM101+14 -> 46455 | AJ101: =AM101+30 -> 46471 | AL101: =AK100*7 -> 126 | AM101: =IF(X101<>"",X101+AL101,X102+AL101) -> 46441 | AN101: =AU100-7 -> 46478 | AO101: =AP101-7 -> 46498 | AP101: 46505 | AQ101: installation during Reinstatement | AR101: =AN101-AM101 -> 37 | AT101: WPA-02 | AU101: 46485
B102: RFQ-INS-030 | C102: Pressure Transmitter | I102: Instrument | J102: N | K102: 4 | L102: LC | M102: Actual
...

Sheet Sheet1
D3: 46054
D4: 46082 | E4: 1
D5: 46113 | E5: 2
D6: 46143 | E6: 3
D7: 46174 | E7: 4
D8: 46204 | E8: 5
D9: 46235 | E9: 6
D10: 46266 | E10: 7
D11: 46296 | E11: 8
D12: 46327 | E12: 9
D13: 46357 | E13: 10
D14: 46388 | E14: 11
D15: 46419 | E15: 12
... D22: 46631 | E22: 19

Sheet P6
A1: ActivityID | B1: Activity Name | C1: Planned Duration | D1: Start | E1: Finish | F1: Total Float | G1: Calendar
A2: DETAILENGINEERINGFORWELLHEADPLATFORMS(WPA01ANDWPA02)(ASKPROJECT) | C2: 211 | D2: 46085 | E2: 46405 | F2: 0 | G2: PTTME Office 5dx8h
A3: PROJECTMILESTONE | C3: 211 | D3: 46085 | E3: 46405 | F3: 0 | G3: PTTME Office 5dx8h
A4: MI-1000 | B4: Project Start, KOM | C4: 0 | D4: 46085 | F4: -47 | G4: PTTME Office 5dx8h
A5: MI-1010 | B5: P&ID Issue for Review | C5: 0 | E5: 27-Apr-26* | F5: -7 | G5: PTTME Office 5dx8h
A6: MI-1020 | B6: 30% Model Review | C6: 2 | D6: 46155 | E6: 46156 | F6: 10 | G6: PTTME Office 5dx8h
A7: MI-1030 | B7: P&ID issue for HAZOP | C7: 0 | E7: 46170 | F7: 22 | G7: PTTME Office 5dx8h
A8: MI-1040 | B8: HAZID Review Meeting | C8: 2 | D8: 46162 | E8: 46163 | F8: 105 | G8: PTTME Office 5dx8h
A9: MI-1050 | B9: HAZOP Review Meeting | C9: 5 | D9: 46178 | E9: 46184 | F9: 22 | G9: PTTME Office 5dx8h
A10: MI-1060 | B10: SIL Review Meeting | C10: 2 | D10: 46192 | E10: 46195 | F10: 75 | G10: PTTME Office 5dx8h
A11: MI-1070 | B11: Structural - Primary MTO Issue for review | C11: 0 | E11: 26-May-26* | F11: 0 | G11: PTTME Office 5dx8h
A12: MI-1080 | B12: 60% Model Review | C12: 5 | D12: 46258 | E12: 46262 | F12: 0 | G12: PTTME Office 5dx8h
A13: MI-1090 | B13: 90% Model Review | C13: 1 | D13: 46321 | E13: 46321 | F13: 11 | G13: PTTME Office 5dx8h
A14: MI-1100 | B14: Issue all AFC Documents /Drawing | C14: 0 | E14: 46392 | F14: 0 | G14: PTTME Office 5dx8h
A15: MI-1110 | B15: Design Engineering Compilation | C15: 0 | E15: 46405 | F15: 0 | G15: PTTME Office 5dx8h
A16: GENERALSTUDIES | C16: 35 | D16: 46086 | E16: 46140 | F16: 166 | G16: PTTME Office 5dx8h
A17: PJ-1000 | B17: Master Deliverable Register - IFR | C17: 10 | D17: 46086 | E17: 46099 | F17: 166 | G17: PTTME Office 5dx8h
A18: PJ-1010 | B18: Master Deliverable Register - AFC | C18: 5 | D18: 46114 | E18: 46121 | F18: 171 | G18: PTTME Office 5dx8h
A19: PJ-1020 | B19: Engineering Master Schedule - IFR | C19: 10 | D19: 46100 | E19: 46113 | F19: 166 | G19: PTTME Office 5dx8h
A20: PJ-1030 | B20: Engineering Master Schedule - AFC | C20: 5 | D20: 46134 | E20: 46140 | F20: 166 | G20: PTTME Office 5dx8h
A21: PROCESSANDUTILITIESENGINEERING | C21: 80 | D21: 46106 | E21: 46226 | F21: 107 | G21: PTTME Office 5dx8h
A22: PR-1000 | B22: Process Basis of Design - IFR | C22: 10 | D22: 46113 | E22: 46132 | F22: 33 | G22: PTTME Office 5dx8h
A23: PR-1010 | B23: Process Basis of Design - IFA | C23: 5 | D23: 46148 | E23: 46154 | F23: 33 | G23: PTTME Office 5dx8h
A24: PR-1020 | B24: Process Basis of Design - AFC | C24: 5 | D24: 46169 | E24: 46177 | F24: 33 | G24: PTTME Office 5dx8h
A25: PR-1090 | B25: Process Simulation Report - IFR | C25: 5 | D25: 46185 | E25: 46191 | F25: 117 | G25: PTTME Office 5dx8h
A26: PR-1100 | B26: Process Simulation Report - AFC | C26: 5 | D26: 46206 | E26: 46212 | F26: 117 | G26: PTTME Office 5dx8h
A27: PR-1110 | B27: Utility Balance and Consumption Report - IFR | C27: 10 | D27: 46185 | E27: 46198 | F27: 112 | G27: PTTME Office 5dx8h
A28: PR-1120 | B28: Utility Balance and Consumption Report - AFC | C28: 5 | D28: 46213 | E28: 46219 | F28: 112 | G28: PTTME Office 5dx8h
A29: PR-1130 | B29: AIV And FIV Study Report - IFR | C29: 15 | D29: 46162 | E29: 46184 | F29: 109 | G29: PTTME Office 5dx8h
A30: PR-1140 | B30: AIV And FIV Study Report - AFC | C30: 5 | D30: 46199 | E30: 46205 | F30: 122 | G30: PTTME Office 5dx8h
A31: PR-1150 | B31: Depressurization and Low Temperature Study Report - IFR | C31: 20 | D31: 46175 | E31: 46203 | F31: 109 | G31: PTTME Office 5dx8h
A32: PR-1160 | B32: Depressurization and Low Temperature Study Report - AFC | C32: 5 | D32: 46218 | E32: 46224 | F32: 109 | G32: PTTME Office 5dx8h
A33: PR-1170 | B33: Vent Sizing and Relief Load Report - IFR | C33: 13 | D33: 46175 | E33: 46192 | F33: 116 | G33: PTTME Office 5dx8h
... A83: PR-1650 | B83: Transient Flow Assurance Study Report - AFC | C83: 5 | D83: 46220 | E83: 46226 | F83: 107 | G83: PTTME Office 5dx8h
A84: ProcessCalculationNote | C84: 45 | D84: 46140 | E84: 46205 | F84: -17 | G84: PTTME Office 5dx8h
A85: PR-1660 | B85: Process Calculation Note for Line Sizing - IFR | C85: 23 | D85: 46140 | E85: 46171 | F85: -10 | G85: PTTME Office 5dx8h
A86: PR-1670 | B86: Process Calculation Note for Line Sizing - AFC | C86: 5 | D86: 46199 | E86: 46205 | F86: -17 | G86: PTTME Office 5dx8h
A87: PR-1680 | B87: Process Calculation Note for Test Separator Sizing - IFR | C87: 15 | D87: 46140 | E87: 46161 | F87: -2 | G87: PTTME Office 5dx8h
A88: PR-1690 | B88: Process Calculation Note for Test Separator Sizing - AFC | C88: 5 | D88: 46199 | E88: 46205 | F88: -17 | G88: PTTME Office 5dx8h
A89: PR-1700 | B89: Process Calculation Note for Production Separator (V-01001) - IFR | C89: 15 | D89: 46140 | E89: 46161 | F89: -2 | G89: PTTME Office 5dx8h
A90: PR-1710 | B90: Process Calculation Note for Production Separator (V-01001) - AFC | C90: 5 | D90: 46199 | E90: 46205 | F90: -17 | G90: PTTME Office 5dx8h
A91: PR-1720 | B91: Process Calculation Note for Skim Tank Vessel (V-10002) - IFR | C91: 15 | D91: 46140 | E91: 46161 | F91: -2 | G91: PTTME Office 5dx8h
A92: PR-1730 | B92: Process Calculation Note for Skim Tank Vessel (V-10002) - AFC | C92: 5 | D92: 46199 | E92: 46205 | F92: -17 | G92: PTTME Office 5dx8h
A93: PR-1740 | B93: Process Calculation Note for Degasser - IFR | C93: 15 | D93: 46140 | E93: 46161 | F93: -2 | G93: PTTME Office 5dx8h
A94: PR-1750 | B94: Process Calculation Note for Degasser - AFC | C94: 5 | D94: 46199 | E94: 46205 | F94: -17 | G94: PTTME Office 5dx8h
A95: PR-1760 | B95: Process Calculation Note for Closed Drain Sump Vessel Sizing (V-05001) - IFR | C95: 23 | D95: 46140 | E95: 46171 | F95: -10 | G95: PTTME Office 5dx8h
A96: PR-1770 | B96: Process Calculation Note for Closed Drain Sump Vessel Sizing (V-05001) - AFC | C96: 5 | D96: 46199 | E96: 46205 | F96: -17 | G96: PTTME Office 5dx8h
... A126: PR-2070 | B126: Process Calculation Note - Depressurization and Blowdown - AFC | C126: 5 | D126: 46199 | E126: 46205 | F126: -17 | G126: PTTME Office 5dx8h
A127: MECHANICALENGINEERING | C127: 194 | D127: 46091 | E127: 46384 | F127: 4 | G127: PTTME Office 5dx8h
A128: ME-1000 | B128: Mechanical Basis of Design - IFR | C128: 19 | D128: 46091 | E128: 46115 | F128: 4 | G128: PTTME Office 5dx8h
A129: ME-1010 | B129: Mechanical Basis of Design - AFC | C129: 10 | D129: 46136 | E129: 46150 | F129: 159 | G129: PTTME Office 5dx8h
A130: ME-1020 | B130: Material Handling Study Reports - IFR | C130: 15 | D130: 46129 | E130: 46150 | F130: 4 | G130: PTTME Office 5dx8h
A131: ME-1030 | B131: Material Handling Study Reports - AFC | C131: 10 | D131: 46274 | E131: 46287 | F131: 68 | G131: PTTME Office 5dx8h
A132: ME-1040 | B132: WPA01 Mechanical Equipment List - IFR | C132: 20 | D132: 46141 | E132: 46169 | F132: 32 | G132: PTTME Office 5dx8h
A133: ME-1050 | B133: WPA01 Mechanical Equipment List - AFC | C133: 10 | D133: 46199 | E133: 46212 | F133: 82 | G133: PTTME Office 5dx8h
A134: ME-1060 | B134: WPA02 Mechanical Equipment List - IFR | C134: 20 | D134: 46141 | E134: 46169 | F134: 32 | G134: PTTME Office 5dx8h
A135: ME-1070 | B135: WPA02 Mechanical Equipment List - AFC | C135: 10 | D135: 46199 | E135: 46212 | F135: 82 | G135: PTTME Office 5dx8h
A136: ME-1080 | B136: Project Particular Specification for Test and Production Separators - IFR | C136: 25 | D136: 46091 | E136: 46129 | F136: 153 | G136: PTTME Office 5dx8h
A137: ME-1090 | B137: Project Particular Specification for Test and Production Separators - AFC | C137: 10 | D137: 46147 | E137: 46160 | F137: 153 | G137: PTTME Office 5dx8h
A138: ME-1100 | B138: Project Particular Specification for Instrument Gas Filter coalescers - IFR | C138: 23 | D138: 46091 | E138: 46122 | F138: 155 | G138: PTTME Office 5dx8h
A139: ME-1110 | B139: Project Particular Specification for Instrument Gas Filter coalescers - AFC | C139: 10 | D139: 46142 | E139: 46156 | F139: 155 | G139: PTTME Office 5dx8h
... A165: ME-2520 | B165: Criticality Rating Report for Equipment - AFC | C165: 10 | D165: 46148 | E165: 46161 | F165: 152 | G165: PTTME Office 5dx8h
A166: Datasheets-Mechanical | C166: 104 | D166: 46097 | E166: 46255 | F166: 90 | G166: PTTME Office 5dx8h
A167: ME-1360 | B167: Mechanical Datasheet for Corrosion Inhibitor Storage Tank (T-09001) - IFR | C167: 10 | D167: 46140 | E167: 46154 | F167: -44 | G167: PTTME Office 5dx8h
A168: ME-1370 | B168: Mechanical Datasheet for Corrosion Inhibitor Storage Tank (T-09001) - IFA | C168: 10 | D168: 46175 | E168: 46189 | F168: 34 | G168: PTTME Office 5dx8h
A169: ME-1380 | B169: Mechanical Datasheet for Corrosion Inhibitor Storage Tank (T-09001) - AFC | C169: 5 | D169: 46206 | E169: 46212 | F169: 32 | G169: PTTME Office 5dx8h
A170: ME-1390 | B170: Mechanical Datasheet for Corrosion Inhibitor Storage Tote Tank (T-09011) - IFR | C170: 12 | D170: 46140 | E170: 46156 | F170: -16 | G170: PTTME Office 5dx8h
A171: ME-1400 | B171: Mechanical Datasheet for Corrosion Inhibitor Storage Tote Tank (T-09011) - IFA | C171: 10 | D171: 46178 | E171: 46191 | F171: 32 | G171: PTTME Office 5dx8h
A172: ME-1410 | B172: Mechanical Datasheet for Corrosion Inhibitor Storage Tote Tank (T-09011) - AFC | C172: 5 | D172: 46206 | E172: 46212 | F172: 32 | G172: PTTME Office 5dx8h
A173: ME-1420 | B173: Mechanical Datasheet for Utility Water Storage Tote Tank (T-07003, T-07013) - IFR | C173: 10 | D173: 46142 | E173: 46156 | F173: -16 | G173: PTTME Office 5dx8h
A174: ME-1430 | B174: Mechanical Datasheet for Utility Water Storage Tote Tank (T-07003, T-07013) - IFA | C174: 10 | D174: 46178 | E174: 46191 | F174: 32 | G174: PTTME Office 5dx8h
A175: ME-1440 | B175: Mechanical Datasheet for Utility Water Storage Tote Tank (T-07003, T-07013) - AFC | C175: 5 | D175: 46206 | E175: 46212 | F175: 32 | G175: PTTME Office 5dx8h
A176: ME-1450 | B176: Mechanical Datasheet for Diesel Storage Tote Tank (T-07001,T-07011) - IFR | C176: 10 | D176: 46146 | E176: 46157 | F176: -21 | G176: PTTME Office 5dx8h
A177: ME-1460 | B177: Mechanical Datasheet for Diesel Storage Tote Tank (T-07001,T-07011) - IFA | C177: 10 | D177: 46181 | E177: 46192 | F177: 32 | G177: PTTME Office 5dx8h
A178: ME-1470 | B178: Mechanical Datasheet for Diesel Storage Tote Tank (T-07001,T-07011) - AFC | C178: 5 | D178: 46206 | E178: 46212 | F178: 32 | G178: PTTME Office 5dx8h
... A238: ME-2220 | B238: WPA02 Mechanical Datasheet for Open Drain Caisson Pump Package SK-05003) - AFC | C238: 5 | D238: 46223 | E238: 46227 | F238: 101 | G238: PTTME Office 5dx8h
A239: MR-Mechanical | C239: 165 | D239: 46136 | E239: 46384 | F239: 4 | G239: PTTME Office 5dx8h
A240: ME-2230 | B240: Material Requisition for Test and Production Separator - IFR | C240: 10 | D240: 46199 | E240: 46212 | F240: -26 | G240: PTTME Office 5dx8h
A241: ME-2240 | B241: Material Requisition for Test and Production Separator - AFC | C241: 5 | D241: 46301 | E241: 46307 | F241: -26 | G241: PTTME Office 5dx8h
A242: ME-2250 | B242: Material Requisition for Instrument Gas Filter coalescer - IFR | C242: 10 | D242: 46211 | E242: 46224 | F242: -30 | G242: PTTME Office 5dx8h
A243: ME-2260 | B243: Material Requisition for Instrument Gas Filter coalescer - AFC | C243: 5 | D243: 46307 | E243: 46314 | F243: -30 | G243: PTTME Office 5dx8h
A244: ME-2270 | B244: Material Requisition for Storage Tote Tanks - IFR | C244: 10 | D244: 46192 | E244: 46205 | F244: -21 | G244: PTTME Office 5dx8h
A245: ME-2280 | B245: Material Requisition for Storage Tote Tanks - AFC | C245: 5 | D245: 46294 | E245: 46300 | F245: -21 | G245: PTTME Office 5dx8h
A246: ME-2290 | B246: Material Requisition for Storage Tanks - IFR | C246: 10 | D246: 46225 | E246: 46241 | F246: -47 | G246: PTTME Office 5dx8h
A247: ME-2300 | B247: Material Requisition for Storage Tanks - AFC | C247: 5 | D247: 46332 | E247: 46338 | F247: -47 | G247: PTTME Office 5dx8h
A248: ME-2310 | B248: Material Requisition for Chemical Injection Pumps Package - IFR | C248: 10 | D248: 46147 | E248: 46160 | F248: 92 | G248: PTTME Office 5dx8h
A249: ME-2320 | B249: Material Requisition for Chemical Injection Pumps Package - AFC | C249: 5 | D249: 46247 | E249: 46253 | F249: 92 | G249: PTTME Office 5dx8h
A250: ME-2330 | B250: Material Requisition for Diesel Oil Transfer Pump Package - IFR | C250: 10 | D250: 46219 | E250: 46237 | F250: 41 | G250: PTTME Office 5dx8h
A251: ME-2340 | B251: Material Requisition for Diesel Oil Transfer Pump Package - AFC | C251: 5 | D251: 46322 | E251: 46328 | F251: 41 | G251: PTTME Office 5dx8h
... A267: ME-2500 | B267: Material Requisition for Open Drain Caisson Pump - AFC | C267: 5 | D267: 46275 | E267: 46281 | F267: 72 | G267: PTTME Office 5dx8h
A268: TBE-Mechanical | C268: 129 | D268: 46168 | E268: 46358 | F268: 4 | G268: PTTME Office 5dx8h
A269: ME-2530 | B269: Technical Bid Evaluation for Test and Production Separator - IFR | C269: 20 | D269: 46237 | E269: 46265 | F269: -26 | G269: PTTME Office 5dx8h
A270: ME-2540 | B270: Technical Bid Evaluation for Test and Production Separator - AFC | C270: 5 | D270: 46280 | E270: 46286 | F270: -26 | G270: PTTME Office 5dx8h
A271: ME-2550 | B271: Technical Bid Evaluation for Instrument Gas Filter coalescer - IFR | C271: 20 | D271: 46241 | E271: 46269 | F271: -30 | G271: PTTME Office 5dx8h
A272: ME-2560 | B272: Technical Bid Evaluation for Instrument Gas Filter coalescer - AFC | C272: 5 | D272: 46286 | E272: 46290 | F272: -30 | G272: PTTME Office 5dx8h
A273: ME-2570 | B273: Technical Bid Evaluation for Storage Tote Tanks - IFR | C273: 17 | D273: 46230 | E273: 46258 | F273: -21 | G273: PTTME Office 5dx8h
A274: ME-2580 | B274: Technical Bid Evaluation for Storage Tote Tanks - AFC | C274: 5 | D274: 46273 | E274: 46279 | F274: -21 | G274: PTTME Office 5dx8h
A275: ME-2590 | B275: Technical Bid Evaluation for Storage Tanks - IFR | C275: 20 | D275: 46267 | E275: 46294 | F275: -47 | G275: PTTME Office 5dx8h
A276: ME-2600 | B276: Technical Bid Evaluation for Storage Tanks - AFC | C276: 5 | D276: 46310 | E276: 46316 | F276: -47 | G276: PTTME Office 5dx8h
A277: ME-2610 | B277: Technical Bid Evaluation for Chemical Injection Pumps Package - IFR | C277: 20 | D277: 46178 | E277: 46205 | F277: 92 | G277: PTTME Office 5dx8h
...

Sheet Before Award
A1: ZM167 PTTEPI ASK Procurement Plan - Before Award
I12: LA | L12: 1 | M12: 5 | N12: 1 | O12: 5 | R12: 10 | S12: 20 | T12: 3 | U12: 10 | V12: 2 | W12: =SUM(L12:V12) -> 57 | AP12: 2 | AQ12: 4 | AR12: 5
I13: LB | L13: 1 | M13: 5 | N13: 1 | O13: 5 | R13: 10 | S13: 20 | T13: 3 | U13: 10 | V13: 2 | W13: =SUM(L13:V13) -> 57 | AP13: 2 | AQ13: 4 | AR13: 5
I14: LC | L14: 3 | M14: 10 | N14: 1 | O14: 10 | R14: 10 | S14: 15 | T14: 10 | U14: 10 | V14: 2 | W14: =SUM(L14:V14) -> 71 | AP14: 2 | AQ14: 2 | AR14: 5
I15: LD | L15: 3 | M15: 5 | N15: 1 | O15: 3 | R15: 5 | S15: 7 | T15: 2 | U15: 5 | V15: 2 | W15: =SUM(L15:V15) -> 33 | AP15: 2 | AQ15: 2 | AR15: 5
A16: No. | B16: MR.No | C16: RFQ No. | D16: Package Name | E16: PO NO. | F16: Discripline | G16: Long Lead Item (Y/N) | H16: Criticality Rating | I16: Priority Level | K16: Bidder List Approval | L16: MR Issued | M16: MR Approved | N16: RFQ Issued | O16: RFQ Approved | P16: Bidding Duration | Q16: CFT Issuance | R16: Bid Closing Date | S16: TBE Issued | T16: TBE Approved | U16: PO Issued | V16: Vendor Acknowledgement | W16: Delivery Duration (Weeks) | X16: Delivery Date | Y16: Lead Time (Days) | Z16: ROS date | AA16: Earlier ROS date | AB16: Float (Day) | AC16: 40329 | AD16: 40359 | AE16: 40390 | AF16: 40421 | AG16: 40451 | AH16: 40482 | AI16: 40512 | AJ16: 40543 | AK16: 40574 | AL16: 40602 | AM16: =TODAY() -> 46230 | AP16: Final&Best Proposal Submission | AQ16: TJE CBE approval (LOI Issue) | AR16: MRP | AS16: Transportation time
A17: 1 | C17: RFQ-001 | D17: Pedestal Crane | F17: Mechanical | G17: =IF(_xlfn.XLOOKUP(C17,'[35]Before Award'!D:D,'[35]Before Award'!AV:AV,"N/A")="N/A","N","Y") -> N | I17: LA | J17: Plan | K17: =WORKDAY(L17,-INDEX(L$12:L$15,MATCH($I17,$I$12:$I$15,0))) -> 46140 | L17: =WORKDAY(M17,-INDEX(M$12:M$15,MATCH($I17,$I$12:$I$15,0))) -> 46141 | M17: =WORKDAY(N17,-INDEX(N$12:N$15,MATCH($I17,$I$12:$I$15,0))) -> 46148 | N17: =WORKDAY(O17,-INDEX(O$12:O$15,MATCH($I17,$I$12:$I$15,0))) -> 46149 | O17: =WORKDAY(R17,-INDEX(R$12:R$15,MATCH($I17,$I$12:$I$15,0))) -> 46156 | P17: =U17-L17 -> 76 | R17: =WORKDAY(S17,-INDEX(S$12:S$15,MATCH($I17,$I$12:$I$15,0))) -> 46170 | S17: =WORKDAY(T17,-INDEX(T$12:T$15,MATCH($I17,$I$12:$I$15,0))) -> 46198 | T17: =WORKDAY(U17,-INDEX(U$12:U$15,MATCH($I17,$I$12:$I$15,0))) -> 46203 | U17: =X17-Y17 -> 46217 | V17: =WORKDAY(U17,INDEX(V$12:V$15,MATCH($I17,$I$12:$I$15,0))) -> 46219 | W17: =Y17/7 -> 50 | X17: =Z17 -> 46567 | Y17: 350 | Z17: 46567 | AA17: 46567 | AB17: =Z17-X18 -> 0 | AC17: =IF(ISERROR(LOOKUP(AC$16,$L17:$X17,#REF!)),0,(LOOKUP(AC$16,$L17:$X17,#REF!))) -> 0 | AD17: =IF(ISERROR(LOOKUP(AD$16,$L17:$X17,#REF!)),0,(LOOKUP(AD$16,$L17:$X17,#REF!))) -> 0 | AE17: =IF(ISERROR(LOOKUP(AE$16,$L17:$X17,#REF!)),0,(LOOKUP(AE$16,$L17:$X17,#REF!))) -> 0 | AF17: =IF(ISERROR(LOOKUP(AF$16,$L17:$X17,#REF!)),0,(LOOKUP(AF$16,$L17:$X17,#REF!))) -> 0 | AG17: =IF(ISERROR(LOOKUP(AG$16,$L17:$X17,#REF!)),0,(LOOKUP(AG$16,$L17:$X17,#REF!))) -> 0 | AH17: =IF(ISERROR(LOOKUP(AH$16,$L17:$X17,#REF!)),0,(LOOKUP(AH$16,$L17:$X17,#REF!))) -> 0 | AI17: =IF(ISERROR(LOOKUP(AI$16,$L17:$X17,#REF!)),0,(LOOKUP(AI$16,$L17:$X17,#REF!))) -> 0 | AJ17: =IF(ISERROR(LOOKUP(AJ$16,$L17:$X17,#REF!)),0,(LOOKUP(AJ$16,$L17:$X17,#REF!))) -> 0 | ... AM17: =IF(ISERROR(LOOKUP(AM$16,$L17:$X17,#REF!)),0,(LOOKUP(AM$16,$L17:$X17,#REF!))) -> 0 | AO17: =U17-T17 -> 14 | AP17: =WORKDAY(AQ17,-INDEX(AQ$12:AQ$15,MATCH($I17,$I$12:$I$15,0)),$AW$17:$AW$148) -> #REF! | AQ17: =WORKDAY(U17,-INDEX(U$12:U$15,MATCH($I17,$I$12:$I$15,0)),$AW$17:$AW$148) -> #REF! | AR17: =WORKDAY(U17,-INDEX(U$12:U$15,MATCH($I17,$I$12:$I$15,0)),$AW$17:$AW$148) -> #REF! | AS17: 14 | AW17: {='[35]Equipment List and MR List (3)'!$A$2:$A$80} -> #REF!
C18: =C17 -> RFQ-001 | D18: =D17 -> Pedestal Crane | I18: =I17 -> LA | J18: Forecast | K18: =K17 -> 46140 | L18: =WORKDAY(IF(K19="",K18,K19),INDEX(L$12:L$15,MATCH($I17,$I$12:$I$15,0))) -> 46141 | M18: =WORKDAY(IF(L19="",L18,L19),INDEX(M$12:M$15,MATCH($I17,$I$12:$I$15,0))) -> 46148 | N18: =WORKDAY(IF(M19="",M18,M19),INDEX(N$12:N$15,MATCH($I17,$I$12:$I$15,0))) -> 46149 | O18: =WORKDAY(IF(N19="",N18,N19),INDEX(O$12:O$15,MATCH($I17,$I$12:$I$15,0))) -> 46156 | R18: =WORKDAY(IF(O19="",O18,O19),INDEX(R$12:R$15,MATCH($I17,$I$12:$I$15,0))) -> 46170 | S18: =WORKDAY(IF(R19="",R18,R19),INDEX(S$12:S$15,MATCH($I17,$I$12:$I$15,0))) -> 46198 | T18: =WORKDAY(IF(S19="",S18,S19),INDEX(T$12:T$15,MATCH($I17,$I$12:$I$15,0))) -> 46203 | U18: =WORKDAY(IF(T19="",T18,T19),INDEX(U$12:U$15,MATCH($I17,$I$12:$I$15,0))) -> 46217 | V18: =WORKDAY(IF(U19="",U18,U19),INDEX(V$12:V$15,MATCH($I17,$I$12:$I$15,0))) -> 46219 | X18: =U18+Y17 -> 46567 | AC18: =IF(ISERROR(LOOKUP(AC$16,$L18:$X18,#REF!)),0,(LOOKUP(AC$16,$L18:$X18,#REF!))) -> 0 | AD18: =IF(ISERROR(LOOKUP(AD$16,$L18:$X18,#REF!)),0,(LOOKUP(AD$16,$L18:$X18,#REF!))) -> 0 | AE18: =IF(ISERROR(LOOKUP(AE$16,$L18:$X18,#REF!)),0,(LOOKUP(AE$16,$L18:$X18,#REF!))) -> 0 | AF18: =IF(ISERROR(LOOKUP(AF$16,$L18:$X18,#REF!)),0,(LOOKUP(AF$16,$L18:$X18,#REF!))) -> 0 | AG18: =IF(ISERROR(LOOKUP(AG$16,$L18:$X18,#REF!)),0,(LOOKUP(AG$16,$L18:$X18,#REF!))) -> 0 | AH18: =IF(ISERROR(LOOKUP(AH$16,$L18:$X18,#REF!)),0,(LOOKUP(AH$16,$L18:$X18,#REF!))) -> 0 | AI18: =IF(ISERROR(LOOKUP(AI$16,$L18:$X18,#REF!)),0,(LOOKUP(AI$16,$L18:$X18,#REF!))) -> 0 | AJ18: =IF(ISERROR(LOOKUP(AJ$16,$L18:$X18,#REF!)),0,(LOOKUP(AJ$16,$L18:$X18,#REF!))) -> 0 | ... AM18: =IF(ISERROR(LOOKUP(AM$16,$L18:$X18,#REF!)),0,(LOOKUP(AM$16,$L18:$X18,#REF!))) -> 0 | AO18: =U18-T18 -> 14 | AP18: =WORKDAY(IF(T19="",T18,T19),INDEX(AP$12:AP$15,MATCH($I17,$I$12:$I$15,0)),$AW$17:$AW$148) -> #REF! | AQ18: =WORKDAY(IF(AP19="",AP18,AP19),INDEX(AQ$12:AQ$15,MATCH($I17,$I$12:$I$15,0)),$AW$17:$AW$148) -> #REF! | AR18: =WORKDAY(IF(AQ19="",AQ18,AQ19),INDEX(AR$12:AR$15,MATCH($I17,$I$12:$I$15,0)),$AW$17:$AW$148) -> #REF! | AW18: #REF!
C19: =C17 -> RFQ-001 | D19: =D17 -> Pedestal Crane | I19: =I17 -> LA | J19: Actual | AC19: =IF(ISERROR(LOOKUP(AC$16,$L19:$X19,#REF!)),0,(LOOKUP(AC$16,$L19:$X19,#REF!))) -> 0 | AD19: =IF(ISERROR(LOOKUP(AD$16,$L19:$X19,#REF!)),0,(LOOKUP(AD$16,$L19:$X19,#REF!))) -> 0 | AE19: =IF(ISERROR(LOOKUP(AE$16,$L19:$X19,#REF!)),0,(LOOKUP(AE$16,$L19:$X19,#REF!))) -> 0 | AF19: =IF(ISERROR(LOOKUP(AF$16,$L19:$X19,#REF!)),0,(LOOKUP(AF$16,$L19:$X19,#REF!))) -> 0 | AG19: =IF(ISERROR(LOOKUP(AG$16,$L19:$X19,#REF!)),0,(LOOKUP(AG$16,$L19:$X19,#REF!))) -> 0 | AH19: =IF(ISERROR(LOOKUP(AH$16,$L19:$X19,#REF!)),0,(LOOKUP(AH$16,$L19:$X19,#REF!))) -> 0 | AI19: =IF(ISERROR(LOOKUP(AI$16,$L19:$X19,#REF!)),0,(LOOKUP(AI$16,$L19:$X19,#REF!))) -> 0 | AJ19: =IF(ISERROR(LOOKUP(AJ$16,$L19:$X19,#REF!)),0,(LOOKUP(AJ$16,$L19:$X19,#REF!))) -> 0 | ... AM19: =IF(ISERROR(LOOKUP(AM$16,$L19:$X19,#REF!)),0,(LOOKUP(AM$16,$L19:$X19,#REF!))) -> 0 | AO19: =U19-T19 -> 0 | AW19: #REF!
A20: =A17+1 -> 2 | C20: RFQ-002 | D20: Material Handling Equipment | F20: Mechanical | G20: N | I20: LC | J20: Plan | K20: =WORKDAY(L20,-INDEX(L$12:L$15,MATCH($I20,$I$12:$I$15,0))) -> 46296 | L20: =WORKDAY(M20,-INDEX(M$12:M$15,MATCH($I20,$I$12:$I$15,0))) -> 46301 | M20: =WORKDAY(N20,-INDEX(N$12:N$15,MATCH($I20,$I$12:$I$15,0))) -> 46315 | N20: =WORKDAY(O20,-INDEX(O$12:O$15,MATCH($I20,$I$12:$I$15,0))) -> 46316 | O20: =WORKDAY(R20,-INDEX(R$12:R$15,MATCH($I20,$I$12:$I$15,0))) -> 46330 | P20: =U20-L20 -> 92 | R20: =WORKDAY(S20,-INDEX(S$12:S$15,MATCH($I20,$I$12:$I$15,0))) -> 46344 | S20: =WORKDAY(T20,-INDEX(T$12:T$15,MATCH($I20,$I$12:$I$15,0))) -> 46365 | T20: =WORKDAY(U20,-INDEX(U$12:U$15,MATCH($I20,$I$12:$I$15,0))) -> 46379 | U20: =X20-Y20 -> 46393 | V20: =WORKDAY(U20,INDEX(V$12:V$15,MATCH($I20,$I$12:$I$15,0))) -> 46395 | W20: =Y20/7 -> 25 | X20: =Z20 -> 46568 | Y20: 175 | Z20: 46568 | AA20: 46568 | AB20: =Z20-X21 -> 0 | AC20: =IF(ISERROR(LOOKUP(AC$16,$L20:$X20,#REF!)),0,(LOOKUP(AC$16,$L20:$X20,#REF!))) -> 0 | AD20: =IF(ISERROR(LOOKUP(AD$16,$L20:$X20,#REF!)),0,(LOOKUP(AD$16,$L20:$X20,#REF!))) -> 0 | AE20: =IF(ISERROR(LOOKUP(AE$16,$L20:$X20,#REF!)),0,(LOOKUP(AE$16,$L20:$X20,#REF!))) -> 0 | AF20: =IF(ISERROR(LOOKUP(AF$16,$L20:$X20,#REF!)),0,(LOOKUP(AF$16,$L20:$X20,#REF!))) -> 0 | AG20: =IF(ISERROR(LOOKUP(AG$16,$L20:$X20,#REF!)),0,(LOOKUP(AG$16,$L20:$X20,#REF!))) -> 0 | AH20: =IF(ISERROR(LOOKUP(AH$16,$L20:$X20,#REF!)),0,(LOOKUP(AH$16,$L20:$X20,#REF!))) -> 0 | AI20: =IF(ISERROR(LOOKUP(AI$16,$L20:$X20,#REF!)),0,(LOOKUP(AI$16,$L20:$X20,#REF!))) -> 0 | AJ20: =IF(ISERROR(LOOKUP(AJ$16,$L20:$X20,#REF!)),0,(LOOKUP(AJ$16,$L20:$X20,#REF!))) -> 0 | ... AM20: =IF(ISERROR(LOOKUP(AM$16,$L20:$X20,#REF!)),0,(LOOKUP(AM$16,$L20:$X20,#REF!))) -> 0 | AO20: =U20-T20 -> 14 | AP20: =WORKDAY(AQ20,-INDEX(AQ$12:AQ$15,MATCH($I20,$I$12:$I$15,0)),$AW$17:$AW$148) -> #REF! | AQ20: =WORKDAY(U20,-INDEX(U$12:U$15,MATCH($I20,$I$12:$I$15,0)),$AW$17:$AW$148) -> #REF! | AR20: =WORKDAY(U20,-INDEX(U$12:U$15,MATCH($I20,$I$12:$I$15,0)),$AW$17:$AW$148) -> #REF! | AS20: 14 | AW20: #REF!
C21: =C20 -> RFQ-002 | D21: =D20 -> Material Handling Equipment | G21: =G20 -> N | I21: =I20 -> LC | J21: Forecast | K21: =K20 -> 46296 | L21: =WORKDAY(IF(K22="",K21,K22),INDEX(L$12:L$15,MATCH($I20,$I$12:$I$15,0))) -> 46301 | M21: =WORKDAY(IF(L22="",L21,L22),INDEX(M$12:M$15,MATCH($I20,$I$12:$I$15,0))) -> 46315 | N21: =WORKDAY(IF(M22="",M21,M22),INDEX(N$12:N$15,MATCH($I20,$I$12:$I$15,0))) -> 46316 | O21: =WORKDAY(IF(N22="",N21,N22),INDEX(O$12:O$15,MATCH($I20,$I$12:$I$15,0))) -> 46330 | R21: =WORKDAY(IF(O22="",O21,O22),INDEX(R$12:R$15,MATCH($I20,$I$12:$I$15,0))) -> 46344 | S21: =WORKDAY(IF(R22="",R21,R22),INDEX(S$12:S$15,MATCH($I20,$I$12:$I$15,0))) -> 46365 | T21: =WORKDAY(IF(S22="",S21,S22),INDEX(T$12:T$15,MATCH($I20,$I$12:$I$15,0))) -> 46379 | U21: =WORKDAY(IF(T22="",T21,T22),INDEX(U$12:U$15,MATCH($I20,$I$12:$I$15,0))) -> 46393 | V21: =WORKDAY(IF(U22="",U21,U22),INDEX(V$12:V$15,MATCH($I20,$I$12:$I$15,0))) -> 46395 | X21: =U21+Y20 -> 46568 | AC21: =IF(ISERROR(LOOKUP(AC$16,$L21:$X21,#REF!)),0,(LOOKUP(AC$16,$L21:$X21,#REF!))) -> 0 | AD21: =IF(ISERROR(LOOKUP(AD$16,$L21:$X21,#REF!)),0,(LOOKUP(AD$16,$L21:$X21,#REF!))) -> 0 | AE21: =IF(ISERROR(LOOKUP(AE$16,$L21:$X21,#REF!)),0,(LOOKUP(AE$16,$L21:$X21,#REF!))) -> 0 | AF21: =IF(ISERROR(LOOKUP(AF$16,$L21:$X21,#REF!)),0,(LOOKUP(AF$16,$L21:$X21,#REF!))) -> 0 | AG21: =IF(ISERROR(LOOKUP(AG$16,$L21:$X21,#REF!)),0,(LOOKUP(AG$16,$L21:$X21,#REF!))) -> 0 | AH21: =IF(ISERROR(LOOKUP(AH$16,$L21:$X21,#REF!)),0,(LOOKUP(AH$16,$L21:$X21,#REF!))) -> 0 | AI21: =IF(ISERROR(LOOKUP(AI$16,$L21:$X21,#REF!)),0,(LOOKUP(AI$16,$L21:$X21,#REF!))) -> 0 | AJ21: =IF(ISERROR(LOOKUP(AJ$16,$L21:$X21,#REF!)),0,(LOOKUP(AJ$16,$L21:$X21,#REF!))) -> 0 | ... AM21: =IF(ISERROR(LOOKUP(AM$16,$L21:$X21,#REF!)),0,(LOOKUP(AM$16,$L21:$X21,#REF!))) -> 0 | AO21: =U21-T21 -> 14 | AP21: =WORKDAY(IF(T22="",T21,T22),INDEX(AP$12:AP$15,MATCH($I20,$I$12:$I$15,0)),$AW$17:$AW$148) -> #REF! | AQ21: =WORKDAY(IF(AP22="",AP21,AP22),INDEX(AQ$12:AQ$15,MATCH($I20,$I$12:$I$15,0)),$AW$17:$AW$148) -> #REF! | AR21: =WORKDAY(IF(AQ22="",AQ21,AQ22),INDEX(AR$12:AR$15,MATCH($I20,$I$12:$I$15,0)),$AW$17:$AW$148) -> #REF! | AW21: #REF!
C22: =C20 -> RFQ-002 | D22: =D20 -> Material Handling Equipment | G22: =G20 -> N | I22: =I20 -> LC | J22: Actual | AC22: =IF(ISERROR(LOOKUP(AC$16,$L22:$X22,#REF!)),0,(LOOKUP(AC$16,$L22:$X22,#REF!))) -> 0 | AD22: =IF(ISERROR(LOOKUP(AD$16,$L22:$X22,#REF!)),0,(LOOKUP(AD$16,$L22:$X22,#REF!))) -> 0 | AE22: =IF(ISERROR(LOOKUP(AE$16,$L22:$X22,#REF!)),0,(LOOKUP(AE$16,$L22:$X22,#REF!))) -> 0 | AF22: =IF(ISERROR(LOOKUP(AF$16,$L22:$X22,#REF!)),0,(LOOKUP(AF$16,$L22:$X22,#REF!))) -> 0 | AG22: =IF(ISERROR(LOOKUP(AG$16,$L22:$X22,#REF!)),0,(LOOKUP(AG$16,$L22:$X22,#REF!))) -> 0 | AH22: =IF(ISERROR(LOOKUP(AH$16,$L22:$X22,#REF!)),0,(LOOKUP(AH$16,$L22:$X22,#REF!))) -> 0 | AI22: =IF(ISERROR(LOOKUP(AI$16,$L22:$X22,#REF!)),0,(LOOKUP(AI$16,$L22:$X22,#REF!))) -> 0 | AJ22: =IF(ISERROR(LOOKUP(AJ$16,$L22:$X22,#REF!)),0,(LOOKUP(AJ$16,$L22:$X22,#REF!))) -> 0 | ... AM22: =IF(ISERROR(LOOKUP(AM$16,$L22:$X22,#REF!)),0,(LOOKUP(AM$16,$L22:$X22,#REF!))) -> 0 | AO22: =U22-T22 -> 0 | AW22: #REF!
A23: =A20+1 -> 3 | C23: RFQ-003 | D23: Instrument Gas Filter Coalescer | F23: Mechanical | G23: Y | I23: LA | J23: Plan | K23: =WORKDAY(L23,-INDEX(L$12:L$15,MATCH($I23,$I$12:$I$15,0))) -> 46209 | L23: =WORKDAY(M23,-INDEX(M$12:M$15,MATCH($I23,$I$12:$I$15,0))) -> 46210 | M23: =WORKDAY(N23,-INDEX(N$12:N$15,MATCH($I23,$I$12:$I$15,0))) -> 46217 | N23: =WORKDAY(O23,-INDEX(O$12:O$15,MATCH($I23,$I$12:$I$15,0))) -> 46218 | O23: =WORKDAY(R23,-INDEX(R$12:R$15,MATCH($I23,$I$12:$I$15,0))) -> 46225 | P23: =U23-L23 -> 76 | R23: =WORKDAY(S23,-INDEX(S$12:S$15,MATCH($I23,$I$12:$I$15,0))) -> 46239 | S23: =WORKDAY(T23,-INDEX(T$12:T$15,MATCH($I23,$I$12:$I$15,0))) -> 46267 | T23: =WORKDAY(U23,-INDEX(U$12:U$15,MATCH($I23,$I$12:$I$15,0))) -> 46272 | U23: =X23-Y23 -> 46286 | V23: =WORKDAY(U23,INDEX(V$12:V$15,MATCH($I23,$I$12:$I$15,0))) -> 46288 | W23: =Y23/7 -> 25.714286 | X23: =Z23 -> 46466 | Y23: 180 | Z23: 46466 | AA23: 46466 | AB23: =Z23-X24 -> 0 | AC23: =IF(ISERROR(LOOKUP(AC$16,$L23:$X23,#REF!)),0,(LOOKUP(AC$16,$L23:$X23,#REF!))) -> 0 | AD23: =IF(ISERROR(LOOKUP(AD$16,$L23:$X23,#REF!)),0,(LOOKUP(AD$16,$L23:$X23,#REF!))) -> 0 | AE23: =IF(ISERROR(LOOKUP(AE$16,$L23:$X23,#REF!)),0,(LOOKUP(AE$16,$L23:$X23,#REF!))) -> 0 | AF23: =IF(ISERROR(LOOKUP(AF$16,$L23:$X23,#REF!)),0,(LOOKUP(AF$16,$L23:$X23,#REF!))) -> 0 | AG23: =IF(ISERROR(LOOKUP(AG$16,$L23:$X23,#REF!)),0,(LOOKUP(AG$16,$L23:$X23,#REF!))) -> 0 | AH23: =IF(ISERROR(LOOKUP(AH$16,$L23:$X23,#REF!)),0,(LOOKUP(AH$16,$L23:$X23,#REF!))) -> 0 | AI23: =IF(ISERROR(LOOKUP(AI$16,$L23:$X23,#REF!)),0,(LOOKUP(AI$16,$L23:$X23,#REF!))) -> 0 | AJ23: =IF(ISERROR(LOOKUP(AJ$16,$L23:$X23,#REF!)),0,(LOOKUP(AJ$16,$L23:$X23,#REF!))) -> 0 | ... AM23: =IF(ISERROR(LOOKUP(AM$16,$L23:$X23,#REF!)),0,(LOOKUP(AM$16,$L23:$X23,#REF!))) -> 0 | AO23: =U23-T23 -> 14 | AP23: =WORKDAY(AQ23,-INDEX(AQ$12:AQ$15,MATCH($I23,$I$12:$I$15,0)),$AW$17:$AW$148) -> #REF! | AQ23: =WORKDAY(U23,-INDEX(U$12:U$15,MATCH($I23,$I$12:$I$15,0)),$AW$17:$AW$148) -> #REF! | AR23: =WORKDAY(U23,-INDEX(U$12:U$15,MATCH($I23,$I$12:$I$15,0)),$AW$17:$AW$148) -> #REF! | AS23: 7 | AW23: #REF!
C24: =C23 -> RFQ-003 | D24: =D23 -> Instrument Gas Filter Coalescer | G24: =G23 -> Y | I24: =I23 -> LA | J24: Forecast | K24: =K23 -> 46209 | L24: =WORKDAY(IF(K25="",K24,K25),INDEX(L$12:L$15,MATCH($I23,$I$12:$I$15,0))) -> 46210 | M24: =WORKDAY(IF(L25="",L24,L25),INDEX(M$12:M$15,MATCH($I23,$I$12:$I$15,0))) -> 46217 | N24: =WORKDAY(IF(M25="",M24,M25),INDEX(N$12:N$15,MATCH($I23,$I$12:$I$15,0))) -> 46218 | O24: =WORKDAY(IF(N25="",N24,N25),INDEX(O$12:O$15,MATCH($I23,$I$12:$I$15,0))) -> 46225 | R24: =WORKDAY(IF(O25="",O24,O25),INDEX(R$12:R$15,MATCH($I23,$I$12:$I$15,0))) -> 46239 | S24: =WORKDAY(IF(R25="",R24,R25),INDEX(S$12:S$15,MATCH($I23,$I$12:$I$15,0))) -> 46267 | T24: =WORKDAY(IF(S25="",S24,S25),INDEX(T$12:T$15,MATCH($I23,$I$12:$I$15,0))) -> 46272 | U24: =WORKDAY(IF(T25="",T24,T25),INDEX(U$12:U$15,MATCH($I23,$I$12:$I$15,0))) -> 46286 | V24: =WORKDAY(IF(U25="",U24,U25),INDEX(V$12:V$15,MATCH($I23,$I$12:$I$15,0))) -> 46288 | X24: =U24+Y23 -> 46466 | AC24: =IF(ISERROR(LOOKUP(AC$16,$L24:$X24,#REF!)),0,(LOOKUP(AC$16,$L24:$X24,#REF!))) -> 0 | AD24: =IF(ISERROR(LOOKUP(AD$16,$L24:$X24,#REF!)),0,(LOOKUP(AD$16,$L24:$X24,#REF!))) -> 0 | AE24: =IF(ISERROR(LOOKUP(AE$16,$L24:$X24,#REF!)),0,(LOOKUP(AE$16,$L24:$X24,#REF!))) -> 0 | AF24: =IF(ISERROR(LOOKUP(AF$16,$L24:$X24,#REF!)),0,(LOOKUP(AF$16,$L24:$X24,#REF!))) -> 0 | AG24: =IF(ISERROR(LOOKUP(AG$16,$L24:$X24,#REF!)),0,(LOOKUP(AG$16,$L24:$X24,#REF!))) -> 0 | AH24: =IF(ISERROR(LOOKUP(AH$16,$L24:$X24,#REF!)),0,(LOOKUP(AH$16,$L24:$X24,#REF!))) -> 0 | AI24: =IF(ISERROR(LOOKUP(AI$16,$L24:$X24,#REF!)),0,(LOOKUP(AI$16,$L24:$X24,#REF!))) -> 0 | AJ24: =IF(ISERROR(LOOKUP(AJ$16,$L24:$X24,#REF!)),0,(LOOKUP(AJ$16,$L24:$X24,#REF!))) -> 0 | ... AM24: =IF(ISERROR(LOOKUP(AM$16,$L24:$X24,#REF!)),0,(LOOKUP(AM$16,$L24:$X24,#REF!))) -> 0 | AO24: =U24-T24 -> 14 | AP24: =WORKDAY(IF(T25="",T24,T25),INDEX(AP$12:AP$15,MATCH($I23,$I$12:$I$15,0)),$AW$17:$AW$148) -> #REF! | AQ24: =WORKDAY(IF(AP25="",AP24,AP25),INDEX(AQ$12:AQ$15,MATCH($I23,$I$12:$I$15,0)),$AW$17:$AW$148) -> #REF! | AR24: =WORKDAY(IF(AQ25="",AQ24,AQ25),INDEX(AR$12:AR$15,MATCH($I23,$I$12:$I$15,0)),$AW$17:$AW$148) -> #REF! | AW24: #REF!
C25: =C23 -> RFQ-003 | D25: =D23 -> Instrument Gas Filter Coalescer | G25: =G23 -> Y | I25: =I23 -> LA | J25: Actual | AC25: =IF(ISERROR(LOOKUP(AC$16,$L25:$X25,#REF!)),0,(LOOKUP(AC$16,$L25:$X25,#REF!))) -> 0 | AD25: =IF(ISERROR(LOOKUP(AD$16,$L25:$X25,#REF!)),0,(LOOKUP(AD$16,$L25:$X25,#REF!))) -> 0 | AE25: =IF(ISERROR(LOOKUP(AE$16,$L25:$X25,#REF!)),0,(LOOKUP(AE$16,$L25:$X25,#REF!))) -> 0 | AF25: =IF(ISERROR(LOOKUP(AF$16,$L25:$X25,#REF!)),0,(LOOKUP(AF$16,$L25:$X25,#REF!))) -> 0 | AG25: =IF(ISERROR(LOOKUP(AG$16,$L25:$X25,#REF!)),0,(LOOKUP(AG$16,$L25:$X25,#REF!))) -> 0 | AH25: =IF(ISERROR(LOOKUP(AH$16,$L25:$X25,#REF!)),0,(LOOKUP(AH$16,$L25:$X25,#REF!))) -> 0 | AI25: =IF(ISERROR(LOOKUP(AI$16,$L25:$X25,#REF!)),0,(LOOKUP(AI$16,$L25:$X25,#REF!))) -> 0 | AJ25: =IF(ISERROR(LOOKUP(AJ$16,$L25:$X25,#REF!)),0,(LOOKUP(AJ$16,$L25:$X25,#REF!))) -> 0 | ... AM25: =IF(ISERROR(LOOKUP(AM$16,$L25:$X25,#REF!)),0,(LOOKUP(AM$16,$L25:$X25,#REF!))) -> 0 | AO25: =U25-T25 -> 0 | AW25: #REF!
A26: =A23+1 -> 4 | C26: RFQ-004 | D26: Production & Test Seperator | F26: Mechanical | G26: =IF(_xlfn.XLOOKUP(C26,'[35]Before Award'!D:D,'[35]Before Award'!AV:AV,"N/A")="N/A","N","Y") -> N | I26: LA | J26: Plan | K26: 46211 | L26: 46212 | M26: 46217 | N26: 46218 | O26: 46223 | P26: =U26-L26 -> 71 | R26: 46237 | S26: 46265 | T26: 46268 | U26: 46283 | V26: 46290 | W26: 26 | X26: 46466 | Y26: =W26*7 -> 182 | Z26: 46466 | AA26: 46466 | AB26: =Z26-X27 -> 0 | AC26: =IF(ISERROR(LOOKUP(AC$16,$L26:$X26,#REF!)),0,(LOOKUP(AC$16,$L26:$X26,#REF!))) -> 0 | AD26: =IF(ISERROR(LOOKUP(AD$16,$L26:$X26,#REF!)),0,(LOOKUP(AD$16,$L26:$X26,#REF!))) -> 0 | AE26: =IF(ISERROR(LOOKUP(AE$16,$L26:$X26,#REF!)),0,(LOOKUP(AE$16,$L26:$X26,#REF!))) -> 0 | AF26: =IF(ISERROR(LOOKUP(AF$16,$L26:$X26,#REF!)),0,(LOOKUP(AF$16,$L26:$X26,#REF!))) -> 0 | AG26: =IF(ISERROR(LOOKUP(AG$16,$L26:$X26,#REF!)),0,(LOOKUP(AG$16,$L26:$X26,#REF!))) -> 0 | AH26: =IF(ISERROR(LOOKUP(AH$16,$L26:$X26,#REF!)),0,(LOOKUP(AH$16,$L26:$X26,#REF!))) -> 0 | AI26: =IF(ISERROR(LOOKUP(AI$16,$L26:$X26,#REF!)),0,(LOOKUP(AI$16,$L26:$X26,#REF!))) -> 0 | AJ26: =IF(ISERROR(LOOKUP(AJ$16,$L26:$X26,#REF!)),0,(LOOKUP(AJ$16,$L26:$X26,#REF!))) -> 0 | ... AM26: =IF(ISERROR(LOOKUP(AM$16,$L26:$X26,#REF!)),0,(LOOKUP(AM$16,$L26:$X26,#REF!))) -> 0 | AO26: =U26-T26 -> 15 | AP26: 46272 | AQ26: 46276 | AR26: 46276 | AS26: 14 | AW26: #REF!
C27: =C26 -> RFQ-004 | D27: =D26 -> Production & Test Seperator | G27: =G26 -> N | I27: =I26 -> LA | J27: Forecast | K27: 46211 | L27: 46212 | M27: 46217 | N27: 46218 | O27: 46223 | R27: 46237 | S27: 46265 | T27: 46268 | U27: 46283 | V27: 46290 | X27: 46466 | AC27: =IF(ISERROR(LOOKUP(AC$16,$L27:$X27,#REF!)),0,(LOOKUP(AC$16,$L27:$X27,#REF!))) -> 0 | AD27: =IF(ISERROR(LOOKUP(AD$16,$L27:$X27,#REF!)),0,(LOOKUP(AD$16,$L27:$X27,#REF!))) -> 0 | AE27: =IF(ISERROR(LOOKUP(AE$16,$L27:$X27,#REF!)),0,(LOOKUP(AE$16,$L27:$X27,#REF!))) -> 0 | AF27: =IF(ISERROR(LOOKUP(AF$16,$L27:$X27,#REF!)),0,(LOOKUP(AF$16,$L27:$X27,#REF!))) -> 0 | AG27: =IF(ISERROR(LOOKUP(AG$16,$L27:$X27,#REF!)),0,(LOOKUP(AG$16,$L27:$X27,#REF!))) -> 0 | AH27: =IF(ISERROR(LOOKUP(AH$16,$L27:$X27,#REF!)),0,(LOOKUP(AH$16,$L27:$X27,#REF!))) -> 0 | AI27: =IF(ISERROR(LOOKUP(AI$16,$L27:$X27,#REF!)),0,(LOOKUP(AI$16,$L27:$X27,#REF!))) -> 0 | AJ27: =IF(ISERROR(LOOKUP(AJ$16,$L27:$X27,#REF!)),0,(LOOKUP(AJ$16,$L27:$X27,#REF!))) -> 0 | ... AM27: =IF(ISERROR(LOOKUP(AM$16,$L27:$X27,#REF!)),0,(LOOKUP(AM$16,$L27:$X27,#REF!))) -> 0 | AO27: =U27-T27 -> 15 | AP27: 46272 | AQ27: 46276 | AR27: 46283 | AW27: #REF!
C28: =C26 -> RFQ-004 | D28: =D26 -> Production & Test Seperator | G28: =G26 -> N | I28: =I26 -> LA | J28: Actual | AC28: =IF(ISERROR(LOOKUP(AC$16,$L28:$X28,#REF!)),0,(LOOKUP(AC$16,$L28:$X28,#REF!))) -> 0 | AD28: =IF(ISERROR(LOOKUP(AD$16,$L28:$X28,#REF!)),0,(LOOKUP(AD$16,$L28:$X28,#REF!))) -> 0 | AE28: =IF(ISERROR(LOOKUP(AE$16,$L28:$X28,#REF!)),0,(LOOKUP(AE$16,$L28:$X28,#REF!))) -> 0 | AF28: =IF(ISERROR(LOOKUP(AF$16,$L28:$X28,#REF!)),0,(LOOKUP(AF$16,$L28:$X28,#REF!))) -> 0 | AG28: =IF(ISERROR(LOOKUP(AG$16,$L28:$X28,#REF!)),0,(LOOKUP(AG$16,$L28:$X28,#REF!))) -> 0 | AH28: =IF(ISERROR(LOOKUP(AH$16,$L28:$X28,#REF!)),0,(LOOKUP(AH$16,$L28:$X28,#REF!))) -> 0 | AI28: =IF(ISERROR(LOOKUP(AI$16,$L28:$X28,#REF!)),0,(LOOKUP(AI$16,$L28:$X28,#REF!))) -> 0 | AJ28: =IF(ISERROR(LOOKUP(AJ$16,$L28:$X28,#REF!)),0,(LOOKUP(AJ$16,$L28:$X28,#REF!))) -> 0 | ... AM28: =IF(ISERROR(LOOKUP(AM$16,$L28:$X28,#REF!)),0,(LOOKUP(AM$16,$L28:$X28,#REF!))) -> 0 | AO28: =U28-T28 -> 0 | AW28: #REF!
A29: =A26+1 -> 5 | C29: RFQ-005 | D29: Pig Launcher and Receiver | F29: Piping | G29: Y | I29: LA | J29: Plan | K29: 46176 | L29: 46177 | M29: 46182 | N29: 46183 | O29: 46188 | P29: =U29-L29 -> 71 | R29: 46202 | S29: 46230 | T29: 46233 | U29: 46248 | V29: 46255 | W29: 32 | X29: 46472 | Y29: =W29*7 -> 224 | Z29: 46472 | AA29: 46472 | AB29: =Z29-X30 -> 0 | AC29: =IF(ISERROR(LOOKUP(AC$16,$L29:$X29,#REF!)),0,(LOOKUP(AC$16,$L29:$X29,#REF!))) -> 0 | AD29: =IF(ISERROR(LOOKUP(AD$16,$L29:$X29,#REF!)),0,(LOOKUP(AD$16,$L29:$X29,#REF!))) -> 0 | AE29: =IF(ISERROR(LOOKUP(AE$16,$L29:$X29,#REF!)),0,(LOOKUP(AE$16,$L29:$X29,#REF!))) -> 0 | AF29: =IF(ISERROR(LOOKUP(AF$16,$L29:$X29,#REF!)),0,(LOOKUP(AF$16,$L29:$X29,#REF!))) -> 0 | AG29: =IF(ISERROR(LOOKUP(AG$16,$L29:$X29,#REF!)),0,(LOOKUP(AG$16,$L29:$X29,#REF!))) -> 0 | AH29: =IF(ISERROR(LOOKUP(AH$16,$L29:$X29,#REF!)),0,(LOOKUP(AH$16,$L29:$X29,#REF!))) -> 0 | AI29: =IF(ISERROR(LOOKUP(AI$16,$L29:$X29,#REF!)),0,(LOOKUP(AI$16,$L29:$X29,#REF!))) -> 0 | AJ29: =IF(ISERROR(LOOKUP(AJ$16,$L29:$X29,#REF!)),0,(LOOKUP(AJ$16,$L29:$X29,#REF!))) -> 0 | ... AM29: =IF(ISERROR(LOOKUP(AM$16,$L29:$X29,#REF!)),0,(LOOKUP(AM$16,$L29:$X29,#REF!))) -> 0 | AO29: =U29-T29 -> 15 | AP29: 46237 | AQ29: 46241 | AR29: 46241 | AS29: 14 | AW29: #REF!
C30: =C29 -> RFQ-005 | D30: =D29 -> Pig Launcher and Receiver | F30: =F29 -> Piping | G30: =G29 -> Y | I30: =I29 -> LA | J30: Forecast | K30: 46176 | L30: 46177 | M30: 46182 | N30: 46183 | O30: 46188 | R30: 46202 | S30: 46230 | T30: 46233 | U30: 46248 | V30: 46255 | X30: 46472 | AC30: =IF(ISERROR(LOOKUP(AC$16,$L30:$X30,#REF!)),0,(LOOKUP(AC$16,$L30:$X30,#REF!))) -> 0 | AD30: =IF(ISERROR(LOOKUP(AD$16,$L30:$X30,#REF!)),0,(LOOKUP(AD$16,$L30:$X30,#REF!))) -> 0 | AE30: =IF(ISERROR(LOOKUP(AE$16,$L30:$X30,#REF!)),0,(LOOKUP(AE$16,$L30:$X30,#REF!))) -> 0 | AF30: =IF(ISERROR(LOOKUP(AF$16,$L30:$X30,#REF!)),0,(LOOKUP(AF$16,$L30:$X30,#REF!))) -> 0 | AG30: =IF(ISERROR(LOOKUP(AG$16,$L30:$X30,#REF!)),0,(LOOKUP(AG$16,$L30:$X30,#REF!))) -> 0 | AH30: =IF(ISERROR(LOOKUP(AH$16,$L30:$X30,#REF!)),0,(LOOKUP(AH$16,$L30:$X30,#REF!))) -> 0 | AI30: =IF(ISERROR(LOOKUP(AI$16,$L30:$X30,#REF!)),0,(LOOKUP(AI$16,$L30:$X30,#REF!))) -> 0 | AJ30: =IF(ISERROR(LOOKUP(AJ$16,$L30:$X30,#REF!)),0,(LOOKUP(AJ$16,$L30:$X30,#REF!))) -> 0 | ... AM30: =IF(ISERROR(LOOKUP(AM$16,$L30:$X30,#REF!)),0,(LOOKUP(AM$16,$L30:$X30,#REF!))) -> 0 | AO30: =U30-T30 -> 15 | AP30: 46237 | AQ30: 46241 | AR30: 46248 | AW30: #REF!
C31: =C29 -> RFQ-005 | D31: =D29 -> Pig Launcher and Receiver | F31: =F29 -> Piping | G31: =G29 -> Y | I31: =I29 -> LA | J31: Actual | AC31: =IF(ISERROR(LOOKUP(AC$16,$L31:$X31,#REF!)),0,(LOOKUP(AC$16,$L31:$X31,#REF!))) -> 0 | AD31: =IF(ISERROR(LOOKUP(AD$16,$L31:$X31,#REF!)),0,(LOOKUP(AD$16,$L31:$X31,#REF!))) -> 0 | AE31: =IF(ISERROR(LOOKUP(AE$16,$L31:$X31,#REF!)),0,(LOOKUP(AE$16,$L31:$X31,#REF!))) -> 0 | AF31: =IF(ISERROR(LOOKUP(AF$16,$L31:$X31,#REF!)),0,(LOOKUP(AF$16,$L31:$X31,#REF!))) -> 0 | AG31: =IF(ISERROR(LOOKUP(AG$16,$L31:$X31,#REF!)),0,(LOOKUP(AG$16,$L31:$X31,#REF!))) -> 0 | AH31: =IF(ISERROR(LOOKUP(AH$16,$L31:$X31,#REF!)),0,(LOOKUP(AH$16,$L31:$X31,#REF!))) -> 0 | AI31: =IF(ISERROR(LOOKUP(AI$16,$L31:$X31,#REF!)),0,(LOOKUP(AI$16,$L31:$X31,#REF!))) -> 0 | AJ31: =IF(ISERROR(LOOKUP(AJ$16,$L31:$X31,#REF!)),0,(LOOKUP(AJ$16,$L31:$X31,#REF!))) -> 0 | ... AM31: =IF(ISERROR(LOOKUP(AM$16,$L31:$X31,#REF!)),0,(LOOKUP(AM$16,$L31:$X31,#REF!))) -> 0 | AO31: =U31-T31 -> 0 | AW31: #REF!
A32: =A29+1 -> 6 | C32: RFQ-006 | D32: Corrosion Inhibitor Injection Pump | F32: Mechanical | G32: N | I32: LA | J32: Plan | K32: =WORKDAY(L32,-INDEX(L$12:L$15,MATCH($I32,$I$12:$I$15,0))) -> 46143 | L32: =WORKDAY(M32,-INDEX(M$12:M$15,MATCH($I32,$I$12:$I$15,0))) -> 46146 | M32: =WORKDAY(N32,-INDEX(N$12:N$15,MATCH($I32,$I$12:$I$15,0))) -> 46153 | N32: =WORKDAY(O32,-INDEX(O$12:O$15,MATCH($I32,$I$12:$I$15,0))) -> 46154 | O32: =WORKDAY(R32,-INDEX(R$12:R$15,MATCH($I32,$I$12:$I$15,0))) -> 46161 | P32: =U32-L32 -> 74 | R32: =WORKDAY(S32,-INDEX(S$12:S$15,MATCH($I32,$I$12:$I$15,0))) -> 46175 | S32: =WORKDAY(T32,-INDEX(T$12:T$15,MATCH($I32,$I$12:$I$15,0))) -> 46203 | T32: =WORKDAY(U32,-INDEX(U$12:U$15,MATCH($I32,$I$12:$I$15,0))) -> 46206 | U32: =X32-Y32 -> 46220 | V32: =WORKDAY(U32,INDEX(V$12:V$15,MATCH($I32,$I$12:$I$15,0))) -> 46224 | W32: =Y32/7 -> 32 | X32: =Z32 -> 46444 | Y32: =32*7 -> 224 | Z32: 46444 | AA32: 46444 | AB32: =Z32-X33 -> 0 | AC32: =IF(ISERROR(LOOKUP(AC$16,$L32:$X32,#REF!)),0,(LOOKUP(AC$16,$L32:$X32,#REF!))) -> 0 | AD32: =IF(ISERROR(LOOKUP(AD$16,$L32:$X32,#REF!)),0,(LOOKUP(AD$16,$L32:$X32,#REF!))) -> 0 | AE32: =IF(ISERROR(LOOKUP(AE$16,$L32:$X32,#REF!)),0,(LOOKUP(AE$16,$L32:$X32,#REF!))) -> 0 | AF32: =IF(ISERROR(LOOKUP(AF$16,$L32:$X32,#REF!)),0,(LOOKUP(AF$16,$L32:$X32,#REF!))) -> 0 | AG32: =IF(ISERROR(LOOKUP(AG$16,$L32:$X32,#REF!)),0,(LOOKUP(AG$16,$L32:$X32,#REF!))) -> 0 | AH32: =IF(ISERROR(LOOKUP(AH$16,$L32:$X32,#REF!)),0,(LOOKUP(AH$16,$L32:$X32,#REF!))) -> 0 | AI32: =IF(ISERROR(LOOKUP(AI$16,$L32:$X32,#REF!)),0,(LOOKUP(AI$16,$L32:$X32,#REF!))) -> 0 | AJ32: =IF(ISERROR(LOOKUP(AJ$16,$L32:$X32,#REF!)),0,(LOOKUP(AJ$16,$L32:$X32,#REF!))) -> 0 | ... AM32: =IF(ISERROR(LOOKUP(AM$16,$L32:$X32,#REF!)),0,(LOOKUP(AM$16,$L32:$X32,#REF!))) -> 0 | AO32: =U32-T32 -> 14 | AP32: =WORKDAY(AQ32,-INDEX(AQ$12:AQ$15,MATCH($I32,$I$12:$I$15,0)),$AW$17:$AW$148) -> #REF! | AQ32: =WORKDAY(U32,-INDEX(U$12:U$15,MATCH($I32,$I$12:$I$15,0)),$AW$17:$AW$148) -> #REF! | AR32: =WORKDAY(U32,-INDEX(U$12:U$15,MATCH($I32,$I$12:$I$15,0)),$AW$17:$AW$148) -> #REF! | AS32: 14 | AW32: #REF!
C33: =C32 -> RFQ-006 | G33: =G32 -> N | I33: =I32 -> LA | J33: Forecast | K33: =K32 -> 46143 | L33: =WORKDAY(IF(K34="",K33,K34),INDEX(L$12:L$15,MATCH($I32,$I$12:$I$15,0))) -> 46146 | M33: =WORKDAY(IF(L34="",L33,L34),INDEX(M$12:M$15,MATCH($I32,$I$12:$I$15,0))) -> 46153 | N33: =WORKDAY(IF(M34="",M33,M34),INDEX(N$12:N$15,MATCH($I32,$I$12:$I$15,0))) -> 46154 | O33: =WORKDAY(IF(N34="",N33,N34),INDEX(O$12:O$15,MATCH($I32,$I$12:$I$15,0))) -> 46161 | R33: =WORKDAY(IF(O34="",O33,O34),INDEX(R$12:R$15,MATCH($I32,$I$12:$I$15,0))) -> 46175 | S33: =WORKDAY(IF(R34="",R33,R34),INDEX(S$12:S$15,MATCH($I32,$I$12:$I$15,0))) -> 46203 | T33: =WORKDAY(IF(S34="",S33,S34),INDEX(T$12:T$15,MATCH($I32,$I$12:$I$15,0))) -> 46206 | U33: =WORKDAY(IF(T34="",T33,T34),INDEX(U$12:U$15,MATCH($I32,$I$12:$I$15,0))) -> 46220 | V33: =WORKDAY(IF(U34="",U33,U34),INDEX(V$12:V$15,MATCH($I32,$I$12:$I$15,0))) -> 46224 | X33: =U33+Y32 -> 46444 | AC33: =IF(ISERROR(LOOKUP(AC$16,$L33:$X33,#REF!)),0,(LOOKUP(AC$16,$L33:$X33,#REF!))) -> 0 | AD33: =IF(ISERROR(LOOKUP(AD$16,$L33:$X33,#REF!)),0,(LOOKUP(AD$16,$L33:$X33,#REF!))) -> 0 | AE33: =IF(ISERROR(LOOKUP(AE$16,$L33:$X33,#REF!)),0,(LOOKUP(AE$16,$L33:$X33,#REF!))) -> 0 | AF33: =IF(ISERROR(LOOKUP(AF$16,$L33:$X33,#REF!)),0,(LOOKUP(AF$16,$L33:$X33,#REF!))) -> 0 | AG33: =IF(ISERROR(LOOKUP(AG$16,$L33:$X33,#REF!)),0,(LOOKUP(AG$16,$L33:$X33,#REF!))) -> 0 | AH33: =IF(ISERROR(LOOKUP(AH$16,$L33:$X33,#REF!)),0,(LOOKUP(AH$16,$L33:$X33,#REF!))) -> 0 | AI33: =IF(ISERROR(LOOKUP(AI$16,$L33:$X33,#REF!)),0,(LOOKUP(AI$16,$L33:$X33,#REF!))) -> 0 | AJ33: =IF(ISERROR(LOOKUP(AJ$16,$L33:$X33,#REF!)),0,(LOOKUP(AJ$16,$L33:$X33,#REF!))) -> 0 | ... AM33: =IF(ISERROR(LOOKUP(AM$16,$L33:$X33,#REF!)),0,(LOOKUP(AM$16,$L33:$X33,#REF!))) -> 0 | AO33: =U33-T33 -> 14 | AP33: =WORKDAY(IF(T34="",T33,T34),INDEX(AP$12:AP$15,MATCH($I32,$I$12:$I$15,0)),$AW$17:$AW$148) -> #REF! | AQ33: =WORKDAY(IF(AP34="",AP33,AP34),INDEX(AQ$12:AQ$15,MATCH($I32,$I$12:$I$15,0)),$AW$17:$AW$148) -> #REF! | AR33: =WORKDAY(IF(AQ34="",AQ33,AQ34),INDEX(AR$12:AR$15,MATCH($I32,$I$12:$I$15,0)),$AW$17:$AW$148) -> #REF! | AW33: #REF!
C34: =C32 -> RFQ-006 | G34: =G32 -> N | I34: =I32 -> LA | J34: Actual | AC34: =IF(ISERROR(LOOKUP(AC$16,$L34:$X34,#REF!)),0,(LOOKUP(AC$16,$L34:$X34,#REF!))) -> 0 | AD34: =IF(ISERROR(LOOKUP(AD$16,$L34:$X34,#REF!)),0,(LOOKUP(AD$16,$L34:$X34,#REF!))) -> 0 | AE34: =IF(ISERROR(LOOKUP(AE$16,$L34:$X34,#REF!)),0,(LOOKUP(AE$16,$L34:$X34,#REF!))) -> 0 | AF34: =IF(ISERROR(LOOKUP(AF$16,$L34:$X34,#REF!)),0,(LOOKUP(AF$16,$L34:$X34,#REF!))) -> 0 | AG34: =IF(ISERROR(LOOKUP(AG$16,$L34:$X34,#REF!)),0,(LOOKUP(AG$16,$L34:$X34,#REF!))) -> 0 | AH34: =IF(ISERROR(LOOKUP(AH$16,$L34:$X34,#REF!)),0,(LOOKUP(AH$16,$L34:$X34,#REF!))) -> 0 | AI34: =IF(ISERROR(LOOKUP(AI$16,$L34:$X34,#REF!)),0,(LOOKUP(AI$16,$L34:$X34,#REF!))) -> 0 | AJ34: =IF(ISERROR(LOOKUP(AJ$16,$L34:$X34,#REF!)),0,(LOOKUP(AJ$16,$L34:$X34,#REF!))) -> 0 | ... AM34: =IF(ISERROR(LOOKUP(AM$16,$L34:$X34,#REF!)),0,(LOOKUP(AM$16,$L34:$X34,#REF!))) -> 0 | AO34: =U34-T34 -> 0 | AW34: #REF!
A35: =A32+1 -> 7 | C35: RFQ-007 | D35: Demulsifier/Water Clarifier Injection Pump | F35: Mechanical | G35: N | I35: LA | J35: Plan | K35: =WORKDAY(L35,-INDEX(L$12:L$15,MATCH($I35,$I$12:$I$15,0))) -> 46176 | L35: =WORKDAY(M35,-INDEX(M$12:M$15,MATCH($I35,$I$12:$I$15,0))) -> 46177 | M35: =WORKDAY(N35,-INDEX(N$12:N$15,MATCH($I35,$I$12:$I$15,0))) -> 46184 | N35: =WORKDAY(O35,-INDEX(O$12:O$15,MATCH($I35,$I$12:$I$15,0))) -> 46185 | O35: =WORKDAY(R35,-INDEX(R$12:R$15,MATCH($I35,$I$12:$I$15,0))) -> 46192 | P35: =U35-L35 -> 76 | R35: =WORKDAY(S35,-INDEX(S$12:S$15,MATCH($I35,$I$12:$I$15,0))) -> 46206 | S35: =WORKDAY(T35,-INDEX(T$12:T$15,MATCH($I35,$I$12:$I$15,0))) -> 46234 | T35: =WORKDAY(U35,-INDEX(U$12:U$15,MATCH($I35,$I$12:$I$15,0))) -> 46239 | U35: =X35-Y35 -> 46253 | V35: =WORKDAY(U35,INDEX(V$12:V$15,MATCH($I35,$I$12:$I$15,0))) -> 46255 | W35: =Y35/7 -> 32 | X35: =Z35 -> 46477 | Y35: =32*7 -> 224 | Z35: 46477 | AA35: 46477 | AB35: =Z35-X36 -> 0 | AC35: =IF(ISERROR(LOOKUP(AC$16,$L35:$X35,#REF!)),0,(LOOKUP(AC$16,$L35:$X35,#REF!))) -> 0 | AD35: =IF(ISERROR(LOOKUP(AD$16,$L35:$X35,#REF!)),0,(LOOKUP(AD$16,$L35:$X35,#REF!))) -> 0 | AE35: =IF(ISERROR(LOOKUP(AE$16,$L35:$X35,#REF!)),0,(LOOKUP(AE$16,$L35:$X35,#REF!))) -> 0 | AF35: =IF(ISERROR(LOOKUP(AF$16,$L35:$X35,#REF!)),0,(LOOKUP(AF$16,$L35:$X35,#REF!))) -> 0 | AG35: =IF(ISERROR(LOOKUP(AG$16,$L35:$X35,#REF!)),0,(LOOKUP(AG$16,$L35:$X35,#REF!))) -> 0 | AH35: =IF(ISERROR(LOOKUP(AH$16,$L35:$X35,#REF!)),0,(LOOKUP(AH$16,$L35:$X35,#REF!))) -> 0 | AI35: =IF(ISERROR(LOOKUP(AI$16,$L35:$X35,#REF!)),0,(LOOKUP(AI$16,$L35:$X35,#REF!))) -> 0 | AJ35: =IF(ISERROR(LOOKUP(AJ$16,$L35:$X35,#REF!)),0,(LOOKUP(AJ$16,$L35:$X35,#REF!))) -> 0 | ... AM35: =IF(ISERROR(LOOKUP(AM$16,$L35:$X35,#REF!)),0,(LOOKUP(AM$16,$L35:$X35,#REF!))) -> 0 | AO35: =U35-T35 -> 14 | AP35: =WORKDAY(AQ35,-INDEX(AQ$12:AQ$15,MATCH($I35,$I$12:$I$15,0)),$AW$17:$AW$148) -> #REF! | AQ35: =WORKDAY(U35,-INDEX(U$12:U$15,MATCH($I35,$I$12:$I$15,0)),$AW$17:$AW$148) -> #REF! | AR35: =WORKDAY(U35,-INDEX(U$12:U$15,MATCH($I35,$I$12:$I$15,0)),$AW$17:$AW$148) -> #REF! | AS35: 14 | AW35: #REF!
C36: =C35 -> RFQ-007 | D36: =D35 -> Demulsifier/Water Clarifier Injection Pump | G36: =G35 -> N | I36: =I35 -> LA | J36: Forecast | K36: =K35 -> 46176 | L36: =WORKDAY(IF(K37="",K36,K37),INDEX(L$12:L$15,MATCH($I35,$I$12:$I$15,0))) -> 46177 | M36: =WORKDAY(IF(L37="",L36,L37),INDEX(M$12:M$15,MATCH($I35,$I$12:$I$15,0))) -> 46184 | N36: =WORKDAY(IF(M37="",M36,M37),INDEX(N$12:N$15,MATCH($I35,$I$12:$I$15,0))) -> 46185 | O36: =WORKDAY(IF(N37="",N36,N37),INDEX(O$12:O$15,MATCH($I35,$I$12:$I$15,0))) -> 46192 | R36: =WORKDAY(IF(O37="",O36,O37),INDEX(R$12:R$15,MATCH($I35,$I$12:$I$15,0))) -> 46206 | S36: =WORKDAY(IF(R37="",R36,R37),INDEX(S$12:S$15,MATCH($I35,$I$12:$I$15,0))) -> 46234 | T36: =WORKDAY(IF(S37="",S36,S37),INDEX(T$12:T$15,MATCH($I35,$I$12:$I$15,0))) -> 46239 | U36: =WORKDAY(IF(T37="",T36,T37),INDEX(U$12:U$15,MATCH($I35,$I$12:$I$15,0))) -> 46253 | V36: =WORKDAY(IF(U37="",U36,U37),INDEX(V$12:V$15,MATCH($I35,$I$12:$I$15,0))) -> 46255 | X36: =U36+Y35 -> 46477 | AC36: =IF(ISERROR(LOOKUP(AC$16,$L36:$X36,#REF!)),0,(LOOKUP(AC$16,$L36:$X36,#REF!))) -> 0 | AD36: =IF(ISERROR(LOOKUP(AD$16,$L36:$X36,#REF!)),0,(LOOKUP(AD$16,$L36:$X36,#REF!))) -> 0 | AE36: =IF(ISERROR(LOOKUP(AE$16,$L36:$X36,#REF!)),0,(LOOKUP(AE$16,$L36:$X36,#REF!))) -> 0 | AF36: =IF(ISERROR(LOOKUP(AF$16,$L36:$X36,#REF!)),0,(LOOKUP(AF$16,$L36:$X36,#REF!))) -> 0 | AG36: =IF(ISERROR(LOOKUP(AG$16,$L36:$X36,#REF!)),0,(LOOKUP(AG$16,$L36:$X36,#REF!))) -> 0 | AH36: =IF(ISERROR(LOOKUP(AH$16,$L36:$X36,#REF!)),0,(LOOKUP(AH$16,$L36:$X36,#REF!))) -> 0 | AI36: =IF(ISERROR(LOOKUP(AI$16,$L36:$X36,#REF!)),0,(LOOKUP(AI$16,$L36:$X36,#REF!))) -> 0 | AJ36: =IF(ISERROR(LOOKUP(AJ$16,$L36:$X36,#REF!)),0,(LOOKUP(AJ$16,$L36:$X36,#REF!))) -> 0 | ... AM36: =IF(ISERROR(LOOKUP(AM$16,$L36:$X36,#REF!)),0,(LOOKUP(AM$16,$L36:$X36,#REF!))) -> 0 | AO36: =U36-T36 -> 14 | AP36: =WORKDAY(IF(T37="",T36,T37),INDEX(AP$12:AP$15,MATCH($I35,$I$12:$I$15,0)),$AW$17:$AW$148) -> #REF! | AQ36: =WORKDAY(IF(AP37="",AP36,AP37),INDEX(AQ$12:AQ$15,MATCH($I35,$I$12:$I$15,0)),$AW$17:$AW$148) -> #REF! | AR36: =WORKDAY(IF(AQ37="",AQ36,AQ37),INDEX(AR$12:AR$15,MATCH($I35,$I$12:$I$15,0)),$AW$17:$AW$148) -> #REF! | AW36: #REF!
C37: =C35 -> RFQ-007 | D37: =D35 -> Demulsifier/Water Clarifier Injection Pump | G37: =G35 -> N | I37: =I35 -> LA | J37: Actual | AC37: =IF(ISERROR(LOOKUP(AC$16,$L37:$X37,#REF!)),0,(LOOKUP(AC$16,$L37:$X37,#REF!))) -> 0 | AD37: =IF(ISERROR(LOOKUP(AD$16,$L37:$X37,#REF!)),0,(LOOKUP(AD$16,$L37:$X37,#REF!))) -> 0 | AE37: =IF(ISERROR(LOOKUP(AE$16,$L37:$X37,#REF!)),0,(LOOKUP(AE$16,$L37:$X37,#REF!))) -> 0 | AF37: =IF(ISERROR(LOOKUP(AF$16,$L37:$X37,#REF!)),0,(LOOKUP(AF$16,$L37:$X37,#REF!))) -> 0 | AG37: =IF(ISERROR(LOOKUP(AG$16,$L37:$X37,#REF!)),0,(LOOKUP(AG$16,$L37:$X37,#REF!))) -> 0 | AH37: =IF(ISERROR(LOOKUP(AH$16,$L37:$X37,#REF!)),0,(LOOKUP(AH$16,$L37:$X37,#REF!))) -> 0 | AI37: =IF(ISERROR(LOOKUP(AI$16,$L37:$X37,#REF!)),0,(LOOKUP(AI$16,$L37:$X37,#REF!))) -> 0 | AJ37: =IF(ISERROR(LOOKUP(AJ$16,$L37:$X37,#REF!)),0,(LOOKUP(AJ$16,$L37:$X37,#REF!))) -> 0 | ... AM37: =IF(ISERROR(LOOKUP(AM$16,$L37:$X37,#REF!)),0,(LOOKUP(AM$16,$L37:$X37,#REF!))) -> 0 | AO37: =U37-T37 -> 0 | AW37: #REF!
A38: =A35+1 -> 8 | C38: RFQ-008 | D38: De-Oiler Hydrocyclone | F38: Mechanical | G38: =IF(_xlfn.XLOOKUP(C38,'[35]Before Award'!D:D,'[35]Before Award'!AV:AV,"N/A")="N/A","N","Y") -> N | J38: Plan | K38: 46162 | L38: 46163 | M38: 46168 | N38: 46169 | O38: 46174 | P38: =U38-L38 -> 71 | R38: 46188 | S38: 46216 | T38: 46219 | U38: 46234 | V38: 46241 | W38: 26 | X38: 46416 | Y38: =W38*7 -> 182 | Z38: 46416 | AA38: 46416 | AB38: =Z38-X39 -> 0 | AC38: =IF(ISERROR(LOOKUP(AC$16,$L38:$X38,#REF!)),0,(LOOKUP(AC$16,$L38:$X38,#REF!))) -> 0 | AD38: =IF(ISERROR(LOOKUP(AD$16,$L38:$X38,#REF!)),0,(LOOKUP(AD$16,$L38:$X38,#REF!))) -> 0 | AE38: =IF(ISERROR(LOOKUP(AE$16,$L38:$X38,#REF!)),0,(LOOKUP(AE$16,$L38:$X38,#REF!))) -> 0 | AF38: =IF(ISERROR(LOOKUP(AF$16,$L38:$X38,#REF!)),0,(LOOKUP(AF$16,$L38:$X38,#REF!))) -> 0 | AG38: =IF(ISERROR(LOOKUP(AG$16,$L38:$X38,#REF!)),0,(LOOKUP(AG$16,$L38:$X38,#REF!))) -> 0 | AH38: =IF(ISERROR(LOOKUP(AH$16,$L38:$X38,#REF!)),0,(LOOKUP(AH$16,$L38:$X38,#REF!))) -> 0 | AI38: =IF(ISERROR(LOOKUP(AI$16,$L38:$X38,#REF!)),0,(LOOKUP(AI$16,$L38:$X38,#REF!))) -> 0 | AJ38: =IF(ISERROR(LOOKUP(AJ$16,$L38:$X38,#REF!)),0,(LOOKUP(AJ$16,$L38:$X38,#REF!))) -> 0 | ... AM38: =IF(ISERROR(LOOKUP(AM$16,$L38:$X38,#REF!)),0,(LOOKUP(AM$16,$L38:$X38,#REF!))) -> 0 | AO38: =U38-T38 -> 15 | AP38: 46223 | AQ38: 46227 | AR38: 46227 | AS38: 14 | AW38: #REF!
C39: =C38 -> RFQ-008 | D39: =D38 -> De-Oiler Hydrocyclone | G39: =G38 -> N | I39: =I38 | J39: Forecast | K39: 46162 | L39: 46163 | M39: 46168 | N39: 46169 | O39: 46174 | R39: 46188 | S39: 46216 | T39: 46219 | U39: 46234 | V39: 46241 | X39: 46416 | AC39: =IF(ISERROR(LOOKUP(AC$16,$L39:$X39,#REF!)),0,(LOOKUP(AC$16,$L39:$X39,#REF!))) -> 0 | AD39: =IF(ISERROR(LOOKUP(AD$16,$L39:$X39,#REF!)),0,(LOOKUP(AD$16,$L39:$X39,#REF!))) -> 0 | AE39: =IF(ISERROR(LOOKUP(AE$16,$L39:$X39,#REF!)),0,(LOOKUP(AE$16,$L39:$X39,#REF!))) -> 0 | AF39: =IF(ISERROR(LOOKUP(AF$16,$L39:$X39,#REF!)),0,(LOOKUP(AF$16,$L39:$X39,#REF!))) -> 0 | AG39: =IF(ISERROR(LOOKUP(AG$16,$L39:$X39,#REF!)),0,(LOOKUP(AG$16,$L39:$X39,#REF!))) -> 0 | AH39: =IF(ISERROR(LOOKUP(AH$16,$L39:$X39,#REF!)),0,(LOOKUP(AH$16,$L39:$X39,#REF!))) -> 0 | AI39: =IF(ISERROR(LOOKUP(AI$16,$L39:$X39,#REF!)),0,(LOOKUP(AI$16,$L39:$X39,#REF!))) -> 0 | AJ39: =IF(ISERROR(LOOKUP(AJ$16,$L39:$X39,#REF!)),0,(LOOKUP(AJ$16,$L39:$X39,#REF!))) -> 0 | ... AM39: =IF(ISERROR(LOOKUP(AM$16,$L39:$X39,#REF!)),0,(LOOKUP(AM$16,$L39:$X39,#REF!))) -> 0 | AO39: =U39-T39 -> 15 | AP39: 46223 | AQ39: 46227 | AR39: 46234 | AW39: #REF!
C40: =C38 -> RFQ-008 | D40: =D38 -> De-Oiler Hydrocyclone | G40: =G38 -> N | I40: =I38 | J40: Actual | AC40: =IF(ISERROR(LOOKUP(AC$16,$L40:$X40,#REF!)),0,(LOOKUP(AC$16,$L40:$X40,#REF!))) -> 0 | AD40: =IF(ISERROR(LOOKUP(AD$16,$L40:$X40,#REF!)),0,(LOOKUP(AD$16,$L40:$X40,#REF!))) -> 0 | AE40: =IF(ISERROR(LOOKUP(AE$16,$L40:$X40,#REF!)),0,(LOOKUP(AE$16,$L40:$X40,#REF!))) -> 0 | AF40: =IF(ISERROR(LOOKUP(AF$16,$L40:$X40,#REF!)),0,(LOOKUP(AF$16,$L40:$X40,#REF!))) -> 0 | AG40: =IF(ISERROR(LOOKUP(AG$16,$L40:$X40,#REF!)),0,(LOOKUP(AG$16,$L40:$X40,#REF!))) -> 0 | AH40: =IF(ISERROR(LOOKUP(AH$16,$L40:$X40,#REF!)),0,(LOOKUP(AH$16,$L40:$X40,#REF!))) -> 0 | AI40: =IF(ISERROR(LOOKUP(AI$16,$L40:$X40,#REF!)),0,(LOOKUP(AI$16,$L40:$X40,#REF!))) -> 0 | AJ40: =IF(ISERROR(LOOKUP(AJ$16,$L40:$X40,#REF!)),0,(LOOKUP(AJ$16,$L40:$X40,#REF!))) -> 0 | ... AM40: =IF(ISERROR(LOOKUP(AM$16,$L40:$X40,#REF!)),0,(LOOKUP(AM$16,$L40:$X40,#REF!))) -> 0 | AO40: =U40-T40 -> 0 | AW40: #REF!
A41: =A38+1 -> 9 | C41: RFQ-009 | D41: Degasser | F41: Mechanical | G41: =IF(_xlfn.XLOOKUP(C41,'[35]Before Award'!D:D,'[35]Before Award'!AV:AV,"N/A")="N/A","N","Y") -> N | I41: LA | J41: Plan | K41: 46162 | L41: 46163 | M41: 46168 | N41: 46169 | O41: 46174 | P41: =U41-L41 -> 71 | R41: 46188 | S41: 46216 | T41: 46219 | U41: 46234 | V41: 46241 | W41: 26 | X41: 46416 | Y41: =W41*7 -> 182 | Z41: 46416 | AA41: 46416 | AB41: =Z41-X42 -> 0 | AC41: =IF(ISERROR(LOOKUP(AC$16,$L41:$X41,#REF!)),0,(LOOKUP(AC$16,$L41:$X41,#REF!))) -> 0 | AD41: =IF(ISERROR(LOOKUP(AD$16,$L41:$X41,#REF!)),0,(LOOKUP(AD$16,$L41:$X41,#REF!))) -> 0 | AE41: =IF(ISERROR(LOOKUP(AE$16,$L41:$X41,#REF!)),0,(LOOKUP(AE$16,$L41:$X41,#REF!))) -> 0 | AF41: =IF(ISERROR(LOOKUP(AF$16,$L41:$X41,#REF!)),0,(LOOKUP(AF$16,$L41:$X41,#REF!))) -> 0 | AG41: =IF(ISERROR(LOOKUP(AG$16,$L41:$X41,#REF!)),0,(LOOKUP(AG$16,$L41:$X41,#REF!))) -> 0 | AH41: =IF(ISERROR(LOOKUP(AH$16,$L41:$X41,#REF!)),0,(LOOKUP(AH$16,$L41:$X41,#REF!))) -> 0 | AI41: =IF(ISERROR(LOOKUP(AI$16,$L41:$X41,#REF!)),0,(LOOKUP(AI$16,$L41:$X41,#REF!))) -> 0 | AJ41: =IF(ISERROR(LOOKUP(AJ$16,$L41:$X41,#REF!)),0,(LOOKUP(AJ$16,$L41:$X41,#REF!))) -> 0 | ... AM41: =IF(ISERROR(LOOKUP(AM$16,$L41:$X41,#REF!)),0,(LOOKUP(AM$16,$L41:$X41,#REF!))) -> 0 | AO41: =U41-T41 -> 15 | AP41: 46223 | AQ41: 46227 | AR41: 46227 | AS41: 14 | AW41: #REF!
C42: =C41 -> RFQ-009 | D42: =D41 -> Degasser | G42: =G41 -> N | I42: =I41 -> LA | J42: Forecast | K42: 46162 | L42: 46163 | M42: 46168 | N42: 46169 | O42: 46174 | R42: 46188 | S42: 46216 | T42: 46219 | U42: 46234 | V42: 46241 | X42: 46416 | AC42: =IF(ISERROR(LOOKUP(AC$16,$L42:$X42,#REF!)),0,(LOOKUP(AC$16,$L42:$X42,#REF!))) -> 0 | AD42: =IF(ISERROR(LOOKUP(AD$16,$L42:$X42,#REF!)),0,(LOOKUP(AD$16,$L42:$X42,#REF!))) -> 0 | AE42: =IF(ISERROR(LOOKUP(AE$16,$L42:$X42,#REF!)),0,(LOOKUP(AE$16,$L42:$X42,#REF!))) -> 0 | AF42: =IF(ISERROR(LOOKUP(AF$16,$L42:$X42,#REF!)),0,(LOOKUP(AF$16,$L42:$X42,#REF!))) -> 0 | AG42: =IF(ISERROR(LOOKUP(AG$16,$L42:$X42,#REF!)),0,(LOOKUP(AG$16,$L42:$X42,#REF!))) -> 0 | AH42: =IF(ISERROR(LOOKUP(AH$16,$L42:$X42,#REF!)),0,(LOOKUP(AH$16,$L42:$X42,#REF!))) -> 0 | AI42: =IF(ISERROR(LOOKUP(AI$16,$L42:$X42,#REF!)),0,(LOOKUP(AI$16,$L42:$X42,#REF!))) -> 0 | AJ42: =IF(ISERROR(LOOKUP(AJ$16,$L42:$X42,#REF!)),0,(LOOKUP(AJ$16,$L42:$X42,#REF!))) -> 0 | ... AM42: =IF(ISERROR(LOOKUP(AM$16,$L42:$X42,#REF!)),0,(LOOKUP(AM$16,$L42:$X42,#REF!))) -> 0 | AO42: =U42-T42 -> 15 | AP42: 46223 | AQ42: 46227 | AR42: 46234 | AW42: #REF!
C43: =C41 -> RFQ-009 | D43: =D41 -> Degasser | G43: =G41 -> N | I43: =I41 -> LA | J43: Actual | AC43: =IF(ISERROR(LOOKUP(AC$16,$L43:$X43,#REF!)),0,(LOOKUP(AC$16,$L43:$X43,#REF!))) -> 0 | AD43: =IF(ISERROR(LOOKUP(AD$16,$L43:$X43,#REF!)),0,(LOOKUP(AD$16,$L43:$X43,#REF!))) -> 0 | AE43: =IF(ISERROR(LOOKUP(AE$16,$L43:$X43,#REF!)),0,(LOOKUP(AE$16,$L43:$X43,#REF!))) -> 0 | AF43: =IF(ISERROR(LOOKUP(AF$16,$L43:$X43,#REF!)),0,(LOOKUP(AF$16,$L43:$X43,#REF!))) -> 0 | AG43: =IF(ISERROR(LOOKUP(AG$16,$L43:$X43,#REF!)),0,(LOOKUP(AG$16,$L43:$X43,#REF!))) -> 0 | AH43: =IF(ISERROR(LOOKUP(AH$16,$L43:$X43,#REF!)),0,(LOOKUP(AH$16,$L43:$X43,#REF!))) -> 0 | AI43: =IF(ISERROR(LOOKUP(AI$16,$L43:$X43,#REF!)),0,(LOOKUP(AI$16,$L43:$X43,#REF!))) -> 0 | AJ43: =IF(ISERROR(LOOKUP(AJ$16,$L43:$X43,#REF!)),0,(LOOKUP(AJ$16,$L43:$X43,#REF!))) -> 0 | ... AM43: =IF(ISERROR(LOOKUP(AM$16,$L43:$X43,#REF!)),0,(LOOKUP(AM$16,$L43:$X43,#REF!))) -> 0 | AO43: =U43-T43 -> 0 | AW43: #REF!
A44: =A41+1 -> 10 | C44: RFQ-010 | D44: Skim Tank Vessel | F44: Mechanical | G44: =IF(_xlfn.XLOOKUP(C44,'[35]Before Award'!D:D,'[35]Before Award'!AV:AV,"N/A")="N/A","N","Y") -> N | I44: LA | J44: Plan | K44: 46162 | L44: 46163 | M44: 46168 | N44: 46169 | O44: 46174 | P44: =U44-L44 -> 71 | R44: 46188 | S44: 46216 | T44: 46219 | U44: 46234 | V44: 46241 | W44: 26 | X44: 46416 | Y44: =W44*7 -> 182 | Z44: 46416 | AA44: 46416 | AB44: =Z44-X45 -> 0 | AC44: =IF(ISERROR(LOOKUP(AC$16,$L44:$X44,#REF!)),0,(LOOKUP(AC$16,$L44:$X44,#REF!))) -> 0 | AD44: =IF(ISERROR(LOOKUP(AD$16,$L44:$X44,#REF!)),0,(LOOKUP(AD$16,$L44:$X44,#REF!))) -> 0 | AE44: =IF(ISERROR(LOOKUP(AE$16,$L44:$X44,#REF!)),0,(LOOKUP(AE$16,$L44:$X44,#REF!))) -> 0 | AF44: =IF(ISERROR(LOOKUP(AF$16,$L44:$X44,#REF!)),0,(LOOKUP(AF$16,$L44:$X44,#REF!))) -> 0 | AG44: =IF(ISERROR(LOOKUP(AG$16,$L44:$X44,#REF!)),0,(LOOKUP(AG$16,$L44:$X44,#REF!))) -> 0 | AH44: =IF(ISERROR(LOOKUP(AH$16,$L44:$X44,#REF!)),0,(LOOKUP(AH$16,$L44:$X44,#REF!))) -> 0 | AI44: =IF(ISERROR(LOOKUP(AI$16,$L44:$X44,#REF!)),0,(LOOKUP(AI$16,$L44:$X44,#REF!))) -> 0 | AJ44: =IF(ISERROR(LOOKUP(AJ$16,$L44:$X44,#REF!)),0,(LOOKUP(AJ$16,$L44:$X44,#REF!))) -> 0 | ... AM44: =IF(ISERROR(LOOKUP(AM$16,$L44:$X44,#REF!)),0,(LOOKUP(AM$16,$L44:$X44,#REF!))) -> 0 | AO44: =U44-T44 -> 15 | AP44: 46223 | AQ44: 46227 | AR44: 46227 | AS44: 14 | AW44: #REF!
C45: =C44 -> RFQ-010 | D45: =D44 -> Skim Tank Vessel | G45: =G44 -> N | I45: =I44 -> LA | J45: Forecast | K45: 46162 | L45: 46163 | M45: 46168 | N45: 46169 | O45: 46174 | R45: 46188 | S45: 46216 | T45: 46219 | U45: 46234 | V45: 46241 | X45: 46416 | AC45: =IF(ISERROR(LOOKUP(AC$16,$L45:$X45,#REF!)),0,(LOOKUP(AC$16,$L45:$X45,#REF!))) -> 0 | AD45: =IF(ISERROR(LOOKUP(AD$16,$L45:$X45,#REF!)),0,(LOOKUP(AD$16,$L45:$X45,#REF!))) -> 0 | AE45: =IF(ISERROR(LOOKUP(AE$16,$L45:$X45,#REF!)),0,(LOOKUP(AE$16,$L45:$X45,#REF!))) -> 0 | AF45: =IF(ISERROR(LOOKUP(AF$16,$L45:$X45,#REF!)),0,(LOOKUP(AF$16,$L45:$X45,#REF!))) -> 0 | AG45: =IF(ISERROR(LOOKUP(AG$16,$L45:$X45,#REF!)),0,(LOOKUP(AG$16,$L45:$X45,#REF!))) -> 0 | AH45: =IF(ISERROR(LOOKUP(AH$16,$L45:$X45,#REF!)),0,(LOOKUP(AH$16,$L45:$X45,#REF!))) -> 0 | AI45: =IF(ISERROR(LOOKUP(AI$16,$L45:$X45,#REF!)),0,(LOOKUP(AI$16,$L45:$X45,#REF!))) -> 0 | AJ45: =IF(ISERROR(LOOKUP(AJ$16,$L45:$X45,#REF!)),0,(LOOKUP(AJ$16,$L45:$X45,#REF!))) -> 0 | ... AM45: =IF(ISERROR(LOOKUP(AM$16,$L45:$X45,#REF!)),0,(LOOKUP(AM$16,$L45:$X45,#REF!))) -> 0 | AO45: =U45-T45 -> 15 | AP45: 46223 | AQ45: 46227 | AR45: 46234 | AW45: #REF!
C46: =C44 -> RFQ-010 | D46: =D44 -> Skim Tank Vessel | G46: =G44 -> N | I46: =I44 -> LA | J46: Actual | AC46: =IF(ISERROR(LOOKUP(AC$16,$L46:$X46,#REF!)),0,(LOOKUP(AC$16,$L46:$X46,#REF!))) -> 0 | AD46: =IF(ISERROR(LOOKUP(AD$16,$L46:$X46,#REF!)),0,(LOOKUP(AD$16,$L46:$X46,#REF!))) -> 0 | AE46: =IF(ISERROR(LOOKUP(AE$16,$L46:$X46,#REF!)),0,(LOOKUP(AE$16,$L46:$X46,#REF!))) -> 0 | AF46: =IF(ISERROR(LOOKUP(AF$16,$L46:$X46,#REF!)),0,(LOOKUP(AF$16,$L46:$X46,#REF!))) -> 0 | AG46: =IF(ISERROR(LOOKUP(AG$16,$L46:$X46,#REF!)),0,(LOOKUP(AG$16,$L46:$X46,#REF!))) -> 0 | AH46: =IF(ISERROR(LOOKUP(AH$16,$L46:$X46,#REF!)),0,(LOOKUP(AH$16,$L46:$X46,#REF!))) -> 0 | AI46: =IF(ISERROR(LOOKUP(AI$16,$L46:$X46,#REF!)),0,(LOOKUP(AI$16,$L46:$X46,#REF!))) -> 0 | AJ46: =IF(ISERROR(LOOKUP(AJ$16,$L46:$X46,#REF!)),0,(LOOKUP(AJ$16,$L46:$X46,#REF!))) -> 0 | ... AM46: =IF(ISERROR(LOOKUP(AM$16,$L46:$X46,#REF!)),0,(LOOKUP(AM$16,$L46:$X46,#REF!))) -> 0 | AO46: =U46-T46 -> 0 | AW46: #REF!
A47: =A44+1 -> 11 | C47: RFQ-011 | D47: Closed Drain Sump Vessel | F47: Mechanical | G47: Y | I47: LA | J47: Plan | K47: 46183 | L47: 46184 | M47: 46189 | N47: 46190 | O47: 46195 | P47: =U47-L47 -> 71 | R47: 46209 | S47: 46237 | T47: 46240 | U47: 46255 | V47: 46262 | W47: 26 | X47: 46437 | Y47: =W47*7 -> 182 | Z47: 46437 | AA47: 46386 | AB47: =Z47-X48 -> 0 | AC47: =IF(ISERROR(LOOKUP(AC$16,$L47:$X47,#REF!)),0,(LOOKUP(AC$16,$L47:$X47,#REF!))) -> 0 | AD47: =IF(ISERROR(LOOKUP(AD$16,$L47:$X47,#REF!)),0,(LOOKUP(AD$16,$L47:$X47,#REF!))) -> 0 | AE47: =IF(ISERROR(LOOKUP(AE$16,$L47:$X47,#REF!)),0,(LOOKUP(AE$16,$L47:$X47,#REF!))) -> 0 | AF47: =IF(ISERROR(LOOKUP(AF$16,$L47:$X47,#REF!)),0,(LOOKUP(AF$16,$L47:$X47,#REF!))) -> 0 | AG47: =IF(ISERROR(LOOKUP(AG$16,$L47:$X47,#REF!)),0,(LOOKUP(AG$16,$L47:$X47,#REF!))) -> 0 | AH47: =IF(ISERROR(LOOKUP(AH$16,$L47:$X47,#REF!)),0,(LOOKUP(AH$16,$L47:$X47,#REF!))) -> 0 | AI47: =IF(ISERROR(LOOKUP(AI$16,$L47:$X47,#REF!)),0,(LOOKUP(AI$16,$L47:$X47,#REF!))) -> 0 | AJ47: =IF(ISERROR(LOOKUP(AJ$16,$L47:$X47,#REF!)),0,(LOOKUP(AJ$16,$L47:$X47,#REF!))) -> 0 | ... AM47: =IF(ISERROR(LOOKUP(AM$16,$L47:$X47,#REF!)),0,(LOOKUP(AM$16,$L47:$X47,#REF!))) -> 0 | AO47: =U47-T47 -> 15 | AP47: 46244 | AQ47: 46248 | AR47: 46248 | AS47: 14 | AW47: #REF!
C48: =C47 -> RFQ-011 | D48: =D47 -> Closed Drain Sump Vessel | G48: =G47 -> Y | I48: =I47 -> LA | J48: Forecast | K48: 46183 | L48: 46184 | M48: 46189 | N48: 46190 | O48: 46195 | R48: 46209 | S48: 46237 | T48: 46240 | U48: 46255 | V48: 46262 | X48: 46437 | AC48: =IF(ISERROR(LOOKUP(AC$16,$L48:$X48,#REF!)),0,(LOOKUP(AC$16,$L48:$X48,#REF!))) -> 0 | AD48: =IF(ISERROR(LOOKUP(AD$16,$L48:$X48,#REF!)),0,(LOOKUP(AD$16,$L48:$X48,#REF!))) -> 0 | AE48: =IF(ISERROR(LOOKUP(AE$16,$L48:$X48,#REF!)),0,(LOOKUP(AE$16,$L48:$X48,#REF!))) -> 0 | AF48: =IF(ISERROR(LOOKUP(AF$16,$L48:$X48,#REF!)),0,(LOOKUP(AF$16,$L48:$X48,#REF!))) -> 0 | AG48: =IF(ISERROR(LOOKUP(AG$16,$L48:$X48,#REF!)),0,(LOOKUP(AG$16,$L48:$X48,#REF!))) -> 0 | AH48: =IF(ISERROR(LOOKUP(AH$16,$L48:$X48,#REF!)),0,(LOOKUP(AH$16,$L48:$X48,#REF!))) -> 0 | AI48: =IF(ISERROR(LOOKUP(AI$16,$L48:$X48,#REF!)),0,(LOOKUP(AI$16,$L48:$X48,#REF!))) -> 0 | AJ48: =IF(ISERROR(LOOKUP(AJ$16,$L48:$X48,#REF!)),0,(LOOKUP(AJ$16,$L48:$X48,#REF!))) -> 0 | ... AM48: =IF(ISERROR(LOOKUP(AM$16,$L48:$X48,#REF!)),0,(LOOKUP(AM$16,$L48:$X48,#REF!))) -> 0 | AO48: =U48-T48 -> 15 | AP48: 46244 | AQ48: 46248 | AR48: 46255 | AW48: #REF!
C49: =C47 -> RFQ-011 | D49: =D47 -> Closed Drain Sump Vessel | G49: =G47 -> Y | I49: =I47 -> LA | J49: Actual | AC49: =IF(ISERROR(LOOKUP(AC$16,$L49:$X49,#REF!)),0,(LOOKUP(AC$16,$L49:$X49,#REF!))) -> 0 | AD49: =IF(ISERROR(LOOKUP(AD$16,$L49:$X49,#REF!)),0,(LOOKUP(AD$16,$L49:$X49,#REF!))) -> 0 | AE49: =IF(ISERROR(LOOKUP(AE$16,$L49:$X49,#REF!)),0,(LOOKUP(AE$16,$L49:$X49,#REF!))) -> 0 | AF49: =IF(ISERROR(LOOKUP(AF$16,$L49:$X49,#REF!)),0,(LOOKUP(AF$16,$L49:$X49,#REF!))) -> 0 | AG49: =IF(ISERROR(LOOKUP(AG$16,$L49:$X49,#REF!)),0,(LOOKUP(AG$16,$L49:$X49,#REF!))) -> 0 | AH49: =IF(ISERROR(LOOKUP(AH$16,$L49:$X49,#REF!)),0,(LOOKUP(AH$16,$L49:$X49,#REF!))) -> 0 | AI49: =IF(ISERROR(LOOKUP(AI$16,$L49:$X49,#REF!)),0,(LOOKUP(AI$16,$L49:$X49,#REF!))) -> 0 | AJ49: =IF(ISERROR(LOOKUP(AJ$16,$L49:$X49,#REF!)),0,(LOOKUP(AJ$16,$L49:$X49,#REF!))) -> 0 | ... AM49: =IF(ISERROR(LOOKUP(AM$16,$L49:$X49,#REF!)),0,(LOOKUP(AM$16,$L49:$X49,#REF!))) -> 0 | AO49: =U49-T49 -> 0 | AW49: #REF!
A50: =A47+1 -> 12 | C50: RFQ-012 | D50: Storage Tote Tank | F50: Mechanical | G50: =IF(_xlfn.XLOOKUP(C50,'[35]Before Award'!D:D,'[35]Before Award'!AV:AV,"N/A")="N/A","N","Y") -> N | I50: LA | J50: Plan | K50: 46204 | L50: 46205 | M50: 46210 | N50: 46211 | O50: 46216 | P50: =U50-L50 -> 71 | R50: 46230 | S50: 46258 | T50: 46261 | U50: 46276 | V50: 46283 | W50: 20 | X50: 46416 | Y50: =W50*7 -> 140 | Z50: 46416 | AA50: 46416 | AB50: =Z50-X51 -> 0 | AC50: =IF(ISERROR(LOOKUP(AC$16,$L50:$X50,#REF!)),0,(LOOKUP(AC$16,$L50:$X50,#REF!))) -> 0 | AD50: =IF(ISERROR(LOOKUP(AD$16,$L50:$X50,#REF!)),0,(LOOKUP(AD$16,$L50:$X50,#REF!))) -> 0 | AE50: =IF(ISERROR(LOOKUP(AE$16,$L50:$X50,#REF!)),0,(LOOKUP(AE$16,$L50:$X50,#REF!))) -> 0 | AF50: =IF(ISERROR(LOOKUP(AF$16,$L50:$X50,#REF!)),0,(LOOKUP(AF$16,$L50:$X50,#REF!))) -> 0 | AG50: =IF(ISERROR(LOOKUP(AG$16,$L50:$X50,#REF!)),0,(LOOKUP(AG$16,$L50:$X50,#REF!))) -> 0 | AH50: =IF(ISERROR(LOOKUP(AH$16,$L50:$X50,#REF!)),0,(LOOKUP(AH$16,$L50:$X50,#REF!))) -> 0 | AI50: =IF(ISERROR(LOOKUP(AI$16,$L50:$X50,#REF!)),0,(LOOKUP(AI$16,$L50:$X50,#REF!))) -> 0 | AJ50: =IF(ISERROR(LOOKUP(AJ$16,$L50:$X50,#REF!)),0,(LOOKUP(AJ$16,$L50:$X50,#REF!))) -> 0 | ... AM50: =IF(ISERROR(LOOKUP(AM$16,$L50:$X50,#REF!)),0,(LOOKUP(AM$16,$L50:$X50,#REF!))) -> 0 | AO50: =U50-T50 -> 15 | AP50: 46265 | AQ50: 46269 | AR50: 46269 | AS50: 14 | AW50: #REF!
C51: =C50 -> RFQ-012 | D51: =D50 -> Storage Tote Tank | G51: =G50 -> N | I51: =I50 -> LA | J51: Forecast | K51: 46204 | L51: 46205 | M51: 46210 | N51: 46211 | O51: 46216 | R51: 46230 | S51: 46258 | T51: 46261 | U51: 46276 | V51: 46283 | X51: 46416 | AC51: =IF(ISERROR(LOOKUP(AC$16,$L51:$X51,#REF!)),0,(LOOKUP(AC$16,$L51:$X51,#REF!))) -> 0 | AD51: =IF(ISERROR(LOOKUP(AD$16,$L51:$X51,#REF!)),0,(LOOKUP(AD$16,$L51:$X51,#REF!))) -> 0 | AE51: =IF(ISERROR(LOOKUP(AE$16,$L51:$X51,#REF!)),0,(LOOKUP(AE$16,$L51:$X51,#REF!))) -> 0 | AF51: =IF(ISERROR(LOOKUP(AF$16,$L51:$X51,#REF!)),0,(LOOKUP(AF$16,$L51:$X51,#REF!))) -> 0 | AG51: =IF(ISERROR(LOOKUP(AG$16,$L51:$X51,#REF!)),0,(LOOKUP(AG$16,$L51:$X51,#REF!))) -> 0 | AH51: =IF(ISERROR(LOOKUP(AH$16,$L51:$X51,#REF!)),0,(LOOKUP(AH$16,$L51:$X51,#REF!))) -> 0 | AI51: =IF(ISERROR(LOOKUP(AI$16,$L51:$X51,#REF!)),0,(LOOKUP(AI$16,$L51:$X51,#REF!))) -> 0 | AJ51: =IF(ISERROR(LOOKUP(AJ$16,$L51:$X51,#REF!)),0,(LOOKUP(AJ$16,$L51:$X51,#REF!))) -> 0 | ... AM51: =IF(ISERROR(LOOKUP(AM$16,$L51:$X51,#REF!)),0,(LOOKUP(AM$16,$L51:$X51,#REF!))) -> 0 | AO51: =U51-T51 -> 15 | AP51: 46265 | AQ51: 46269 | AR51: 46276 | AW51: #REF!
C52: =C50 -> RFQ-012 | D52: =D50 -> Storage Tote Tank | G52: =G50 -> N | I52: =I50 -> LA | J52: Actual | AC52: =IF(ISERROR(LOOKUP(AC$16,$L52:$X52,#REF!)),0,(LOOKUP(AC$16,$L52:$X52,#REF!))) -> 0 | AD52: =IF(ISERROR(LOOKUP(AD$16,$L52:$X52,#REF!)),0,(LOOKUP(AD$16,$L52:$X52,#REF!))) -> 0 | AE52: =IF(ISERROR(LOOKUP(AE$16,$L52:$X52,#REF!)),0,(LOOKUP(AE$16,$L52:$X52,#REF!))) -> 0 | AF52: =IF(ISERROR(LOOKUP(AF$16,$L52:$X52,#REF!)),0,(LOOKUP(AF$16,$L52:$X52,#REF!))) -> 0 | AG52: =IF(ISERROR(LOOKUP(AG$16,$L52:$X52,#REF!)),0,(LOOKUP(AG$16,$L52:$X52,#REF!))) -> 0 | AH52: =IF(ISERROR(LOOKUP(AH$16,$L52:$X52,#REF!)),0,(LOOKUP(AH$16,$L52:$X52,#REF!))) -> 0 | AI52: =IF(ISERROR(LOOKUP(AI$16,$L52:$X52,#REF!)),0,(LOOKUP(AI$16,$L52:$X52,#REF!))) -> 0 | AJ52: =IF(ISERROR(LOOKUP(AJ$16,$L52:$X52,#REF!)),0,(LOOKUP(AJ$16,$L52:$X52,#REF!))) -> 0 | ... AM52: =IF(ISERROR(LOOKUP(AM$16,$L52:$X52,#REF!)),0,(LOOKUP(AM$16,$L52:$X52,#REF!))) -> 0 | AO52: =U52-T52 -> 0 | AW52: #REF!
A53: =A50+1 -> 13 | C53: RFQ-013 | D53: Storage Tank | F53: Mechanical | G53: =IF(_xlfn.XLOOKUP(C53,'[35]Before Award'!D:D,'[35]Before Award'!AV:AV,"N/A")="N/A","N","Y") -> N | I53: LA | J53: Plan | K53: 46240 | L53: 46241 | M53: 46246 | N53: 46247 | O53: 46252 | P53: =U53-L53 -> 73 | R53: 46266 | S53: 46294 | T53: 46297 | U53: 46314 | V53: 46321 | W53: 20 | X53: 46454 | Y53: =W53*7 -> 140 | Z53: 46454 | AA53: 46416 | AB53: =Z53-X54 -> 0 | AC53: =IF(ISERROR(LOOKUP(AC$16,$L53:$X53,#REF!)),0,(LOOKUP(AC$16,$L53:$X53,#REF!))) -> 0 | AD53: =IF(ISERROR(LOOKUP(AD$16,$L53:$X53,#REF!)),0,(LOOKUP(AD$16,$L53:$X53,#REF!))) -> 0 | AE53: =IF(ISERROR(LOOKUP(AE$16,$L53:$X53,#REF!)),0,(LOOKUP(AE$16,$L53:$X53,#REF!))) -> 0 | AF53: =IF(ISERROR(LOOKUP(AF$16,$L53:$X53,#REF!)),0,(LOOKUP(AF$16,$L53:$X53,#REF!))) -> 0 | AG53: =IF(ISERROR(LOOKUP(AG$16,$L53:$X53,#REF!)),0,(LOOKUP(AG$16,$L53:$X53,#REF!))) -> 0 | AH53: =IF(ISERROR(LOOKUP(AH$16,$L53:$X53,#REF!)),0,(LOOKUP(AH$16,$L53:$X53,#REF!))) -> 0 | AI53: =IF(ISERROR(LOOKUP(AI$16,$L53:$X53,#REF!)),0,(LOOKUP(AI$16,$L53:$X53,#REF!))) -> 0 | AJ53: =IF(ISERROR(LOOKUP(AJ$16,$L53:$X53,#REF!)),0,(LOOKUP(AJ$16,$L53:$X53,#REF!))) -> 0 | ... AM53: =IF(ISERROR(LOOKUP(AM$16,$L53:$X53,#REF!)),0,(LOOKUP(AM$16,$L53:$X53,#REF!))) -> 0 | AO53: =U53-T53 -> 17 | AP53: 46301 | AQ53: 46307 | AR53: 46307 | AS53: 14 | AW53: #REF!
C54: =C53 -> RFQ-013 | D54: =D53 -> Storage Tank | G54: =G53 -> N | I54: =I53 -> LA | J54: Forecast | K54: 46240 | L54: 46241 | M54: 46246 | N54: 46247 | O54: 46252 | R54: 46266 | S54: 46294 | T54: 46297 | U54: 46314 | V54: 46321 | X54: 46454 | AC54: =IF(ISERROR(LOOKUP(AC$16,$L54:$X54,#REF!)),0,(LOOKUP(AC$16,$L54:$X54,#REF!))) -> 0 | AD54: =IF(ISERROR(LOOKUP(AD$16,$L54:$X54,#REF!)),0,(LOOKUP(AD$16,$L54:$X54,#REF!))) -> 0 | AE54: =IF(ISERROR(LOOKUP(AE$16,$L54:$X54,#REF!)),0,(LOOKUP(AE$16,$L54:$X54,#REF!))) -> 0 | AF54: =IF(ISERROR(LOOKUP(AF$16,$L54:$X54,#REF!)),0,(LOOKUP(AF$16,$L54:$X54,#REF!))) -> 0 | AG54: =IF(ISERROR(LOOKUP(AG$16,$L54:$X54,#REF!)),0,(LOOKUP(AG$16,$L54:$X54,#REF!))) -> 0 | AH54: =IF(ISERROR(LOOKUP(AH$16,$L54:$X54,#REF!)),0,(LOOKUP(AH$16,$L54:$X54,#REF!))) -> 0 | AI54: =IF(ISERROR(LOOKUP(AI$16,$L54:$X54,#REF!)),0,(LOOKUP(AI$16,$L54:$X54,#REF!))) -> 0 | AJ54: =IF(ISERROR(LOOKUP(AJ$16,$L54:$X54,#REF!)),0,(LOOKUP(AJ$16,$L54:$X54,#REF!))) -> 0 | ... AM54: =IF(ISERROR(LOOKUP(AM$16,$L54:$X54,#REF!)),0,(LOOKUP(AM$16,$L54:$X54,#REF!))) -> 0 | AO54: =U54-T54 -> 17 | AP54: 46301 | AQ54: 46307 | AR54: 46314 | AW54: #REF!
C55: =C53 -> RFQ-013 | D55: =D53 -> Storage Tank | G55: =G53 -> N | I55: =I53 -> LA | J55: Actual | AC55: =IF(ISERROR(LOOKUP(AC$16,$L55:$X55,#REF!)),0,(LOOKUP(AC$16,$L55:$X55,#REF!))) -> 0 | AD55: =IF(ISERROR(LOOKUP(AD$16,$L55:$X55,#REF!)),0,(LOOKUP(AD$16,$L55:$X55,#REF!))) -> 0 | AE55: =IF(ISERROR(LOOKUP(AE$16,$L55:$X55,#REF!)),0,(LOOKUP(AE$16,$L55:$X55,#REF!))) -> 0 | AF55: =IF(ISERROR(LOOKUP(AF$16,$L55:$X55,#REF!)),0,(LOOKUP(AF$16,$L55:$X55,#REF!))) -> 0 | AG55: =IF(ISERROR(LOOKUP(AG$16,$L55:$X55,#REF!)),0,(LOOKUP(AG$16,$L55:$X55,#REF!))) -> 0 | AH55: =IF(ISERROR(LOOKUP(AH$16,$L55:$X55,#REF!)),0,(LOOKUP(AH$16,$L55:$X55,#REF!))) -> 0 | AI55: =IF(ISERROR(LOOKUP(AI$16,$L55:$X55,#REF!)),0,(LOOKUP(AI$16,$L55:$X55,#REF!))) -> 0 | AJ55: =IF(ISERROR(LOOKUP(AJ$16,$L55:$X55,#REF!)),0,(LOOKUP(AJ$16,$L55:$X55,#REF!))) -> 0 | ... AM55: =IF(ISERROR(LOOKUP(AM$16,$L55:$X55,#REF!)),0,(LOOKUP(AM$16,$L55:$X55,#REF!))) -> 0 | AO55: =U55-T55 -> 0 | AW55: #REF!
A56: =A53+1 -> 14 | C56: RFQ-014 | D56: Closed Drain Sump Pump | F56: Mechanical | G56: =IF(_xlfn.XLOOKUP(C56,'[35]Before Award'!D:D,'[35]Before Award'!AV:AV,"N/A")="N/A","N","Y") -> N | I56: LA | J56: Plan | K56: =WORKDAY(L56,-INDEX(L$12:L$15,MATCH($I56,$I$12:$I$15,0))) -> 46133 | L56: =WORKDAY(M56,-INDEX(M$12:M$15,MATCH($I56,$I$12:$I$15,0))) -> 46134 | M56: =WORKDAY(N56,-INDEX(N$12:N$15,MATCH($I56,$I$12:$I$15,0))) -> 46141 | N56: =WORKDAY(O56,-INDEX(O$12:O$15,MATCH($I56,$I$12:$I$15,0))) -> 46142 | O56: =WORKDAY(R56,-INDEX(R$12:R$15,MATCH($I56,$I$12:$I$15,0))) -> 46149 | P56: =U56-L56 -> 76 | R56: =WORKDAY(S56,-INDEX(S$12:S$15,MATCH($I56,$I$12:$I$15,0))) -> 46163 | S56: =WORKDAY(T56,-INDEX(T$12:T$15,MATCH($I56,$I$12:$I$15,0))) -> 46191 | T56: =WORKDAY(U56,-INDEX(U$12:U$15,MATCH($I56,$I$12:$I$15,0))) -> 46196 | U56: =X56-Y56 -> 46210 | V56: =WORKDAY(U56,INDEX(V$12:V$15,MATCH($I56,$I$12:$I$15,0))) -> 46212 | W56: =Y56/7 -> 32 | X56: =Z56 -> 46434 | Y56: =32*7 -> 224 | Z56: 46434 | AA56: 46386 | AB56: =Z56-X57 -> 0 | AC56: =IF(ISERROR(LOOKUP(AC$16,$L56:$X56,#REF!)),0,(LOOKUP(AC$16,$L56:$X56,#REF!))) -> 0 | AD56: =IF(ISERROR(LOOKUP(AD$16,$L56:$X56,#REF!)),0,(LOOKUP(AD$16,$L56:$X56,#REF!))) -> 0 | AE56: =IF(ISERROR(LOOKUP(AE$16,$L56:$X56,#REF!)),0,(LOOKUP(AE$16,$L56:$X56,#REF!))) -> 0 | AF56: =IF(ISERROR(LOOKUP(AF$16,$L56:$X56,#REF!)),0,(LOOKUP(AF$16,$L56:$X56,#REF!))) -> 0 | AG56: =IF(ISERROR(LOOKUP(AG$16,$L56:$X56,#REF!)),0,(LOOKUP(AG$16,$L56:$X56,#REF!))) -> 0 | AH56: =IF(ISERROR(LOOKUP(AH$16,$L56:$X56,#REF!)),0,(LOOKUP(AH$16,$L56:$X56,#REF!))) -> 0 | AI56: =IF(ISERROR(LOOKUP(AI$16,$L56:$X56,#REF!)),0,(LOOKUP(AI$16,$L56:$X56,#REF!))) -> 0 | AJ56: =IF(ISERROR(LOOKUP(AJ$16,$L56:$X56,#REF!)),0,(LOOKUP(AJ$16,$L56:$X56,#REF!))) -> 0 | ... AM56: =IF(ISERROR(LOOKUP(AM$16,$L56:$X56,#REF!)),0,(LOOKUP(AM$16,$L56:$X56,#REF!))) -> 0 | AO56: =U56-T56 -> 14 | AP56: =WORKDAY(AQ56,-INDEX(AQ$12:AQ$15,MATCH($I56,$I$12:$I$15,0)),$AW$17:$AW$148) -> #REF! | AQ56: =WORKDAY(U56,-INDEX(U$12:U$15,MATCH($I56,$I$12:$I$15,0)),$AW$17:$AW$148) -> #REF! | AR56: =WORKDAY(U56,-INDEX(U$12:U$15,MATCH($I56,$I$12:$I$15,0)),$AW$17:$AW$148) -> #REF! | AS56: 14 | AW56: #REF!
C57: =C56 -> RFQ-014 | D57: =D56 -> Closed Drain Sump Pump | G57: =G56 -> N | I57: =I56 -> LA | J57: Forecast | K57: =K56 -> 46133 | L57: =WORKDAY(IF(K58="",K57,K58),INDEX(L$12:L$15,MATCH($I56,$I$12:$I$15,0))) -> 46134 | M57: =WORKDAY(IF(L58="",L57,L58),INDEX(M$12:M$15,MATCH($I56,$I$12:$I$15,0))) -> 46141 | N57: =WORKDAY(IF(M58="",M57,M58),INDEX(N$12:N$15,MATCH($I56,$I$12:$I$15,0))) -> 46142 | O57: =WORKDAY(IF(N58="",N57,N58),INDEX(O$12:O$15,MATCH($I56,$I$12:$I$15,0))) -> 46149 | R57: =WORKDAY(IF(O58="",O57,O58),INDEX(R$12:R$15,MATCH($I56,$I$12:$I$15,0))) -> 46163 | S57: =WORKDAY(IF(R58="",R57,R58),INDEX(S$12:S$15,MATCH($I56,$I$12:$I$15,0))) -> 46191 | T57: =WORKDAY(IF(S58="",S57,S58),INDEX(T$12:T$15,MATCH($I56,$I$12:$I$15,0))) -> 46196 | U57: =WORKDAY(IF(T58="",T57,T58),INDEX(U$12:U$15,MATCH($I56,$I$12:$I$15,0))) -> 46210 | V57: =WORKDAY(IF(U58="",U57,U58),INDEX(V$12:V$15,MATCH($I56,$I$12:$I$15,0))) -> 46212 | X57: =U57+Y56 -> 46434 | AC57: =IF(ISERROR(LOOKUP(AC$16,$L57:$X57,#REF!)),0,(LOOKUP(AC$16,$L57:$X57,#REF!))) -> 0 | AD57: =IF(ISERROR(LOOKUP(AD$16,$L57:$X57,#REF!)),0,(LOOKUP(AD$16,$L57:$X57,#REF!))) -> 0 | AE57: =IF(ISERROR(LOOKUP(AE$16,$L57:$X57,#REF!)),0,(LOOKUP(AE$16,$L57:$X57,#REF!))) -> 0 | AF57: =IF(ISERROR(LOOKUP(AF$16,$L57:$X57,#REF!)),0,(LOOKUP(AF$16,$L57:$X57,#REF!))) -> 0 | AG57: =IF(ISERROR(LOOKUP(AG$16,$L57:$X57,#REF!)),0,(LOOKUP(AG$16,$L57:$X57,#REF!))) -> 0 | AH57: =IF(ISERROR(LOOKUP(AH$16,$L57:$X57,#REF!)),0,(LOOKUP(AH$16,$L57:$X57,#REF!))) -> 0 | AI57: =IF(ISERROR(LOOKUP(AI$16,$L57:$X57,#REF!)),0,(LOOKUP(AI$16,$L57:$X57,#REF!))) -> 0 | AJ57: =IF(ISERROR(LOOKUP(AJ$16,$L57:$X57,#REF!)),0,(LOOKUP(AJ$16,$L57:$X57,#REF!))) -> 0 | ... AM57: =IF(ISERROR(LOOKUP(AM$16,$L57:$X57,#REF!)),0,(LOOKUP(AM$16,$L57:$X57,#REF!))) -> 0 | AO57: =U57-T57 -> 14 | AP57: =WORKDAY(IF(T58="",T57,T58),INDEX(AP$12:AP$15,MATCH($I56,$I$12:$I$15,0)),$AW$17:$AW$148) -> #REF! | AQ57: =WORKDAY(IF(AP58="",AP57,AP58),INDEX(AQ$12:AQ$15,MATCH($I56,$I$12:$I$15,0)),$AW$17:$AW$148) -> #REF! | AR57: =WORKDAY(IF(AQ58="",AQ57,AQ58),INDEX(AR$12:AR$15,MATCH($I56,$I$12:$I$15,0)),$AW$17:$AW$148) -> #REF! | AW57: #REF!
C58: =C56 -> RFQ-014 | D58: =D56 -> Closed Drain Sump Pump | G58: =G56 -> N | I58: =I56 -> LA | J58: Actual | AC58: =IF(ISERROR(LOOKUP(AC$16,$L58:$X58,#REF!)),0,(LOOKUP(AC$16,$L58:$X58,#REF!))) -> 0 | AD58: =IF(ISERROR(LOOKUP(AD$16,$L58:$X58,#REF!)),0,(LOOKUP(AD$16,$L58:$X58,#REF!))) -> 0 | AE58: =IF(ISERROR(LOOKUP(AE$16,$L58:$X58,#REF!)),0,(LOOKUP(AE$16,$L58:$X58,#REF!))) -> 0 | AF58: =IF(ISERROR(LOOKUP(AF$16,$L58:$X58,#REF!)),0,(LOOKUP(AF$16,$L58:$X58,#REF!))) -> 0 | AG58: =IF(ISERROR(LOOKUP(AG$16,$L58:$X58,#REF!)),0,(LOOKUP(AG$16,$L58:$X58,#REF!))) -> 0 | AH58: =IF(ISERROR(LOOKUP(AH$16,$L58:$X58,#REF!)),0,(LOOKUP(AH$16,$L58:$X58,#REF!))) -> 0 | AI58: =IF(ISERROR(LOOKUP(AI$16,$L58:$X58,#REF!)),0,(LOOKUP(AI$16,$L58:$X58,#REF!))) -> 0 | AJ58: =IF(ISERROR(LOOKUP(AJ$16,$L58:$X58,#REF!)),0,(LOOKUP(AJ$16,$L58:$X58,#REF!))) -> 0 | ... AM58: =IF(ISERROR(LOOKUP(AM$16,$L58:$X58,#REF!)),0,(LOOKUP(AM$16,$L58:$X58,#REF!))) -> 0 | AO58: =U58-T58 -> 0 | AW58: #REF!
A59: =A56+1 -> 15 | C59: RFQ-015 | D59: Diesel Transfer Pump | F59: Mechanical | G59: N | I59: LA | J59: Plan | K59: =WORKDAY(L59,-INDEX(L$12:L$15,MATCH($I59,$I$12:$I$15,0))) -> 46220 | L59: =WORKDAY(M59,-INDEX(M$12:M$15,MATCH($I59,$I$12:$I$15,0))) -> 46223 | M59: =WORKDAY(N59,-INDEX(N$12:N$15,MATCH($I59,$I$12:$I$15,0))) -> 46230 | N59: =WORKDAY(O59,-INDEX(O$12:O$15,MATCH($I59,$I$12:$I$15,0))) -> 46231 | O59: =WORKDAY(R59,-INDEX(R$12:R$15,MATCH($I59,$I$12:$I$15,0))) -> 46238 | P59: =U59-L59 -> 74 | R59: =WORKDAY(S59,-INDEX(S$12:S$15,MATCH($I59,$I$12:$I$15,0))) -> 46252 | S59: =WORKDAY(T59,-INDEX(T$12:T$15,MATCH($I59,$I$12:$I$15,0))) -> 46280 | T59: =WORKDAY(U59,-INDEX(U$12:U$15,MATCH($I59,$I$12:$I$15,0))) -> 46283 | U59: =X59-Y59 -> 46297 | V59: =WORKDAY(U59,INDEX(V$12:V$15,MATCH($I59,$I$12:$I$15,0))) -> 46301 | W59: =Y59/7 -> 32 | X59: =Z59 -> 46521 | Y59: =32*7 -> 224 | Z59: 46521 | AA59: 46521 | AB59: =Z59-X60 -> 0 | AC59: =IF(ISERROR(LOOKUP(AC$16,$L59:$X59,#REF!)),0,(LOOKUP(AC$16,$L59:$X59,#REF!))) -> 0 | AD59: =IF(ISERROR(LOOKUP(AD$16,$L59:$X59,#REF!)),0,(LOOKUP(AD$16,$L59:$X59,#REF!))) -> 0 | AE59: =IF(ISERROR(LOOKUP(AE$16,$L59:$X59,#REF!)),0,(LOOKUP(AE$16,$L59:$X59,#REF!))) -> 0 | AF59: =IF(ISERROR(LOOKUP(AF$16,$L59:$X59,#REF!)),0,(LOOKUP(AF$16,$L59:$X59,#REF!))) -> 0 | AG59: =IF(ISERROR(LOOKUP(AG$16,$L59:$X59,#REF!)),0,(LOOKUP(AG$16,$L59:$X59,#REF!))) -> 0 | AH59: =IF(ISERROR(LOOKUP(AH$16,$L59:$X59,#REF!)),0,(LOOKUP(AH$16,$L59:$X59,#REF!))) -> 0 | AI59: =IF(ISERROR(LOOKUP(AI$16,$L59:$X59,#REF!)),0,(LOOKUP(AI$16,$L59:$X59,#REF!))) -> 0 | AJ59: =IF(ISERROR(LOOKUP(AJ$16,$L59:$X59,#REF!)),0,(LOOKUP(AJ$16,$L59:$X59,#REF!))) -> 0 | ... AM59: =IF(ISERROR(LOOKUP(AM$16,$L59:$X59,#REF!)),0,(LOOKUP(AM$16,$L59:$X59,#REF!))) -> 0 | AO59: =U59-T59 -> 14 | AP59: =WORKDAY(AQ59,-INDEX(AQ$12:AQ$15,MATCH($I59,$I$12:$I$15,0)),$AW$17:$AW$148) -> #REF! | AQ59: =WORKDAY(U59,-INDEX(U$12:U$15,MATCH($I59,$I$12:$I$15,0)),$AW$17:$AW$148) -> #REF! | AR59: =WORKDAY(U59,-INDEX(U$12:U$15,MATCH($I59,$I$12:$I$15,0)),$AW$17:$AW$148) -> #REF! | AS59: 14 | AW59: #REF!
C60: =C59 -> RFQ-015 | D60: =D59 -> Diesel Transfer Pump | G60: =G59 -> N | I60: =I59 -> LA | J60: Forecast | K60: =K59 -> 46220 | L60: =WORKDAY(IF(K61="",K60,K61),INDEX(L$12:L$15,MATCH($I59,$I$12:$I$15,0))) -> 46223 | M60: =WORKDAY(IF(L61="",L60,L61),INDEX(M$12:M$15,MATCH($I59,$I$12:$I$15,0))) -> 46230 | N60: =WORKDAY(IF(M61="",M60,M61),INDEX(N$12:N$15,MATCH($I59,$I$12:$I$15,0))) -> 46231 | O60: =WORKDAY(IF(N61="",N60,N61),INDEX(O$12:O$15,MATCH($I59,$I$12:$I$15,0))) -> 46238 | R60: =WORKDAY(IF(O61="",O60,O61),INDEX(R$12:R$15,MATCH($I59,$I$12:$I$15,0))) -> 46252 | S60: =WORKDAY(IF(R61="",R60,R61),INDEX(S$12:S$15,MATCH($I59,$I$12:$I$15,0))) -> 46280 | T60: =WORKDAY(IF(S61="",S60,S61),INDEX(T$12:T$15,MATCH($I59,$I$12:$I$15,0))) -> 46283 | U60: =WORKDAY(IF(T61="",T60,T61),INDEX(U$12:U$15,MATCH($I59,$I$12:$I$15,0))) -> 46297 | V60: =WORKDAY(IF(U61="",U60,U61),INDEX(V$12:V$15,MATCH($I59,$I$12:$I$15,0))) -> 46301 | X60: =U60+Y59 -> 46521 | AC60: =IF(ISERROR(LOOKUP(AC$16,$L60:$X60,#REF!)),0,(LOOKUP(AC$16,$L60:$X60,#REF!))) -> 0 | AD60: =IF(ISERROR(LOOKUP(AD$16,$L60:$X60,#REF!)),0,(LOOKUP(AD$16,$L60:$X60,#REF!))) -> 0 | AE60: =IF(ISERROR(LOOKUP(AE$16,$L60:$X60,#REF!)),0,(LOOKUP(AE$16,$L60:$X60,#REF!))) -> 0 | AF60: =IF(ISERROR(LOOKUP(AF$16,$L60:$X60,#REF!)),0,(LOOKUP(AF$16,$L60:$X60,#REF!))) -> 0 | AG60: =IF(ISERROR(LOOKUP(AG$16,$L60:$X60,#REF!)),0,(LOOKUP(AG$16,$L60:$X60,#REF!))) -> 0 | AH60: =IF(ISERROR(LOOKUP(AH$16,$L60:$X60,#REF!)),0,(LOOKUP(AH$16,$L60:$X60,#REF!))) -> 0 | AI60: =IF(ISERROR(LOOKUP(AI$16,$L60:$X60,#REF!)),0,(LOOKUP(AI$16,$L60:$X60,#REF!))) -> 0 | AJ60: =IF(ISERROR(LOOKUP(AJ$16,$L60:$X60,#REF!)),0,(LOOKUP(AJ$16,$L60:$X60,#REF!))) -> 0 | ... AM60: =IF(ISERROR(LOOKUP(AM$16,$L60:$X60,#REF!)),0,(LOOKUP(AM$16,$L60:$X60,#REF!))) -> 0 | AO60: =U60-T60 -> 14 | AP60: =WORKDAY(IF(T61="",T60,T61),INDEX(AP$12:AP$15,MATCH($I59,$I$12:$I$15,0)),$AW$17:$AW$148) -> #REF! | AQ60: =WORKDAY(IF(AP61="",AP60,AP61),INDEX(AQ$12:AQ$15,MATCH($I59,$I$12:$I$15,0)),$AW$17:$AW$148) -> #REF! | AR60: =WORKDAY(IF(AQ61="",AQ60,AQ61),INDEX(AR$12:AR$15,MATCH($I59,$I$12:$I$15,0)),$AW$17:$AW$148) -> #REF! | AW60: #REF!
C61: =C59 -> RFQ-015 | D61: =D59 -> Diesel Transfer Pump | G61: =G59 -> N | I61: =I59 -> LA | J61: Actual | AC61: =IF(ISERROR(LOOKUP(AC$16,$L61:$X61,#REF!)),0,(LOOKUP(AC$16,$L61:$X61,#REF!))) -> 0 | AD61: =IF(ISERROR(LOOKUP(AD$16,$L61:$X61,#REF!)),0,(LOOKUP(AD$16,$L61:$X61,#REF!))) -> 0 | AE61: =IF(ISERROR(LOOKUP(AE$16,$L61:$X61,#REF!)),0,(LOOKUP(AE$16,$L61:$X61,#REF!))) -> 0 | AF61: =IF(ISERROR(LOOKUP(AF$16,$L61:$X61,#REF!)),0,(LOOKUP(AF$16,$L61:$X61,#REF!))) -> 0 | AG61: =IF(ISERROR(LOOKUP(AG$16,$L61:$X61,#REF!)),0,(LOOKUP(AG$16,$L61:$X61,#REF!))) -> 0 | AH61: =IF(ISERROR(LOOKUP(AH$16,$L61:$X61,#REF!)),0,(LOOKUP(AH$16,$L61:$X61,#REF!))) -> 0 | AI61: =IF(ISERROR(LOOKUP(AI$16,$L61:$X61,#REF!)),0,(LOOKUP(AI$16,$L61:$X61,#REF!))) -> 0 | AJ61: =IF(ISERROR(LOOKUP(AJ$16,$L61:$X61,#REF!)),0,(LOOKUP(AJ$16,$L61:$X61,#REF!))) -> 0 | ... AM61: =IF(ISERROR(LOOKUP(AM$16,$L61:$X61,#REF!)),0,(LOOKUP(AM$16,$L61:$X61,#REF!))) -> 0 | AO61: =U61-T61 -> 0 | AW61: #REF!
A62: =A59+1 -> 16 | C62: RFQ-016 | D62: Open Drain Caisson Pump | F62: Mechanical | G62: N | I62: LA | J62: Plan | K62: =WORKDAY(L62,-INDEX(L$12:L$15,MATCH($I62,$I$12:$I$15,0))) -> 46176 | L62: =WORKDAY(M62,-INDEX(M$12:M$15,MATCH($I62,$I$12:$I$15,0))) -> 46177 | M62: =WORKDAY(N62,-INDEX(N$12:N$15,MATCH($I62,$I$12:$I$15,0))) -> 46184 | N62: =WORKDAY(O62,-INDEX(O$12:O$15,MATCH($I62,$I$12:$I$15,0))) -> 46185 | O62: =WORKDAY(R62,-INDEX(R$12:R$15,MATCH($I62,$I$12:$I$15,0))) -> 46192 | P62: =U62-L62 -> 76 | R62: =WORKDAY(S62,-INDEX(S$12:S$15,MATCH($I62,$I$12:$I$15,0))) -> 46206 | S62: =WORKDAY(T62,-INDEX(T$12:T$15,MATCH($I62,$I$12:$I$15,0))) -> 46234 | T62: =WORKDAY(U62,-INDEX(U$12:U$15,MATCH($I62,$I$12:$I$15,0))) -> 46239 | U62: =X62-Y62 -> 46253 | V62: =WORKDAY(U62,INDEX(V$12:V$15,MATCH($I62,$I$12:$I$15,0))) -> 46255 | W62: =Y62/7 -> 32 | X62: =Z62 -> 46477 | Y62: =32*7 -> 224 | Z62: 46477 | AA62: 46477 | AB62: =Z62-X63 -> 0 | AC62: =IF(ISERROR(LOOKUP(AC$16,$L62:$X62,#REF!)),0,(LOOKUP(AC$16,$L62:$X62,#REF!))) -> 0 | AD62: =IF(ISERROR(LOOKUP(AD$16,$L62:$X62,#REF!)),0,(LOOKUP(AD$16,$L62:$X62,#REF!))) -> 0 | AE62: =IF(ISERROR(LOOKUP(AE$16,$L62:$X62,#REF!)),0,(LOOKUP(AE$16,$L62:$X62,#REF!))) -> 0 | AF62: =IF(ISERROR(LOOKUP(AF$16,$L62:$X62,#REF!)),0,(LOOKUP(AF$16,$L62:$X62,#REF!))) -> 0 | AG62: =IF(ISERROR(LOOKUP(AG$16,$L62:$X62,#REF!)),0,(LOOKUP(AG$16,$L62:$X62,#REF!))) -> 0 | AH62: =IF(ISERROR(LOOKUP(AH$16,$L62:$X62,#REF!)),0,(LOOKUP(AH$16,$L62:$X62,#REF!))) -> 0 | AI62: =IF(ISERROR(LOOKUP(AI$16,$L62:$X62,#REF!)),0,(LOOKUP(AI$16,$L62:$X62,#REF!))) -> 0 | AJ62: =IF(ISERROR(LOOKUP(AJ$16,$L62:$X62,#REF!)),0,(LOOKUP(AJ$16,$L62:$X62,#REF!))) -> 0 | ... AM62: =IF(ISERROR(LOOKUP(AM$16,$L62:$X62,#REF!)),0,(LOOKUP(AM$16,$L62:$X62,#REF!))) -> 0 | AO62: =U62-T62 -> 14 | AP62: =WORKDAY(AQ62,-INDEX(AQ$12:AQ$15,MATCH($I62,$I$12:$I$15,0)),$AW$17:$AW$148) -> #REF! | AQ62: =WORKDAY(U62,-INDEX(U$12:U$15,MATCH($I62,$I$12:$I$15,0)),$AW$17:$AW$148) -> #REF! | AR62: =WORKDAY(U62,-INDEX(U$12:U$15,MATCH($I62,$I$12:$I$15,0)),$AW$17:$AW$148) -> #REF! | AS62: 14 | AW62: #REF!
C63: =C62 -> RFQ-016 | D63: =D62 -> Open Drain Caisson Pump | G63: =G62 -> N | I63: =I62 -> LA | J63: Forecast | K63: =K62 -> 46176 | L63: =WORKDAY(IF(K64="",K63,K64),INDEX(L$12:L$15,MATCH($I62,$I$12:$I$15,0))) -> 46177 | M63: =WORKDAY(IF(L64="",L63,L64),INDEX(M$12:M$15,MATCH($I62,$I$12:$I$15,0))) -> 46184 | N63: =WORKDAY(IF(M64="",M63,M64),INDEX(N$12:N$15,MATCH($I62,$I$12:$I$15,0))) -> 46185 | O63: =WORKDAY(IF(N64="",N63,N64),INDEX(O$12:O$15,MATCH($I62,$I$12:$I$15,0))) -> 46192 | R63: =WORKDAY(IF(O64="",O63,O64),INDEX(R$12:R$15,MATCH($I62,$I$12:$I$15,0))) -> 46206 | S63: =WORKDAY(IF(R64="",R63,R64),INDEX(S$12:S$15,MATCH($I62,$I$12:$I$15,0))) -> 46234 | T63: =WORKDAY(IF(S64="",S63,S64),INDEX(T$12:T$15,MATCH($I62,$I$12:$I$15,0))) -> 46239 | U63: =WORKDAY(IF(T64="",T63,T64),INDEX(U$12:U$15,MATCH($I62,$I$12:$I$15,0))) -> 46253 | V63: =WORKDAY(IF(U64="",U63,U64),INDEX(V$12:V$15,MATCH($I62,$I$12:$I$15,0))) -> 46255 | X63: =U63+Y62 -> 46477 | AC63: =IF(ISERROR(LOOKUP(AC$16,$L63:$X63,#REF!)),0,(LOOKUP(AC$16,$L63:$X63,#REF!))) -> 0 | AD63: =IF(ISERROR(LOOKUP(AD$16,$L63:$X63,#REF!)),0,(LOOKUP(AD$16,$L63:$X63,#REF!))) -> 0 | AE63: =IF(ISERROR(LOOKUP(AE$16,$L63:$X63,#REF!)),0,(LOOKUP(AE$16,$L63:$X63,#REF!))) -> 0 | AF63: =IF(ISERROR(LOOKUP(AF$16,$L63:$X63,#REF!)),0,(LOOKUP(AF$16,$L63:$X63,#REF!))) -> 0 | AG63: =IF(ISERROR(LOOKUP(AG$16,$L63:$X63,#REF!)),0,(LOOKUP(AG$16,$L63:$X63,#REF!))) -> 0 | AH63: =IF(ISERROR(LOOKUP(AH$16,$L63:$X63,#REF!)),0,(LOOKUP(AH$16,$L63:$X63,#REF!))) -> 0 | AI63: =IF(ISERROR(LOOKUP(AI$16,$L63:$X63,#REF!)),0,(LOOKUP(AI$16,$L63:$X63,#REF!))) -> 0 | AJ63: =IF(ISERROR(LOOKUP(AJ$16,$L63:$X63,#REF!)),0,(LOOKUP(AJ$16,$L63:$X63,#REF!))) -> 0 | ... AM63: =IF(ISERROR(LOOKUP(AM$16,$L63:$X63,#REF!)),0,(LOOKUP(AM$16,$L63:$X63,#REF!))) -> 0 | AO63: =U63-T63 -> 14 | AP63: =WORKDAY(IF(T64="",T63,T64),INDEX(AP$12:AP$15,MATCH($I62,$I$12:$I$15,0)),$AW$17:$AW$148) -> #REF! | AQ63: =WORKDAY(IF(AP64="",AP63,AP64),INDEX(AQ$12:AQ$15,MATCH($I62,$I$12:$I$15,0)),$AW$17:$AW$148) -> #REF! | AR63: =WORKDAY(IF(AQ64="",AQ63,AQ64),INDEX(AR$12:AR$15,MATCH($I62,$I$12:$I$15,0)),$AW$17:$AW$148) -> #REF! | AW63: #REF!
C64: =C62 -> RFQ-016 | D64: =D62 -> Open Drain Caisson Pump | G64: =G62 -> N | I64: =I62 -> LA | J64: Actual | AC64: =IF(ISERROR(LOOKUP(AC$16,$L64:$X64,#REF!)),0,(LOOKUP(AC$16,$L64:$X64,#REF!))) -> 0 | AD64: =IF(ISERROR(LOOKUP(AD$16,$L64:$X64,#REF!)),0,(LOOKUP(AD$16,$L64:$X64,#REF!))) -> 0 | AE64: =IF(ISERROR(LOOKUP(AE$16,$L64:$X64,#REF!)),0,(LOOKUP(AE$16,$L64:$X64,#REF!))) -> 0 | AF64: =IF(ISERROR(LOOKUP(AF$16,$L64:$X64,#REF!)),0,(LOOKUP(AF$16,$L64:$X64,#REF!))) -> 0 | AG64: =IF(ISERROR(LOOKUP(AG$16,$L64:$X64,#REF!)),0,(LOOKUP(AG$16,$L64:$X64,#REF!))) -> 0 | AH64: =IF(ISERROR(LOOKUP(AH$16,$L64:$X64,#REF!)),0,(LOOKUP(AH$16,$L64:$X64,#REF!))) -> 0 | AI64: =IF(ISERROR(LOOKUP(AI$16,$L64:$X64,#REF!)),0,(LOOKUP(AI$16,$L64:$X64,#REF!))) -> 0 | AJ64: =IF(ISERROR(LOOKUP(AJ$16,$L64:$X64,#REF!)),0,(LOOKUP(AJ$16,$L64:$X64,#REF!))) -> 0 | ... AM64: =IF(ISERROR(LOOKUP(AM$16,$L64:$X64,#REF!)),0,(LOOKUP(AM$16,$L64:$X64,#REF!))) -> 0 | AO64: =U64-T64 -> 0 | AW64: #REF!
A65: =A62+1 -> 17 | C65: RFQ-017 | D65: DC Distribution Board | F65: Electrical | G65: N | I65: LB | J65: Plan | K65: =WORKDAY(L65,-INDEX(L$12:L$15,MATCH($I65,$I$12:$I$15,0))) -> 46190 | L65: =WORKDAY(M65,-INDEX(M$12:M$15,MATCH($I65,$I$12:$I$15,0))) -> 46191 | M65: =WORKDAY(N65,-INDEX(N$12:N$15,MATCH($I65,$I$12:$I$15,0))) -> 46198 | N65: =WORKDAY(O65,-INDEX(O$12:O$15,MATCH($I65,$I$12:$I$15,0))) -> 46199 | O65: =WORKDAY(R65,-INDEX(R$12:R$15,MATCH($I65,$I$12:$I$15,0))) -> 46206 | P65: =U65-L65 -> 76 | R65: =WORKDAY(S65,-INDEX(S$12:S$15,MATCH($I65,$I$12:$I$15,0))) -> 46220 | S65: =WORKDAY(T65,-INDEX(T$12:T$15,MATCH($I65,$I$12:$I$15,0))) -> 46248 | T65: =WORKDAY(U65,-INDEX(U$12:U$15,MATCH($I65,$I$12:$I$15,0))) -> 46253 | U65: =X65-Y65 -> 46267 | V65: =WORKDAY(U65,INDEX(V$12:V$15,MATCH($I65,$I$12:$I$15,0))) -> 46269 | W65: =Y65/7 -> 34 | X65: =Z65 -> 46505 | Y65: =34*7 -> 238 | Z65: 46505 | AA65: 46505 | AB65: =Z65-X66 -> 0 | AC65: =IF(ISERROR(LOOKUP(AC$16,$L65:$X65,#REF!)),0,(LOOKUP(AC$16,$L65:$X65,#REF!))) -> 0 | AD65: =IF(ISERROR(LOOKUP(AD$16,$L65:$X65,#REF!)),0,(LOOKUP(AD$16,$L65:$X65,#REF!))) -> 0 | AE65: =IF(ISERROR(LOOKUP(AE$16,$L65:$X65,#REF!)),0,(LOOKUP(AE$16,$L65:$X65,#REF!))) -> 0 | AF65: =IF(ISERROR(LOOKUP(AF$16,$L65:$X65,#REF!)),0,(LOOKUP(AF$16,$L65:$X65,#REF!))) -> 0 | AG65: =IF(ISERROR(LOOKUP(AG$16,$L65:$X65,#REF!)),0,(LOOKUP(AG$16,$L65:$X65,#REF!))) -> 0 | AH65: =IF(ISERROR(LOOKUP(AH$16,$L65:$X65,#REF!)),0,(LOOKUP(AH$16,$L65:$X65,#REF!))) -> 0 | AI65: =IF(ISERROR(LOOKUP(AI$16,$L65:$X65,#REF!)),0,(LOOKUP(AI$16,$L65:$X65,#REF!))) -> 0 | AJ65: =IF(ISERROR(LOOKUP(AJ$16,$L65:$X65,#REF!)),0,(LOOKUP(AJ$16,$L65:$X65,#REF!))) -> 0 | ... AM65: =IF(ISERROR(LOOKUP(AM$16,$L65:$X65,#REF!)),0,(LOOKUP(AM$16,$L65:$X65,#REF!))) -> 0 | AO65: =U65-T65 -> 14 | AP65: =WORKDAY(AQ65,-INDEX(AQ$12:AQ$15,MATCH($I65,$I$12:$I$15,0)),$AW$17:$AW$148) -> #REF! | AQ65: =WORKDAY(U65,-INDEX(U$12:U$15,MATCH($I65,$I$12:$I$15,0)),$AW$17:$AW$148) -> #REF! | AR65: =WORKDAY(U65,-INDEX(U$12:U$15,MATCH($I65,$I$12:$I$15,0)),$AW$17:$AW$148) -> #REF! | AS65: 14 | AW65: #REF!
C66: =C65 -> RFQ-017 | D66: =D65 -> DC Distribution Board | G66: =G65 -> N | I66: =I65 -> LB | J66: Forecast | K66: =K65 -> 46190 | L66: =WORKDAY(IF(K67="",K66,K67),INDEX(L$12:L$15,MATCH($I65,$I$12:$I$15,0))) -> 46191 | M66: =WORKDAY(IF(L67="",L66,L67),INDEX(M$12:M$15,MATCH($I65,$I$12:$I$15,0))) -> 46198 | N66: =WORKDAY(IF(M67="",M66,M67),INDEX(N$12:N$15,MATCH($I65,$I$12:$I$15,0))) -> 46199 | O66: =WORKDAY(IF(N67="",N66,N67),INDEX(O$12:O$15,MATCH($I65,$I$12:$I$15,0))) -> 46206 | R66: =WORKDAY(IF(O67="",O66,O67),INDEX(R$12:R$15,MATCH($I65,$I$12:$I$15,0))) -> 46220 | S66: =WORKDAY(IF(R67="",R66,R67),INDEX(S$12:S$15,MATCH($I65,$I$12:$I$15,0))) -> 46248 | T66: =WORKDAY(IF(S67="",S66,S67),INDEX(T$12:T$15,MATCH($I65,$I$12:$I$15,0))) -> 46253 | U66: =WORKDAY(IF(T67="",T66,T67),INDEX(U$12:U$15,MATCH($I65,$I$12:$I$15,0))) -> 46267 | V66: =WORKDAY(IF(U67="",U66,U67),INDEX(V$12:V$15,MATCH($I65,$I$12:$I$15,0))) -> 46269 | X66: =U66+Y65 -> 46505 | AC66: =IF(ISERROR(LOOKUP(AC$16,$L66:$X66,#REF!)),0,(LOOKUP(AC$16,$L66:$X66,#REF!))) -> 0 | AD66: =IF(ISERROR(LOOKUP(AD$16,$L66:$X66,#REF!)),0,(LOOKUP(AD$16,$L66:$X66,#REF!))) -> 0 | AE66: =IF(ISERROR(LOOKUP(AE$16,$L66:$X66,#REF!)),0,(LOOKUP(AE$16,$L66:$X66,#REF!))) -> 0 | AF66: =IF(ISERROR(LOOKUP(AF$16,$L66:$X66,#REF!)),0,(LOOKUP(AF$16,$L66:$X66,#REF!))) -> 0 | AG66: =IF(ISERROR(LOOKUP(AG$16,$L66:$X66,#REF!)),0,(LOOKUP(AG$16,$L66:$X66,#REF!))) -> 0 | AH66: =IF(ISERROR(LOOKUP(AH$16,$L66:$X66,#REF!)),0,(LOOKUP(AH$16,$L66:$X66,#REF!))) -> 0 | AI66: =IF(ISERROR(LOOKUP(AI$16,$L66:$X66,#REF!)),0,(LOOKUP(AI$16,$L66:$X66,#REF!))) -> 0 | AJ66: =IF(ISERROR(LOOKUP(AJ$16,$L66:$X66,#REF!)),0,(LOOKUP(AJ$16,$L66:$X66,#REF!))) -> 0 | ... AM66: =IF(ISERROR(LOOKUP(AM$16,$L66:$X66,#REF!)),0,(LOOKUP(AM$16,$L66:$X66,#REF!))) -> 0 | AO66: =U66-T66 -> 14 | AP66: =WORKDAY(IF(T67="",T66,T67),INDEX(AP$12:AP$15,MATCH($I65,$I$12:$I$15,0)),$AW$17:$AW$148) -> #REF! | AQ66: =WORKDAY(IF(AP67="",AP66,AP67),INDEX(AQ$12:AQ$15,MATCH($I65,$I$12:$I$15,0)),$AW$17:$AW$148) -> #REF! | AR66: =WORKDAY(IF(AQ67="",AQ66,AQ67),INDEX(AR$12:AR$15,MATCH($I65,$I$12:$I$15,0)),$AW$17:$AW$148) -> #REF! | AW66: #REF!
C67: =C65 -> RFQ-017 | D67: =D65 -> DC Distribution Board | G67: =G65 -> N | I67: =I65 -> LB | J67: Actual | AC67: =IF(ISERROR(LOOKUP(AC$16,$L67:$X67,#REF!)),0,(LOOKUP(AC$16,$L67:$X67,#REF!))) -> 0 | AD67: =IF(ISERROR(LOOKUP(AD$16,$L67:$X67,#REF!)),0,(LOOKUP(AD$16,$L67:$X67,#REF!))) -> 0 | AE67: =IF(ISERROR(LOOKUP(AE$16,$L67:$X67,#REF!)),0,(LOOKUP(AE$16,$L67:$X67,#REF!))) -> 0 | AF67: =IF(ISERROR(LOOKUP(AF$16,$L67:$X67,#REF!)),0,(LOOKUP(AF$16,$L67:$X67,#REF!))) -> 0 | AG67: =IF(ISERROR(LOOKUP(AG$16,$L67:$X67,#REF!)),0,(LOOKUP(AG$16,$L67:$X67,#REF!))) -> 0 | AH67: =IF(ISERROR(LOOKUP(AH$16,$L67:$X67,#REF!)),0,(LOOKUP(AH$16,$L67:$X67,#REF!))) -> 0 | AI67: =IF(ISERROR(LOOKUP(AI$16,$L67:$X67,#REF!)),0,(LOOKUP(AI$16,$L67:$X67,#REF!))) -> 0 | AJ67: =IF(ISERROR(LOOKUP(AJ$16,$L67:$X67,#REF!)),0,(LOOKUP(AJ$16,$L67:$X67,#REF!))) -> 0 | ... AM67: =IF(ISERROR(LOOKUP(AM$16,$L67:$X67,#REF!)),0,(LOOKUP(AM$16,$L67:$X67,#REF!))) -> 0 | AO67: =U67-T67 -> 0 | AW67: #REF!
A68: =A65+1 -> 18 | C68: RFQ-018 | D68: Solar Power System | F68: Electrical | G68: =IF(_xlfn.XLOOKUP(C68,'[35]Before Award'!D:D,'[35]Before Award'!AV:AV,"N/A")="N/A","N","Y") -> N | I68: LA | J68: Plan | K68: =WORKDAY(L68,-INDEX(L$12:L$15,MATCH($I68,$I$12:$I$15,0))) -> 46148 | L68: =WORKDAY(M68,-INDEX(M$12:M$15,MATCH($I68,$I$12:$I$15,0))) -> 46149 | M68: =WORKDAY(N68,-INDEX(N$12:N$15,MATCH($I68,$I$12:$I$15,0))) -> 46156 | N68: =WORKDAY(O68,-INDEX(O$12:O$15,MATCH($I68,$I$12:$I$15,0))) -> 46157 | O68: =WORKDAY(R68,-INDEX(R$12:R$15,MATCH($I68,$I$12:$I$15,0))) -> 46164 | P68: =U68-L68 -> 76 | R68: =WORKDAY(S68,-INDEX(S$12:S$15,MATCH($I68,$I$12:$I$15,0))) -> 46178 | S68: =WORKDAY(T68,-INDEX(T$12:T$15,MATCH($I68,$I$12:$I$15,0))) -> 46206 | T68: =WORKDAY(U68,-INDEX(U$12:U$15,MATCH($I68,$I$12:$I$15,0))) -> 46211 | U68: =X68-Y68 -> 46225 | V68: =WORKDAY(U68,INDEX(V$12:V$15,MATCH($I68,$I$12:$I$15,0))) -> 46227 | W68: =Y68/7 -> 36 | X68: =Z68 -> 46477 | Y68: =36*7 -> 252 | Z68: 46477 | AA68: 46477 | AB68: =Z68-X69 -> 0 | AC68: =IF(ISERROR(LOOKUP(AC$16,$L68:$X68,#REF!)),0,(LOOKUP(AC$16,$L68:$X68,#REF!))) -> 0 | AD68: =IF(ISERROR(LOOKUP(AD$16,$L68:$X68,#REF!)),0,(LOOKUP(AD$16,$L68:$X68,#REF!))) -> 0 | AE68: =IF(ISERROR(LOOKUP(AE$16,$L68:$X68,#REF!)),0,(LOOKUP(AE$16,$L68:$X68,#REF!))) -> 0 | AF68: =IF(ISERROR(LOOKUP(AF$16,$L68:$X68,#REF!)),0,(LOOKUP(AF$16,$L68:$X68,#REF!))) -> 0 | AG68: =IF(ISERROR(LOOKUP(AG$16,$L68:$X68,#REF!)),0,(LOOKUP(AG$16,$L68:$X68,#REF!))) -> 0 | AH68: =IF(ISERROR(LOOKUP(AH$16,$L68:$X68,#REF!)),0,(LOOKUP(AH$16,$L68:$X68,#REF!))) -> 0 | AI68: =IF(ISERROR(LOOKUP(AI$16,$L68:$X68,#REF!)),0,(LOOKUP(AI$16,$L68:$X68,#REF!))) -> 0 | AJ68: =IF(ISERROR(LOOKUP(AJ$16,$L68:$X68,#REF!)),0,(LOOKUP(AJ$16,$L68:$X68,#REF!))) -> 0 | ... AM68: =IF(ISERROR(LOOKUP(AM$16,$L68:$X68,#REF!)),0,(LOOKUP(AM$16,$L68:$X68,#REF!))) -> 0 | AO68: =U68-T68 -> 14 | AP68: =WORKDAY(AQ68,-INDEX(AQ$12:AQ$15,MATCH($I68,$I$12:$I$15,0)),$AW$17:$AW$148) -> #REF! | AQ68: =WORKDAY(U68,-INDEX(U$12:U$15,MATCH($I68,$I$12:$I$15,0)),$AW$17:$AW$148) -> #REF! | AR68: =WORKDAY(U68,-INDEX(U$12:U$15,MATCH($I68,$I$12:$I$15,0)),$AW$17:$AW$148) -> #REF! | AS68: 14 | AW68: #REF!
C69: =C68 -> RFQ-018 | D69: =D68 -> Solar Power System | G69: =G68 -> N | I69: =I68 -> LA | J69: Forecast | K69: =K68 -> 46148 | L69: =WORKDAY(IF(K70="",K69,K70),INDEX(L$12:L$15,MATCH($I68,$I$12:$I$15,0))) -> 46149 | M69: =WORKDAY(IF(L70="",L69,L70),INDEX(M$12:M$15,MATCH($I68,$I$12:$I$15,0))) -> 46156 | N69: =WORKDAY(IF(M70="",M69,M70),INDEX(N$12:N$15,MATCH($I68,$I$12:$I$15,0))) -> 46157 | O69: =WORKDAY(IF(N70="",N69,N70),INDEX(O$12:O$15,MATCH($I68,$I$12:$I$15,0))) -> 46164 | R69: =WORKDAY(IF(O70="",O69,O70),INDEX(R$12:R$15,MATCH($I68,$I$12:$I$15,0))) -> 46178 | S69: =WORKDAY(IF(R70="",R69,R70),INDEX(S$12:S$15,MATCH($I68,$I$12:$I$15,0))) -> 46206 | T69: =WORKDAY(IF(S70="",S69,S70),INDEX(T$12:T$15,MATCH($I68,$I$12:$I$15,0))) -> 46211 | U69: =WORKDAY(IF(T70="",T69,T70),INDEX(U$12:U$15,MATCH($I68,$I$12:$I$15,0))) -> 46225 | V69: =WORKDAY(IF(U70="",U69,U70),INDEX(V$12:V$15,MATCH($I68,$I$12:$I$15,0))) -> 46227 | X69: =U69+Y68 -> 46477 | AC69: =IF(ISERROR(LOOKUP(AC$16,$L69:$X69,#REF!)),0,(LOOKUP(AC$16,$L69:$X69,#REF!))) -> 0 | AD69: =IF(ISERROR(LOOKUP(AD$16,$L69:$X69,#REF!)),0,(LOOKUP(AD$16,$L69:$X69,#REF!))) -> 0 | AE69: =IF(ISERROR(LOOKUP(AE$16,$L69:$X69,#REF!)),0,(LOOKUP(AE$16,$L69:$X69,#REF!))) -> 0 | AF69: =IF(ISERROR(LOOKUP(AF$16,$L69:$X69,#REF!)),0,(LOOKUP(AF$16,$L69:$X69,#REF!))) -> 0 | AG69: =IF(ISERROR(LOOKUP(AG$16,$L69:$X69,#REF!)),0,(LOOKUP(AG$16,$L69:$X69,#REF!))) -> 0 | AH69: =IF(ISERROR(LOOKUP(AH$16,$L69:$X69,#REF!)),0,(LOOKUP(AH$16,$L69:$X69,#REF!))) -> 0 | AI69: =IF(ISERROR(LOOKUP(AI$16,$L69:$X69,#REF!)),0,(LOOKUP(AI$16,$L69:$X69,#REF!))) -> 0 | AJ69: =IF(ISERROR(LOOKUP(AJ$16,$L69:$X69,#REF!)),0,(LOOKUP(AJ$16,$L69:$X69,#REF!))) -> 0 | ... AM69: =IF(ISERROR(LOOKUP(AM$16,$L69:$X69,#REF!)),0,(LOOKUP(AM$16,$L69:$X69,#REF!))) -> 0 | AO69: =U69-T69 -> 14 | AP69: =WORKDAY(IF(T70="",T69,T70),INDEX(AP$12:AP$15,MATCH($I68,$I$12:$I$15,0)),$AW$17:$AW$148) -> #REF! | AQ69: =WORKDAY(IF(AP70="",AP69,AP70),INDEX(AQ$12:AQ$15,MATCH($I68,$I$12:$I$15,0)),$AW$17:$AW$148) -> #REF! | AR69: =WORKDAY(IF(AQ70="",AQ69,AQ70),INDEX(AR$12:AR$15,MATCH($I68,$I$12:$I$15,0)),$AW$17:$AW$148) -> #REF! | AW69: #REF!
C70: =C68 -> RFQ-018 | D70: =D68 -> Solar Power System | G70: =G68 -> N | I70: =I68 -> LA | J70: Actual | AC70: =IF(ISERROR(LOOKUP(AC$16,$L70:$X70,#REF!)),0,(LOOKUP(AC$16,$L70:$X70,#REF!))) -> 0 | AD70: =IF(ISERROR(LOOKUP(AD$16,$L70:$X70,#REF!)),0,(LOOKUP(AD$16,$L70:$X70,#REF!))) -> 0 | AE70: =IF(ISERROR(LOOKUP(AE$16,$L70:$X70,#REF!)),0,(LOOKUP(AE$16,$L70:$X70,#REF!))) -> 0 | AF70: =IF(ISERROR(LOOKUP(AF$16,$L70:$X70,#REF!)),0,(LOOKUP(AF$16,$L70:$X70,#REF!))) -> 0 | AG70: =IF(ISERROR(LOOKUP(AG$16,$L70:$X70,#REF!)),0,(LOOKUP(AG$16,$L70:$X70,#REF!))) -> 0 | AH70: =IF(ISERROR(LOOKUP(AH$16,$L70:$X70,#REF!)),0,(LOOKUP(AH$16,$L70:$X70,#REF!))) -> 0 | AI70: =IF(ISERROR(LOOKUP(AI$16,$L70:$X70,#REF!)),0,(LOOKUP(AI$16,$L70:$X70,#REF!))) -> 0 | AJ70: =IF(ISERROR(LOOKUP(AJ$16,$L70:$X70,#REF!)),0,(LOOKUP(AJ$16,$L70:$X70,#REF!))) -> 0 | ... AM70: =IF(ISERROR(LOOKUP(AM$16,$L70:$X70,#REF!)),0,(LOOKUP(AM$16,$L70:$X70,#REF!))) -> 0 | AO70: =U70-T70 -> 0 | AW70: #REF!
A71: =A68+1 -> 19 | C71: RFQ-019 | D71: Navigation Aid System | F71: Electrical | G71: Y | I71: LB | J71: Plan | K71: =WORKDAY(L71,-INDEX(L$12:L$15,MATCH($I71,$I$12:$I$15,0))) -> 46197 | L71: =WORKDAY(M71,-INDEX(M$12:M$15,MATCH($I71,$I$12:$I$15,0))) -> 46198 | M71: =WORKDAY(N71,-INDEX(N$12:N$15,MATCH($I71,$I$12:$I$15,0))) -> 46205 | N71: =WORKDAY(O71,-INDEX(O$12:O$15,MATCH($I71,$I$12:$I$15,0))) -> 46206 | O71: =WORKDAY(R71,-INDEX(R$12:R$15,MATCH($I71,$I$12:$I$15,0))) -> 46213 | P71: =U71-L71 -> 76 | R71: =WORKDAY(S71,-INDEX(S$12:S$15,MATCH($I71,$I$12:$I$15,0))) -> 46227 | S71: =WORKDAY(T71,-INDEX(T$12:T$15,MATCH($I71,$I$12:$I$15,0))) -> 46255 | T71: =WORKDAY(U71,-INDEX(U$12:U$15,MATCH($I71,$I$12:$I$15,0))) -> 46260 | U71: =X71-Y71 -> 46274 | V71: =WORKDAY(U71,INDEX(V$12:V$15,MATCH($I71,$I$12:$I$15,0))) -> 46276 | W71: =Y71/7 -> 42 | X71: =Z71 -> 46568 | Y71: 294 | Z71: 46568 | AA71: 46598 | AB71: =Z71-X72 -> 0 | AC71: =IF(ISERROR(LOOKUP(AC$16,$L71:$X71,#REF!)),0,(LOOKUP(AC$16,$L71:$X71,#REF!))) -> 0 | AD71: =IF(ISERROR(LOOKUP(AD$16,$L71:$X71,#REF!)),0,(LOOKUP(AD$16,$L71:$X71,#REF!))) -> 0 | AE71: =IF(ISERROR(LOOKUP(AE$16,$L71:$X71,#REF!)),0,(LOOKUP(AE$16,$L71:$X71,#REF!))) -> 0 | AF71: =IF(ISERROR(LOOKUP(AF$16,$L71:$X71,#REF!)),0,(LOOKUP(AF$16,$L71:$X71,#REF!))) -> 0 | AG71: =IF(ISERROR(LOOKUP(AG$16,$L71:$X71,#REF!)),0,(LOOKUP(AG$16,$L71:$X71,#REF!))) -> 0 | AH71: =IF(ISERROR(LOOKUP(AH$16,$L71:$X71,#REF!)),0,(LOOKUP(AH$16,$L71:$X71,#REF!))) -> 0 | AI71: =IF(ISERROR(LOOKUP(AI$16,$L71:$X71,#REF!)),0,(LOOKUP(AI$16,$L71:$X71,#REF!))) -> 0 | AJ71: =IF(ISERROR(LOOKUP(AJ$16,$L71:$X71,#REF!)),0,(LOOKUP(AJ$16,$L71:$X71,#REF!))) -> 0 | ... AM71: =IF(ISERROR(LOOKUP(AM$16,$L71:$X71,#REF!)),0,(LOOKUP(AM$16,$L71:$X71,#REF!))) -> 0 | AO71: =U71-T71 -> 14 | AP71: =WORKDAY(AQ71,-INDEX(AQ$12:AQ$15,MATCH($I71,$I$12:$I$15,0)),$AW$17:$AW$148) -> #REF! | AQ71: =WORKDAY(U71,-INDEX(U$12:U$15,MATCH($I71,$I$12:$I$15,0)),$AW$17:$AW$148) -> #REF! | AR71: =WORKDAY(U71,-INDEX(U$12:U$15,MATCH($I71,$I$12:$I$15,0)),$AW$17:$AW$148) -> #REF! | AS71: 14 | AW71: #REF!
C72: =C71 -> RFQ-019 | D72: =D71 -> Navigation Aid System | G72: =G71 -> Y | I72: =I71 -> LB | J72: Forecast | K72: =K71 -> 46197 | L72: =WORKDAY(IF(K73="",K72,K73),INDEX(L$12:L$15,MATCH($I71,$I$12:$I$15,0))) -> 46198 | M72: =WORKDAY(IF(L73="",L72,L73),INDEX(M$12:M$15,MATCH($I71,$I$12:$I$15,0))) -> 46205 | N72: =WORKDAY(IF(M73="",M72,M73),INDEX(N$12:N$15,MATCH($I71,$I$12:$I$15,0))) -> 46206 | O72: =WORKDAY(IF(N73="",N72,N73),INDEX(O$12:O$15,MATCH($I71,$I$12:$I$15,0))) -> 46213 | R72: =WORKDAY(IF(O73="",O72,O73),INDEX(R$12:R$15,MATCH($I71,$I$12:$I$15,0))) -> 46227 | S72: =WORKDAY(IF(R73="",R72,R73),INDEX(S$12:S$15,MATCH($I71,$I$12:$I$15,0))) -> 46255 | T72: =WORKDAY(IF(S73="",S72,S73),INDEX(T$12:T$15,MATCH($I71,$I$12:$I$15,0))) -> 46260 | U72: =WORKDAY(IF(T73="",T72,T73),INDEX(U$12:U$15,MATCH($I71,$I$12:$I$15,0))) -> 46274 | V72: =WORKDAY(IF(U73="",U72,U73),INDEX(V$12:V$15,MATCH($I71,$I$12:$I$15,0))) -> 46276 | X72: =U72+Y71 -> 46568 | AC72: =IF(ISERROR(LOOKUP(AC$16,$L72:$X72,#REF!)),0,(LOOKUP(AC$16,$L72:$X72,#REF!))) -> 0 | AD72: =IF(ISERROR(LOOKUP(AD$16,$L72:$X72,#REF!)),0,(LOOKUP(AD$16,$L72:$X72,#REF!))) -> 0 | AE72: =IF(ISERROR(LOOKUP(AE$16,$L72:$X72,#REF!)),0,(LOOKUP(AE$16,$L72:$X72,#REF!))) -> 0 | AF72: =IF(ISERROR(LOOKUP(AF$16,$L72:$X72,#REF!)),0,(LOOKUP(AF$16,$L72:$X72,#REF!))) -> 0 | AG72: =IF(ISERROR(LOOKUP(AG$16,$L72:$X72,#REF!)),0,(LOOKUP(AG$16,$L72:$X72,#REF!))) -> 0 | AH72: =IF(ISERROR(LOOKUP(AH$16,$L72:$X72,#REF!)),0,(LOOKUP(AH$16,$L72:$X72,#REF!))) -> 0 | AI72: =IF(ISERROR(LOOKUP(AI$16,$L72:$X72,#REF!)),0,(LOOKUP(AI$16,$L72:$X72,#REF!))) -> 0 | AJ72: =IF(ISERROR(LOOKUP(AJ$16,$L72:$X72,#REF!)),0,(LOOKUP(AJ$16,$L72:$X72,#REF!))) -> 0 | ... AM72: =IF(ISERROR(LOOKUP(AM$16,$L72:$X72,#REF!)),0,(LOOKUP(AM$16,$L72:$X72,#REF!))) -> 0 | AP72: =WORKDAY(IF(T73="",T72,T73),INDEX(AP$12:AP$15,MATCH($I71,$I$12:$I$15,0)),$AW$17:$AW$148) -> #REF! | AQ72: =WORKDAY(IF(AP73="",AP72,AP73),INDEX(AQ$12:AQ$15,MATCH($I71,$I$12:$I$15,0)),$AW$17:$AW$148) -> #REF! | AR72: =WORKDAY(IF(AQ73="",AQ72,AQ73),INDEX(AR$12:AR$15,MATCH($I71,$I$12:$I$15,0)),$AW$17:$AW$148) -> #REF! | AW72: #REF!
C73: =C71 -> RFQ-019 | D73: =D71 -> Navigation Aid System | G73: =G71 -> Y | I73: =I71 -> LB | J73: Actual | AC73: =IF(ISERROR(LOOKUP(AC$16,$L73:$X73,#REF!)),0,(LOOKUP(AC$16,$L73:$X73,#REF!))) -> 0 | AD73: =IF(ISERROR(LOOKUP(AD$16,$L73:$X73,#REF!)),0,(LOOKUP(AD$16,$L73:$X73,#REF!))) -> 0 | AE73: =IF(ISERROR(LOOKUP(AE$16,$L73:$X73,#REF!)),0,(LOOKUP(AE$16,$L73:$X73,#REF!))) -> 0 | AF73: =IF(ISERROR(LOOKUP(AF$16,$L73:$X73,#REF!)),0,(LOOKUP(AF$16,$L73:$X73,#REF!))) -> 0 | AG73: =IF(ISERROR(LOOKUP(AG$16,$L73:$X73,#REF!)),0,(LOOKUP(AG$16,$L73:$X73,#REF!))) -> 0 | AH73: =IF(ISERROR(LOOKUP(AH$16,$L73:$X73,#REF!)),0,(LOOKUP(AH$16,$L73:$X73,#REF!))) -> 0 | AI73: =IF(ISERROR(LOOKUP(AI$16,$L73:$X73,#REF!)),0,(LOOKUP(AI$16,$L73:$X73,#REF!))) -> 0 | AJ73: =IF(ISERROR(LOOKUP(AJ$16,$L73:$X73,#REF!)),0,(LOOKUP(AJ$16,$L73:$X73,#REF!))) -> 0 | ... AM73: =IF(ISERROR(LOOKUP(AM$16,$L73:$X73,#REF!)),0,(LOOKUP(AM$16,$L73:$X73,#REF!))) -> 0 | AW73: #REF!
A74: =A71+1 -> 20 | C74: RFQ-020 | D74: External Battery Charger | F74: Electrical | G74: Y | I74: LC | J74: Plan | K74: =WORKDAY(L74,-INDEX(L$12:L$15,MATCH($I74,$I$12:$I$15,0))) -> 46174 | L74: =WORKDAY(M74,-INDEX(M$12:M$15,MATCH($I74,$I$12:$I$15,0))) -> 46177 | M74: =WORKDAY(N74,-INDEX(N$12:N$15,MATCH($I74,$I$12:$I$15,0))) -> 46191 | N74: =WORKDAY(O74,-INDEX(O$12:O$15,MATCH($I74,$I$12:$I$15,0))) -> 46192 | O74: =WORKDAY(R74,-INDEX(R$12:R$15,MATCH($I74,$I$12:$I$15,0))) -> 46206 | P74: =U74-L74 -> 92 | R74: =WORKDAY(S74,-INDEX(S$12:S$15,MATCH($I74,$I$12:$I$15,0))) -> 46220 | S74: =WORKDAY(T74,-INDEX(T$12:T$15,MATCH($I74,$I$12:$I$15,0))) -> 46241 | T74: =WORKDAY(U74,-INDEX(U$12:U$15,MATCH($I74,$I$12:$I$15,0))) -> 46255 | U74: =X74-Y74 -> 46269 | V74: =WORKDAY(U74,INDEX(V$12:V$15,MATCH($I74,$I$12:$I$15,0))) -> 46273 | W74: =Y74/7 -> 36 | X74: =Z74 -> 46521 | Y74: =36*7 -> 252 | Z74: 46521 | AA74: 46521 | AB74: =Z74-X75 -> 0 | AC74: =IF(ISERROR(LOOKUP(AC$16,$L74:$X74,#REF!)),0,(LOOKUP(AC$16,$L74:$X74,#REF!))) -> 0 | AD74: =IF(ISERROR(LOOKUP(AD$16,$L74:$X74,#REF!)),0,(LOOKUP(AD$16,$L74:$X74,#REF!))) -> 0 | AE74: =IF(ISERROR(LOOKUP(AE$16,$L74:$X74,#REF!)),0,(LOOKUP(AE$16,$L74:$X74,#REF!))) -> 0 | AF74: =IF(ISERROR(LOOKUP(AF$16,$L74:$X74,#REF!)),0,(LOOKUP(AF$16,$L74:$X74,#REF!))) -> 0 | AG74: =IF(ISERROR(LOOKUP(AG$16,$L74:$X74,#REF!)),0,(LOOKUP(AG$16,$L74:$X74,#REF!))) -> 0 | AH74: =IF(ISERROR(LOOKUP(AH$16,$L74:$X74,#REF!)),0,(LOOKUP(AH$16,$L74:$X74,#REF!))) -> 0 | AI74: =IF(ISERROR(LOOKUP(AI$16,$L74:$X74,#REF!)),0,(LOOKUP(AI$16,$L74:$X74,#REF!))) -> 0 | AJ74: =IF(ISERROR(LOOKUP(AJ$16,$L74:$X74,#REF!)),0,(LOOKUP(AJ$16,$L74:$X74,#REF!))) -> 0 | ... AM74: =IF(ISERROR(LOOKUP(AM$16,$L74:$X74,#REF!)),0,(LOOKUP(AM$16,$L74:$X74,#REF!))) -> 0 | AP74: =WORKDAY(AQ74,-INDEX(AQ$12:AQ$15,MATCH($I74,$I$12:$I$15,0)),$AW$17:$AW$148) -> #REF! | AQ74: =WORKDAY(U74,-INDEX(U$12:U$15,MATCH($I74,$I$12:$I$15,0)),$AW$17:$AW$148) -> #REF! | AR74: =WORKDAY(U74,-INDEX(U$12:U$15,MATCH($I74,$I$12:$I$15,0)),$AW$17:$AW$148) -> #REF! | AS74: 14 | AW74: #REF!
C75: =C74 -> RFQ-020 | D75: =D74 -> External Battery Charger | G75: =G74 -> Y | I75: =I74 -> LC | J75: Forecast | K75: =K74 -> 46174 | L75: =WORKDAY(IF(K76="",K75,K76),INDEX(L$12:L$15,MATCH($I74,$I$12:$I$15,0))) -> 46177 | M75: =WORKDAY(IF(L76="",L75,L76),INDEX(M$12:M$15,MATCH($I74,$I$12:$I$15,0))) -> 46191 | N75: =WORKDAY(IF(M76="",M75,M76),INDEX(N$12:N$15,MATCH($I74,$I$12:$I$15,0))) -> 46192 | O75: =WORKDAY(IF(N76="",N75,N76),INDEX(O$12:O$15,MATCH($I74,$I$12:$I$15,0))) -> 46206 | R75: =WORKDAY(IF(O76="",O75,O76),INDEX(R$12:R$15,MATCH($I74,$I$12:$I$15,0))) -> 46220 | S75: =WORKDAY(IF(R76="",R75,R76),INDEX(S$12:S$15,MATCH($I74,$I$12:$I$15,0))) -> 46241 | T75: =WORKDAY(IF(S76="",S75,S76),INDEX(T$12:T$15,MATCH($I74,$I$12:$I$15,0))) -> 46255 | U75: =WORKDAY(IF(T76="",T75,T76),INDEX(U$12:U$15,MATCH($I74,$I$12:$I$15,0))) -> 46269 | V75: =WORKDAY(IF(U76="",U75,U76),INDEX(V$12:V$15,MATCH($I74,$I$12:$I$15,0))) -> 46273 | X75: =U75+Y74 -> 46521 | AC75: =IF(ISERROR(LOOKUP(AC$16,$L75:$X75,#REF!)),0,(LOOKUP(AC$16,$L75:$X75,#REF!))) -> 0 | AD75: =IF(ISERROR(LOOKUP(AD$16,$L75:$X75,#REF!)),0,(LOOKUP(AD$16,$L75:$X75,#REF!))) -> 0 | AE75: =IF(ISERROR(LOOKUP(AE$16,$L75:$X75,#REF!)),0,(LOOKUP(AE$16,$L75:$X75,#REF!))) -> 0 | AF75: =IF(ISERROR(LOOKUP(AF$16,$L75:$X75,#REF!)),0,(LOOKUP(AF$16,$L75:$X75,#REF!))) -> 0 | AG75: =IF(ISERROR(LOOKUP(AG$16,$L75:$X75,#REF!)),0,(LOOKUP(AG$16,$L75:$X75,#REF!))) -> 0 | AH75: =IF(ISERROR(LOOKUP(AH$16,$L75:$X75,#REF!)),0,(LOOKUP(AH$16,$L75:$X75,#REF!))) -> 0 | AI75: =IF(ISERROR(LOOKUP(AI$16,$L75:$X75,#REF!)),0,(LOOKUP(AI$16,$L75:$X75,#REF!))) -> 0 | AJ75: =IF(ISERROR(LOOKUP(AJ$16,$L75:$X75,#REF!)),0,(LOOKUP(AJ$16,$L75:$X75,#REF!))) -> 0 | ... AM75: =IF(ISERROR(LOOKUP(AM$16,$L75:$X75,#REF!)),0,(LOOKUP(AM$16,$L75:$X75,#REF!))) -> 0 | AP75: =WORKDAY(IF(T76="",T75,T76),INDEX(AP$12:AP$15,MATCH($I74,$I$12:$I$15,0)),$AW$17:$AW$148) -> #REF! | AQ75: =WORKDAY(IF(AP76="",AP75,AP76),INDEX(AQ$12:AQ$15,MATCH($I74,$I$12:$I$15,0)),$AW$17:$AW$148) -> #REF! | AR75: =WORKDAY(IF(AQ76="",AQ75,AQ76),INDEX(AR$12:AR$15,MATCH($I74,$I$12:$I$15,0)),$AW$17:$AW$148) -> #REF! | AW75: #REF!
C76: =C74 -> RFQ-020 | D76: =D74 -> External Battery Charger | G76: =G74 -> Y | I76: =I74 -> LC | J76: Actual | AC76: =IF(ISERROR(LOOKUP(AC$16,$L76:$X76,#REF!)),0,(LOOKUP(AC$16,$L76:$X76,#REF!))) -> 0 | AD76: =IF(ISERROR(LOOKUP(AD$16,$L76:$X76,#REF!)),0,(LOOKUP(AD$16,$L76:$X76,#REF!))) -> 0 | AE76: =IF(ISERROR(LOOKUP(AE$16,$L76:$X76,#REF!)),0,(LOOKUP(AE$16,$L76:$X76,#REF!))) -> 0 | AF76: =IF(ISERROR(LOOKUP(AF$16,$L76:$X76,#REF!)),0,(LOOKUP(AF$16,$L76:$X76,#REF!))) -> 0 | AG76: =IF(ISERROR(LOOKUP(AG$16,$L76:$X76,#REF!)),0,(LOOKUP(AG$16,$L76:$X76,#REF!))) -> 0 | AH76: =IF(ISERROR(LOOKUP(AH$16,$L76:$X76,#REF!)),0,(LOOKUP(AH$16,$L76:$X76,#REF!))) -> 0 | AI76: =IF(ISERROR(LOOKUP(AI$16,$L76:$X76,#REF!)),0,(LOOKUP(AI$16,$L76:$X76,#REF!))) -> 0 | AJ76: =IF(ISERROR(LOOKUP(AJ$16,$L76:$X76,#REF!)),0,(LOOKUP(AJ$16,$L76:$X76,#REF!))) -> 0 | ... AM76: =IF(ISERROR(LOOKUP(AM$16,$L76:$X76,#REF!)),0,(LOOKUP(AM$16,$L76:$X76,#REF!))) -> 0 | AW76: #REF!
A77: =A74+1 -> 21 | C77: RFQ-021 | D77: Control Valve | F77: Instrument | G77: N | I77: LB | J77: Plan | K77: =WORKDAY(L77,-INDEX(L$12:L$15,MATCH($I77,$I$12:$I$15,0))) -> 46258 | L77: =WORKDAY(M77,-INDEX(M$12:M$15,MATCH($I77,$I$12:$I$15,0))) -> 46259 | M77: =WORKDAY(N77,-INDEX(N$12:N$15,MATCH($I77,$I$12:$I$15,0))) -> 46266 | N77: =WORKDAY(O77,-INDEX(O$12:O$15,MATCH($I77,$I$12:$I$15,0))) -> 46267 | O77: =WORKDAY(R77,-INDEX(R$12:R$15,MATCH($I77,$I$12:$I$15,0))) -> 46274 | P77: =U77-L77 -> 76 | R77: =WORKDAY(S77,-INDEX(S$12:S$15,MATCH($I77,$I$12:$I$15,0))) -> 46288 | S77: =WORKDAY(T77,-INDEX(T$12:T$15,MATCH($I77,$I$12:$I$15,0))) -> 46316 | T77: =WORKDAY(U77,-INDEX(U$12:U$15,MATCH($I77,$I$12:$I$15,0))) -> 46321 | U77: =X77-Y77 -> 46335 | V77: =WORKDAY(U77,INDEX(V$12:V$15,MATCH($I77,$I$12:$I$15,0))) -> 46337 | W77: =Y77/7 -> 28.571429 | X77: =Z77 -> 46535 | Y77: 200 | Z77: 46535 | AA77: 46535 | AB77: =Z77-X78 -> 0 | AC77: =IF(ISERROR(LOOKUP(AC$16,$L77:$X77,#REF!)),0,(LOOKUP(AC$16,$L77:$X77,#REF!))) -> 0 | AD77: =IF(ISERROR(LOOKUP(AD$16,$L77:$X77,#REF!)),0,(LOOKUP(AD$16,$L77:$X77,#REF!))) -> 0 | AE77: =IF(ISERROR(LOOKUP(AE$16,$L77:$X77,#REF!)),0,(LOOKUP(AE$16,$L77:$X77,#REF!))) -> 0 | AF77: =IF(ISERROR(LOOKUP(AF$16,$L77:$X77,#REF!)),0,(LOOKUP(AF$16,$L77:$X77,#REF!))) -> 0 | AG77: =IF(ISERROR(LOOKUP(AG$16,$L77:$X77,#REF!)),0,(LOOKUP(AG$16,$L77:$X77,#REF!))) -> 0 | AH77: =IF(ISERROR(LOOKUP(AH$16,$L77:$X77,#REF!)),0,(LOOKUP(AH$16,$L77:$X77,#REF!))) -> 0 | AI77: =IF(ISERROR(LOOKUP(AI$16,$L77:$X77,#REF!)),0,(LOOKUP(AI$16,$L77:$X77,#REF!))) -> 0 | AJ77: =IF(ISERROR(LOOKUP(AJ$16,$L77:$X77,#REF!)),0,(LOOKUP(AJ$16,$L77:$X77,#REF!))) -> 0 | ... AM77: =IF(ISERROR(LOOKUP(AM$16,$L77:$X77,#REF!)),0,(LOOKUP(AM$16,$L77:$X77,#REF!))) -> 0 | AP77: =WORKDAY(AQ77,-INDEX(AQ$12:AQ$15,MATCH($I77,$I$12:$I$15,0)),$AW$17:$AW$148) -> #REF! | AQ77: =WORKDAY(U77,-INDEX(U$12:U$15,MATCH($I77,$I$12:$I$15,0)),$AW$17:$AW$148) -> #REF! | AR77: =WORKDAY(U77,-INDEX(U$12:U$15,MATCH($I77,$I$12:$I$15,0)),$AW$17:$AW$148) -> #REF! | AS77: 7 | AW77: #REF!
C78: =C77 -> RFQ-021 | D78: =D77 -> Control Valve | F78: =F77 -> Instrument | G78: =G77 -> N | I78: =I77 -> LB | J78: Forecast | K78: =K77 -> 46258 | L78: =WORKDAY(IF(K79="",K78,K79),INDEX(L$12:L$15,MATCH($I77,$I$12:$I$15,0))) -> 46259 | M78: =WORKDAY(IF(L79="",L78,L79),INDEX(M$12:M$15,MATCH($I77,$I$12:$I$15,0))) -> 46266 | N78: =WORKDAY(IF(M79="",M78,M79),INDEX(N$12:N$15,MATCH($I77,$I$12:$I$15,0))) -> 46267 | O78: =WORKDAY(IF(N79="",N78,N79),INDEX(O$12:O$15,MATCH($I77,$I$12:$I$15,0))) -> 46274 | R78: =WORKDAY(IF(O79="",O78,O79),INDEX(R$12:R$15,MATCH($I77,$I$12:$I$15,0))) -> 46288 | S78: =WORKDAY(IF(R79="",R78,R79),INDEX(S$12:S$15,MATCH($I77,$I$12:$I$15,0))) -> 46316 | T78: =WORKDAY(IF(S79="",S78,S79),INDEX(T$12:T$15,MATCH($I77,$I$12:$I$15,0))) -> 46321 | U78: =WORKDAY(IF(T79="",T78,T79),INDEX(U$12:U$15,MATCH($I77,$I$12:$I$15,0))) -> 46335 | V78: =WORKDAY(IF(U79="",U78,U79),INDEX(V$12:V$15,MATCH($I77,$I$12:$I$15,0))) -> 46337 | X78: =U78+Y77 -> 46535 | AC78: =IF(ISERROR(LOOKUP(AC$16,$L78:$X78,#REF!)),0,(LOOKUP(AC$16,$L78:$X78,#REF!))) -> 0 | AD78: =IF(ISERROR(LOOKUP(AD$16,$L78:$X78,#REF!)),0,(LOOKUP(AD$16,$L78:$X78,#REF!))) -> 0 | AE78: =IF(ISERROR(LOOKUP(AE$16,$L78:$X78,#REF!)),0,(LOOKUP(AE$16,$L78:$X78,#REF!))) -> 0 | AF78: =IF(ISERROR(LOOKUP(AF$16,$L78:$X78,#REF!)),0,(LOOKUP(AF$16,$L78:$X78,#REF!))) -> 0 | AG78: =IF(ISERROR(LOOKUP(AG$16,$L78:$X78,#REF!)),0,(LOOKUP(AG$16,$L78:$X78,#REF!))) -> 0 | AH78: =IF(ISERROR(LOOKUP(AH$16,$L78:$X78,#REF!)),0,(LOOKUP(AH$16,$L78:$X78,#REF!))) -> 0 | AI78: =IF(ISERROR(LOOKUP(AI$16,$L78:$X78,#REF!)),0,(LOOKUP(AI$16,$L78:$X78,#REF!))) -> 0 | AJ78: =IF(ISERROR(LOOKUP(AJ$16,$L78:$X78,#REF!)),0,(LOOKUP(AJ$16,$L78:$X78,#REF!))) -> 0 | ... AM78: =IF(ISERROR(LOOKUP(AM$16,$L78:$X78,#REF!)),0,(LOOKUP(AM$16,$L78:$X78,#REF!))) -> 0 | AP78: =WORKDAY(IF(T79="",T78,T79),INDEX(AP$12:AP$15,MATCH($I77,$I$12:$I$15,0)),$AW$17:$AW$148) -> #REF! | AQ78: =WORKDAY(IF(AP79="",AP78,AP79),INDEX(AQ$12:AQ$15,MATCH($I77,$I$12:$I$15,0)),$AW$17:$AW$148) -> #REF! | AR78: =WORKDAY(IF(AQ79="",AQ78,AQ79),INDEX(AR$12:AR$15,MATCH($I77,$I$12:$I$15,0)),$AW$17:$AW$148) -> #REF! | AW78: #REF!
C79: =C77 -> RFQ-021 | D79: =D77 -> Control Valve | F79: =F77 -> Instrument | G79: =G77 -> N | I79: =I77 -> LB | J79: Actual | AC79: =IF(ISERROR(LOOKUP(AC$16,$L79:$X79,#REF!)),0,(LOOKUP(AC$16,$L79:$X79,#REF!))) -> 0 | AD79: =IF(ISERROR(LOOKUP(AD$16,$L79:$X79,#REF!)),0,(LOOKUP(AD$16,$L79:$X79,#REF!))) -> 0 | AE79: =IF(ISERROR(LOOKUP(AE$16,$L79:$X79,#REF!)),0,(LOOKUP(AE$16,$L79:$X79,#REF!))) -> 0 | AF79: =IF(ISERROR(LOOKUP(AF$16,$L79:$X79,#REF!)),0,(LOOKUP(AF$16,$L79:$X79,#REF!))) -> 0 | AG79: =IF(ISERROR(LOOKUP(AG$16,$L79:$X79,#REF!)),0,(LOOKUP(AG$16,$L79:$X79,#REF!))) -> 0 | AH79: =IF(ISERROR(LOOKUP(AH$16,$L79:$X79,#REF!)),0,(LOOKUP(AH$16,$L79:$X79,#REF!))) -> 0 | AI79: =IF(ISERROR(LOOKUP(AI$16,$L79:$X79,#REF!)),0,(LOOKUP(AI$16,$L79:$X79,#REF!))) -> 0 | AJ79: =IF(ISERROR(LOOKUP(AJ$16,$L79:$X79,#REF!)),0,(LOOKUP(AJ$16,$L79:$X79,#REF!))) -> 0 | ... AM79: =IF(ISERROR(LOOKUP(AM$16,$L79:$X79,#REF!)),0,(LOOKUP(AM$16,$L79:$X79,#REF!))) -> 0 | AW79: #REF!
A80: =A77+1 -> 22 | C80: RFQ-022 | D80: Self Regulator Valve | F80: Instrument | G80: N | I80: LB | J80: Plan | K80: =WORKDAY(L80,-INDEX(L$12:L$15,MATCH($I80,$I$12:$I$15,0))) -> 46261 | L80: =WORKDAY(M80,-INDEX(M$12:M$15,MATCH($I80,$I$12:$I$15,0))) -> 46262 | M80: =WORKDAY(N80,-INDEX(N$12:N$15,MATCH($I80,$I$12:$I$15,0))) -> 46269 | N80: =WORKDAY(O80,-INDEX(O$12:O$15,MATCH($I80,$I$12:$I$15,0))) -> 46272 | O80: =WORKDAY(R80,-INDEX(R$12:R$15,MATCH($I80,$I$12:$I$15,0))) -> 46279 | P80: =U80-L80 -> 76 | R80: =WORKDAY(S80,-INDEX(S$12:S$15,MATCH($I80,$I$12:$I$15,0))) -> 46293 | S80: =WORKDAY(T80,-INDEX(T$12:T$15,MATCH($I80,$I$12:$I$15,0))) -> 46321 | T80: =WORKDAY(U80,-INDEX(U$12:U$15,MATCH($I80,$I$12:$I$15,0))) -> 46324 | U80: =X80-Y80 -> 46338 | V80: =WORKDAY(U80,INDEX(V$12:V$15,MATCH($I80,$I$12:$I$15,0))) -> 46342 | W80: =Y80/7 -> 28.571429 | X80: =Z80 -> 46538 | Y80: 200 | Z80: 46538 | AA80: 46538 | AB80: =Z80-X81 -> 0 | AC80: =IF(ISERROR(LOOKUP(AC$16,$L80:$X80,#REF!)),0,(LOOKUP(AC$16,$L80:$X80,#REF!))) -> 0 | AD80: =IF(ISERROR(LOOKUP(AD$16,$L80:$X80,#REF!)),0,(LOOKUP(AD$16,$L80:$X80,#REF!))) -> 0 | AE80: =IF(ISERROR(LOOKUP(AE$16,$L80:$X80,#REF!)),0,(LOOKUP(AE$16,$L80:$X80,#REF!))) -> 0 | AF80: =IF(ISERROR(LOOKUP(AF$16,$L80:$X80,#REF!)),0,(LOOKUP(AF$16,$L80:$X80,#REF!))) -> 0 | AG80: =IF(ISERROR(LOOKUP(AG$16,$L80:$X80,#REF!)),0,(LOOKUP(AG$16,$L80:$X80,#REF!))) -> 0 | AH80: =IF(ISERROR(LOOKUP(AH$16,$L80:$X80,#REF!)),0,(LOOKUP(AH$16,$L80:$X80,#REF!))) -> 0 | AI80: =IF(ISERROR(LOOKUP(AI$16,$L80:$X80,#REF!)),0,(LOOKUP(AI$16,$L80:$X80,#REF!))) -> 0 | AJ80: =IF(ISERROR(LOOKUP(AJ$16,$L80:$X80,#REF!)),0,(LOOKUP(AJ$16,$L80:$X80,#REF!))) -> 0 | ... AM80: =IF(ISERROR(LOOKUP(AM$16,$L80:$X80,#REF!)),0,(LOOKUP(AM$16,$L80:$X80,#REF!))) -> 0 | AP80: =WORKDAY(AQ80,-INDEX(AQ$12:AQ$15,MATCH($I80,$I$12:$I$15,0)),$AW$17:$AW$148) -> #REF! | AQ80: =WORKDAY(U80,-INDEX(U$12:U$15,MATCH($I80,$I$12:$I$15,0)),$AW$17:$AW$148) -> #REF! | AR80: =WORKDAY(U80,-INDEX(U$12:U$15,MATCH($I80,$I$12:$I$15,0)),$AW$17:$AW$148) -> #REF! | AS80: 7 | AW80: #REF!
C81: =C80 -> RFQ-022 | D81: =D80 -> Self Regulator Valve | F81: =F80 -> Instrument | G81: =G80 -> N | I81: =I80 -> LB | J81: Forecast | K81: =K80 -> 46261 | L81: =WORKDAY(IF(K82="",K81,K82),INDEX(L$12:L$15,MATCH($I80,$I$12:$I$15,0))) -> 46262 | M81: =WORKDAY(IF(L82="",L81,L82),INDEX(M$12:M$15,MATCH($I80,$I$12:$I$15,0))) -> 46269 | N81: =WORKDAY(IF(M82="",M81,M82),INDEX(N$12:N$15,MATCH($I80,$I$12:$I$15,0))) -> 46272 | O81: =WORKDAY(IF(N82="",N81,N82),INDEX(O$12:O$15,MATCH($I80,$I$12:$I$15,0))) -> 46279 | R81: =WORKDAY(IF(O82="",O81,O82),INDEX(R$12:R$15,MATCH($I80,$I$12:$I$15,0))) -> 46293 | S81: =WORKDAY(IF(R82="",R81,R82),INDEX(S$12:S$15,MATCH($I80,$I$12:$I$15,0))) -> 46321 | T81: =WORKDAY(IF(S82="",S81,S82),INDEX(T$12:T$15,MATCH($I80,$I$12:$I$15,0))) -> 46324 | U81: =WORKDAY(IF(T82="",T81,T82),INDEX(U$12:U$15,MATCH($I80,$I$12:$I$15,0))) -> 46338 | V81: =WORKDAY(IF(U82="",U81,U82),INDEX(V$12:V$15,MATCH($I80,$I$12:$I$15,0))) -> 46342 | X81: =U81+Y80 -> 46538 | AC81: =IF(ISERROR(LOOKUP(AC$16,$L81:$X81,#REF!)),0,(LOOKUP(AC$16,$L81:$X81,#REF!))) -> 0 | AD81: =IF(ISERROR(LOOKUP(AD$16,$L81:$X81,#REF!)),0,(LOOKUP(AD$16,$L81:$X81,#REF!))) -> 0 | AE81: =IF(ISERROR(LOOKUP(AE$16,$L81:$X81,#REF!)),0,(LOOKUP(AE$16,$L81:$X81,#REF!))) -> 0 | AF81: =IF(ISERROR(LOOKUP(AF$16,$L81:$X81,#REF!)),0,(LOOKUP(AF$16,$L81:$X81,#REF!))) -> 0 | AG81: =IF(ISERROR(LOOKUP(AG$16,$L81:$X81,#REF!)),0,(LOOKUP(AG$16,$L81:$X81,#REF!))) -> 0 | AH81: =IF(ISERROR(LOOKUP(AH$16,$L81:$X81,#REF!)),0,(LOOKUP(AH$16,$L81:$X81,#REF!))) -> 0 | AI81: =IF(ISERROR(LOOKUP(AI$16,$L81:$X81,#REF!)),0,(LOOKUP(AI$16,$L81:$X81,#REF!))) -> 0 | AJ81: =IF(ISERROR(LOOKUP(AJ$16,$L81:$X81,#REF!)),0,(LOOKUP(AJ$16,$L81:$X81,#REF!))) -> 0 | ... AM81: =IF(ISERROR(LOOKUP(AM$16,$L81:$X81,#REF!)),0,(LOOKUP(AM$16,$L81:$X81,#REF!))) -> 0 | AP81: =WORKDAY(IF(T82="",T81,T82),INDEX(AP$12:AP$15,MATCH($I80,$I$12:$I$15,0)),$AW$17:$AW$148) -> #REF! | AQ81: =WORKDAY(IF(AP82="",AP81,AP82),INDEX(AQ$12:AQ$15,MATCH($I80,$I$12:$I$15,0)),$AW$17:$AW$148) -> #REF! | AR81: =WORKDAY(IF(AQ82="",AQ81,AQ82),INDEX(AR$12:AR$15,MATCH($I80,$I$12:$I$15,0)),$AW$17:$AW$148) -> #REF! | AW81: #REF!
C82: =C80 -> RFQ-022 | D82: =D80 -> Self Regulator Valve | F82: =F80 -> Instrument | G82: =G80 -> N | I82: =I80 -> LB | J82: Actual | AC82: =IF(ISERROR(LOOKUP(AC$16,$L82:$X82,#REF!)),0,(LOOKUP(AC$16,$L82:$X82,#REF!))) -> 0 | AD82: =IF(ISERROR(LOOKUP(AD$16,$L82:$X82,#REF!)),0,(LOOKUP(AD$16,$L82:$X82,#REF!))) -> 0 | AE82: =IF(ISERROR(LOOKUP(AE$16,$L82:$X82,#REF!)),0,(LOOKUP(AE$16,$L82:$X82,#REF!))) -> 0 | AF82: =IF(ISERROR(LOOKUP(AF$16,$L82:$X82,#REF!)),0,(LOOKUP(AF$16,$L82:$X82,#REF!))) -> 0 | AG82: =IF(ISERROR(LOOKUP(AG$16,$L82:$X82,#REF!)),0,(LOOKUP(AG$16,$L82:$X82,#REF!))) -> 0 | AH82: =IF(ISERROR(LOOKUP(AH$16,$L82:$X82,#REF!)),0,(LOOKUP(AH$16,$L82:$X82,#REF!))) -> 0 | AI82: =IF(ISERROR(LOOKUP(AI$16,$L82:$X82,#REF!)),0,(LOOKUP(AI$16,$L82:$X82,#REF!))) -> 0 | AJ82: =IF(ISERROR(LOOKUP(AJ$16,$L82:$X82,#REF!)),0,(LOOKUP(AJ$16,$L82:$X82,#REF!))) -> 0 | ... AM82: =IF(ISERROR(LOOKUP(AM$16,$L82:$X82,#REF!)),0,(LOOKUP(AM$16,$L82:$X82,#REF!))) -> 0 | AW82: #REF!
A83: =A80+1 -> 23 | C83: RFQ-023 | D83: Actuated Choke Valve | F83: Instrument | G83: N | I83: LA | J83: Plan | K83: =WORKDAY(L83,-INDEX(L$12:L$15,MATCH($I83,$I$12:$I$15,0))) -> 46153 | L83: =WORKDAY(M83,-INDEX(M$12:M$15,MATCH($I83,$I$12:$I$15,0))) -> 46154 | M83: =WORKDAY(N83,-INDEX(N$12:N$15,MATCH($I83,$I$12:$I$15,0))) -> 46161 | N83: =WORKDAY(O83,-INDEX(O$12:O$15,MATCH($I83,$I$12:$I$15,0))) -> 46162 | O83: =WORKDAY(R83,-INDEX(R$12:R$15,MATCH($I83,$I$12:$I$15,0))) -> 46169 | P83: =U83-L83 -> 76 | R83: =WORKDAY(S83,-INDEX(S$12:S$15,MATCH($I83,$I$12:$I$15,0))) -> 46183 | S83: =WORKDAY(T83,-INDEX(T$12:T$15,MATCH($I83,$I$12:$I$15,0))) -> 46211 | T83: =WORKDAY(U83,-INDEX(U$12:U$15,MATCH($I83,$I$12:$I$15,0))) -> 46216 | U83: =X83-Y83 -> 46230 | V83: =WORKDAY(U83,INDEX(V$12:V$15,MATCH($I83,$I$12:$I$15,0))) -> 46232 | W83: =Y83/7 -> 44 | X83: =Z83 -> 46538 | Y83: =44*7 -> 308 | Z83: 46538 | AA83: 46538 | AB83: =Z83-X84 -> 0 | AC83: =IF(ISERROR(LOOKUP(AC$16,$L83:$X83,#REF!)),0,(LOOKUP(AC$16,$L83:$X83,#REF!))) -> 0 | AD83: =IF(ISERROR(LOOKUP(AD$16,$L83:$X83,#REF!)),0,(LOOKUP(AD$16,$L83:$X83,#REF!))) -> 0 | AE83: =IF(ISERROR(LOOKUP(AE$16,$L83:$X83,#REF!)),0,(LOOKUP(AE$16,$L83:$X83,#REF!))) -> 0 | AF83: =IF(ISERROR(LOOKUP(AF$16,$L83:$X83,#REF!)),0,(LOOKUP(AF$16,$L83:$X83,#REF!))) -> 0 | AG83: =IF(ISERROR(LOOKUP(AG$16,$L83:$X83,#REF!)),0,(LOOKUP(AG$16,$L83:$X83,#REF!))) -> 0 | AH83: =IF(ISERROR(LOOKUP(AH$16,$L83:$X83,#REF!)),0,(LOOKUP(AH$16,$L83:$X83,#REF!))) -> 0 | AI83: =IF(ISERROR(LOOKUP(AI$16,$L83:$X83,#REF!)),0,(LOOKUP(AI$16,$L83:$X83,#REF!))) -> 0 | AJ83: =IF(ISERROR(LOOKUP(AJ$16,$L83:$X83,#REF!)),0,(LOOKUP(AJ$16,$L83:$X83,#REF!))) -> 0 | ... AM83: =IF(ISERROR(LOOKUP(AM$16,$L83:$X83,#REF!)),0,(LOOKUP(AM$16,$L83:$X83,#REF!))) -> 0 | AP83: =WORKDAY(AQ83,-INDEX(AQ$12:AQ$15,MATCH($I83,$I$12:$I$15,0)),$AW$17:$AW$148) -> #REF! | AQ83: =WORKDAY(U83,-INDEX(U$12:U$15,MATCH($I83,$I$12:$I$15,0)),$AW$17:$AW$148) -> #REF! | AR83: =WORKDAY(U83,-INDEX(U$12:U$15,MATCH($I83,$I$12:$I$15,0)),$AW$17:$AW$148) -> #REF! | AS83: 7 | AW83: #REF!
C84: =C83 -> RFQ-023 | D84: =D83 -> Actuated Choke Valve | F84: =F83 -> Instrument | G84: =G83 -> N | I84: =I83 -> LA | J84: Forecast | K84: =K83 -> 46153 | L84: =WORKDAY(IF(K85="",K84,K85),INDEX(L$12:L$15,MATCH($I83,$I$12:$I$15,0))) -> 46154 | M84: =WORKDAY(IF(L85="",L84,L85),INDEX(M$12:M$15,MATCH($I83,$I$12:$I$15,0))) -> 46161 | N84: =WORKDAY(IF(M85="",M84,M85),INDEX(N$12:N$15,MATCH($I83,$I$12:$I$15,0))) -> 46162 | O84: =WORKDAY(IF(N85="",N84,N85),INDEX(O$12:O$15,MATCH($I83,$I$12:$I$15,0))) -> 46169 | R84: =WORKDAY(IF(O85="",O84,O85),INDEX(R$12:R$15,MATCH($I83,$I$12:$I$15,0))) -> 46183 | S84: =WORKDAY(IF(R85="",R84,R85),INDEX(S$12:S$15,MATCH($I83,$I$12:$I$15,0))) -> 46211 | T84: =WORKDAY(IF(S85="",S84,S85),INDEX(T$12:T$15,MATCH($I83,$I$12:$I$15,0))) -> 46216 | U84: =WORKDAY(IF(T85="",T84,T85),INDEX(U$12:U$15,MATCH($I83,$I$12:$I$15,0))) -> 46230 | V84: =WORKDAY(IF(U85="",U84,U85),INDEX(V$12:V$15,MATCH($I83,$I$12:$I$15,0))) -> 46232 | X84: =U84+Y83 -> 46538 | AC84: =IF(ISERROR(LOOKUP(AC$16,$L84:$X84,#REF!)),0,(LOOKUP(AC$16,$L84:$X84,#REF!))) -> 0 | AD84: =IF(ISERROR(LOOKUP(AD$16,$L84:$X84,#REF!)),0,(LOOKUP(AD$16,$L84:$X84,#REF!))) -> 0 | AE84: =IF(ISERROR(LOOKUP(AE$16,$L84:$X84,#REF!)),0,(LOOKUP(AE$16,$L84:$X84,#REF!))) -> 0 | AF84: =IF(ISERROR(LOOKUP(AF$16,$L84:$X84,#REF!)),0,(LOOKUP(AF$16,$L84:$X84,#REF!))) -> 0 | AG84: =IF(ISERROR(LOOKUP(AG$16,$L84:$X84,#REF!)),0,(LOOKUP(AG$16,$L84:$X84,#REF!))) -> 0 | AH84: =IF(ISERROR(LOOKUP(AH$16,$L84:$X84,#REF!)),0,(LOOKUP(AH$16,$L84:$X84,#REF!))) -> 0 | AI84: =IF(ISERROR(LOOKUP(AI$16,$L84:$X84,#REF!)),0,(LOOKUP(AI$16,$L84:$X84,#REF!))) -> 0 | AJ84: =IF(ISERROR(LOOKUP(AJ$16,$L84:$X84,#REF!)),0,(LOOKUP(AJ$16,$L84:$X84,#REF!))) -> 0 | ... AM84: =IF(ISERROR(LOOKUP(AM$16,$L84:$X84,#REF!)),0,(LOOKUP(AM$16,$L84:$X84,#REF!))) -> 0 | AP84: =WORKDAY(IF(T85="",T84,T85),INDEX(AP$12:AP$15,MATCH($I83,$I$12:$I$15,0)),$AW$17:$AW$148) -> #REF! | AQ84: =WORKDAY(IF(AP85="",AP84,AP85),INDEX(AQ$12:AQ$15,MATCH($I83,$I$12:$I$15,0)),$AW$17:$AW$148) -> #REF! | AR84: =WORKDAY(IF(AQ85="",AQ84,AQ85),INDEX(AR$12:AR$15,MATCH($I83,$I$12:$I$15,0)),$AW$17:$AW$148) -> #REF! | AW84: #REF!
C85: =C83 -> RFQ-023 | D85: =D83 -> Actuated Choke Valve | F85: =F83 -> Instrument | G85: =G83 -> N | I85: =I83 -> LA | J85: Actual | AC85: =IF(ISERROR(LOOKUP(AC$16,$L85:$X85,#REF!)),0,(LOOKUP(AC$16,$L85:$X85,#REF!))) -> 0 | AD85: =IF(ISERROR(LOOKUP(AD$16,$L85:$X85,#REF!)),0,(LOOKUP(AD$16,$L85:$X85,#REF!))) -> 0 | AE85: =IF(ISERROR(LOOKUP(AE$16,$L85:$X85,#REF!)),0,(LOOKUP(AE$16,$L85:$X85,#REF!))) -> 0 | AF85: =IF(ISERROR(LOOKUP(AF$16,$L85:$X85,#REF!)),0,(LOOKUP(AF$16,$L85:$X85,#REF!))) -> 0 | AG85: =IF(ISERROR(LOOKUP(AG$16,$L85:$X85,#REF!)),0,(LOOKUP(AG$16,$L85:$X85,#REF!))) -> 0 | AH85: =IF(ISERROR(LOOKUP(AH$16,$L85:$X85,#REF!)),0,(LOOKUP(AH$16,$L85:$X85,#REF!))) -> 0 | AI85: =IF(ISERROR(LOOKUP(AI$16,$L85:$X85,#REF!)),0,(LOOKUP(AI$16,$L85:$X85,#REF!))) -> 0 | AJ85: =IF(ISERROR(LOOKUP(AJ$16,$L85:$X85,#REF!)),0,(LOOKUP(AJ$16,$L85:$X85,#REF!))) -> 0 | ... AM85: =IF(ISERROR(LOOKUP(AM$16,$L85:$X85,#REF!)),0,(LOOKUP(AM$16,$L85:$X85,#REF!))) -> 0 | AW85: #REF!
A86: =A83+1 -> 24 | C86: RFQ-024 | D86: Actuated Ball Valve | F86: Instrument | G86: N | I86: LB | J86: Plan | K86: =WORKDAY(L86,-INDEX(L$12:L$15,MATCH($I86,$I$12:$I$15,0))) -> 46209 | L86: =WORKDAY(M86,-INDEX(M$12:M$15,MATCH($I86,$I$12:$I$15,0))) -> 46210 | M86: =WORKDAY(N86,-INDEX(N$12:N$15,MATCH($I86,$I$12:$I$15,0))) -> 46217 | N86: =WORKDAY(O86,-INDEX(O$12:O$15,MATCH($I86,$I$12:$I$15,0))) -> 46218 | O86: =WORKDAY(R86,-INDEX(R$12:R$15,MATCH($I86,$I$12:$I$15,0))) -> 46225 | P86: =U86-L86 -> 76 | R86: =WORKDAY(S86,-INDEX(S$12:S$15,MATCH($I86,$I$12:$I$15,0))) -> 46239 | S86: =WORKDAY(T86,-INDEX(T$12:T$15,MATCH($I86,$I$12:$I$15,0))) -> 46267 | T86: =WORKDAY(U86,-INDEX(U$12:U$15,MATCH($I86,$I$12:$I$15,0))) -> 46272 | U86: =X86-Y86 -> 46286 | V86: =WORKDAY(U86,INDEX(V$12:V$15,MATCH($I86,$I$12:$I$15,0))) -> 46288 | W86: =Y86/7 -> 36 | X86: =Z86 -> 46538 | Y86: =36*7 -> 252 | Z86: 46538 | AA86: 46538 | AB86: =Z86-X87 -> 0 | AC86: =IF(ISERROR(LOOKUP(AC$16,$L86:$X86,#REF!)),0,(LOOKUP(AC$16,$L86:$X86,#REF!))) -> 0 | AD86: =IF(ISERROR(LOOKUP(AD$16,$L86:$X86,#REF!)),0,(LOOKUP(AD$16,$L86:$X86,#REF!))) -> 0 | AE86: =IF(ISERROR(LOOKUP(AE$16,$L86:$X86,#REF!)),0,(LOOKUP(AE$16,$L86:$X86,#REF!))) -> 0 | AF86: =IF(ISERROR(LOOKUP(AF$16,$L86:$X86,#REF!)),0,(LOOKUP(AF$16,$L86:$X86,#REF!))) -> 0 | AG86: =IF(ISERROR(LOOKUP(AG$16,$L86:$X86,#REF!)),0,(LOOKUP(AG$16,$L86:$X86,#REF!))) -> 0 | AH86: =IF(ISERROR(LOOKUP(AH$16,$L86:$X86,#REF!)),0,(LOOKUP(AH$16,$L86:$X86,#REF!))) -> 0 | AI86: =IF(ISERROR(LOOKUP(AI$16,$L86:$X86,#REF!)),0,(LOOKUP(AI$16,$L86:$X86,#REF!))) -> 0 | AJ86: =IF(ISERROR(LOOKUP(AJ$16,$L86:$X86,#REF!)),0,(LOOKUP(AJ$16,$L86:$X86,#REF!))) -> 0 | ... AM86: =IF(ISERROR(LOOKUP(AM$16,$L86:$X86,#REF!)),0,(LOOKUP(AM$16,$L86:$X86,#REF!))) -> 0 | AP86: =WORKDAY(AQ86,-INDEX(AQ$12:AQ$15,MATCH($I86,$I$12:$I$15,0)),$AW$17:$AW$148) -> #REF! | AQ86: =WORKDAY(U86,-INDEX(U$12:U$15,MATCH($I86,$I$12:$I$15,0)),$AW$17:$AW$148) -> #REF! | AR86: =WORKDAY(U86,-INDEX(U$12:U$15,MATCH($I86,$I$12:$I$15,0)),$AW$17:$AW$148) -> #REF! | AS86: 7 | AW86: #REF!
C87: =C86 -> RFQ-024 | D87: =D86 -> Actuated Ball Valve | F87: =F86 -> Instrument | G87: =G86 -> N | I87: =I86 -> LB | J87: Forecast | K87: =K86 -> 46209 | L87: =WORKDAY(IF(K88="",K87,K88),INDEX(L$12:L$15,MATCH($I86,$I$12:$I$15,0))) -> 46210 | M87: =WORKDAY(IF(L88="",L87,L88),INDEX(M$12:M$15,MATCH($I86,$I$12:$I$15,0))) -> 46217 | N87: =WORKDAY(IF(M88="",M87,M88),INDEX(N$12:N$15,MATCH($I86,$I$12:$I$15,0))) -> 46218 | O87: =WORKDAY(IF(N88="",N87,N88),INDEX(O$12:O$15,MATCH($I86,$I$12:$I$15,0))) -> 46225 | R87: =WORKDAY(IF(O88="",O87,O88),INDEX(R$12:R$15,MATCH($I86,$I$12:$I$15,0))) -> 46239 | S87: =WORKDAY(IF(R88="",R87,R88),INDEX(S$12:S$15,MATCH($I86,$I$12:$I$15,0))) -> 46267 | T87: =WORKDAY(IF(S88="",S87,S88),INDEX(T$12:T$15,MATCH($I86,$I$12:$I$15,0))) -> 46272 | U87: =WORKDAY(IF(T88="",T87,T88),INDEX(U$12:U$15,MATCH($I86,$I$12:$I$15,0))) -> 46286 | V87: =WORKDAY(IF(U88="",U87,U88),INDEX(V$12:V$15,MATCH($I86,$I$12:$I$15,0))) -> 46288 | X87: =U87+Y86 -> 46538 | AC87: =IF(ISERROR(LOOKUP(AC$16,$L87:$X87,#REF!)),0,(LOOKUP(AC$16,$L87:$X87,#REF!))) -> 0 | AD87: =IF(ISERROR(LOOKUP(AD$16,$L87:$X87,#REF!)),0,(LOOKUP(AD$16,$L87:$X87,#REF!))) -> 0 | AE87: =IF(ISERROR(LOOKUP(AE$16,$L87:$X87,#REF!)),0,(LOOKUP(AE$16,$L87:$X87,#REF!))) -> 0 | AF87: =IF(ISERROR(LOOKUP(AF$16,$L87:$X87,#REF!)),0,(LOOKUP(AF$16,$L87:$X87,#REF!))) -> 0 | AG87: =IF(ISERROR(LOOKUP(AG$16,$L87:$X87,#REF!)),0,(LOOKUP(AG$16,$L87:$X87,#REF!))) -> 0 | AH87: =IF(ISERROR(LOOKUP(AH$16,$L87:$X87,#REF!)),0,(LOOKUP(AH$16,$L87:$X87,#REF!))) -> 0 | AI87: =IF(ISERROR(LOOKUP(AI$16,$L87:$X87,#REF!)),0,(LOOKUP(AI$16,$L87:$X87,#REF!))) -> 0 | AJ87: =IF(ISERROR(LOOKUP(AJ$16,$L87:$X87,#REF!)),0,(LOOKUP(AJ$16,$L87:$X87,#REF!))) -> 0 | ... AM87: =IF(ISERROR(LOOKUP(AM$16,$L87:$X87,#REF!)),0,(LOOKUP(AM$16,$L87:$X87,#REF!))) -> 0 | AP87: =WORKDAY(IF(T88="",T87,T88),INDEX(AP$12:AP$15,MATCH($I86,$I$12:$I$15,0)),$AW$17:$AW$148) -> #REF! | AQ87: =WORKDAY(IF(AP88="",AP87,AP88),INDEX(AQ$12:AQ$15,MATCH($I86,$I$12:$I$15,0)),$AW$17:$AW$148) -> #REF! | AR87: =WORKDAY(IF(AQ88="",AQ87,AQ88),INDEX(AR$12:AR$15,MATCH($I86,$I$12:$I$15,0)),$AW$17:$AW$148) -> #REF! | AW87: #REF!
C88: =C86 -> RFQ-024 | D88: =D86 -> Actuated Ball Valve | F88: =F86 -> Instrument | G88: =G86 -> N | I88: =I86 -> LB | J88: Actual | AC88: =IF(ISERROR(LOOKUP(AC$16,$L88:$X88,#REF!)),0,(LOOKUP(AC$16,$L88:$X88,#REF!))) -> 0 | AD88: =IF(ISERROR(LOOKUP(AD$16,$L88:$X88,#REF!)),0,(LOOKUP(AD$16,$L88:$X88,#REF!))) -> 0 | AE88: =IF(ISERROR(LOOKUP(AE$16,$L88:$X88,#REF!)),0,(LOOKUP(AE$16,$L88:$X88,#REF!))) -> 0 | AF88: =IF(ISERROR(LOOKUP(AF$16,$L88:$X88,#REF!)),0,(LOOKUP(AF$16,$L88:$X88,#REF!))) -> 0 | AG88: =IF(ISERROR(LOOKUP(AG$16,$L88:$X88,#REF!)),0,(LOOKUP(AG$16,$L88:$X88,#REF!))) -> 0 | AH88: =IF(ISERROR(LOOKUP(AH$16,$L88:$X88,#REF!)),0,(LOOKUP(AH$16,$L88:$X88,#REF!))) -> 0 | AI88: =IF(ISERROR(LOOKUP(AI$16,$L88:$X88,#REF!)),0,(LOOKUP(AI$16,$L88:$X88,#REF!))) -> 0 | AJ88: =IF(ISERROR(LOOKUP(AJ$16,$L88:$X88,#REF!)),0,(LOOKUP(AJ$16,$L88:$X88,#REF!))) -> 0 | ... AM88: =IF(ISERROR(LOOKUP(AM$16,$L88:$X88,#REF!)),0,(LOOKUP(AM$16,$L88:$X88,#REF!))) -> 0 | AW88: #REF!
A89: =A86+1 -> 25 | C89: RFQ-025 | D89: Actuated Compact Ball Valve | F89: Instrument | G89: =IF(_xlfn.XLOOKUP(C89,'[35]Before Award'!D:D,'[35]Before Award'!AV:AV,"N/A")="N/A","N","Y") -> N | I89: LB | J89: Plan | K89: =WORKDAY(L89,-INDEX(L$12:L$15,MATCH($I89,$I$12:$I$15,0))) -> 46181 | L89: =WORKDAY(M89,-INDEX(M$12:M$15,MATCH($I89,$I$12:$I$15,0))) -> 46182 | M89: =WORKDAY(N89,-INDEX(N$12:N$15,MATCH($I89,$I$12:$I$15,0))) -> 46189 | N89: =WORKDAY(O89,-INDEX(O$12:O$15,MATCH($I89,$I$12:$I$15,0))) -> 46190 | O89: =WORKDAY(R89,-INDEX(R$12:R$15,MATCH($I89,$I$12:$I$15,0))) -> 46197 | P89: =U89-L89 -> 76 | R89: =WORKDAY(S89,-INDEX(S$12:S$15,MATCH($I89,$I$12:$I$15,0))) -> 46211 | S89: =WORKDAY(T89,-INDEX(T$12:T$15,MATCH($I89,$I$12:$I$15,0))) -> 46239 | T89: =WORKDAY(U89,-INDEX(U$12:U$15,MATCH($I89,$I$12:$I$15,0))) -> 46244 | U89: =X89-Y89 -> 46258 | V89: =WORKDAY(U89,INDEX(V$12:V$15,MATCH($I89,$I$12:$I$15,0))) -> 46260 | W89: =Y89/7 -> 40 | X89: =Z89 -> 46538 | Y89: 280 | Z89: 46538 | AA89: 46538 | AB89: =Z89-X90 -> 0 | AC89: =IF(ISERROR(LOOKUP(AC$16,$L89:$X89,#REF!)),0,(LOOKUP(AC$16,$L89:$X89,#REF!))) -> 0 | AD89: =IF(ISERROR(LOOKUP(AD$16,$L89:$X89,#REF!)),0,(LOOKUP(AD$16,$L89:$X89,#REF!))) -> 0 | AE89: =IF(ISERROR(LOOKUP(AE$16,$L89:$X89,#REF!)),0,(LOOKUP(AE$16,$L89:$X89,#REF!))) -> 0 | AF89: =IF(ISERROR(LOOKUP(AF$16,$L89:$X89,#REF!)),0,(LOOKUP(AF$16,$L89:$X89,#REF!))) -> 0 | AG89: =IF(ISERROR(LOOKUP(AG$16,$L89:$X89,#REF!)),0,(LOOKUP(AG$16,$L89:$X89,#REF!))) -> 0 | AH89: =IF(ISERROR(LOOKUP(AH$16,$L89:$X89,#REF!)),0,(LOOKUP(AH$16,$L89:$X89,#REF!))) -> 0 | AI89: =IF(ISERROR(LOOKUP(AI$16,$L89:$X89,#REF!)),0,(LOOKUP(AI$16,$L89:$X89,#REF!))) -> 0 | AJ89: =IF(ISERROR(LOOKUP(AJ$16,$L89:$X89,#REF!)),0,(LOOKUP(AJ$16,$L89:$X89,#REF!))) -> 0 | ... AM89: =IF(ISERROR(LOOKUP(AM$16,$L89:$X89,#REF!)),0,(LOOKUP(AM$16,$L89:$X89,#REF!))) -> 0 | AP89: =WORKDAY(AQ89,-INDEX(AQ$12:AQ$15,MATCH($I89,$I$12:$I$15,0)),$AW$17:$AW$148) -> #REF! | AQ89: =WORKDAY(U89,-INDEX(U$12:U$15,MATCH($I89,$I$12:$I$15,0)),$AW$17:$AW$148) -> #REF! | AR89: =WORKDAY(U89,-INDEX(U$12:U$15,MATCH($I89,$I$12:$I$15,0)),$AW$17:$AW$148) -> #REF! | AS89: 7 | AW89: #REF!
C90: =C89 -> RFQ-025 | D90: =D89 -> Actuated Compact Ball Valve | F90: =F89 -> Instrument | G90: =G89 -> N | I90: =I89 -> LB | J90: Forecast | K90: =K89 -> 46181 | L90: =WORKDAY(IF(K91="",K90,K91),INDEX(L$12:L$15,MATCH($I89,$I$12:$I$15,0))) -> 46182 | M90: =WORKDAY(IF(L91="",L90,L91),INDEX(M$12:M$15,MATCH($I89,$I$12:$I$15,0))) -> 46189 | N90: =WORKDAY(IF(M91="",M90,M91),INDEX(N$12:N$15,MATCH($I89,$I$12:$I$15,0))) -> 46190 | O90: =WORKDAY(IF(N91="",N90,N91),INDEX(O$12:O$15,MATCH($I89,$I$12:$I$15,0))) -> 46197 | R90: =WORKDAY(IF(O91="",O90,O91),INDEX(R$12:R$15,MATCH($I89,$I$12:$I$15,0))) -> 46211 | S90: =WORKDAY(IF(R91="",R90,R91),INDEX(S$12:S$15,MATCH($I89,$I$12:$I$15,0))) -> 46239 | T90: =WORKDAY(IF(S91="",S90,S91),INDEX(T$12:T$15,MATCH($I89,$I$12:$I$15,0))) -> 46244 | U90: =WORKDAY(IF(T91="",T90,T91),INDEX(U$12:U$15,MATCH($I89,$I$12:$I$15,0))) -> 46258 | V90: =WORKDAY(IF(U91="",U90,U91),INDEX(V$12:V$15,MATCH($I89,$I$12:$I$15,0))) -> 46260 | X90: =U90+Y89 -> 46538 | AC90: =IF(ISERROR(LOOKUP(AC$16,$L90:$X90,#REF!)),0,(LOOKUP(AC$16,$L90:$X90,#REF!))) -> 0 | AD90: =IF(ISERROR(LOOKUP(AD$16,$L90:$X90,#REF!)),0,(LOOKUP(AD$16,$L90:$X90,#REF!))) -> 0 | AE90: =IF(ISERROR(LOOKUP(AE$16,$L90:$X90,#REF!)),0,(LOOKUP(AE$16,$L90:$X90,#REF!))) -> 0 | AF90: =IF(ISERROR(LOOKUP(AF$16,$L90:$X90,#REF!)),0,(LOOKUP(AF$16,$L90:$X90,#REF!))) -> 0 | AG90: =IF(ISERROR(LOOKUP(AG$16,$L90:$X90,#REF!)),0,(LOOKUP(AG$16,$L90:$X90,#REF!))) -> 0 | AH90: =IF(ISERROR(LOOKUP(AH$16,$L90:$X90,#REF!)),0,(LOOKUP(AH$16,$L90:$X90,#REF!))) -> 0 | AI90: =IF(ISERROR(LOOKUP(AI$16,$L90:$X90,#REF!)),0,(LOOKUP(AI$16,$L90:$X90,#REF!))) -> 0 | AJ90: =IF(ISERROR(LOOKUP(AJ$16,$L90:$X90,#REF!)),0,(LOOKUP(AJ$16,$L90:$X90,#REF!))) -> 0 | ... AM90: =IF(ISERROR(LOOKUP(AM$16,$L90:$X90,#REF!)),0,(LOOKUP(AM$16,$L90:$X90,#REF!))) -> 0 | AP90: =WORKDAY(IF(T91="",T90,T91),INDEX(AP$12:AP$15,MATCH($I89,$I$12:$I$15,0)),$AW$17:$AW$148) -> #REF! | AQ90: =WORKDAY(IF(AP91="",AP90,AP91),INDEX(AQ$12:AQ$15,MATCH($I89,$I$12:$I$15,0)),$AW$17:$AW$148) -> #REF! | AR90: =WORKDAY(IF(AQ91="",AQ90,AQ91),INDEX(AR$12:AR$15,MATCH($I89,$I$12:$I$15,0)),$AW$17:$AW$148) -> #REF! | AW90: #REF!
C91: =C89 -> RFQ-025 | D91: =D89 -> Actuated Compact Ball Valve | F91: =F89 -> Instrument | G91: =G89 -> N | I91: =I89 -> LB | J91: Actual | AC91: =IF(ISERROR(LOOKUP(AC$16,$L91:$X91,#REF!)),0,(LOOKUP(AC$16,$L91:$X91,#REF!))) -> 0 | AD91: =IF(ISERROR(LOOKUP(AD$16,$L91:$X91,#REF!)),0,(LOOKUP(AD$16,$L91:$X91,#REF!))) -> 0 | AE91: =IF(ISERROR(LOOKUP(AE$16,$L91:$X91,#REF!)),0,(LOOKUP(AE$16,$L91:$X91,#REF!))) -> 0 | AF91: =IF(ISERROR(LOOKUP(AF$16,$L91:$X91,#REF!)),0,(LOOKUP(AF$16,$L91:$X91,#REF!))) -> 0 | AG91: =IF(ISERROR(LOOKUP(AG$16,$L91:$X91,#REF!)),0,(LOOKUP(AG$16,$L91:$X91,#REF!))) -> 0 | AH91: =IF(ISERROR(LOOKUP(AH$16,$L91:$X91,#REF!)),0,(LOOKUP(AH$16,$L91:$X91,#REF!))) -> 0 | AI91: =IF(ISERROR(LOOKUP(AI$16,$L91:$X91,#REF!)),0,(LOOKUP(AI$16,$L91:$X91,#REF!))) -> 0 | AJ91: =IF(ISERROR(LOOKUP(AJ$16,$L91:$X91,#REF!)),0,(LOOKUP(AJ$16,$L91:$X91,#REF!))) -> 0 | ... AM91: =IF(ISERROR(LOOKUP(AM$16,$L91:$X91,#REF!)),0,(LOOKUP(AM$16,$L91:$X91,#REF!))) -> 0 | AW91: #REF!
A92: =A89+1 -> 26 | C92: RFQ-026 | D92: Safety Relief Valves | F92: Instrument | G92: N | I92: LB | J92: Plan | K92: =WORKDAY(L92,-INDEX(L$12:L$15,MATCH($I92,$I$12:$I$15,0))) -> 46279 | L92: =WORKDAY(M92,-INDEX(M$12:M$15,MATCH($I92,$I$12:$I$15,0))) -> 46280 | M92: =WORKDAY(N92,-INDEX(N$12:N$15,MATCH($I92,$I$12:$I$15,0))) -> 46287 | N92: =WORKDAY(O92,-INDEX(O$12:O$15,MATCH($I92,$I$12:$I$15,0))) -> 46288 | O92: =WORKDAY(R92,-INDEX(R$12:R$15,MATCH($I92,$I$12:$I$15,0))) -> 46295 | P92: =U92-L92 -> 76 | R92: =WORKDAY(S92,-INDEX(S$12:S$15,MATCH($I92,$I$12:$I$15,0))) -> 46309 | S92: =WORKDAY(T92,-INDEX(T$12:T$15,MATCH($I92,$I$12:$I$15,0))) -> 46337 | T92: =WORKDAY(U92,-INDEX(U$12:U$15,MATCH($I92,$I$12:$I$15,0))) -> 46342 | U92: =X92-Y92+2 -> 46356 | V92: =WORKDAY(U92,INDEX(V$12:V$15,MATCH($I92,$I$12:$I$15,0))) -> 46358 | W92: =Y92/7 -> 26.285714 | X92: =Z92 -> 46538 | Y92: 184 | Z92: 46538 | AA92: 46538 | AB92: =Z92-X93 -> 0 | AC92: =IF(ISERROR(LOOKUP(AC$16,$L92:$X92,#REF!)),0,(LOOKUP(AC$16,$L92:$X92,#REF!))) -> 0 | AD92: =IF(ISERROR(LOOKUP(AD$16,$L92:$X92,#REF!)),0,(LOOKUP(AD$16,$L92:$X92,#REF!))) -> 0 | AE92: =IF(ISERROR(LOOKUP(AE$16,$L92:$X92,#REF!)),0,(LOOKUP(AE$16,$L92:$X92,#REF!))) -> 0 | AF92: =IF(ISERROR(LOOKUP(AF$16,$L92:$X92,#REF!)),0,(LOOKUP(AF$16,$L92:$X92,#REF!))) -> 0 | AG92: =IF(ISERROR(LOOKUP(AG$16,$L92:$X92,#REF!)),0,(LOOKUP(AG$16,$L92:$X92,#REF!))) -> 0 | AH92: =IF(ISERROR(LOOKUP(AH$16,$L92:$X92,#REF!)),0,(LOOKUP(AH$16,$L92:$X92,#REF!))) -> 0 | AI92: =IF(ISERROR(LOOKUP(AI$16,$L92:$X92,#REF!)),0,(LOOKUP(AI$16,$L92:$X92,#REF!))) -> 0 | AJ92: =IF(ISERROR(LOOKUP(AJ$16,$L92:$X92,#REF!)),0,(LOOKUP(AJ$16,$L92:$X92,#REF!))) -> 0 | ... AM92: =IF(ISERROR(LOOKUP(AM$16,$L92:$X92,#REF!)),0,(LOOKUP(AM$16,$L92:$X92,#REF!))) -> 0 | AP92: =WORKDAY(AQ92,-INDEX(AQ$12:AQ$15,MATCH($I92,$I$12:$I$15,0)),$AW$17:$AW$148) -> #REF! | AQ92: =WORKDAY(U92,-INDEX(U$12:U$15,MATCH($I92,$I$12:$I$15,0)),$AW$17:$AW$148) -> #REF! | AR92: =WORKDAY(U92,-INDEX(U$12:U$15,MATCH($I92,$I$12:$I$15,0)),$AW$17:$AW$148) -> #REF! | AS92: 7 | AW92: #REF!
C93: =C92 -> RFQ-026 | D93: =D92 -> Safety Relief Valves | F93: =F92 -> Instrument | G93: =G92 -> N | I93: =I92 -> LB | J93: Forecast | K93: =K92 -> 46279 | L93: =WORKDAY(IF(K94="",K93,K94),INDEX(L$12:L$15,MATCH($I92,$I$12:$I$15,0))) -> 46280 | M93: =WORKDAY(IF(L94="",L93,L94),INDEX(M$12:M$15,MATCH($I92,$I$12:$I$15,0))) -> 46287 | N93: =WORKDAY(IF(M94="",M93,M94),INDEX(N$12:N$15,MATCH($I92,$I$12:$I$15,0))) -> 46288 | O93: =WORKDAY(IF(N94="",N93,N94),INDEX(O$12:O$15,MATCH($I92,$I$12:$I$15,0))) -> 46295 | R93: =WORKDAY(IF(O94="",O93,O94),INDEX(R$12:R$15,MATCH($I92,$I$12:$I$15,0))) -> 46309 | S93: =WORKDAY(IF(R94="",R93,R94),INDEX(S$12:S$15,MATCH($I92,$I$12:$I$15,0))) -> 46337 | T93: =WORKDAY(IF(S94="",S93,S94),INDEX(T$12:T$15,MATCH($I92,$I$12:$I$15,0))) -> 46342 | U93: =WORKDAY(IF(T94="",T93,T94),INDEX(U$12:U$15,MATCH($I92,$I$12:$I$15,0))) -> 46356 | V93: =WORKDAY(IF(U94="",U93,U94),INDEX(V$12:V$15,MATCH($I92,$I$12:$I$15,0))) -> 46358 | X93: =U93+Y92-2 -> 46538 | AC93: =IF(ISERROR(LOOKUP(AC$16,$L93:$X93,#REF!)),0,(LOOKUP(AC$16,$L93:$X93,#REF!))) -> 0 | AD93: =IF(ISERROR(LOOKUP(AD$16,$L93:$X93,#REF!)),0,(LOOKUP(AD$16,$L93:$X93,#REF!))) -> 0 | AE93: =IF(ISERROR(LOOKUP(AE$16,$L93:$X93,#REF!)),0,(LOOKUP(AE$16,$L93:$X93,#REF!))) -> 0 | AF93: =IF(ISERROR(LOOKUP(AF$16,$L93:$X93,#REF!)),0,(LOOKUP(AF$16,$L93:$X93,#REF!))) -> 0 | AG93: =IF(ISERROR(LOOKUP(AG$16,$L93:$X93,#REF!)),0,(LOOKUP(AG$16,$L93:$X93,#REF!))) -> 0 | AH93: =IF(ISERROR(LOOKUP(AH$16,$L93:$X93,#REF!)),0,(LOOKUP(AH$16,$L93:$X93,#REF!))) -> 0 | AI93: =IF(ISERROR(LOOKUP(AI$16,$L93:$X93,#REF!)),0,(LOOKUP(AI$16,$L93:$X93,#REF!))) -> 0 | AJ93: =IF(ISERROR(LOOKUP(AJ$16,$L93:$X93,#REF!)),0,(LOOKUP(AJ$16,$L93:$X93,#REF!))) -> 0 | ... AM93: =IF(ISERROR(LOOKUP(AM$16,$L93:$X93,#REF!)),0,(LOOKUP(AM$16,$L93:$X93,#REF!))) -> 0 | AP93: =WORKDAY(IF(T94="",T93,T94),INDEX(AP$12:AP$15,MATCH($I92,$I$12:$I$15,0)),$AW$17:$AW$148) -> #REF! | AQ93: =WORKDAY(IF(AP94="",AP93,AP94),INDEX(AQ$12:AQ$15,MATCH($I92,$I$12:$I$15,0)),$AW$17:$AW$148) -> #REF! | AR93: =WORKDAY(IF(AQ94="",AQ93,AQ94),INDEX(AR$12:AR$15,MATCH($I92,$I$12:$I$15,0)),$AW$17:$AW$148) -> #REF! | AW93: #REF!
C94: =C92 -> RFQ-026 | D94: =D92 -> Safety Relief Valves | F94: =F92 -> Instrument | G94: =G92 -> N | I94: =I92 -> LB | J94: Actual | AC94: =IF(ISERROR(LOOKUP(AC$16,$L94:$X94,#REF!)),0,(LOOKUP(AC$16,$L94:$X94,#REF!))) -> 0 | AD94: =IF(ISERROR(LOOKUP(AD$16,$L94:$X94,#REF!)),0,(LOOKUP(AD$16,$L94:$X94,#REF!))) -> 0 | AE94: =IF(ISERROR(LOOKUP(AE$16,$L94:$X94,#REF!)),0,(LOOKUP(AE$16,$L94:$X94,#REF!))) -> 0 | AF94: =IF(ISERROR(LOOKUP(AF$16,$L94:$X94,#REF!)),0,(LOOKUP(AF$16,$L94:$X94,#REF!))) -> 0 | AG94: =IF(ISERROR(LOOKUP(AG$16,$L94:$X94,#REF!)),0,(LOOKUP(AG$16,$L94:$X94,#REF!))) -> 0 | AH94: =IF(ISERROR(LOOKUP(AH$16,$L94:$X94,#REF!)),0,(LOOKUP(AH$16,$L94:$X94,#REF!))) -> 0 | AI94: =IF(ISERROR(LOOKUP(AI$16,$L94:$X94,#REF!)),0,(LOOKUP(AI$16,$L94:$X94,#REF!))) -> 0 | AJ94: =IF(ISERROR(LOOKUP(AJ$16,$L94:$X94,#REF!)),0,(LOOKUP(AJ$16,$L94:$X94,#REF!))) -> 0 | ... AM94: =IF(ISERROR(LOOKUP(AM$16,$L94:$X94,#REF!)),0,(LOOKUP(AM$16,$L94:$X94,#REF!))) -> 0 | AW94: #REF!
A95: =A92+1 -> 27 | C95: RFQ-027 | D95: Coriolis Flow Meters | F95: Instrument | G95: N | I95: LC | J95: Plan | K95: =WORKDAY(L95,-INDEX(L$12:L$15,MATCH($I95,$I$12:$I$15,0))) -> 46296 | L95: =WORKDAY(M95,-INDEX(M$12:M$15,MATCH($I95,$I$12:$I$15,0))) -> 46301 | M95: =WORKDAY(N95,-INDEX(N$12:N$15,MATCH($I95,$I$12:$I$15,0))) -> 46315 | N95: =WORKDAY(O95,-INDEX(O$12:O$15,MATCH($I95,$I$12:$I$15,0))) -> 46316 | O95: =WORKDAY(R95,-INDEX(R$12:R$15,MATCH($I95,$I$12:$I$15,0))) -> 46330 | P95: =U95-L95 -> 92 | R95: =WORKDAY(S95,-INDEX(S$12:S$15,MATCH($I95,$I$12:$I$15,0))) -> 46344 | S95: =WORKDAY(T95,-INDEX(T$12:T$15,MATCH($I95,$I$12:$I$15,0))) -> 46365 | T95: =WORKDAY(U95,-INDEX(U$12:U$15,MATCH($I95,$I$12:$I$15,0))) -> 46379 | U95: =X95-Y95 -> 46393 | V95: =WORKDAY(U95,INDEX(V$12:V$15,MATCH($I95,$I$12:$I$15,0))) -> 46395 | W95: =Y95/7 -> 20.714286 | X95: =Z95 -> 46538 | Y95: 145 | Z95: 46538 | AA95: 46538 | AB95: =Z95-X96 -> 0 | AC95: =IF(ISERROR(LOOKUP(AC$16,$L95:$X95,#REF!)),0,(LOOKUP(AC$16,$L95:$X95,#REF!))) -> 0 | AD95: =IF(ISERROR(LOOKUP(AD$16,$L95:$X95,#REF!)),0,(LOOKUP(AD$16,$L95:$X95,#REF!))) -> 0 | AE95: =IF(ISERROR(LOOKUP(AE$16,$L95:$X95,#REF!)),0,(LOOKUP(AE$16,$L95:$X95,#REF!))) -> 0 | AF95: =IF(ISERROR(LOOKUP(AF$16,$L95:$X95,#REF!)),0,(LOOKUP(AF$16,$L95:$X95,#REF!))) -> 0 | AG95: =IF(ISERROR(LOOKUP(AG$16,$L95:$X95,#REF!)),0,(LOOKUP(AG$16,$L95:$X95,#REF!))) -> 0 | AH95: =IF(ISERROR(LOOKUP(AH$16,$L95:$X95,#REF!)),0,(LOOKUP(AH$16,$L95:$X95,#REF!))) -> 0 | AI95: =IF(ISERROR(LOOKUP(AI$16,$L95:$X95,#REF!)),0,(LOOKUP(AI$16,$L95:$X95,#REF!))) -> 0 | AJ95: =IF(ISERROR(LOOKUP(AJ$16,$L95:$X95,#REF!)),0,(LOOKUP(AJ$16,$L95:$X95,#REF!))) -> 0 | ... AM95: =IF(ISERROR(LOOKUP(AM$16,$L95:$X95,#REF!)),0,(LOOKUP(AM$16,$L95:$X95,#REF!))) -> 0 | AP95: =WORKDAY(AQ95,-INDEX(AQ$12:AQ$15,MATCH($I95,$I$12:$I$15,0)),$AW$17:$AW$148) -> #REF! | AQ95: =WORKDAY(U95,-INDEX(U$12:U$15,MATCH($I95,$I$12:$I$15,0)),$AW$17:$AW$148) -> #REF! | AR95: =WORKDAY(U95,-INDEX(U$12:U$15,MATCH($I95,$I$12:$I$15,0)),$AW$17:$AW$148) -> #REF! | AS95: 7 | AW95: #REF!
