Workbook
Name \c: #N/A
Name \i: #N/A
Name \z: #N/A
Name __material_he_tubes_alternative: #REF!
Name __sf400: '[7]Pull-Down Menus'!$J$2486:$J$2491
Name __sf404: '[7]Pull-Down Menus'!$J$699:$J$701
Name _bal11: '[10]bal11'!$B$1:$AV$66
Name _bal12: '[10]bal12'!$B$1:$AU$66
Name _bal6: '[10]bal6'!$B$1:$CN$66
Name _DESIGN_MAT_SHELL: #REF!
Name _DESIGN_MAT_TUBES: #REF!
Name _DESIGN_TEMP_MAX_1: #REF!
Name _DESIGN_TEMP_MAX_2: #REF!
Name _DESIGN_TEMP_MIN_1: #REF!
Name _DESIGN_TEMP_MIN_2: #REF!
Name _DIMENSIONS_BOT: #REF!
Name _DIMENSIONS_MID: #REF!
Name _DIMENSIONS_PIPE_SHELL: #REF!
Name _DIMENSIONS_PIPE_TUBE: #REF!
Name _DIMENSIONS_TOP_MAIN: #REF!
Name _din24420: #REF!
Name _din28005: #REF!
Name _din28006: #REF!
Name _din28007: #REF!
Name _din28008: #REF!
Name _din28015: #REF!
Name _din28017: #REF!
Name _din28083: #REF!
Name _din28084: #REF!
Name _din28105: #REF!
Name _din28161: #REF!
Name _din28182: #REF!
Name _din4119: #REF!
Name _doc_foundation_plan_loads_digital: #REF!
Name _doc_foundation_plan_loads_paper: #REF!
Name _doc_foundation_plan_loads_week: #REF!
Name _installed_area_per_unit: #REF!
Name _Jos2: #REF!
Name _mat1: #REF!
Name _mat2: #REF!
Name _mat3: #REF!
Name _mat4: #REF!
Name _material_he_tubes: #REF!
Name _mc230: #REF!
Name _mc240: #REF!
Name _mc245: #REF!
Name _mc250: #REF!
Name _mc251: #REF!
Name _mc252: #REF!
Name _mc253: #REF!
Name _mc254: #REF!
Name _mc255: #REF!
Name _mc260: #REF!
Name _mc310: #REF!
Name _mc311: #REF!
Name _mc335: #REF!
Name _mc336: #REF!
Name _mc337: #REF!
Name _mc338: #REF!
Name _mc339: #REF!

Sheet PSR Overall Cycle
B2: Note: | C2: 1. All MR Issuance with Attached File to be used IFR version, some long lead item to be used FEED document as MR Issuance basis which listed in Remark
C3: 2. In principle, Datasheet - IFA version shall be issued before TBE issuance as much as possible to avoid the big gap of changes.
C4: 3.TBE- AFC and MR-AFC should be issued before PO issuance.
C5: 4.For the Steel Structural, TJE will sign the frame agreement with alternative vendors firstly, once the MTO&IFA drawing issuance, TJE will purchase order promptly
C6: 5.The 3rd line of Each procuremnt package with "Proposal from TJE" in column N , has been aligned with GCME about date of MR issuance with atteched relative documents, then forward schedule in procurement and leadtime to ETA, this line is the basis for schedule developing.
J8: LA | M8: 1 | N8: 10 | O8: 0 | P8: 0 | Q8: 0 | R8: 10 | S8: 17 | T8: 10 | V8: 9
J9: LB | M9: 1 | N9: 10 | O9: 0 | P9: 0 | Q9: 0 | R9: 10 | S9: 17 | T9: 10 | V9: 9
J10: LC | M10: 1 | N10: 10 | O10: 0 | P10: 0 | Q10: 0 | R10: 10 | S10: 13 | T10: 10 | V10: 9
J11: LD | M11: 1 | N11: 10 | O11: 0 | P11: 0 | Q11: 0 | R11: 5 | S11: 7 | T11: 10 | V11: 5
B12: ZM167 PTTEPI ASK Procurement Plan | J12: LA | M12: 1 | N12: 5 | O12: 1 | P12: 5 | R12: 10 | S12: 20 | T12: 3 | V12: 10 | W12: 2 | X12: 5 | Y12: 20 | Z12: 10 | AD12: 5 | AE12: 5
J13: LB | M13: 1 | N13: 5 | O13: 1 | P13: 5 | R13: 10 | S13: 20 | T13: 3 | V13: 10 | W13: 2 | X13: 5 | Y13: 20 | Z13: 10 | AD13: 5 | AE13: 5
J14: LC | M14: 3 | N14: 5 | O14: 1 | P14: 5 | R14: 10 | S14: 15 | T14: 3 | V14: 10 | W14: 2 | X14: 5 | Y14: 15 | Z14: 10 | AD14: 5 | AE14: 5
J15: LD | M15: 3 | N15: 5 | O15: 1 | P15: 3 | R15: 5 | S15: 7 | T15: 2 | V15: 5 | W15: 2 | X15: 5 | Y15: 10 | Z15: 10 | AD15: 5 | AE15: 5
A16: No. | B16: RFQ No. | C16: Package Name | D16: Deviation | E16: Total Weight | F16: CODE | G16: Discripline | H16: Long Lead Item (Y/N) | I16: Criticality Rating | J16: Priority Level | L16: Bidder List Approval | M16: MR Issued | N16: MR Approved | O16: RFQ Issued | P16: RFQ Approved | Q16: CFT Issuance | R16: Bid Closing Date | S16: TBE Issued | T16: TBE Approved | U16: LOA SIGN | V16: PO Issued | W16: Vendor Acknowledgement | X16: KOM | Y16: VD Submission | Z16: Approval of Key Vendor Documents | AA16: Delivery of Major Materials | AB16: PIM | AC16: Start Production | AD16: FAT | AE16: Ready for Shipment | AF16: Receipt at WORKSITE | AG16: Punch List Clearance | AH16: Approval of Final Documentation (To be confirmed later) | AI16: Delivery Duration (Weeks) | AJ16: Lead Time | AK16: ETA date | AL16: ROS date | AM16: Float | AP16: Remark | AQ16: Remark2
K17: Matrix | AP17: Installation
K18: Holiday | L18: China | M18: Thai | N18: Thai | O18: China | P18: Thai | R18: China | S18: Thai | T18: Thai | U18: China | V18: China | W18: China | X18: China | Y18: China | Z18: Thai
A19: 1 | B19: RFQ-MEC-001 | C19: Offshore Pedestal Crane | G19: Mechanical | J19: LA | K19: New Plan | M19: 46122 | N19: 46142 | O19: 46142 | P19: 46142 | Q19: 46145 | R19: 46157 | S19: 46184 | T19: 46198 | V19: 46211 | W19: 46213 | X19: 46220 | Y19: 46248 | Z19: 46262 | AA19: 46307 | AB19: 46310 | AC19: 46313 | AD19: 46496 | AE19: 46526 | AF19: 46540 | AG19: 46554 | AH19: 46570 | AI19: 47 | AJ19: =AI19*7 -> 329 | AK19: =V19+AJ19 -> 46540 | AL19: =AL20 -> 46540 | AM19: =AL20-AK19 -> 0 | AN19: Long Lead | AO19: WPA-01 | AP19: 46543
B20: RFQ-MEC-001 | C20: Offshore Pedestal Crane | F20: 4-2.1 | G20: Mechanical | H20: Y | I20: 2 | J20: LA | K20: Forecast | AA20: 46300 | AB20: =AA20 -> 46300 | AC20: 46301 | AD20: 46497 | AE20: 46521 | AF20: 46533 | AG20: 46547 | AH20: 46563 | AI20: 47 | AJ20: 329 | AK20: 46533 | AL20: =AP19-3 -> 46540 | AM20: =AL20-AK20 -> 7 | AN20: =AN19 -> Long Lead | AO20: WPA-02 | AP20: 46553
B21: RFQ-MEC-001 | C21: Offshore Pedestal Crane | G21: Mechanical | H21: Y | I21: 2 | J21: LA | K21: Actual | L21: 46120 | M21: 46122 | N21: 46139 | O21: =N21 -> 46139 | P21: =O21 -> 46139 | Q21: =P21 -> 46139 | R21: 46143 | S21: 46185 | T21: 46190 | U21: 46204 | V21: 46240 | W21: 46240 | X21: 46213 | Y21: =X21+1 -> 46214 | Z21: 46297 | AN21: =AN19 -> Long Lead | AP21: UPO-0003 | AQ21: Upper Deck
A22: 2 | B22: RFQ-MEC-002 | C22: Material Handling Equipment | G22: Mechanical | J22: LC | K22: New Plan | M22: 46203 | N22: 46217 | O22: 46217 | P22: 46217 | Q22: 46217 | R22: 46231 | S22: 46252 | T22: 46266 | V22: 46279 | W22: 46281 | X22: 46288 | Y22: 46317 | Z22: 46332 | AA22: 46377 | AB22: 46380 | AC22: 46381 | AD22: 46410 | AE22: 46440 | AF22: 46454 | AG22: 46468 | AH22: 46484 | AI22: 25 | AJ22: =AI22*7 -> 175 | AK22: =V22+AJ22 -> 46454 | AL22: =AL23 -> 46459 | AM22: =AL23-AK22 -> 5 | AO22: WPA-01 | AP22: 46462
B23: RFQ-MEC-002 | C23: Material Handling Equipment | F23: 4-2.2 | G23: Mechanical | H23: N | I23: 4 | J23: LC | K23: Forecast | V23: 46301 | X23: 46304 | Y23: 46317 | Z23: 46332 | AA23: 46377 | AB23: 46380 | AC23: 46381 | AD23: 46391 | AE23: 46421 | AF23: 46435 | AG23: 46449 | AH23: 46465 | AI23: 25 | AJ23: 175 | AK23: 46435 | AL23: =AP22-3 -> 46459 | AM23: =AL23-AK23 -> 24 | AO23: WPA-02 | AP23: 46490 | AQ23: check Location
B24: RFQ-MEC-002 | C24: Material Handling Equipment | G24: Mechanical | H24: N | I24: 4 | J24: LC | K24: Actual | M24: 46170 | N24: 46188 | O24: 46188 | P24: 46188 | Q24: 46191 | R24: 46204 | S24: 46242 | T24: 46288 | U24: 46260 | W24: 46260 | AP24: UPO-0025
A25: 3 | B25: RFQ-MEC-003 | C25: Instrument Gas Filter Coalescer | G25: Mechanical | J25: LA | K25: New Plan | M25: 46170 | N25: 46182 | O25: 46182 | P25: 46182 | Q25: 46190 | R25: 46204 | S25: 46224 | T25: 46240 | V25: 46253 | W25: 46255 | X25: 46262 | Y25: 46293 | Z25: 46307 | AA25: 46367 | AB25: 46370 | AC25: 46371 | AD25: 46402 | AE25: 46432 | AF25: 46433 | AG25: 46447 | AH25: 46463 | AI25: 25.714286 | AJ25: =AI25*7 -> 180 | AK25: =V25+AJ25 -> 46433 | AL25: =AL26 -> 46444 | AM25: =AL26-AK25 -> 11 | AO25: WPA-01 | AP25: 46447
B26: RFQ-MEC-003 | C26: Instrument Gas Filter Coalescer | F26: 4-2.4 | G26: Mechanical | H26: Y | I26: 3 | J26: LA | K26: Forecast | Z26: 46336 | AA26: 46345 | AB26: 46346 | AC26: 46347 | AD26: 46415 | AE26: 46417 | AF26: 46417 | AG26: 46431 | AH26: 46447 | AI26: 28.285714 | AJ26: 198 | AK26: 46417 | AL26: =AP25-3 -> 46444 | AM26: =AL26-AK26 -> 27 | AO26: WPA-02 | AP26: 46472
B27: RFQ-MEC-003 | C27: Instrument Gas Filter Coalescer | G27: Mechanical | H27: Y | I27: 3 | J27: LA | K27: Actual | L27: 46136 | M27: 46165 | N27: 46183 | O27: 46183 | P27: 46183 | Q27: 46183 | R27: 46192 | S27: 46220 | T27: 46224 | U27: 46219 | V27: 46219 | W27: 46219 | X27: 46226 | Y27: =X27+1 -> 46227 | AP27: UPO-0004 | AQ27: Lower Deck
A28: 4 | B28: RFQ-MEC-004 | C28: Test And Production Separator | G28: Mechanical | J28: LA | K28: New Plan | M28: 46154 | N28: 46162 | O28: 46162 | P28: 46162 | Q28: 46170 | R28: 46183 | S28: 46211 | T28: 46216 | V28: 46230 | W28: 46232 | X28: 46239 | Y28: 46267 | Z28: 46281 | AA28: 46341 | AB28: 46344 | AC28: 46345 | AD28: 46430 | AE28: 46433 | AF28: 46440 | AG28: 46454 | AH28: 46470 | AI28: 30 | AJ28: =AI28*7 -> 210 | AK28: =V28+AJ28 -> 46440 | AL28: =AL29 -> 46448 | AM28: =AL29-AK28 -> 8 | AN28: Long Lead | AO28: WPA-01 | AP28: 46451
B29: RFQ-MEC-004 | C29: Test And Production Separator | F29: 4-2.3 | G29: Mechanical | H29: Y | I29: 2 | J29: LA | K29: Forecast | Z29: 46336 | AA29: 46343 | AB29: 46344 | AC29: 46345 | AD29: 46430 | AE29: 46433 | AF29: 46433 | AG29: 46447 | AH29: 46463 | AI29: 30.571429 | AJ29: 214 | AK29: 46433 | AL29: =AP28-3 -> 46448 | AM29: =AL29-AK29 -> 15 | AN29: =AN28 -> Long Lead | AO29: WPA-02 | AP29: 46472
B30: RFQ-MEC-004 | C30: Test And Production Separator | G30: Mechanical | H30: Y | I30: 2 | J30: LA | K30: Actual | L30: 46136 | M30: 46157 | N30: 46182 | O30: 46182 | P30: 46182 | Q30: 46182 | R30: 46190 | S30: 46206 | T30: 46210 | U30: 46219 | V30: 46219 | W30: 46219 | X30: 46226 | Y30: 46260 | AN30: =AN28 -> Long Lead | AP30: UPO-0004 | AQ30: Lower Deck
A31: 5 | B31: RFQ-PIP-005 | C31: Quick Opening Closure | G31: Piping | J31: LA | K31: New Plan | M31: 46157 | N31: 46175 | O31: 46175 | P31: 46175 | Q31: 46176 | R31: 46189 | S31: 46217 | T31: 46227 | V31: 46234 | W31: 46238 | X31: 46245 | Y31: 46273 | Z31: 46287 | AA31: 46347 | AB31: 46350 | AC31: 46351 | AD31: 46427 | AE31: 46457 | AF31: 46458 | AG31: 46472 | AH31: 46488 | AI31: 32 | AJ31: =AI31*7 -> 224 | AK31: =V31+AJ31 -> 46458 | AL31: =AL32 -> 46466 | AM31: =AL32-AK31 -> 8 | AO31: WPA-01 | AP31: 46469
B32: RFQ-PIP-005 | C32: Quick Opening Closure | F32: 4-2.6 | G32: Piping | H32: Y | I32: 2 | J32: LA | K32: Forecast | Y32: 46300 | Z32: 46320 | AA32: 46300 | AB32: 46322 | AC32: 46323 | AD32: =AE32-7 -> 46454 | AE32: 46461 | AF32: 46471 | AI32: 20 | AJ32: 140 | AK32: =U33+AJ32 -> 46405 | AL32: =AP31-3 -> 46466 | AM32: =AL32-AK32 -> 61 | AO32: WPA-02 | AP32: 46472 | AQ32: Lower Deck
B33: RFQ-PIP-005 | C33: Quick Opening Closure | G33: Piping | H33: Y | I33: 2 | J33: LA | K33: Actual | L33: 46136 | M33: 46163 | N33: 46182 | O33: 46182 | P33: 46182 | Q33: 46182 | R33: 46199 | S33: 46225 | T33: 46240 | U33: 46265 | V33: 46289 | W33: 46241 | X33: 46248 | AP33: UPO-0020
A34: 6 | B34: RFQ-MEC-006 | C34: Chemical Injection Pumps Package | G34: Mechanical | J34: LA | K34: New Plan | M34: 46153 | N34: 46182 | O34: 46182 | P34: 46182 | Q34: 46169 | R34: 46183 | S34: 46210 | T34: 46213 | V34: 46227 | W34: 46231 | X34: 46238 | Y34: 46266 | Z34: 46280 | AA34: 46392 | AB34: 46395 | AC34: 46396 | AD34: 46421 | AE34: 46437 | AF34: 46451 | AG34: 46465 | AH34: 46481 | AI34: 32 | AJ34: =AI34*7 -> 224 | AK34: =V34+AJ34 -> 46451 | AL34: =AL35 -> 46451 | AM34: =AL35-AK34 -> 0 | AN34: Long Lead | AO34: WPA-01 | AP34: 46454
B35: RFQ-MEC-006 | C35: Chemical Injection Pumps Package | F35: 4-2.8 | G35: Mechanical | H35: Y | I35: 3 | J35: LA | K35: Forecast | Z35: 46339 | AA35: 46366 | AB35: 46366 | AC35: 46366 | AD35: 46469 | AE35: 46471 | AF35: 46476 | AG35: 46490 | AH35: 46506 | AI35: 35.142857 | AJ35: 246 | AK35: 46476 | AL35: =AP34-3 -> 46451 | AM35: =AL35-AK35 -> -25 | AN35: =AN34 -> Long Lead | AO35: WPA-02 | AP35: 46472
B36: RFQ-MEC-006 | C36: Chemical Injection Pumps Package | G36: Mechanical | H36: Y | I36: 3 | J36: LA | K36: Actual | L36: 46133 | M36: 46157 | N36: 46182 | O36: 46182 | P36: 46182 | Q36: 46182 | R36: 46183 | S36: 46206 | T36: 46210 | U36: 46230 | W36: 46230 | X36: 46237 | Y36: 46262 | AN36: =AN34 -> Long Lead | AP36: UPO-0008，RFQ-007 De-mulsifier / Water Clarifier Injection Pump & RFQ-044 Flow switch combined with RFQ-006 | AQ36: Lower Deck
A37: 8 | B37: RFQ-MEC-008 | C37: Deoiler Hydro Cyclone Package | G37: Mechanical | J37: LA | K37: New Plan | M37: 46141 | N37: 46153 | O37: 46153 | P37: 46161 | Q37: 46161 | R37: 46183 | S37: 46203 | T37: 46206 | V37: 46220 | W37: 46224 | X37: 46231 | Y37: 46259 | Z37: 46273 | AA37: 46340 | AB37: 46340 | AC37: 46340 | AD37: 46457 | AE37: 46461 | AF37: =AE37+3 -> 46464 | AG37: =AF37+14 -> 46478 | AH37: =AK37+30 -> 46494 | AI37: 34 | AJ37: =AI37*7 -> 238 | AK37: =AF37 -> 46464 | AL37: =AL38 -> 46469 | AM37: =AL38-AK37 -> 5 | AO37: WPA-01 | AP37: NA
B38: RFQ-MEC-008 | C38: Deoiler Hydro Cyclone Package | F38: 4-2.10 | G38: Mechanical | H38: Y | I38: 2 | J38: LA | K38: Forecast | Z38: 46380 | AA38: 46329 | AB38: 46329 | AC38: 46340 | AD38: 46461 | AE38: 46461 | AF38: 46461 | AG38: 46475 | AH38: 46491 | AI38: 34.571429 | AJ38: 242 | AK38: 46461 | AL38: =AP38-3 -> 46469 | AM38: =AL38-AK38 -> 8 | AO38: WPA-02 | AP38: 46472 | AQ38: only WPA02
B39: RFQ-MEC-008 | C39: Deoiler Hydro Cyclone Package | G39: Mechanical | H39: Y | I39: 2 | J39: LA | K39: Actual | L39: 46136 | M39: 46139 | N39: 46153 | O39: 46153 | P39: =N39 -> 46153 | Q39: =N39 -> 46153 | R39: 46182 | S39: 46200 | T39: 46202 | U39: 46219 | V39: 46219 | W39: 46219 | X39: 46226 | Y39: 46260 | AP39: UPO-0004 | AQ39: Lower Deck
A40: 9 | B40: RFQ-MEC-009 | C40: Degasser Drum | G40: Mechanical | J40: LA | K40: New Plan | M40: 46134 | N40: 46153 | O40: 46153 | P40: 46153 | Q40: 46154 | R40: 46167 | S40: 46197 | T40: 46202 | V40: 46216 | W40: 46218 | X40: 46225 | Y40: 46253 | Z40: 46267 | AA40: 46340 | AB40: 46340 | AC40: 46343 | AD40: 46453 | AE40: 46456 | AF40: =AE40+3 -> 46459 | AG40: =AF40+14 -> 46473 | AH40: =AK40+30 -> 46489 | AI40: 34 | AJ40: =AI40*7 -> 238 | AK40: =AF40 -> 46459 | AL40: =AL41 -> 46470 | AM40: =AL41-AK40 -> 11 | AO40: WPA-01 | AP40: NA
B41: RFQ-MEC-009 | C41: Degasser Drum | F41: 4-2.11 | G41: Mechanical | H41: Y | I41: 2 | J41: LA | K41: Forecast | Z41: 46380 | AA41: 46280 | AB41: 46281 | AC41: 46282 | AD41: 46451 | AE41: 46456 | AF41: 46456 | AG41: 46470 | AH41: 46486 | AI41: 33.857143 | AJ41: 237 | AK41: 46456 | AL41: =AP41-3 -> 46470 | AM41: =AL41-AK41 -> 14 | AO41: WPA-02 | AP41: 46473 | AQ41: only WPA02
B42: RFQ-MEC-009 | C42: Degasser Drum | G42: Mechanical | H42: Y | I42: 2 | J42: LA | K42: Actual | L42: 46135 | M42: 46135 | N42: 46151 | O42: 46151 | P42: =N42 -> 46151 | Q42: =N42 -> 46151 | R42: 46181 | S42: 46202 | T42: 46204 | U42: 46219 | V42: 46219 | W42: 46219 | X42: 46226 | Y42: 46260 | AP42: UPO-0004 | AQ42: Lower Deck
A43: 10 | B43: RFQ-MEC-010 | C43: Skim Tank Vessel | G43: Mechanical | J43: LA | K43: New Plan | M43: 46147 | N43: 46167 | O43: 46167 | P43: 46167 | Q43: 46163 | R43: 46190 | S43: 46204 | T43: 46209 | V43: 46223 | W43: 46225 | X43: 46232 | Y43: 46260 | Z43: 46274 | AA43: 46334 | AB43: 46337 | AC43: 46338 | AD43: 46374 | AE43: 46446 | AF43: 46447 | AG43: 46461 | AH43: 46477 | AI43: 32 | AJ43: =AI43*7 -> 224 | AK43: =V43+AJ43 -> 46447 | AL43: =AL44 -> 46469 | AM43: =AL44-AK43 -> 22 | AO43: WPA-01 | AP43: NA
B44: RFQ-MEC-010 | C44: Skim Tank Vessel | F44: 4-2.13 | G44: Mechanical | H44: Y | I44: 2 | J44: LA | K44: Forecast | Z44: 46336 | AA44: 46345 | AB44: 46346 | AC44: 46347 | AD44: =AE44-5 -> 46441 | AE44: 46446 | AF44: 46446 | AG44: 46460 | AH44: 46476 | AI44: 32.428571 | AJ44: 227 | AK44: 46446 | AL44: =AP44-3 -> 46469 | AM44: =AL44-AK44 -> 23 | AO44: WPA-02 | AP44: 46472 | AQ44: only WPA02
B45: RFQ-MEC-010 | C45: Skim Tank Vessel | G45: Mechanical | H45: Y | I45: 2 | J45: LA | K45: Actual | L45: 46136 | M45: 46150 | N45: 46167 | O45: 46167 | P45: 46167 | Q45: 46167 | R45: 46190 | S45: 46206 | T45: 46210 | U45: 46219 | V45: 46219 | W45: 46219 | X45: 46226 | Y45: 46260 | AP45: UPO-0004 | AQ45: Lower Deck
A46: 11 | B46: RFQ-MEC-011 | C46: Closed Drain Sump Vessel | G46: Mechanical | J46: LA | K46: New Plan | M46: 46155 | N46: 46182 | O46: 46182 | P46: 46182 | Q46: 46171 | R46: 46185 | S46: 46212 | T46: 46217 | V46: 46231 | W46: 46233 | X46: 46240 | Y46: 46268 | Z46: 46282 | AA46: 46342 | AB46: 46345 | AC46: 46346 | AD46: 46382 | AE46: 46412 | AF46: 46413 | AG46: 46427 | AH46: 46443 | AI46: 26 | AJ46: =AI46*7 -> 182 | AK46: =V46+AJ46 -> 46413 | AL46: =AL47 -> 46430 | AM46: =AL47-AK46 -> 17 | AN46: Long Lead | AO46: WPA-01 | AP46: 46433
B47: RFQ-MEC-011 | C47: Closed Drain Sump Vessel | F47: 4-2.12 | G47: Mechanical | H47: Y | I47: 3 | J47: LA | K47: Forecast | Z47: 46336 | AA47: 46336 | AB47: 46336 | AC47: 46337 | AD47: 46403 | AE47: 46406 | AF47: 46406 | AG47: 46420 | AH47: 46436 | AI47: 26.714286 | AJ47: 187 | AK47: 46406 | AL47: =AP46-3 -> 46430 | AM47: =AL47-AK47 -> 24 | AN47: =AN46 -> Long Lead | AO47: WPA-02 | AP47: 46450
B48: RFQ-MEC-011 | C48: Closed Drain Sump Vessel | G48: Mechanical | H48: Y | I48: 3 | J48: LA | K48: Actual | L48: 46136 | M48: 46157 | N48: 46182 | O48: 46182 | P48: 46182 | Q48: 46182 | R48: 46185 | S48: 46206 | T48: 46210 | U48: 46219 | V48: 46219 | W48: 46219 | X48: 46226 | Y48: 46260 | AN48: =AN46 -> Long Lead | AP48: UPO-0004 | AQ48: Sump Deck
A49: 13 | B49: RFQ-MEC-013 | C49: Storage Tank | G49: Mechanical | J49: LA | K49: New Plan | M49: 46164 | N49: 46183 | O49: 46183 | P49: 46183 | Q49: 46183 | R49: 46183 | S49: 46225 | T49: 46241 | V49: 46254 | W49: 46258 | X49: 46265 | Y49: 46294 | Z49: 46309 | AA49: 46369 | AB49: 46372 | AC49: 46377 | AD49: 46391 | AE49: 46421 | AF49: 46422 | AG49: 46436 | AH49: 46452 | AI49: 24 | AJ49: =AI49*7 -> 168 | AK49: =V49+AJ49 -> 46422 | AL49: =AL50 -> 46470 | AM49: =AL50-AK49 -> 48 | AO49: WPA-01 | AP49: 46473
B50: RFQ-MEC-013 | C50: Storage Tank | F50: 4-2.17 | G50: Mechanical | H50: Y | I50: 3 | J50: LA | K50: Forecast | Z50: 46336 | AA50: 46336 | AB50: 46376 | AC50: 46377 | AD50: 46443 | AE50: 46444 | AF50: 46444 | AG50: 46458 | AH50: 46474 | AI50: 32.142857 | AJ50: 225 | AK50: 46444 | AL50: =AP49-3 -> 46470 | AM50: =AL50-AK50 -> 26 | AO50: WPA-02 | AP50: 46501
B51: RFQ-MEC-013 | C51: Storage Tank | G51: Mechanical | H51: Y | I51: 3 | J51: LA | K51: Actual | L51: 46136 | M51: 46164 | N51: 46183 | O51: 46183 | P51: 46183 | Q51: 46183 | R51: 46183 | S51: 46212 | T51: 46219 | U51: 46219 | V51: 46219 | W51: 46219 | X51: 46226 | Y51: 46260 | AP51: UPO-0004 | AQ51: Mezz & Lower
A52: 14 | B52: RFQ-MEC-014 | C52: Closed Drain Sump Pump And Recovery Water Pump Package | G52: Mechanical | J52: LA | K52: New Plan | M52: 46155 | N52: 46182 | O52: 46182 | P52: 46182 | Q52: 46171 | R52: 46185 | S52: 46212 | T52: 46217 | V52: 46231 | W52: 46233 | X52: 46240 | Y52: 46268 | Z52: 46282 | AA52: 46394 | AB52: 46397 | AC52: 46398 | AD52: 46411 | AE52: 46441 | AF52: 46455 | AG52: 46469 | AH52: 46485 | AI52: 32 | AJ52: =AI52*7 -> 224 | AK52: =V52+AJ52 -> 46455 | AL52: =AL53 -> 46474 | AM52: =AL53-AK52 -> 19 | AN52: Long Lead | AO52: WPA-01 | AP52: 46477
B53: RFQ-MEC-014 | C53: Closed Drain Sump Pump And Recovery Water Pump Package | F53: 4-2.21 | G53: Mechanical | H53: Y | I53: 3 | J53: LA | K53: Forecast | Z53: =AB53-5 -> 46382 | AA53: 46387 | AB53: 46387 | AC53: 46388 | AD53: 46392 | AE53: 46399 | AF53: 46434 | AG53: 46448 | AH53: 46464 | AI53: 29.142857 | AJ53: 204 | AK53: 46434 | AL53: =AP52-3 -> 46474 | AM53: =AL53-AK53 -> 40 | AN53: =AN52 -> Long Lead | AO53: WPA-02 | AP53: 46477
B54: RFQ-MEC-014 | C54: Closed Drain Sump Pump And Recovery Water Pump Package | G54: Mechanical | H54: Y | I54: 3 | J54: LA | K54: Actual | L54: 46133 | M54: 46157 | N54: 46182 | O54: 46182 | P54: 46182 | Q54: 46182 | R54: 46178 | S54: 46206 | T54: 46211 | U54: 46230 | W54: 46230 | X54: 46240 | Y54: 46262 | AN54: =AN52 -> Long Lead | AP54: UPO-0010 | AQ54: Sump Deck
A55: 15 | B55: RFQ-MEC-015 | C55: Diesel Transfer Pump Package | G55: Mechanical | J55: LA | K55: New Plan | M55: 46177 | N55: 46185 | O55: 46185 | P55: 46185 | Q55: 46193 | R55: 46195 | S55: 46238 | T55: 46241 | V55: 46255 | W55: 46259 | X55: 46266 | Y55: 46295 | Z55: 46310 | AA55: 46421 | AB55: 46424 | AC55: 46425 | AD55: 46435 | AE55: 46465 | AF55: 46479 | AG55: 46493 | AH55: 46509 | AI55: 32 | AJ55: =AI55*7 -> 224 | AK55: =V55+AJ55 -> 46479 | AL55: =AL56 -> 46483 | AM55: =AL56-AK55 -> 4 | AO55: WPA-01 | AP55: 46486
B56: RFQ-MEC-015 | C56: Diesel Transfer Pump Package | F56: 4-2.23 | G56: Mechanical | H56: Y | I56: 3 | J56: LA | K56: Forecast | Z56: =AB56-5 -> 46376 | AA56: 46380 | AB56: 46381 | AC56: 46382 | AD56: 46392 | AE56: 46399 | AF56: 46434 | AG56: 46448 | AH56: 46464 | AI56: 29.142857 | AJ56: 204 | AK56: 46434 | AL56: =AP55-3 -> 46483 | AM56: =AL56-AK56 -> 49 | AO56: WPA-02 | AP56: 46487
B57: RFQ-MEC-015 | C57: Diesel Transfer Pump Package | G57: Mechanical | H57: Y | I57: 3 | J57: LA | K57: Actual | M57: 46170 | N57: 46188 | O57: 46188 | P57: 46188 | Q57: 46188 | R57: 46191 | S57: 46213 | T57: 46217 | U57: 46230 | W57: 46230 | X57: 46240 | Y57: 46262 | AP57: UPO-0010 | AQ57: Lower Deck
A58: 16 | B58: RFQ-MEC-016 | C58: Open Drain Caisson Pump Package | G58: Mechanical | J58: LA | K58: New Plan | M58: 46150 | N58: 46167 | O58: 46167 | P58: 46167 | Q58: 46168 | R58: 46184 | S58: 46223 | T58: 46239 | V58: 46252 | W58: 46254 | X58: 46261 | Y58: 46289 | Z58: 46303 | AA58: 46415 | AB58: =AA58+3 -> 46418 | AC58: =AB58+1 -> 46419 | AD58: 46445 | AE58: 46475 | AF58: 46476 | AG58: 46490 | AH58: 46506 | AI58: 32 | AJ58: =AI58*7 -> 224 | AK58: =V58+AJ58 -> 46476 | AL58: =AL59 -> 46494 | AM58: =AL59-AK58 -> 18 | AO58: WPA-01 | AP58: NA
B59: RFQ-MEC-016 | C59: Open Drain Caisson Pump Package | F59: 4-2.24 | G59: Mechanical | H59: Y | I59: 2 | J59: LA | K59: Forecast | Z59: =AB59-5 -> 46376 | AA59: 46380 | AB59: 46381 | AC59: 46382 | AD59: 46392 | AE59: 46399 | AF59: 46434 | AG59: 46448 | AH59: 46464 | AI59: 29.142857 | AJ59: 204 | AK59: 46434 | AL59: =AP59-3 -> 46494 | AM59: =AL59-AK59 -> 60 | AO59: WPA-02 | AP59: 46497
B60: RFQ-MEC-016 | C60: Open Drain Caisson Pump Package | G60: Mechanical | H60: Y | I60: 2 | J60: LA | K60: Actual | L60: 46133 | M60: 46152 | N60: 46167 | O60: 46167 | P60: 46167 | Q60: 46167 | R60: 46184 | S60: 46213 | T60: 46219 | U60: 46230 | W60: 46230 | X60: 46240 | Y60: 46262 | AP60: UPO-0010 | AQ60: check Location
A61: 17 | B61: RFQ-ELE-017 | C61: AC/DC Distribution Board | G61: Electrical | J61: LB | K61: New Plan | M61: 46139 | N61: 46156 | O61: 46156 | P61: 46156 | Q61: 46155 | R61: 46164 | S61: 46199 | T61: 46213 | V61: 46226 | W61: 46230 | X61: 46237 | Y61: 46265 | Z61: 46300 | AA61: 46320 | AB61: =AA61+3 -> 46323 | AC61: =AB61+1 -> 46324 | AD61: 46458 | AE61: 46478 | AF61: 46485 | AG61: 46499 | AH61: 46515 | AI61: 36 | AJ61: =AI61*7 -> 252 | AK61: =V61+AJ61 -> 46478 | AL61: =AL62 -> 46467 | AM61: =AL62-AK61 -> -11 | AN61: Long Lead | AO61: WPA-01 | AP61: 46470
B62: RFQ-ELE-017 | C62: AC/DC Distribution Board | F62: 4-3.1 | G62: Electrical | H62: Y | I62: 3 | J62: LB | K62: Forecast | Z62: =AB62-5 -> 46330 | AA62: 46335 | AB62: 46335 | AC62: 46336 | AD62: 46359 | AE62: 46374 | AF62: 46422 | AG62: 46479 | AH62: 46495 | AI62: 32.428571 | AJ62: 227 | AK62: 46465 | AL62: =AP61-3 -> 46467 | AM62: =AL62-AK62 -> 2 | AN62: =AN61 -> Long Lead | AO62: WPA-02 | AP62: 46505
B63: RFQ-ELE-017 | C63: AC/DC Distribution Board | G63: Electrical | H63: Y | I63: 3 | J63: LB | K63: Actual | L63: 46133 | M63: 46139 | N63: 46156 | O63: 46156 | P63: 46156 | Q63: 46156 | R63: 46164 | S63: 46206 | T63: 46213 | U63: 46238 | W63: 46238 | X63: 46241 | Y63: =X63+1 -> 46242 | AN63: =AN61 -> Long Lead | AP63: UPO-0011
A64: 18 | B64: RFQ-ELE-018 | C64: Solar Power System | G64: Electrical | J64: LA | K64: New Plan | M64: 46139 | N64: 46156 | O64: 46156 | P64: 46156 | Q64: 46155 | R64: 46164 | S64: 46199 | T64: 46213 | V64: 46226 | W64: 46230 | X64: 46237 | Y64: 46265 | Z64: 46300 | AA64: 46320 | AB64: =AA64+3 -> 46323 | AC64: =AB64+1 -> 46324 | AD64: 46458 | AE64: 46478 | AF64: 46485 | AG64: 46499 | AH64: 46515 | AI64: 37 | AJ64: =AI64*7 -> 259 | AK64: =V64+AJ64 -> 46485 | AL64: =AL65 -> 46561 | AM64: =AL65-AK64 -> 76 | AN64: Long Lead | AO64: WPA-01 | AP64: 46568
B65: RFQ-ELE-018 | C65: Solar Power System | F65: 4-3.3 | G65: Electrical | H65: Y | I65: 2 | J65: LA | K65: Forecast | Z65: =AB65-5 -> 46330 | AA65: 46335 | AB65: 46335 | AC65: 46336 | AD65: 46359 | AE65: 46374 | AF65: 46422 | AG65: 46479 | AH65: 46495 | AI65: 32.428571 | AJ65: 227 | AK65: 46465 | AL65: =AP64-7 -> 46561 | AM65: =AL65-AK65 -> 96 | AN65: =AN64 -> Long Lead | AO65: WPA-02 | AP65: 46568
B66: RFQ-ELE-018 | C66: Solar Power System | G66: Electrical | H66: Y | I66: 2 | J66: LA | K66: Actual | L66: 46133 | M66: 46139 | N66: 46156 | O66: 46156 | P66: 46156 | Q66: 46156 | R66: 46164 | S66: 46206 | T66: 46213 | U66: 46238 | W66: 46238 | X66: 46241 | Y66: =X66+1 -> 46242 | AN66: =AN64 -> Long Lead | AP66: UPO-0011
A67: 19 | B67: RFQ-ELE-019 | C67: Navigation Aid System | G67: Electrical | J67: LB | K67: New Plan | M67: 46150 | N67: 46170 | O67: 46170 | P67: 46170 | Q67: 46164 | R67: 46171 | S67: 46218 | T67: 46234 | V67: 46247 | W67: 46251 | X67: 46258 | Y67: 46286 | Z67: 46300 | AA67: 46320 | AB67: =AA67+3 -> 46323 | AC67: =AB67+1 -> 46324 | AD67: 46472 | AE67: 46492 | AF67: 46499 | AG67: 46513 | AH67: 46529 | AI67: 36 | AJ67: =AI67*7 -> 252 | AK67: =V67+AJ67 -> 46499 | AL67: =AL68 -> 46500 | AM67: =AL68-AK67 -> 1 | AN67: Long Lead | AO67: WPA-01 | AP67: 46507
B68: RFQ-ELE-019 | C68: Navigation Aid System | F68: 4-3.2 | G68: Electrical | H68: Y | I68: 4 | J68: LB | K68: Forecast | Z68: =AB68-5 -> 46330 | AA68: 46399 | AB68: 46335 | AC68: 46378 | AD68: 46434 | AE68: 46454 | AF68: 46465 | AG68: 46479 | AH68: 46495 | AI68: 32.428571 | AJ68: 227 | AK68: 46465 | AL68: =AP67-7 -> 46500 | AM68: =AL68-AK68 -> 35 | AN68: =AN67 -> Long Lead | AO68: WPA-02 | AP68: 46507
B69: RFQ-ELE-019 | C69: Navigation Aid System | G69: Electrical | H69: Y | I69: 4 | J69: LB | K69: Actual | L69: 46133 | M69: 46150 | N69: 46170 | O69: 46170 | P69: 46170 | Q69: 46170 | R69: 46171 | S69: 46215 | T69: 46224 | U69: 46238 | W69: 46238 | X69: 46241 | Y69: =X69+1 -> 46242 | AN69: =AN67 -> Long Lead | AP69: UPO-0011
A70: 20 | B70: RFQ-ELE-020 | C70: External Battery Charger | G70: Electrical | J70: LC | K70: New Plan | M70: 46136 | N70: 46148 | O70: 46149 | P70: 46156 | Q70: 46156 | R70: 46169 | S70: 46199 | T70: 46213 | V70: 46226 | W70: 46230 | X70: 46237 | Y70: 46265 | Z70: 46300 | AA70: 46320 | AB70: =AA70+3 -> 46323 | AC70: =AB70+1 -> 46324 | AD70: 46458 | AE70: 46478 | AF70: 46485 | AG70: 46499 | AH70: 46515 | AI70: 37 | AJ70: =AI70*7 -> 259 | AK70: =V70+AJ70 -> 46485 | AL70: =AL71 -> 46480 | AM70: =AL71-AK70 -> -5 | AN70: Long Lead | AO70: WPA-01 | AP70: 46487
B71: RFQ-ELE-020 | C71: External Battery Charger | F71: 4-3.3 | G71: Electrical | H71: N | I71: 3 | J71: LC | K71: Forecast | Z71: =AB71-5 -> 46330 | AA71: 46335 | AB71: 46335 | AC71: 46336 | AD71: 46359 | AE71: 46374 | AF71: 46422 | AG71: 46479 | AH71: 46495 | AI71: 32.428571 | AJ71: 227 | AK71: 46465 | AL71: =AP70-7 -> 46480 | AM71: =AL71-AK71 -> 15 | AN71: =AN70 -> Long Lead | AO71: WPA-02 | AP71: 46505
B72: RFQ-ELE-020 | C72: External Battery Charger | G72: Electrical | H72: N | I72: 3 | J72: LC | K72: Actual | L72: 46133 | M72: 46139 | N72: 46156 | O72: 46156 | P72: 46156 | Q72: 46156 | R72: 46164 | S72: 46210 | T72: 46219 | U72: 46238 | W72: 46238 | X72: 46241 | Y72: =X72+1 -> 46242 | AN72: =AN70 -> Long Lead | AP72: UPO-0011
A73: 21 | B73: RFQ-INS-021 | C73: Control Valve | G73: Instrument | J73: LB | K73: New Plan | M73: 46164 | N73: 46182 | O73: 46182 | P73: 46182 | Q73: 46183 | R73: 46191 | S73: 46225 | T73: 46241 | V73: 46254 | W73: 46258 | X73: 46265 | Y73: 46294 | Z73: 46309 | AA73: 46369 | AB73: 46372 | AC73: 46373 | AD73: 46443 | AE73: 46457 | AF73: 46464 | AG73: 46478 | AH73: 46494 | AI73: 30 | AJ73: =AI73*7 -> 210 | AK73: =V73+AJ73 -> 46464 | AL73: =AL74 -> 46485 | AM73: =AL74-AK73 -> 21 | AO73: WPA-01 | AP73: 46492
B74: RFQ-INS-021 | C74: Control Valve | F74: 4-4.5 | G74: Instrument | H74: N | I74: 2 | J74: LB | K74: Forecast | V74: 46280 | Z74: 46330 | AA74: 46390 | AB74: 46393 | AC74: 46394 | AD74: 46455 | AE74: 46469 | AF74: 46475 | AG74: =AK74+14 -> 46489 | AH74: =AK74+30 -> 46505 | AI74: =AJ74/7 -> 28.428571 | AJ74: 199 | AK74: 46475 | AL74: =AP73-7 -> 46485 | AM74: =AL74-AK74 -> 10 | AO74: WPA-02 | AP74: 46492 | AQ74: installation during Reinstatement
B75: RFQ-INS-021 | C75: Control Valve | G75: Instrument | H75: N | I75: 2 | J75: LB | K75: Actual | L75: 46133 | M75: 46165 | N75: 46182 | O75: 46182 | P75: 46182 | Q75: 46182 | R75: 46188 | S75: 46248 | T75: 46252 | U75: 46276 | W75: 46276 | X75: 46283 | Y75: =X75+1 -> 46284 | AP75: UPO-0030
A76: 22 | B76: RFQ-INS-022 | C76: Self Regulator Valve | G76: Instrument | J76: LB | K76: New Plan | M76: 46164 | N76: 46182 | O76: 46182 | P76: 46182 | Q76: 46183 | R76: 46188 | S76: 46225 | T76: 46241 | V76: 46254 | W76: 46258 | X76: 46265 | Y76: 46294 | Z76: 46309 | AA76: 46369 | AB76: 46372 | AC76: 46373 | AD76: 46457 | AE76: 46471 | AF76: 46478 | AG76: 46492 | AH76: 46508 | AI76: 32 | AJ76: =AI76*7 -> 224 | AK76: =V76+AJ76 -> 46478 | AL76: =AL77 -> 46485 | AM76: =AL77-AK76 -> 7 | AO76: WPA-01 | AP76: 46492
B77: RFQ-INS-022 | C77: Self Regulator Valve | F77: 4-4.6 | G77: Instrument | H77: N | I77: 4 | J77: LB | K77: Forecast | Z77: 46330 | AA77: 46390 | AB77: 46393 | AC77: 46394 | AD77: 46451 | AE77: 46465 | AF77: 46475 | AG77: =AK77+14 -> 46489 | AH77: =AK77+30 -> 46505 | AI77: =AJ77/7 -> 28.428571 | AJ77: 199 | AK77: 46475 | AL77: =AP76-7 -> 46485 | AM77: =AL77-AK77 -> 10 | AO77: WPA-02 | AP77: 46492 | AQ77: installation during Reinstatement
B78: RFQ-INS-022 | C78: Self Regulator Valve | G78: Instrument | H78: N | I78: 4 | J78: LB | K78: Actual | L78: 46133 | M78: 46165 | N78: 46182 | O78: 46182 | P78: 46182 | Q78: 46182 | R78: 46188 | S78: 46227 | T78: 46233 | U78: 46276 | W78: 46276 | X78: 46283 | Y78: =X78+1 -> 46284 | AP78: UPO-0030
A79: 23 | B79: RFQ-INS-023 | C79: Actuated Choke Valve | G79: Instrument | J79: LA | K79: New Plan | M79: 46164 | N79: 46182 | O79: 46182 | P79: 46182 | Q79: 46183 | R79: 46191 | S79: 46225 | T79: 46241 | V79: 46254 | W79: 46258 | X79: 46265 | Y79: 46294 | Z79: 46309 | AA79: 46369 | AB79: 46372 | AC79: 46373 | AD79: 46490 | AE79: 46504 | AF79: 46534 | AG79: 46548 | AH79: 46564 | AI79: 40 | AJ79: =AI79*7 -> 280 | AK79: =V79+AJ79 -> 46534 | AL79: =AL80 -> 46489 | AM79: =AL80-AK79 -> -45 | AN79: Long Lead | AO79: WPA-01 | AP79: 46492
B80: RFQ-INS-023 | C80: Actuated Choke Valve | F80: 4-4.3 | G80: Instrument | H80: Y | I80: 2 | J80: LA | K80: Forecast | Z80: =AB80-5 -> 46404 | AA80: 46409 | AB80: 46409 | AC80: 46410 | AD80: 46077 | AE80: 46079 | AF80: 46485 | AG80: 46499 | AH80: 46515 | AI80: 34 | AJ80: 238 | AK80: 46485 | AL80: =AP79-3 -> 46489 | AM80: =AL80-AK80 -> 4 | AN80: =AN79 -> Long Lead | AO80: WPA-02 | AP80: 46492 | AQ80: installation during Reinstatement
B81: RFQ-INS-023 | C81: Actuated Choke Valve | G81: Instrument | H81: Y | I81: 2 | J81: LA | K81: Actual | L81: 46133 | M81: 46165 | N81: 46182 | O81: 46182 | P81: 46182 | Q81: 46182 | R81: 46191 | S81: 46227 | T81: 46236 | U81: 46247 | W81: 46247 | X81: 46255 | Y81: =X81+1 -> 46256 | AN81: =AN79 -> Long Lead | AP81: UPO-0019
A82: 24 | B82: RFQ-INS-024 | C82: Actuated Ball Valve | G82: Instrument | J82: LB | K82: New Plan | M82: 46178 | N82: 46185 | O82: 46188 | P82: 46188 | Q82: 46188 | R82: 46190 | S82: 46239 | T82: 46254 | V82: 46267 | W82: 46269 | X82: 46276 | Y82: 46314 | Z82: 46329 | AA82: 46389 | AB82: 46392 | AC82: 46393 | AD82: 46475 | AE82: 46489 | AF82: 46519 | AG82: 46533 | AH82: 46549 | AI82: 36 | AJ82: =AI82*7 -> 252 | AK82: =V82+AJ82 -> 46519 | AL82: =AL83 -> 46485 | AM82: =AL83-AK82 -> -34 | AN82: Long Lead | AO82: WPA-01 | AP82: 46492
B83: RFQ-INS-024 | C83: Actuated Ball Valve | F83: 4-4.4 | G83: Instrument | H83: N | I83: 2 | J83: LB | K83: Forecast | Z83: =AB83-5 -> 46350 | AA83: 46352 | AB83: 46355 | AC83: 46356 | AD83: 46068 | AE83: 46465 | AF83: 46470 | AG83: 46484 | AH83: 46500 | AI83: 31 | AJ83: 217 | AK83: 46470 | AL83: =AP82-7 -> 46485 | AM83: =AL83-AK83 -> 15 | AN83: =AN82 -> Long Lead | AO83: WPA-02 | AP83: 46492 | AQ83: installation during Reinstatement
B84: RFQ-INS-024 | C84: Actuated Ball Valve | G84: Instrument | H84: N | I84: 2 | J84: LB | K84: Actual | M84: 46178 | N84: 46186 | O84: 46186 | P84: 46186 | Q84: 46186 | R84: 46196 | S84: 46251 | T84: 46254 | U84: 46253 | W84: 46253 | X84: 46269 | Y84: =X84+1 -> 46270 | AN84: =AN82 -> Long Lead | AP84: UPO-0021
A85: 25 | B85: RFQ-INS-025 | C85: Actuated Compact Ball Valve | G85: Instrument | J85: LB | K85: New Plan | M85: 46162 | N85: 46182 | O85: 46183 | P85: 46183 | Q85: 46183 | R85: 46188 | S85: 46224 | T85: 46230 | V85: 46241 | W85: 46245 | X85: 46252 | Y85: 46280 | Z85: 46294 | AA85: 46354 | AB85: 46357 | AC85: 46358 | AD85: 46477 | AE85: 46491 | AF85: 46521 | AG85: 46535 | AH85: 46551 | AI85: 40 | AJ85: =AI85*7 -> 280 | AK85: =V85+AJ85 -> 46521 | AL85: =AL86 -> 46485 | AM85: =AL86-AK85 -> -36 | AN85: Long Lead | AO85: WPA-01 | AP85: 46492
B86: RFQ-INS-025 | C86: Actuated Compact Ball Valve | F86: 4-4.4 | G86: Instrument | H86: Y | I86: 2 | J86: LB | K86: Forecast | Z86: =AB86-5 -> 46350 | AA86: 46352 | AB86: 46355 | AC86: 46356 | AD86: 46068 | AE86: 46465 | AF86: 46470 | AG86: 46484 | AH86: 46500 | AI86: 31 | AJ86: 217 | AK86: 46470 | AL86: =AP85-7 -> 46485 | AM86: =AL86-AK86 -> 15 | AN86: =AN85 -> Long Lead | AO86: WPA-02 | AP86: 46492 | AQ86: installation during Reinstatement
B87: RFQ-INS-025 | C87: Actuated Compact Ball Valve | G87: Instrument | H87: Y | I87: 2 | J87: LB | K87: Actual | L87: 46133 | M87: 46169 | N87: 46183 | O87: 46183 | P87: 46183 | Q87: 46183 | R87: 46191 | S87: 46248 | T87: 46251 | U87: 46253 | W87: 46253 | X87: 46269 | Y87: =X87+1 -> 46270 | AN87: =AN85 -> Long Lead | AP87: UPO-0021
A88: 26 | B88: RFQ-INS-026 | C88: Safety Relief Valves | G88: Instrument | J88: LB | K88: New Plan | M88: 46185 | N88: 46192 | O88: 46195 | P88: 46195 | Q88: 46203 | R88: 46199 | S88: 46247 | T88: 46261 | V88: 46274 | W88: 46276 | X88: 46283 | Y88: 46321 | Z88: 46335 | AA88: 46395 | AB88: 46398 | AC88: 46399 | AD88: 46477 | AE88: 46491 | AF88: 46498 | AG88: 46512 | AH88: 46528 | AI88: 32 | AJ88: =AI88*7 -> 224 | AK88: =V88+AJ88 -> 46498 | AL88: =AL89 -> 46504 | AM88: =AL89-AK88 -> 6 | AO88: WPA-01 | AP88: 46507
B89: RFQ-INS-026 | C89: Safety Relief Valves | F89: 4-4.7 | G89: Instrument | H89: N | I89: 2 | J89: LB | K89: Forecast | V89: 46274 | Z89: =AB89-5 -> 46383 | AA89: 46385 | AB89: 46388 | AC89: 46389 | AD89: 46477 | AE89: 46491 | AF89: 46498 | AG89: 46512 | AH89: 46528 | AI89: 32 | AJ89: 224 | AK89: 46498 | AL89: =AP88-3 -> 46504 | AM89: =AL89-AK89 -> 6 | AO89: WPA-02 | AP89: 46507 | AQ89: installation during Reinstatement
B90: RFQ-INS-026 | C90: Safety Relief Valves | G90: Instrument | H90: N | I90: 2 | J90: LB | K90: Actual | M90: 46189 | N90: 46203 | O90: 46203 | P90: 46203 | Q90: 46203 | R90: =Q90+1 -> 46204 | S90: 46255 | T90: 46260 | U90: 46274 | W90: 46274 | X90: 46283 | Y90: =X90+1 -> 46284 | AP90: UPO-0028
A91: 27 | B91: RFQ-INS-027 | C91: Coriolis Flow Meters | G91: Instrument | J91: LC | K91: New Plan | M91: 46227 | N91: 46209 | O91: 46209 | P91: 46245 | Q91: 46245 | R91: 46259 | S91: 46276 | T91: 46290 | V91: 46310 | W91: 46314 | X91: 46321 | Y91: 46342 | Z91: 46356 | AA91: 46371 | AB91: =AA91+3 -> 46374 | AC91: =AB91+1 -> 46375 | AD91: 46434 | AE91: 46448 | AF91: 46455 | AG91: 46469 | AH91: 46485 | AI91: 20.714286 | AJ91: =AI91*7 -> 145 | AK91: =V91+AJ91 -> 46455 | AL91: =AL92 -> 46469 | AM91: =AL92-AK91 -> 14 | AO91: WPA-01 | AP91: 46476
B92: RFQ-INS-027 | C92: Coriolis Flow Meters | F92: 4-4.9 | G92: Instrument | H92: N | I92: 3 | J92: LC | K92: Forecast | S92: 46311 | T92: =_xlfn.WORKDAY.INTL(S92,INDEX(T$8:T$11,MATCH($J92,$J$8:$J$11,0)),1,IF(T$18="China",'China Holidays'!$A$2:$A$82,'Thai Holidays'!$A$2:$A$63)) -> 46328 | V92: 46310 | W92: 46314 | X92: 46321 | Y92: 46342 | Z92: =AB92-5 -> 46366 | AA92: 46371 | AB92: 46371 | AC92: 46373 | AD92: 46434 | AE92: 46448 | AF92: 46455 | AG92: 46469 | AH92: 46485 | AI92: 20.714286 | AJ92: 145 | AK92: =IF(V92<>"",V92+AJ92,V93+AJ92) -> 46455 | AL92: =AP91-7 -> 46469 | AM92: =AL92-AK92 -> 14 | AO92: WPA-02 | AP92: 46479 | AQ92: installation during Reinstatement
B93: RFQ-INS-027 | C93: Coriolis Flow Meters | G93: Instrument | H93: N | I93: 3 | J93: LC | K93: Actual | M93: 46198 | N93: 46219 | O93: 46219 | P93: =O93 -> 46219 | Q93: 46241 | R93: 46260
A94: 28 | B94: RFQ-INS-028 | C94: Wellhead Control Panel (WHCP) | G94: Instrument | J94: LA | K94: New Plan | M94: 46136 | N94: 46148 | O94: 46148 | P94: 46155 | Q94: 46156 | R94: 46162 | S94: 46199 | T94: 46204 | V94: 46218 | W94: 46220 | X94: 46227 | Y94: 46255 | Z94: 46269 | AA94: 46387 | AB94: 46296 | AC94: 46387 | AD94: 46433 | AE94: 46463 | AF94: 46470 | AG94: 46484 | AH94: 46500 | AI94: 36 | AJ94: =AI94*7 -> 252 | AK94: =V94+AJ94 -> 46470 | AL94: =AL95 -> 46468 | AM94: =AL95-AK94 -> -2 | AN94: Long Lead | AO94: WPA-01 | AP94: 46471
B95: RFQ-INS-028 | C95: Wellhead Control Panel (WHCP) | F95: 4-4.2 | G95: Instrument | H95: Y | I95: 2 | J95: LA | K95: Forecast | Z95: 46325 | AA95: 46387 | AB95: 46296 | AC95: 46388 | AD95: 46443 | AE95: 46450 | AF95: 46466 | AG95: 46480 | AH95: 46496 | AI95: 34 | AJ95: 238 | AK95: 46466 | AL95: =AP94-3 -> 46468 | AM95: =AL95-AK95 -> 2 | AN95: =AN94 -> Long Lead | AO95: WPA-02 | AP95: 46496 | AQ95: installation during Reinstatement
B96: RFQ-INS-028 | C96: Wellhead Control Panel (WHCP) | G96: Instrument | H96: Y | I96: 2 | J96: LA | K96: Actual | L96: 46133 | M96: 46140 | N96: 46157 | O96: 46157 | P96: 46157 | Q96: 46157 | R96: 46162 | S96: 46206 | T96: 46210 | U96: 46226 | V96: 46261 | W96: 46226 | X96: 46234 | Y96: 46251 | AN96: =AN94 -> Long Lead | AP96: UPO-0009
A97: 29 | B97: RFQ-INS-029 | C97: Pressure Gauge | G97: Instrument | J97: LC | K97: New Plan | M97: 46239 | N97: 46254 | O97: 46254 | P97: 46254 | Q97: 46254 | R97: 46268 | S97: 46287 | T97: 46301 | V97: 46316 | W97: 46318 | X97: 46325 | Y97: 46346 | Z97: 46360 | AA97: 46375 | AB97: 46375 | AC97: 46377 | AD97: 46421 | AE97: 46435 | AF97: 46442 | AG97: 46456 | AH97: 46472 | AI97: 18 | AJ97: =AI97*7 -> 126 | AK97: =V97+AJ97 -> 46442 | AL97: =AL98 -> 46469 | AM97: =AL98-AK97 -> 27 | AO97: WPA-01 | AP97: 46476
B98: RFQ-INS-029 | C98: Pressure Gauge | F98: 4-4.12 | G98: Instrument | H98: N | I98: 4 | J98: LC | K98: Forecast | T98: =_xlfn.WORKDAY.INTL(S99,INDEX(T$8:T$11,MATCH($J98,$J$8:$J$11,0)),1,IF(T$18="China",'China Holidays'!$A$2:$A$82,'Thai Holidays'!$A$2:$A$63)) -> 46311 | V98: 46315 | W98: 46317 | X98: 46324 | Y98: 46345 | Z98: =AB98-5 -> 46369 | AA98: 46374 | AB98: 46374 | AC98: 46376 | AD98: 46420 | AE98: 46434 | AF98: 46441 | AG98: 46455 | AH98: 46471 | AI98: 18 | AJ98: 126 | AK98: =IF(V98<>"",V98+AJ98,V99+AJ98) -> 46441 | AL98: =AP97-7 -> 46469 | AM98: =AL98-AK98 -> 28 | AO98: WPA-02 | AP98: 46476 | AQ98: installation during Reinstatement
B99: RFQ-INS-029 | C99: Pressure Gauge | G99: Instrument | H99: N | I99: 4 | J99: LC | K99: Actual | M99: 46233 | N99: 46237 | O99: 46237 | P99: =O99 -> 46237 | Q99: 46244 | R99: 46262 | S99: 46296
A100: 30 | B100: RFQ-INS-030 | C100: Pressure Transmitter | G100: Instrument | J100: LC | K100: New Plan | M100: 46239 | N100: 46254 | O100: 46254 | P100: 46254 | Q100: 46254 | R100: 46268 | S100: 46287 | T100: 46301 | V100: 46316 | W100: 46318 | X100: 46325 | Y100: 46346 | Z100: 46360 | AA100: 46375 | AB100: 46375 | AC100: 46377 | AD100: 46421 | AE100: 46435 | AF100: 46442 | AG100: 46456 | AH100: 46472 | AI100: 18 | AJ100: =AI100*7 -> 126 | AK100: =V100+AJ100 -> 46442 | AL100: =AL101 -> 46469 | AM100: =AL101-AK100 -> 27 | AO100: WPA-01 | AP100: 46476
B101: RFQ-INS-030 | C101: Pressure Transmitter | F101: 4-4.12 | G101: Instrument | H101: N | I101: 4 | J101: LC | K101: Forecast | S101: 46311 | T101: =_xlfn.WORKDAY.INTL(S101,INDEX(T$8:T$11,MATCH($J101,$J$8:$J$11,0)),1,IF(T$18="China",'China Holidays'!$A$2:$A$82,'Thai Holidays'!$A$2:$A$63)) -> 46328 | V101: 46315 | W101: 46317 | X101: 46324 | Y101: 46345 | Z101: =AB101-5 -> 46369 | AA101: 46374 | AB101: 46374 | AC101: 46376 | AD101: 46420 | AE101: 46434 | AF101: 46441 | AG101: 46455 | AH101: 46471 | AI101: 18 | AJ101: 126 | AK101: =IF(V101<>"",V101+AJ101,V102+AJ101) -> 46441 | AL101: =AP100-7 -> 46469 | AM101: =AL101-AK101 -> 28 | AO101: WPA-02 | AP101: 46476 | AQ101: installation during Reinstatement
B102: RFQ-INS-030 | C102: Pressure Transmitter | G102: Instrument | H102: N | I102: 4 | J102: LC | K102: Actual | M102: 46239 | N102: 46251 | O102: 46251 | P102: =O102 -> 46251 | Q102: =P102 -> 46251 | R102: 46269
...

Sheet Sheet1
B1: RFQ No. | C1: Description | D1: PO Issued | E1: Delivery To Site | F1: Lead Time | G1: ROS date | H1: Float
B2: RFQ-MEC-001 | C2: Offshore Pedestal Crane | D2: 46211 | E2: 46540 | F2: 329 | G2: 46540 | H2: 0
B3: RFQ-MEC-003 | C3: Instrument Gas Filter Coalescer | D3: 46253 | E3: 46433 | F3: 180 | G3: 46444 | H3: 11
B4: RFQ-MEC-004 | C4: TEST AND PRODUCTION SEPARATOR | D4: 46230 | E4: 46440 | F4: 210 | G4: 46448 | H4: 8
B5: RFQ-MEC-006 | C5: CHEMICAL INJECTION PUMPS PACKAGE | D5: 46227 | E5: 46451 | F5: 224 | G5: 46451 | H5: 0
B6: RFQ-MEC-011 | C6: Closed Drain Sump Vessel | D6: 46231 | E6: 46413 | F6: 182 | G6: 46430 | H6: 17
B7: RFQ-MEC-013 | C7: Storage Tank | D7: 46254 | E7: 46422 | F7: 168 | G7: 46470 | H7: 48
B8: RFQ-MEC-014 | C8: CLOSED DRAIN SUMP PUMP AND RECOVERY WATER PUMP PACKAGE | D8: 46231 | E8: 46455 | F8: 224 | G8: 46477 | H8: 22
B9: RFQ-ELE-017 | C9: AC/DC Distribution Board | D9: 46226 | E9: 46478 | F9: 252 | G9: 46490 | H9: 12
B10: RFQ-ELE-018 | C10: Solar Power System | D10: 46226 | E10: 46485 | F10: 259 | G10: 46490 | H10: 5
B11: RFQ-ELE-019 | C11: Navigation Aid System | D11: 46247 | E11: 46499 | F11: 252 | G11: 46504 | H11: 5
B12: RFQ-INS-023 | C12: Actuated Choke Valve | D12: 46254 | E12: 46534 | F12: 280 | G12: 46550 | H12: 16
B13: RFQ-INS-024 | C13: Actuated Ball Valve | D13: 46267 | E13: 46519 | F13: 252 | G13: 46530 | H13: 11
... B22: RFQ-PIP-073 | C22: SS AND DSS PIPE | D22: 46258 | E22: 46426 | F22: 168 | G22: 46429 | H22: 3

Sheet P6
A1: ActivityID | B1: Activity Name | C1: Planned Duration | D1: Start | E1: Finish | F1: Total Float | G1: Calendar
A2: DETAILENGINEERINGFORWELLHEADPLATFORMS(WPA01ANDWPA02)(ASKPROJECT) | C2: 211 | D2: 46085 | E2: 46405 | F2: 0 | G2: PTTME Office 5dx8h
A3: PROJECTMILESTONE | C3: 211 | D3: 46085 | E3: 46405 | F3: 0 | G3: PTTME Office 5dx8h
A4: MI-1000 | B4: Project Start, KOM | C4: 0 | D4: 46085 | F4: -47 | G4: PTTME Office 5dx8h
A5: MI-1010 | B5: P&ID Issue for Review | C5: 0 | E5: 27-Apr-26* | F5: -7 | G5: PTTME Office 5dx8h
A6: MI-1020 | B6: 30% Model Review | C6: 2 | D6: 46155 | E6: 46156 | F6: 10 | G6: PTTME Office 5dx8h
A7: MI-1030 | B7: P&ID issue for HAZOP | C7: 0 | E7: 46170 | F7: 22 | G7: PTTME Office 5dx8h
A8: MI-1040 | B8: HAZID Review Meeting | C8: 2 | D8: 46162 | E8: 46163 | F8: 105 | G8: PTTME Office 5dx8h
A9: MI-1050 | B9: HAZOP Review Meeting | C9: 5 | D9: 46178 | E9: 46184 | F9: 22 | G9: PTTME Office 5dx8h
A10: MI-1060 | B10: SIL Review Meeting | C10: 2 | D10: 46192 | E10: 46195 | F10: 75 | G10: PTTME Office 5dx8h
A11: MI-1070 | B11: Structural - Primary MTO Issue for review | C11: 0 | E11: 26-May-26* | F11: 0 | G11: PTTME Office 5dx8h
A12: MI-1080 | B12: 60% Model Review | C12: 5 | D12: 46258 | E12: 46262 | F12: 0 | G12: PTTME Office 5dx8h
A13: MI-1090 | B13: 90% Model Review | C13: 1 | D13: 46321 | E13: 46321 | F13: 11 | G13: PTTME Office 5dx8h
A14: MI-1100 | B14: Issue all AFC Documents /Drawing | C14: 0 | E14: 46392 | F14: 0 | G14: PTTME Office 5dx8h
A15: MI-1110 | B15: Design Engineering Compilation | C15: 0 | E15: 46405 | F15: 0 | G15: PTTME Office 5dx8h
A16: GENERALSTUDIES | C16: 35 | D16: 46086 | E16: 46140 | F16: 166 | G16: PTTME Office 5dx8h
A17: PJ-1000 | B17: Master Deliverable Register - IFR | C17: 10 | D17: 46086 | E17: 46099 | F17: 166 | G17: PTTME Office 5dx8h
A18: PJ-1010 | B18: Master Deliverable Register - AFC | C18: 5 | D18: 46114 | E18: 46121 | F18: 171 | G18: PTTME Office 5dx8h
A19: PJ-1020 | B19: Engineering Master Schedule - IFR | C19: 10 | D19: 46100 | E19: 46113 | F19: 166 | G19: PTTME Office 5dx8h
A20: PJ-1030 | B20: Engineering Master Schedule - AFC | C20: 5 | D20: 46134 | E20: 46140 | F20: 166 | G20: PTTME Office 5dx8h
A21: PROCESSANDUTILITIESENGINEERING | C21: 80 | D21: 46106 | E21: 46226 | F21: 107 | G21: PTTME Office 5dx8h
A22: PR-1000 | B22: Process Basis of Design - IFR | C22: 10 | D22: 46113 | E22: 46132 | F22: 33 | G22: PTTME Office 5dx8h
A23: PR-1010 | B23: Process Basis of Design - IFA | C23: 5 | D23: 46148 | E23: 46154 | F23: 33 | G23: PTTME Office 5dx8h
A24: PR-1020 | B24: Process Basis of Design - AFC | C24: 5 | D24: 46169 | E24: 46177 | F24: 33 | G24: PTTME Office 5dx8h
A25: PR-1090 | B25: Process Simulation Report - IFR | C25: 5 | D25: 46185 | E25: 46191 | F25: 117 | G25: PTTME Office 5dx8h
A26: PR-1100 | B26: Process Simulation Report - AFC | C26: 5 | D26: 46206 | E26: 46212 | F26: 117 | G26: PTTME Office 5dx8h
A27: PR-1110 | B27: Utility Balance and Consumption Report - IFR | C27: 10 | D27: 46185 | E27: 46198 | F27: 112 | G27: PTTME Office 5dx8h
A28: PR-1120 | B28: Utility Balance and Consumption Report - AFC | C28: 5 | D28: 46213 | E28: 46219 | F28: 112 | G28: PTTME Office 5dx8h
A29: PR-1130 | B29: AIV And FIV Study Report - IFR | C29: 15 | D29: 46162 | E29: 46184 | F29: 109 | G29: PTTME Office 5dx8h
A30: PR-1140 | B30: AIV And FIV Study Report - AFC | C30: 5 | D30: 46199 | E30: 46205 | F30: 122 | G30: PTTME Office 5dx8h
A31: PR-1150 | B31: Depressurization and Low Temperature Study Report - IFR | C31: 20 | D31: 46175 | E31: 46203 | F31: 109 | G31: PTTME Office 5dx8h
A32: PR-1160 | B32: Depressurization and Low Temperature Study Report - AFC | C32: 5 | D32: 46218 | E32: 46224 | F32: 109 | G32: PTTME Office 5dx8h
A33: PR-1170 | B33: Vent Sizing and Relief Load Report - IFR | C33: 13 | D33: 46175 | E33: 46192 | F33: 116 | G33: PTTME Office 5dx8h
... A83: PR-1650 | B83: Transient Flow Assurance Study Report - AFC | C83: 5 | D83: 46220 | E83: 46226 | F83: 107 | G83: PTTME Office 5dx8h
A84: ProcessCalculationNote | C84: 45 | D84: 46140 | E84: 46205 | F84: -17 | G84: PTTME Office 5dx8h
A85: PR-1660 | B85: Process Calculation Note for Line Sizing - IFR | C85: 23 | D85: 46140 | E85: 46171 | F85: -10 | G85: PTTME Office 5dx8h
A86: PR-1670 | B86: Process Calculation Note for Line Sizing - AFC | C86: 5 | D86: 46199 | E86: 46205 | F86: -17 | G86: PTTME Office 5dx8h
A87: PR-1680 | B87: Process Calculation Note for Test Separator Sizing - IFR | C87: 15 | D87: 46140 | E87: 46161 | F87: -2 | G87: PTTME Office 5dx8h
A88: PR-1690 | B88: Process Calculation Note for Test Separator Sizing - AFC | C88: 5 | D88: 46199 | E88: 46205 | F88: -17 | G88: PTTME Office 5dx8h
A89: PR-1700 | B89: Process Calculation Note for Production Separator (V-01001) - IFR | C89: 15 | D89: 46140 | E89: 46161 | F89: -2 | G89: PTTME Office 5dx8h
A90: PR-1710 | B90: Process Calculation Note for Production Separator (V-01001) - AFC | C90: 5 | D90: 46199 | E90: 46205 | F90: -17 | G90: PTTME Office 5dx8h
A91: PR-1720 | B91: Process Calculation Note for Skim Tank Vessel (V-10002) - IFR | C91: 15 | D91: 46140 | E91: 46161 | F91: -2 | G91: PTTME Office 5dx8h
A92: PR-1730 | B92: Process Calculation Note for Skim Tank Vessel (V-10002) - AFC | C92: 5 | D92: 46199 | E92: 46205 | F92: -17 | G92: PTTME Office 5dx8h
A93: PR-1740 | B93: Process Calculation Note for Degasser - IFR | C93: 15 | D93: 46140 | E93: 46161 | F93: -2 | G93: PTTME Office 5dx8h
A94: PR-1750 | B94: Process Calculation Note for Degasser - AFC | C94: 5 | D94: 46199 | E94: 46205 | F94: -17 | G94: PTTME Office 5dx8h
A95: PR-1760 | B95: Process Calculation Note for Closed Drain Sump Vessel Sizing (V-05001) - IFR | C95: 23 | D95: 46140 | E95: 46171 | F95: -10 | G95: PTTME Office 5dx8h
A96: PR-1770 | B96: Process Calculation Note for Closed Drain Sump Vessel Sizing (V-05001) - AFC | C96: 5 | D96: 46199 | E96: 46205 | F96: -17 | G96: PTTME Office 5dx8h
... A126: PR-2070 | B126: Process Calculation Note - Depressurization and Blowdown - AFC | C126: 5 | D126: 46199 | E126: 46205 | F126: -17 | G126: PTTME Office 5dx8h
A127: MECHANICALENGINEERING | C127: 194 | D127: 46091 | E127: 46384 | F127: 4 | G127: PTTME Office 5dx8h
A128: ME-1000 | B128: Mechanical Basis of Design - IFR | C128: 19 | D128: 46091 | E128: 46115 | F128: 4 | G128: PTTME Office 5dx8h
A129: ME-1010 | B129: Mechanical Basis of Design - AFC | C129: 10 | D129: 46136 | E129: 46150 | F129: 159 | G129: PTTME Office 5dx8h
A130: ME-1020 | B130: Material Handling Study Reports - IFR | C130: 15 | D130: 46129 | E130: 46150 | F130: 4 | G130: PTTME Office 5dx8h
A131: ME-1030 | B131: Material Handling Study Reports - AFC | C131: 10 | D131: 46274 | E131: 46287 | F131: 68 | G131: PTTME Office 5dx8h
A132: ME-1040 | B132: WPA01 Mechanical Equipment List - IFR | C132: 20 | D132: 46141 | E132: 46169 | F132: 32 | G132: PTTME Office 5dx8h
A133: ME-1050 | B133: WPA01 Mechanical Equipment List - AFC | C133: 10 | D133: 46199 | E133: 46212 | F133: 82 | G133: PTTME Office 5dx8h
A134: ME-1060 | B134: WPA02 Mechanical Equipment List - IFR | C134: 20 | D134: 46141 | E134: 46169 | F134: 32 | G134: PTTME Office 5dx8h
A135: ME-1070 | B135: WPA02 Mechanical Equipment List - AFC | C135: 10 | D135: 46199 | E135: 46212 | F135: 82 | G135: PTTME Office 5dx8h
A136: ME-1080 | B136: Project Particular Specification for Test and Production Separators - IFR | C136: 25 | D136: 46091 | E136: 46129 | F136: 153 | G136: PTTME Office 5dx8h
A137: ME-1090 | B137: Project Particular Specification for Test and Production Separators - AFC | C137: 10 | D137: 46147 | E137: 46160 | F137: 153 | G137: PTTME Office 5dx8h
A138: ME-1100 | B138: Project Particular Specification for Instrument Gas Filter coalescers - IFR | C138: 23 | D138: 46091 | E138: 46122 | F138: 155 | G138: PTTME Office 5dx8h
A139: ME-1110 | B139: Project Particular Specification for Instrument Gas Filter coalescers - AFC | C139: 10 | D139: 46142 | E139: 46156 | F139: 155 | G139: PTTME Office 5dx8h
... A165: ME-2520 | B165: Criticality Rating Report for Equipment - AFC | C165: 10 | D165: 46148 | E165: 46161 | F165: 152 | G165: PTTME Office 5dx8h
A166: Datasheets-Mechanical | C166: 104 | D166: 46097 | E166: 46255 | F166: 90 | G166: PTTME Office 5dx8h
A167: ME-1360 | B167: Mechanical Datasheet for Corrosion Inhibitor Storage Tank (T-09001) - IFR | C167: 10 | D167: 46140 | E167: 46154 | F167: -44 | G167: PTTME Office 5dx8h
A168: ME-1370 | B168: Mechanical Datasheet for Corrosion Inhibitor Storage Tank (T-09001) - IFA | C168: 10 | D168: 46175 | E168: 46189 | F168: 34 | G168: PTTME Office 5dx8h
A169: ME-1380 | B169: Mechanical Datasheet for Corrosion Inhibitor Storage Tank (T-09001) - AFC | C169: 5 | D169: 46206 | E169: 46212 | F169: 32 | G169: PTTME Office 5dx8h
A170: ME-1390 | B170: Mechanical Datasheet for Corrosion Inhibitor Storage Tote Tank (T-09011) - IFR | C170: 12 | D170: 46140 | E170: 46156 | F170: -16 | G170: PTTME Office 5dx8h
A171: ME-1400 | B171: Mechanical Datasheet for Corrosion Inhibitor Storage Tote Tank (T-09011) - IFA | C171: 10 | D171: 46178 | E171: 46191 | F171: 32 | G171: PTTME Office 5dx8h
A172: ME-1410 | B172: Mechanical Datasheet for Corrosion Inhibitor Storage Tote Tank (T-09011) - AFC | C172: 5 | D172: 46206 | E172: 46212 | F172: 32 | G172: PTTME Office 5dx8h
A173: ME-1420 | B173: Mechanical Datasheet for Utility Water Storage Tote Tank (T-07003, T-07013) - IFR | C173: 10 | D173: 46142 | E173: 46156 | F173: -16 | G173: PTTME Office 5dx8h
A174: ME-1430 | B174: Mechanical Datasheet for Utility Water Storage Tote Tank (T-07003, T-07013) - IFA | C174: 10 | D174: 46178 | E174: 46191 | F174: 32 | G174: PTTME Office 5dx8h
A175: ME-1440 | B175: Mechanical Datasheet for Utility Water Storage Tote Tank (T-07003, T-07013) - AFC | C175: 5 | D175: 46206 | E175: 46212 | F175: 32 | G175: PTTME Office 5dx8h
A176: ME-1450 | B176: Mechanical Datasheet for Diesel Storage Tote Tank (T-07001,T-07011) - IFR | C176: 10 | D176: 46146 | E176: 46157 | F176: -21 | G176: PTTME Office 5dx8h
A177: ME-1460 | B177: Mechanical Datasheet for Diesel Storage Tote Tank (T-07001,T-07011) - IFA | C177: 10 | D177: 46181 | E177: 46192 | F177: 32 | G177: PTTME Office 5dx8h
A178: ME-1470 | B178: Mechanical Datasheet for Diesel Storage Tote Tank (T-07001,T-07011) - AFC | C178: 5 | D178: 46206 | E178: 46212 | F178: 32 | G178: PTTME Office 5dx8h
... A238: ME-2220 | B238: WPA02 Mechanical Datasheet for Open Drain Caisson Pump Package SK-05003) - AFC | C238: 5 | D238: 46223 | E238: 46227 | F238: 101 | G238: PTTME Office 5dx8h
A239: MR-Mechanical | C239: 165 | D239: 46136 | E239: 46384 | F239: 4 | G239: PTTME Office 5dx8h
A240: ME-2230 | B240: Material Requisition for Test and Production Separator - IFR | C240: 10 | D240: 46199 | E240: 46212 | F240: -26 | G240: PTTME Office 5dx8h
A241: ME-2240 | B241: Material Requisition for Test and Production Separator - AFC | C241: 5 | D241: 46301 | E241: 46307 | F241: -26 | G241: PTTME Office 5dx8h
A242: ME-2250 | B242: Material Requisition for Instrument Gas Filter coalescer - IFR | C242: 10 | D242: 46211 | E242: 46224 | F242: -30 | G242: PTTME Office 5dx8h
A243: ME-2260 | B243: Material Requisition for Instrument Gas Filter coalescer - AFC | C243: 5 | D243: 46307 | E243: 46314 | F243: -30 | G243: PTTME Office 5dx8h
A244: ME-2270 | B244: Material Requisition for Storage Tote Tanks - IFR | C244: 10 | D244: 46192 | E244: 46205 | F244: -21 | G244: PTTME Office 5dx8h
A245: ME-2280 | B245: Material Requisition for Storage Tote Tanks - AFC | C245: 5 | D245: 46294 | E245: 46300 | F245: -21 | G245: PTTME Office 5dx8h
A246: ME-2290 | B246: Material Requisition for Storage Tanks - IFR | C246: 10 | D246: 46225 | E246: 46241 | F246: -47 | G246: PTTME Office 5dx8h
A247: ME-2300 | B247: Material Requisition for Storage Tanks - AFC | C247: 5 | D247: 46332 | E247: 46338 | F247: -47 | G247: PTTME Office 5dx8h
A248: ME-2310 | B248: Material Requisition for Chemical Injection Pumps Package - IFR | C248: 10 | D248: 46147 | E248: 46160 | F248: 92 | G248: PTTME Office 5dx8h
A249: ME-2320 | B249: Material Requisition for Chemical Injection Pumps Package - AFC | C249: 5 | D249: 46247 | E249: 46253 | F249: 92 | G249: PTTME Office 5dx8h
A250: ME-2330 | B250: Material Requisition for Diesel Oil Transfer Pump Package - IFR | C250: 10 | D250: 46219 | E250: 46237 | F250: 41 | G250: PTTME Office 5dx8h
A251: ME-2340 | B251: Material Requisition for Diesel Oil Transfer Pump Package - AFC | C251: 5 | D251: 46322 | E251: 46328 | F251: 41 | G251: PTTME Office 5dx8h
... A267: ME-2500 | B267: Material Requisition for Open Drain Caisson Pump - AFC | C267: 5 | D267: 46275 | E267: 46281 | F267: 72 | G267: PTTME Office 5dx8h
A268: TBE-Mechanical | C268: 129 | D268: 46168 | E268: 46358 | F268: 4 | G268: PTTME Office 5dx8h
A269: ME-2530 | B269: Technical Bid Evaluation for Test and Production Separator - IFR | C269: 20 | D269: 46237 | E269: 46265 | F269: -26 | G269: PTTME Office 5dx8h
A270: ME-2540 | B270: Technical Bid Evaluation for Test and Production Separator - AFC | C270: 5 | D270: 46280 | E270: 46286 | F270: -26 | G270: PTTME Office 5dx8h
A271: ME-2550 | B271: Technical Bid Evaluation for Instrument Gas Filter coalescer - IFR | C271: 20 | D271: 46241 | E271: 46269 | F271: -30 | G271: PTTME Office 5dx8h
A272: ME-2560 | B272: Technical Bid Evaluation for Instrument Gas Filter coalescer - AFC | C272: 5 | D272: 46286 | E272: 46290 | F272: -30 | G272: PTTME Office 5dx8h
A273: ME-2570 | B273: Technical Bid Evaluation for Storage Tote Tanks - IFR | C273: 17 | D273: 46230 | E273: 46258 | F273: -21 | G273: PTTME Office 5dx8h
A274: ME-2580 | B274: Technical Bid Evaluation for Storage Tote Tanks - AFC | C274: 5 | D274: 46273 | E274: 46279 | F274: -21 | G274: PTTME Office 5dx8h
A275: ME-2590 | B275: Technical Bid Evaluation for Storage Tanks - IFR | C275: 20 | D275: 46267 | E275: 46294 | F275: -47 | G275: PTTME Office 5dx8h
A276: ME-2600 | B276: Technical Bid Evaluation for Storage Tanks - AFC | C276: 5 | D276: 46310 | E276: 46316 | F276: -47 | G276: PTTME Office 5dx8h
A277: ME-2610 | B277: Technical Bid Evaluation for Chemical Injection Pumps Package - IFR | C277: 20 | D277: 46178 | E277: 46205 | F277: 92 | G277: PTTME Office 5dx8h
...

Sheet Before Award
A1: ZM167 PTTEPI ASK Procurement Plan - Before Award
I12: LA | L12: 1 | M12: 5 | N12: 1 | O12: 5 | R12: 10 | S12: 20 | T12: 3 | U12: 10 | V12: 2 | W12: =SUM(L12:V12) -> 57 | AP12: 2 | AQ12: 4 | AR12: 5
I13: LB | L13: 1 | M13: 5 | N13: 1 | O13: 5 | R13: 10 | S13: 20 | T13: 3 | U13: 10 | V13: 2 | W13: =SUM(L13:V13) -> 57 | AP13: 2 | AQ13: 4 | AR13: 5
I14: LC | L14: 3 | M14: 10 | N14: 1 | O14: 10 | R14: 10 | S14: 15 | T14: 10 | U14: 10 | V14: 2 | W14: =SUM(L14:V14) -> 71 | AP14: 2 | AQ14: 2 | AR14: 5
I15: LD | L15: 3 | M15: 5 | N15: 1 | O15: 3 | R15: 5 | S15: 7 | T15: 2 | U15: 5 | V15: 2 | W15: =SUM(L15:V15) -> 33 | AP15: 2 | AQ15: 2 | AR15: 5
A16: No. | B16: MR.No | C16: RFQ No. | D16: Package Name | E16: PO NO. | F16: Discripline | G16: Long Lead Item (Y/N) | H16: Criticality Rating | I16: Priority Level | K16: Bidder List Approval | L16: MR Issued | M16: MR Approved | N16: RFQ Issued | O16: RFQ Approved | P16: Bidding Duration | Q16: CFT Issuance | R16: Bid Closing Date | S16: TBE Issued | T16: TBE Approved | U16: PO Issued | V16: Vendor Acknowledgement | W16: Delivery Duration (Weeks) | X16: Delivery Date | Y16: Lead Time (Days) | Z16: ROS date | AA16: Earlier ROS date | AB16: Float (Day) | AC16: 40329 | AD16: 40359 | AE16: 40390 | AF16: 40421 | AG16: 40451 | AH16: 40482 | AI16: 40512 | AJ16: 40543 | AK16: 40574 | AL16: 40602 | AM16: =TODAY() -> 46302 | AP16: Final&Best Proposal Submission | AQ16: TJE CBE approval (LOI Issue) | AR16: MRP | AS16: Transportation time
A17: 1 | C17: RFQ-001 | D17: Pedestal Crane | F17: Mechanical | G17: =IF(_xlfn.XLOOKUP(C17,'[36]Before Award'!D:D,'[36]Before Award'!AV:AV,"N/A")="N/A","N","Y") -> N | I17: LA | J17: Plan | K17: =WORKDAY(L17,-INDEX(L$12:L$15,MATCH($I17,$I$12:$I$15,0))) -> 46140 | L17: =WORKDAY(M17,-INDEX(M$12:M$15,MATCH($I17,$I$12:$I$15,0))) -> 46141 | M17: =WORKDAY(N17,-INDEX(N$12:N$15,MATCH($I17,$I$12:$I$15,0))) -> 46148 | N17: =WORKDAY(O17,-INDEX(O$12:O$15,MATCH($I17,$I$12:$I$15,0))) -> 46149 | O17: =WORKDAY(R17,-INDEX(R$12:R$15,MATCH($I17,$I$12:$I$15,0))) -> 46156 | P17: =U17-L17 -> 76 | R17: =WORKDAY(S17,-INDEX(S$12:S$15,MATCH($I17,$I$12:$I$15,0))) -> 46170 | S17: =WORKDAY(T17,-INDEX(T$12:T$15,MATCH($I17,$I$12:$I$15,0))) -> 46198 | T17: =WORKDAY(U17,-INDEX(U$12:U$15,MATCH($I17,$I$12:$I$15,0))) -> 46203 | U17: =X17-Y17 -> 46217 | V17: =WORKDAY(U17,INDEX(V$12:V$15,MATCH($I17,$I$12:$I$15,0))) -> 46219 | W17: =Y17/7 -> 50 | X17: =Z17 -> 46567 | Y17: 350 | Z17: 46567 | AA17: 46567 | AB17: =Z17-X18 -> 0 | AC17: =IF(ISERROR(LOOKUP(AC$16,$L17:$X17,#REF!)),0,(LOOKUP(AC$16,$L17:$X17,#REF!))) -> 0 | AD17: =IF(ISERROR(LOOKUP(AD$16,$L17:$X17,#REF!)),0,(LOOKUP(AD$16,$L17:$X17,#REF!))) -> 0 | AE17: =IF(ISERROR(LOOKUP(AE$16,$L17:$X17,#REF!)),0,(LOOKUP(AE$16,$L17:$X17,#REF!))) -> 0 | AF17: =IF(ISERROR(LOOKUP(AF$16,$L17:$X17,#REF!)),0,(LOOKUP(AF$16,$L17:$X17,#REF!))) -> 0 | AG17: =IF(ISERROR(LOOKUP(AG$16,$L17:$X17,#REF!)),0,(LOOKUP(AG$16,$L17:$X17,#REF!))) -> 0 | AH17: =IF(ISERROR(LOOKUP(AH$16,$L17:$X17,#REF!)),0,(LOOKUP(AH$16,$L17:$X17,#REF!))) -> 0 | AI17: =IF(ISERROR(LOOKUP(AI$16,$L17:$X17,#REF!)),0,(LOOKUP(AI$16,$L17:$X17,#REF!))) -> 0 | AJ17: =IF(ISERROR(LOOKUP(AJ$16,$L17:$X17,#REF!)),0,(LOOKUP(AJ$16,$L17:$X17,#REF!))) -> 0 | ... AM17: =IF(ISERROR(LOOKUP(AM$16,$L17:$X17,#REF!)),0,(LOOKUP(AM$16,$L17:$X17,#REF!))) -> 0 | AO17: =U17-T17 -> 14 | AP17: =WORKDAY(AQ17,-INDEX(AQ$12:AQ$15,MATCH($I17,$I$12:$I$15,0)),$AW$17:$AW$148) -> #REF! | AQ17: =WORKDAY(U17,-INDEX(U$12:U$15,MATCH($I17,$I$12:$I$15,0)),$AW$17:$AW$148) -> #REF! | AR17: =WORKDAY(U17,-INDEX(U$12:U$15,MATCH($I17,$I$12:$I$15,0)),$AW$17:$AW$148) -> #REF! | AS17: 14 | AW17: {='[36]Equipment List and MR List (3)'!$A$2:$A$80} -> #REF!
C18: =C17 -> RFQ-001 | D18: =D17 -> Pedestal Crane | I18: =I17 -> LA | J18: Forecast | K18: =K17 -> 46140 | L18: =WORKDAY(IF(K19="",K18,K19),INDEX(L$12:L$15,MATCH($I17,$I$12:$I$15,0))) -> 46141 | M18: =WORKDAY(IF(L19="",L18,L19),INDEX(M$12:M$15,MATCH($I17,$I$12:$I$15,0))) -> 46148 | N18: =WORKDAY(IF(M19="",M18,M19),INDEX(N$12:N$15,MATCH($I17,$I$12:$I$15,0))) -> 46149 | O18: =WORKDAY(IF(N19="",N18,N19),INDEX(O$12:O$15,MATCH($I17,$I$12:$I$15,0))) -> 46156 | R18: =WORKDAY(IF(O19="",O18,O19),INDEX(R$12:R$15,MATCH($I17,$I$12:$I$15,0))) -> 46170 | S18: =WORKDAY(IF(R19="",R18,R19),INDEX(S$12:S$15,MATCH($I17,$I$12:$I$15,0))) -> 46198 | T18: =WORKDAY(IF(S19="",S18,S19),INDEX(T$12:T$15,MATCH($I17,$I$12:$I$15,0))) -> 46203 | U18: =WORKDAY(IF(T19="",T18,T19),INDEX(U$12:U$15,MATCH($I17,$I$12:$I$15,0))) -> 46217 | V18: =WORKDAY(IF(U19="",U18,U19),INDEX(V$12:V$15,MATCH($I17,$I$12:$I$15,0))) -> 46219 | X18: =U18+Y17 -> 46567 | AC18: =IF(ISERROR(LOOKUP(AC$16,$L18:$X18,#REF!)),0,(LOOKUP(AC$16,$L18:$X18,#REF!))) -> 0 | AD18: =IF(ISERROR(LOOKUP(AD$16,$L18:$X18,#REF!)),0,(LOOKUP(AD$16,$L18:$X18,#REF!))) -> 0 | AE18: =IF(ISERROR(LOOKUP(AE$16,$L18:$X18,#REF!)),0,(LOOKUP(AE$16,$L18:$X18,#REF!))) -> 0 | AF18: =IF(ISERROR(LOOKUP(AF$16,$L18:$X18,#REF!)),0,(LOOKUP(AF$16,$L18:$X18,#REF!))) -> 0 | AG18: =IF(ISERROR(LOOKUP(AG$16,$L18:$X18,#REF!)),0,(LOOKUP(AG$16,$L18:$X18,#REF!))) -> 0 | AH18: =IF(ISERROR(LOOKUP(AH$16,$L18:$X18,#REF!)),0,(LOOKUP(AH$16,$L18:$X18,#REF!))) -> 0 | AI18: =IF(ISERROR(LOOKUP(AI$16,$L18:$X18,#REF!)),0,(LOOKUP(AI$16,$L18:$X18,#REF!))) -> 0 | AJ18: =IF(ISERROR(LOOKUP(AJ$16,$L18:$X18,#REF!)),0,(LOOKUP(AJ$16,$L18:$X18,#REF!))) -> 0 | ... AM18: =IF(ISERROR(LOOKUP(AM$16,$L18:$X18,#REF!)),0,(LOOKUP(AM$16,$L18:$X18,#REF!))) -> 0 | AO18: =U18-T18 -> 14 | AP18: =WORKDAY(IF(T19="",T18,T19),INDEX(AP$12:AP$15,MATCH($I17,$I$12:$I$15,0)),$AW$17:$AW$148) -> #REF! | AQ18: =WORKDAY(IF(AP19="",AP18,AP19),INDEX(AQ$12:AQ$15,MATCH($I17,$I$12:$I$15,0)),$AW$17:$AW$148) -> #REF! | AR18: =WORKDAY(IF(AQ19="",AQ18,AQ19),INDEX(AR$12:AR$15,MATCH($I17,$I$12:$I$15,0)),$AW$17:$AW$148) -> #REF! | AW18: #REF!
C19: =C17 -> RFQ-001 | D19: =D17 -> Pedestal Crane | I19: =I17 -> LA | J19: Actual | AC19: =IF(ISERROR(LOOKUP(AC$16,$L19:$X19,#REF!)),0,(LOOKUP(AC$16,$L19:$X19,#REF!))) -> 0 | AD19: =IF(ISERROR(LOOKUP(AD$16,$L19:$X19,#REF!)),0,(LOOKUP(AD$16,$L19:$X19,#REF!))) -> 0 | AE19: =IF(ISERROR(LOOKUP(AE$16,$L19:$X19,#REF!)),0,(LOOKUP(AE$16,$L19:$X19,#REF!))) -> 0 | AF19: =IF(ISERROR(LOOKUP(AF$16,$L19:$X19,#REF!)),0,(LOOKUP(AF$16,$L19:$X19,#REF!))) -> 0 | AG19: =IF(ISERROR(LOOKUP(AG$16,$L19:$X19,#REF!)),0,(LOOKUP(AG$16,$L19:$X19,#REF!))) -> 0 | AH19: =IF(ISERROR(LOOKUP(AH$16,$L19:$X19,#REF!)),0,(LOOKUP(AH$16,$L19:$X19,#REF!))) -> 0 | AI19: =IF(ISERROR(LOOKUP(AI$16,$L19:$X19,#REF!)),0,(LOOKUP(AI$16,$L19:$X19,#REF!))) -> 0 | AJ19: =IF(ISERROR(LOOKUP(AJ$16,$L19:$X19,#REF!)),0,(LOOKUP(AJ$16,$L19:$X19,#REF!))) -> 0 | ... AM19: =IF(ISERROR(LOOKUP(AM$16,$L19:$X19,#REF!)),0,(LOOKUP(AM$16,$L19:$X19,#REF!))) -> 0 | AO19: =U19-T19 -> 0 | AW19: #REF!
A20: =A17+1 -> 2 | C20: RFQ-002 | D20: Material Handling Equipment | F20: Mechanical | G20: N | I20: LC | J20: Plan | K20: =WORKDAY(L20,-INDEX(L$12:L$15,MATCH($I20,$I$12:$I$15,0))) -> 46296 | L20: =WORKDAY(M20,-INDEX(M$12:M$15,MATCH($I20,$I$12:$I$15,0))) -> 46301 | M20: =WORKDAY(N20,-INDEX(N$12:N$15,MATCH($I20,$I$12:$I$15,0))) -> 46315 | N20: =WORKDAY(O20,-INDEX(O$12:O$15,MATCH($I20,$I$12:$I$15,0))) -> 46316 | O20: =WORKDAY(R20,-INDEX(R$12:R$15,MATCH($I20,$I$12:$I$15,0))) -> 46330 | P20: =U20-L20 -> 92 | R20: =WORKDAY(S20,-INDEX(S$12:S$15,MATCH($I20,$I$12:$I$15,0))) -> 46344 | S20: =WORKDAY(T20,-INDEX(T$12:T$15,MATCH($I20,$I$12:$I$15,0))) -> 46365 | T20: =WORKDAY(U20,-INDEX(U$12:U$15,MATCH($I20,$I$12:$I$15,0))) -> 46379 | U20: =X20-Y20 -> 46393 | V20: =WORKDAY(U20,INDEX(V$12:V$15,MATCH($I20,$I$12:$I$15,0))) -> 46395 | W20: =Y20/7 -> 25 | X20: =Z20 -> 46568 | Y20: 175 | Z20: 46568 | AA20: 46568 | AB20: =Z20-X21 -> 0 | AC20: =IF(ISERROR(LOOKUP(AC$16,$L20:$X20,#REF!)),0,(LOOKUP(AC$16,$L20:$X20,#REF!))) -> 0 | AD20: =IF(ISERROR(LOOKUP(AD$16,$L20:$X20,#REF!)),0,(LOOKUP(AD$16,$L20:$X20,#REF!))) -> 0 | AE20: =IF(ISERROR(LOOKUP(AE$16,$L20:$X20,#REF!)),0,(LOOKUP(AE$16,$L20:$X20,#REF!))) -> 0 | AF20: =IF(ISERROR(LOOKUP(AF$16,$L20:$X20,#REF!)),0,(LOOKUP(AF$16,$L20:$X20,#REF!))) -> 0 | AG20: =IF(ISERROR(LOOKUP(AG$16,$L20:$X20,#REF!)),0,(LOOKUP(AG$16,$L20:$X20,#REF!))) -> 0 | AH20: =IF(ISERROR(LOOKUP(AH$16,$L20:$X20,#REF!)),0,(LOOKUP(AH$16,$L20:$X20,#REF!))) -> 0 | AI20: =IF(ISERROR(LOOKUP(AI$16,$L20:$X20,#REF!)),0,(LOOKUP(AI$16,$L20:$X20,#REF!))) -> 0 | AJ20: =IF(ISERROR(LOOKUP(AJ$16,$L20:$X20,#REF!)),0,(LOOKUP(AJ$16,$L20:$X20,#REF!))) -> 0 | ... AM20: =IF(ISERROR(LOOKUP(AM$16,$L20:$X20,#REF!)),0,(LOOKUP(AM$16,$L20:$X20,#REF!))) -> 0 | AO20: =U20-T20 -> 14 | AP20: =WORKDAY(AQ20,-INDEX(AQ$12:AQ$15,MATCH($I20,$I$12:$I$15,0)),$AW$17:$AW$148) -> #REF! | AQ20: =WORKDAY(U20,-INDEX(U$12:U$15,MATCH($I20,$I$12:$I$15,0)),$AW$17:$AW$148) -> #REF! | AR20: =WORKDAY(U20,-INDEX(U$12:U$15,MATCH($I20,$I$12:$I$15,0)),$AW$17:$AW$148) -> #REF! | AS20: 14 | AW20: #REF!
C21: =C20 -> RFQ-002 | D21: =D20 -> Material Handling Equipment | G21: =G20 -> N | I21: =I20 -> LC | J21: Forecast | K21: =K20 -> 46296 | L21: =WORKDAY(IF(K22="",K21,K22),INDEX(L$12:L$15,MATCH($I20,$I$12:$I$15,0))) -> 46301 | M21: =WORKDAY(IF(L22="",L21,L22),INDEX(M$12:M$15,MATCH($I20,$I$12:$I$15,0))) -> 46315 | N21: =WORKDAY(IF(M22="",M21,M22),INDEX(N$12:N$15,MATCH($I20,$I$12:$I$15,0))) -> 46316 | O21: =WORKDAY(IF(N22="",N21,N22),INDEX(O$12:O$15,MATCH($I20,$I$12:$I$15,0))) -> 46330 | R21: =WORKDAY(IF(O22="",O21,O22),INDEX(R$12:R$15,MATCH($I20,$I$12:$I$15,0))) -> 46344 | S21: =WORKDAY(IF(R22="",R21,R22),INDEX(S$12:S$15,MATCH($I20,$I$12:$I$15,0))) -> 46365 | T21: =WORKDAY(IF(S22="",S21,S22),INDEX(T$12:T$15,MATCH($I20,$I$12:$I$15,0))) -> 46379 | U21: =WORKDAY(IF(T22="",T21,T22),INDEX(U$12:U$15,MATCH($I20,$I$12:$I$15,0))) -> 46393 | V21: =WORKDAY(IF(U22="",U21,U22),INDEX(V$12:V$15,MATCH($I20,$I$12:$I$15,0))) -> 46395 | X21: =U21+Y20 -> 46568 | AC21: =IF(ISERROR(LOOKUP(AC$16,$L21:$X21,#REF!)),0,(LOOKUP(AC$16,$L21:$X21,#REF!))) -> 0 | AD21: =IF(ISERROR(LOOKUP(AD$16,$L21:$X21,#REF!)),0,(LOOKUP(AD$16,$L21:$X21,#REF!))) -> 0 | AE21: =IF(ISERROR(LOOKUP(AE$16,$L21:$X21,#REF!)),0,(LOOKUP(AE$16,$L21:$X21,#REF!))) -> 0 | AF21: =IF(ISERROR(LOOKUP(AF$16,$L21:$X21,#REF!)),0,(LOOKUP(AF$16,$L21:$X21,#REF!))) -> 0 | AG21: =IF(ISERROR(LOOKUP(AG$16,$L21:$X21,#REF!)),0,(LOOKUP(AG$16,$L21:$X21,#REF!))) -> 0 | AH21: =IF(ISERROR(LOOKUP(AH$16,$L21:$X21,#REF!)),0,(LOOKUP(AH$16,$L21:$X21,#REF!))) -> 0 | AI21: =IF(ISERROR(LOOKUP(AI$16,$L21:$X21,#REF!)),0,(LOOKUP(AI$16,$L21:$X21,#REF!))) -> 0 | AJ21: =IF(ISERROR(LOOKUP(AJ$16,$L21:$X21,#REF!)),0,(LOOKUP(AJ$16,$L21:$X21,#REF!))) -> 0 | ... AM21: =IF(ISERROR(LOOKUP(AM$16,$L21:$X21,#REF!)),0,(LOOKUP(AM$16,$L21:$X21,#REF!))) -> 0 | AO21: =U21-T21 -> 14 | AP21: =WORKDAY(IF(T22="",T21,T22),INDEX(AP$12:AP$15,MATCH($I20,$I$12:$I$15,0)),$AW$17:$AW$148) -> #REF! | AQ21: =WORKDAY(IF(AP22="",AP21,AP22),INDEX(AQ$12:AQ$15,MATCH($I20,$I$12:$I$15,0)),$AW$17:$AW$148) -> #REF! | AR21: =WORKDAY(IF(AQ22="",AQ21,AQ22),INDEX(AR$12:AR$15,MATCH($I20,$I$12:$I$15,0)),$AW$17:$AW$148) -> #REF! | AW21: #REF!
C22: =C20 -> RFQ-002 | D22: =D20 -> Material Handling Equipment | G22: =G20 -> N | I22: =I20 -> LC | J22: Actual | AC22: =IF(ISERROR(LOOKUP(AC$16,$L22:$X22,#REF!)),0,(LOOKUP(AC$16,$L22:$X22,#REF!))) -> 0 | AD22: =IF(ISERROR(LOOKUP(AD$16,$L22:$X22,#REF!)),0,(LOOKUP(AD$16,$L22:$X22,#REF!))) -> 0 | AE22: =IF(ISERROR(LOOKUP(AE$16,$L22:$X22,#REF!)),0,(LOOKUP(AE$16,$L22:$X22,#REF!))) -> 0 | AF22: =IF(ISERROR(LOOKUP(AF$16,$L22:$X22,#REF!)),0,(LOOKUP(AF$16,$L22:$X22,#REF!))) -> 0 | AG22: =IF(ISERROR(LOOKUP(AG$16,$L22:$X22,#REF!)),0,(LOOKUP(AG$16,$L22:$X22,#REF!))) -> 0 | AH22: =IF(ISERROR(LOOKUP(AH$16,$L22:$X22,#REF!)),0,(LOOKUP(AH$16,$L22:$X22,#REF!))) -> 0 | AI22: =IF(ISERROR(LOOKUP(AI$16,$L22:$X22,#REF!)),0,(LOOKUP(AI$16,$L22:$X22,#REF!))) -> 0 | AJ22: =IF(ISERROR(LOOKUP(AJ$16,$L22:$X22,#REF!)),0,(LOOKUP(AJ$16,$L22:$X22,#REF!))) -> 0 | ... AM22: =IF(ISERROR(LOOKUP(AM$16,$L22:$X22,#REF!)),0,(LOOKUP(AM$16,$L22:$X22,#REF!))) -> 0 | AO22: =U22-T22 -> 0 | AW22: #REF!
A23: =A20+1 -> 3 | C23: RFQ-003 | D23: Instrument Gas Filter Coalescer | F23: Mechanical | G23: Y | I23: LA | J23: Plan | K23: =WORKDAY(L23,-INDEX(L$12:L$15,MATCH($I23,$I$12:$I$15,0))) -> 46209 | L23: =WORKDAY(M23,-INDEX(M$12:M$15,MATCH($I23,$I$12:$I$15,0))) -> 46210 | M23: =WORKDAY(N23,-INDEX(N$12:N$15,MATCH($I23,$I$12:$I$15,0))) -> 46217 | N23: =WORKDAY(O23,-INDEX(O$12:O$15,MATCH($I23,$I$12:$I$15,0))) -> 46218 | O23: =WORKDAY(R23,-INDEX(R$12:R$15,MATCH($I23,$I$12:$I$15,0))) -> 46225 | P23: =U23-L23 -> 76 | R23: =WORKDAY(S23,-INDEX(S$12:S$15,MATCH($I23,$I$12:$I$15,0))) -> 46239 | S23: =WORKDAY(T23,-INDEX(T$12:T$15,MATCH($I23,$I$12:$I$15,0))) -> 46267 | T23: =WORKDAY(U23,-INDEX(U$12:U$15,MATCH($I23,$I$12:$I$15,0))) -> 46272 | U23: =X23-Y23 -> 46286 | V23: =WORKDAY(U23,INDEX(V$12:V$15,MATCH($I23,$I$12:$I$15,0))) -> 46288 | W23: =Y23/7 -> 25.714286 | X23: =Z23 -> 46466 | Y23: 180 | Z23: 46466 | AA23: 46466 | AB23: =Z23-X24 -> 0 | AC23: =IF(ISERROR(LOOKUP(AC$16,$L23:$X23,#REF!)),0,(LOOKUP(AC$16,$L23:$X23,#REF!))) -> 0 | AD23: =IF(ISERROR(LOOKUP(AD$16,$L23:$X23,#REF!)),0,(LOOKUP(AD$16,$L23:$X23,#REF!))) -> 0 | AE23: =IF(ISERROR(LOOKUP(AE$16,$L23:$X23,#REF!)),0,(LOOKUP(AE$16,$L23:$X23,#REF!))) -> 0 | AF23: =IF(ISERROR(LOOKUP(AF$16,$L23:$X23,#REF!)),0,(LOOKUP(AF$16,$L23:$X23,#REF!))) -> 0 | AG23: =IF(ISERROR(LOOKUP(AG$16,$L23:$X23,#REF!)),0,(LOOKUP(AG$16,$L23:$X23,#REF!))) -> 0 | AH23: =IF(ISERROR(LOOKUP(AH$16,$L23:$X23,#REF!)),0,(LOOKUP(AH$16,$L23:$X23,#REF!))) -> 0 | AI23: =IF(ISERROR(LOOKUP(AI$16,$L23:$X23,#REF!)),0,(LOOKUP(AI$16,$L23:$X23,#REF!))) -> 0 | AJ23: =IF(ISERROR(LOOKUP(AJ$16,$L23:$X23,#REF!)),0,(LOOKUP(AJ$16,$L23:$X23,#REF!))) -> 0 | ... AM23: =IF(ISERROR(LOOKUP(AM$16,$L23:$X23,#REF!)),0,(LOOKUP(AM$16,$L23:$X23,#REF!))) -> 0 | AO23: =U23-T23 -> 14 | AP23: =WORKDAY(AQ23,-INDEX(AQ$12:AQ$15,MATCH($I23,$I$12:$I$15,0)),$AW$17:$AW$148) -> #REF! | AQ23: =WORKDAY(U23,-INDEX(U$12:U$15,MATCH($I23,$I$12:$I$15,0)),$AW$17:$AW$148) -> #REF! | AR23: =WORKDAY(U23,-INDEX(U$12:U$15,MATCH($I23,$I$12:$I$15,0)),$AW$17:$AW$148) -> #REF! | AS23: 7 | AW23: #REF!
C24: =C23 -> RFQ-003 | D24: =D23 -> Instrument Gas Filter Coalescer | G24: =G23 -> Y | I24: =I23 -> LA | J24: Forecast | K24: =K23 -> 46209 | L24: =WORKDAY(IF(K25="",K24,K25),INDEX(L$12:L$15,MATCH($I23,$I$12:$I$15,0))) -> 46210 | M24: =WORKDAY(IF(L25="",L24,L25),INDEX(M$12:M$15,MATCH($I23,$I$12:$I$15,0))) -> 46217 | N24: =WORKDAY(IF(M25="",M24,M25),INDEX(N$12:N$15,MATCH($I23,$I$12:$I$15,0))) -> 46218 | O24: =WORKDAY(IF(N25="",N24,N25),INDEX(O$12:O$15,MATCH($I23,$I$12:$I$15,0))) -> 46225 | R24: =WORKDAY(IF(O25="",O24,O25),INDEX(R$12:R$15,MATCH($I23,$I$12:$I$15,0))) -> 46239 | S24: =WORKDAY(IF(R25="",R24,R25),INDEX(S$12:S$15,MATCH($I23,$I$12:$I$15,0))) -> 46267 | T24: =WORKDAY(IF(S25="",S24,S25),INDEX(T$12:T$15,MATCH($I23,$I$12:$I$15,0))) -> 46272 | U24: =WORKDAY(IF(T25="",T24,T25),INDEX(U$12:U$15,MATCH($I23,$I$12:$I$15,0))) -> 46286 | V24: =WORKDAY(IF(U25="",U24,U25),INDEX(V$12:V$15,MATCH($I23,$I$12:$I$15,0))) -> 46288 | X24: =U24+Y23 -> 46466 | AC24: =IF(ISERROR(LOOKUP(AC$16,$L24:$X24,#REF!)),0,(LOOKUP(AC$16,$L24:$X24,#REF!))) -> 0 | AD24: =IF(ISERROR(LOOKUP(AD$16,$L24:$X24,#REF!)),0,(LOOKUP(AD$16,$L24:$X24,#REF!))) -> 0 | AE24: =IF(ISERROR(LOOKUP(AE$16,$L24:$X24,#REF!)),0,(LOOKUP(AE$16,$L24:$X24,#REF!))) -> 0 | AF24: =IF(ISERROR(LOOKUP(AF$16,$L24:$X24,#REF!)),0,(LOOKUP(AF$16,$L24:$X24,#REF!))) -> 0 | AG24: =IF(ISERROR(LOOKUP(AG$16,$L24:$X24,#REF!)),0,(LOOKUP(AG$16,$L24:$X24,#REF!))) -> 0 | AH24: =IF(ISERROR(LOOKUP(AH$16,$L24:$X24,#REF!)),0,(LOOKUP(AH$16,$L24:$X24,#REF!))) -> 0 | AI24: =IF(ISERROR(LOOKUP(AI$16,$L24:$X24,#REF!)),0,(LOOKUP(AI$16,$L24:$X24,#REF!))) -> 0 | AJ24: =IF(ISERROR(LOOKUP(AJ$16,$L24:$X24,#REF!)),0,(LOOKUP(AJ$16,$L24:$X24,#REF!))) -> 0 | ... AM24: =IF(ISERROR(LOOKUP(AM$16,$L24:$X24,#REF!)),0,(LOOKUP(AM$16,$L24:$X24,#REF!))) -> 0 | AO24: =U24-T24 -> 14 | AP24: =WORKDAY(IF(T25="",T24,T25),INDEX(AP$12:AP$15,MATCH($I23,$I$12:$I$15,0)),$AW$17:$AW$148) -> #REF! | AQ24: =WORKDAY(IF(AP25="",AP24,AP25),INDEX(AQ$12:AQ$15,MATCH($I23,$I$12:$I$15,0)),$AW$17:$AW$148) -> #REF! | AR24: =WORKDAY(IF(AQ25="",AQ24,AQ25),INDEX(AR$12:AR$15,MATCH($I23,$I$12:$I$15,0)),$AW$17:$AW$148) -> #REF! | AW24: #REF!
C25: =C23 -> RFQ-003 | D25: =D23 -> Instrument Gas Filter Coalescer | G25: =G23 -> Y | I25: =I23 -> LA | J25: Actual | AC25: =IF(ISERROR(LOOKUP(AC$16,$L25:$X25,#REF!)),0,(LOOKUP(AC$16,$L25:$X25,#REF!))) -> 0 | AD25: =IF(ISERROR(LOOKUP(AD$16,$L25:$X25,#REF!)),0,(LOOKUP(AD$16,$L25:$X25,#REF!))) -> 0 | AE25: =IF(ISERROR(LOOKUP(AE$16,$L25:$X25,#REF!)),0,(LOOKUP(AE$16,$L25:$X25,#REF!))) -> 0 | AF25: =IF(ISERROR(LOOKUP(AF$16,$L25:$X25,#REF!)),0,(LOOKUP(AF$16,$L25:$X25,#REF!))) -> 0 | AG25: =IF(ISERROR(LOOKUP(AG$16,$L25:$X25,#REF!)),0,(LOOKUP(AG$16,$L25:$X25,#REF!))) -> 0 | AH25: =IF(ISERROR(LOOKUP(AH$16,$L25:$X25,#REF!)),0,(LOOKUP(AH$16,$L25:$X25,#REF!))) -> 0 | AI25: =IF(ISERROR(LOOKUP(AI$16,$L25:$X25,#REF!)),0,(LOOKUP(AI$16,$L25:$X25,#REF!))) -> 0 | AJ25: =IF(ISERROR(LOOKUP(AJ$16,$L25:$X25,#REF!)),0,(LOOKUP(AJ$16,$L25:$X25,#REF!))) -> 0 | ... AM25: =IF(ISERROR(LOOKUP(AM$16,$L25:$X25,#REF!)),0,(LOOKUP(AM$16,$L25:$X25,#REF!))) -> 0 | AO25: =U25-T25 -> 0 | AW25: #REF!
A26: =A23+1 -> 4 | C26: RFQ-004 | D26: Production & Test Seperator | F26: Mechanical | G26: =IF(_xlfn.XLOOKUP(C26,'[36]Before Award'!D:D,'[36]Before Award'!AV:AV,"N/A")="N/A","N","Y") -> N | I26: LA | J26: Plan | K26: 46211 | L26: 46212 | M26: 46217 | N26: 46218 | O26: 46223 | P26: =U26-L26 -> 71 | R26: 46237 | S26: 46265 | T26: 46268 | U26: 46283 | V26: 46290 | W26: 26 | X26: 46466 | Y26: =W26*7 -> 182 | Z26: 46466 | AA26: 46466 | AB26: =Z26-X27 -> 0 | AC26: =IF(ISERROR(LOOKUP(AC$16,$L26:$X26,#REF!)),0,(LOOKUP(AC$16,$L26:$X26,#REF!))) -> 0 | AD26: =IF(ISERROR(LOOKUP(AD$16,$L26:$X26,#REF!)),0,(LOOKUP(AD$16,$L26:$X26,#REF!))) -> 0 | AE26: =IF(ISERROR(LOOKUP(AE$16,$L26:$X26,#REF!)),0,(LOOKUP(AE$16,$L26:$X26,#REF!))) -> 0 | AF26: =IF(ISERROR(LOOKUP(AF$16,$L26:$X26,#REF!)),0,(LOOKUP(AF$16,$L26:$X26,#REF!))) -> 0 | AG26: =IF(ISERROR(LOOKUP(AG$16,$L26:$X26,#REF!)),0,(LOOKUP(AG$16,$L26:$X26,#REF!))) -> 0 | AH26: =IF(ISERROR(LOOKUP(AH$16,$L26:$X26,#REF!)),0,(LOOKUP(AH$16,$L26:$X26,#REF!))) -> 0 | AI26: =IF(ISERROR(LOOKUP(AI$16,$L26:$X26,#REF!)),0,(LOOKUP(AI$16,$L26:$X26,#REF!))) -> 0 | AJ26: =IF(ISERROR(LOOKUP(AJ$16,$L26:$X26,#REF!)),0,(LOOKUP(AJ$16,$L26:$X26,#REF!))) -> 0 | ... AM26: =IF(ISERROR(LOOKUP(AM$16,$L26:$X26,#REF!)),0,(LOOKUP(AM$16,$L26:$X26,#REF!))) -> 0 | AO26: =U26-T26 -> 15 | AP26: 46272 | AQ26: 46276 | AR26: 46276 | AS26: 14 | AW26: #REF!
C27: =C26 -> RFQ-004 | D27: =D26 -> Production & Test Seperator | G27: =G26 -> N | I27: =I26 -> LA | J27: Forecast | K27: 46211 | L27: 46212 | M27: 46217 | N27: 46218 | O27: 46223 | R27: 46237 | S27: 46265 | T27: 46268 | U27: 46283 | V27: 46290 | X27: 46466 | AC27: =IF(ISERROR(LOOKUP(AC$16,$L27:$X27,#REF!)),0,(LOOKUP(AC$16,$L27:$X27,#REF!))) -> 0 | AD27: =IF(ISERROR(LOOKUP(AD$16,$L27:$X27,#REF!)),0,(LOOKUP(AD$16,$L27:$X27,#REF!))) -> 0 | AE27: =IF(ISERROR(LOOKUP(AE$16,$L27:$X27,#REF!)),0,(LOOKUP(AE$16,$L27:$X27,#REF!))) -> 0 | AF27: =IF(ISERROR(LOOKUP(AF$16,$L27:$X27,#REF!)),0,(LOOKUP(AF$16,$L27:$X27,#REF!))) -> 0 | AG27: =IF(ISERROR(LOOKUP(AG$16,$L27:$X27,#REF!)),0,(LOOKUP(AG$16,$L27:$X27,#REF!))) -> 0 | AH27: =IF(ISERROR(LOOKUP(AH$16,$L27:$X27,#REF!)),0,(LOOKUP(AH$16,$L27:$X27,#REF!))) -> 0 | AI27: =IF(ISERROR(LOOKUP(AI$16,$L27:$X27,#REF!)),0,(LOOKUP(AI$16,$L27:$X27,#REF!))) -> 0 | AJ27: =IF(ISERROR(LOOKUP(AJ$16,$L27:$X27,#REF!)),0,(LOOKUP(AJ$16,$L27:$X27,#REF!))) -> 0 | ... AM27: =IF(ISERROR(LOOKUP(AM$16,$L27:$X27,#REF!)),0,(LOOKUP(AM$16,$L27:$X27,#REF!))) -> 0 | AO27: =U27-T27 -> 15 | AP27: 46272 | AQ27: 46276 | AR27: 46283 | AW27: #REF!
C28: =C26 -> RFQ-004 | D28: =D26 -> Production & Test Seperator | G28: =G26 -> N | I28: =I26 -> LA | J28: Actual | AC28: =IF(ISERROR(LOOKUP(AC$16,$L28:$X28,#REF!)),0,(LOOKUP(AC$16,$L28:$X28,#REF!))) -> 0 | AD28: =IF(ISERROR(LOOKUP(AD$16,$L28:$X28,#REF!)),0,(LOOKUP(AD$16,$L28:$X28,#REF!))) -> 0 | AE28: =IF(ISERROR(LOOKUP(AE$16,$L28:$X28,#REF!)),0,(LOOKUP(AE$16,$L28:$X28,#REF!))) -> 0 | AF28: =IF(ISERROR(LOOKUP(AF$16,$L28:$X28,#REF!)),0,(LOOKUP(AF$16,$L28:$X28,#REF!))) -> 0 | AG28: =IF(ISERROR(LOOKUP(AG$16,$L28:$X28,#REF!)),0,(LOOKUP(AG$16,$L28:$X28,#REF!))) -> 0 | AH28: =IF(ISERROR(LOOKUP(AH$16,$L28:$X28,#REF!)),0,(LOOKUP(AH$16,$L28:$X28,#REF!))) -> 0 | AI28: =IF(ISERROR(LOOKUP(AI$16,$L28:$X28,#REF!)),0,(LOOKUP(AI$16,$L28:$X28,#REF!))) -> 0 | AJ28: =IF(ISERROR(LOOKUP(AJ$16,$L28:$X28,#REF!)),0,(LOOKUP(AJ$16,$L28:$X28,#REF!))) -> 0 | ... AM28: =IF(ISERROR(LOOKUP(AM$16,$L28:$X28,#REF!)),0,(LOOKUP(AM$16,$L28:$X28,#REF!))) -> 0 | AO28: =U28-T28 -> 0 | AW28: #REF!
A29: =A26+1 -> 5 | C29: RFQ-005 | D29: Pig Launcher and Receiver | F29: Piping | G29: Y | I29: LA | J29: Plan | K29: 46176 | L29: 46177 | M29: 46182 | N29: 46183 | O29: 46188 | P29: =U29-L29 -> 71 | R29: 46202 | S29: 46230 | T29: 46233 | U29: 46248 | V29: 46255 | W29: 32 | X29: 46472 | Y29: =W29*7 -> 224 | Z29: 46472 | AA29: 46472 | AB29: =Z29-X30 -> 0 | AC29: =IF(ISERROR(LOOKUP(AC$16,$L29:$X29,#REF!)),0,(LOOKUP(AC$16,$L29:$X29,#REF!))) -> 0 | AD29: =IF(ISERROR(LOOKUP(AD$16,$L29:$X29,#REF!)),0,(LOOKUP(AD$16,$L29:$X29,#REF!))) -> 0 | AE29: =IF(ISERROR(LOOKUP(AE$16,$L29:$X29,#REF!)),0,(LOOKUP(AE$16,$L29:$X29,#REF!))) -> 0 | AF29: =IF(ISERROR(LOOKUP(AF$16,$L29:$X29,#REF!)),0,(LOOKUP(AF$16,$L29:$X29,#REF!))) -> 0 | AG29: =IF(ISERROR(LOOKUP(AG$16,$L29:$X29,#REF!)),0,(LOOKUP(AG$16,$L29:$X29,#REF!))) -> 0 | AH29: =IF(ISERROR(LOOKUP(AH$16,$L29:$X29,#REF!)),0,(LOOKUP(AH$16,$L29:$X29,#REF!))) -> 0 | AI29: =IF(ISERROR(LOOKUP(AI$16,$L29:$X29,#REF!)),0,(LOOKUP(AI$16,$L29:$X29,#REF!))) -> 0 | AJ29: =IF(ISERROR(LOOKUP(AJ$16,$L29:$X29,#REF!)),0,(LOOKUP(AJ$16,$L29:$X29,#REF!))) -> 0 | ... AM29: =IF(ISERROR(LOOKUP(AM$16,$L29:$X29,#REF!)),0,(LOOKUP(AM$16,$L29:$X29,#REF!))) -> 0 | AO29: =U29-T29 -> 15 | AP29: 46237 | AQ29: 46241 | AR29: 46241 | AS29: 14 | AW29: #REF!
C30: =C29 -> RFQ-005 | D30: =D29 -> Pig Launcher and Receiver | F30: =F29 -> Piping | G30: =G29 -> Y | I30: =I29 -> LA | J30: Forecast | K30: 46176 | L30: 46177 | M30: 46182 | N30: 46183 | O30: 46188 | R30: 46202 | S30: 46230 | T30: 46233 | U30: 46248 | V30: 46255 | X30: 46472 | AC30: =IF(ISERROR(LOOKUP(AC$16,$L30:$X30,#REF!)),0,(LOOKUP(AC$16,$L30:$X30,#REF!))) -> 0 | AD30: =IF(ISERROR(LOOKUP(AD$16,$L30:$X30,#REF!)),0,(LOOKUP(AD$16,$L30:$X30,#REF!))) -> 0 | AE30: =IF(ISERROR(LOOKUP(AE$16,$L30:$X30,#REF!)),0,(LOOKUP(AE$16,$L30:$X30,#REF!))) -> 0 | AF30: =IF(ISERROR(LOOKUP(AF$16,$L30:$X30,#REF!)),0,(LOOKUP(AF$16,$L30:$X30,#REF!))) -> 0 | AG30: =IF(ISERROR(LOOKUP(AG$16,$L30:$X30,#REF!)),0,(LOOKUP(AG$16,$L30:$X30,#REF!))) -> 0 | AH30: =IF(ISERROR(LOOKUP(AH$16,$L30:$X30,#REF!)),0,(LOOKUP(AH$16,$L30:$X30,#REF!))) -> 0 | AI30: =IF(ISERROR(LOOKUP(AI$16,$L30:$X30,#REF!)),0,(LOOKUP(AI$16,$L30:$X30,#REF!))) -> 0 | AJ30: =IF(ISERROR(LOOKUP(AJ$16,$L30:$X30,#REF!)),0,(LOOKUP(AJ$16,$L30:$X30,#REF!))) -> 0 | ... AM30: =IF(ISERROR(LOOKUP(AM$16,$L30:$X30,#REF!)),0,(LOOKUP(AM$16,$L30:$X30,#REF!))) -> 0 | AO30: =U30-T30 -> 15 | AP30: 46237 | AQ30: 46241 | AR30: 46248 | AW30: #REF!
C31: =C29 -> RFQ-005 | D31: =D29 -> Pig Launcher and Receiver | F31: =F29 -> Piping | G31: =G29 -> Y | I31: =I29 -> LA | J31: Actual | AC31: =IF(ISERROR(LOOKUP(AC$16,$L31:$X31,#REF!)),0,(LOOKUP(AC$16,$L31:$X31,#REF!))) -> 0 | AD31: =IF(ISERROR(LOOKUP(AD$16,$L31:$X31,#REF!)),0,(LOOKUP(AD$16,$L31:$X31,#REF!))) -> 0 | AE31: =IF(ISERROR(LOOKUP(AE$16,$L31:$X31,#REF!)),0,(LOOKUP(AE$16,$L31:$X31,#REF!))) -> 0 | AF31: =IF(ISERROR(LOOKUP(AF$16,$L31:$X31,#REF!)),0,(LOOKUP(AF$16,$L31:$X31,#REF!))) -> 0 | AG31: =IF(ISERROR(LOOKUP(AG$16,$L31:$X31,#REF!)),0,(LOOKUP(AG$16,$L31:$X31,#REF!))) -> 0 | AH31: =IF(ISERROR(LOOKUP(AH$16,$L31:$X31,#REF!)),0,(LOOKUP(AH$16,$L31:$X31,#REF!))) -> 0 | AI31: =IF(ISERROR(LOOKUP(AI$16,$L31:$X31,#REF!)),0,(LOOKUP(AI$16,$L31:$X31,#REF!))) -> 0 | AJ31: =IF(ISERROR(LOOKUP(AJ$16,$L31:$X31,#REF!)),0,(LOOKUP(AJ$16,$L31:$X31,#REF!))) -> 0 | ... AM31: =IF(ISERROR(LOOKUP(AM$16,$L31:$X31,#REF!)),0,(LOOKUP(AM$16,$L31:$X31,#REF!))) -> 0 | AO31: =U31-T31 -> 0 | AW31: #REF!
A32: =A29+1 -> 6 | C32: RFQ-006 | D32: Corrosion Inhibitor Injection Pump | F32: Mechanical | G32: N | I32: LA | J32: Plan | K32: =WORKDAY(L32,-INDEX(L$12:L$15,MATCH($I32,$I$12:$I$15,0))) -> 46143 | L32: =WORKDAY(M32,-INDEX(M$12:M$15,MATCH($I32,$I$12:$I$15,0))) -> 46146 | M32: =WORKDAY(N32,-INDEX(N$12:N$15,MATCH($I32,$I$12:$I$15,0))) -> 46153 | N32: =WORKDAY(O32,-INDEX(O$12:O$15,MATCH($I32,$I$12:$I$15,0))) -> 46154 | O32: =WORKDAY(R32,-INDEX(R$12:R$15,MATCH($I32,$I$12:$I$15,0))) -> 46161 | P32: =U32-L32 -> 74 | R32: =WORKDAY(S32,-INDEX(S$12:S$15,MATCH($I32,$I$12:$I$15,0))) -> 46175 | S32: =WORKDAY(T32,-INDEX(T$12:T$15,MATCH($I32,$I$12:$I$15,0))) -> 46203 | T32: =WORKDAY(U32,-INDEX(U$12:U$15,MATCH($I32,$I$12:$I$15,0))) -> 46206 | U32: =X32-Y32 -> 46220 | V32: =WORKDAY(U32,INDEX(V$12:V$15,MATCH($I32,$I$12:$I$15,0))) -> 46224 | W32: =Y32/7 -> 32 | X32: =Z32 -> 46444 | Y32: =32*7 -> 224 | Z32: 46444 | AA32: 46444 | AB32: =Z32-X33 -> 0 | AC32: =IF(ISERROR(LOOKUP(AC$16,$L32:$X32,#REF!)),0,(LOOKUP(AC$16,$L32:$X32,#REF!))) -> 0 | AD32: =IF(ISERROR(LOOKUP(AD$16,$L32:$X32,#REF!)),0,(LOOKUP(AD$16,$L32:$X32,#REF!))) -> 0 | AE32: =IF(ISERROR(LOOKUP(AE$16,$L32:$X32,#REF!)),0,(LOOKUP(AE$16,$L32:$X32,#REF!))) -> 0 | AF32: =IF(ISERROR(LOOKUP(AF$16,$L32:$X32,#REF!)),0,(LOOKUP(AF$16,$L32:$X32,#REF!))) -> 0 | AG32: =IF(ISERROR(LOOKUP(AG$16,$L32:$X32,#REF!)),0,(LOOKUP(AG$16,$L32:$X32,#REF!))) -> 0 | AH32: =IF(ISERROR(LOOKUP(AH$16,$L32:$X32,#REF!)),0,(LOOKUP(AH$16,$L32:$X32,#REF!))) -> 0 | AI32: =IF(ISERROR(LOOKUP(AI$16,$L32:$X32,#REF!)),0,(LOOKUP(AI$16,$L32:$X32,#REF!))) -> 0 | AJ32: =IF(ISERROR(LOOKUP(AJ$16,$L32:$X32,#REF!)),0,(LOOKUP(AJ$16,$L32:$X32,#REF!))) -> 0 | ... AM32: =IF(ISERROR(LOOKUP(AM$16,$L32:$X32,#REF!)),0,(LOOKUP(AM$16,$L32:$X32,#REF!))) -> 0 | AO32: =U32-T32 -> 14 | AP32: =WORKDAY(AQ32,-INDEX(AQ$12:AQ$15,MATCH($I32,$I$12:$I$15,0)),$AW$17:$AW$148) -> #REF! | AQ32: =WORKDAY(U32,-INDEX(U$12:U$15,MATCH($I32,$I$12:$I$15,0)),$AW$17:$AW$148) -> #REF! | AR32: =WORKDAY(U32,-INDEX(U$12:U$15,MATCH($I32,$I$12:$I$15,0)),$AW$17:$AW$148) -> #REF! | AS32: 14 | AW32: #REF!
C33: =C32 -> RFQ-006 | G33: =G32 -> N | I33: =I32 -> LA | J33: Forecast | K33: =K32 -> 46143 | L33: =WORKDAY(IF(K34="",K33,K34),INDEX(L$12:L$15,MATCH($I32,$I$12:$I$15,0))) -> 46146 | M33: =WORKDAY(IF(L34="",L33,L34),INDEX(M$12:M$15,MATCH($I32,$I$12:$I$15,0))) -> 46153 | N33: =WORKDAY(IF(M34="",M33,M34),INDEX(N$12:N$15,MATCH($I32,$I$12:$I$15,0))) -> 46154 | O33: =WORKDAY(IF(N34="",N33,N34),INDEX(O$12:O$15,MATCH($I32,$I$12:$I$15,0))) -> 46161 | R33: =WORKDAY(IF(O34="",O33,O34),INDEX(R$12:R$15,MATCH($I32,$I$12:$I$15,0))) -> 46175 | S33: =WORKDAY(IF(R34="",R33,R34),INDEX(S$12:S$15,MATCH($I32,$I$12:$I$15,0))) -> 46203 | T33: =WORKDAY(IF(S34="",S33,S34),INDEX(T$12:T$15,MATCH($I32,$I$12:$I$15,0))) -> 46206 | U33: =WORKDAY(IF(T34="",T33,T34),INDEX(U$12:U$15,MATCH($I32,$I$12:$I$15,0))) -> 46220 | V33: =WORKDAY(IF(U34="",U33,U34),INDEX(V$12:V$15,MATCH($I32,$I$12:$I$15,0))) -> 46224 | X33: =U33+Y32 -> 46444 | AC33: =IF(ISERROR(LOOKUP(AC$16,$L33:$X33,#REF!)),0,(LOOKUP(AC$16,$L33:$X33,#REF!))) -> 0 | AD33: =IF(ISERROR(LOOKUP(AD$16,$L33:$X33,#REF!)),0,(LOOKUP(AD$16,$L33:$X33,#REF!))) -> 0 | AE33: =IF(ISERROR(LOOKUP(AE$16,$L33:$X33,#REF!)),0,(LOOKUP(AE$16,$L33:$X33,#REF!))) -> 0 | AF33: =IF(ISERROR(LOOKUP(AF$16,$L33:$X33,#REF!)),0,(LOOKUP(AF$16,$L33:$X33,#REF!))) -> 0 | AG33: =IF(ISERROR(LOOKUP(AG$16,$L33:$X33,#REF!)),0,(LOOKUP(AG$16,$L33:$X33,#REF!))) -> 0 | AH33: =IF(ISERROR(LOOKUP(AH$16,$L33:$X33,#REF!)),0,(LOOKUP(AH$16,$L33:$X33,#REF!))) -> 0 | AI33: =IF(ISERROR(LOOKUP(AI$16,$L33:$X33,#REF!)),0,(LOOKUP(AI$16,$L33:$X33,#REF!))) -> 0 | AJ33: =IF(ISERROR(LOOKUP(AJ$16,$L33:$X33,#REF!)),0,(LOOKUP(AJ$16,$L33:$X33,#REF!))) -> 0 | ... AM33: =IF(ISERROR(LOOKUP(AM$16,$L33:$X33,#REF!)),0,(LOOKUP(AM$16,$L33:$X33,#REF!))) -> 0 | AO33: =U33-T33 -> 14 | AP33: =WORKDAY(IF(T34="",T33,T34),INDEX(AP$12:AP$15,MATCH($I32,$I$12:$I$15,0)),$AW$17:$AW$148) -> #REF! | AQ33: =WORKDAY(IF(AP34="",AP33,AP34),INDEX(AQ$12:AQ$15,MATCH($I32,$I$12:$I$15,0)),$AW$17:$AW$148) -> #REF! | AR33: =WORKDAY(IF(AQ34="",AQ33,AQ34),INDEX(AR$12:AR$15,MATCH($I32,$I$12:$I$15,0)),$AW$17:$AW$148) -> #REF! | AW33: #REF!
C34: =C32 -> RFQ-006 | G34: =G32 -> N | I34: =I32 -> LA | J34: Actual | AC34: =IF(ISERROR(LOOKUP(AC$16,$L34:$X34,#REF!)),0,(LOOKUP(AC$16,$L34:$X34,#REF!))) -> 0 | AD34: =IF(ISERROR(LOOKUP(AD$16,$L34:$X34,#REF!)),0,(LOOKUP(AD$16,$L34:$X34,#REF!))) -> 0 | AE34: =IF(ISERROR(LOOKUP(AE$16,$L34:$X34,#REF!)),0,(LOOKUP(AE$16,$L34:$X34,#REF!))) -> 0 | AF34: =IF(ISERROR(LOOKUP(AF$16,$L34:$X34,#REF!)),0,(LOOKUP(AF$16,$L34:$X34,#REF!))) -> 0 | AG34: =IF(ISERROR(LOOKUP(AG$16,$L34:$X34,#REF!)),0,(LOOKUP(AG$16,$L34:$X34,#REF!))) -> 0 | AH34: =IF(ISERROR(LOOKUP(AH$16,$L34:$X34,#REF!)),0,(LOOKUP(AH$16,$L34:$X34,#REF!))) -> 0 | AI34: =IF(ISERROR(LOOKUP(AI$16,$L34:$X34,#REF!)),0,(LOOKUP(AI$16,$L34:$X34,#REF!))) -> 0 | AJ34: =IF(ISERROR(LOOKUP(AJ$16,$L34:$X34,#REF!)),0,(LOOKUP(AJ$16,$L34:$X34,#REF!))) -> 0 | ... AM34: =IF(ISERROR(LOOKUP(AM$16,$L34:$X34,#REF!)),0,(LOOKUP(AM$16,$L34:$X34,#REF!))) -> 0 | AO34: =U34-T34 -> 0 | AW34: #REF!
A35: =A32+1 -> 7 | C35: RFQ-007 | D35: Demulsifier/Water Clarifier Injection Pump | F35: Mechanical | G35: N | I35: LA | J35: Plan | K35: =WORKDAY(L35,-INDEX(L$12:L$15,MATCH($I35,$I$12:$I$15,0))) -> 46176 | L35: =WORKDAY(M35,-INDEX(M$12:M$15,MATCH($I35,$I$12:$I$15,0))) -> 46177 | M35: =WORKDAY(N35,-INDEX(N$12:N$15,MATCH($I35,$I$12:$I$15,0))) -> 46184 | N35: =WORKDAY(O35,-INDEX(O$12:O$15,MATCH($I35,$I$12:$I$15,0))) -> 46185 | O35: =WORKDAY(R35,-INDEX(R$12:R$15,MATCH($I35,$I$12:$I$15,0))) -> 46192 | P35: =U35-L35 -> 76 | R35: =WORKDAY(S35,-INDEX(S$12:S$15,MATCH($I35,$I$12:$I$15,0))) -> 46206 | S35: =WORKDAY(T35,-INDEX(T$12:T$15,MATCH($I35,$I$12:$I$15,0))) -> 46234 | T35: =WORKDAY(U35,-INDEX(U$12:U$15,MATCH($I35,$I$12:$I$15,0))) -> 46239 | U35: =X35-Y35 -> 46253 | V35: =WORKDAY(U35,INDEX(V$12:V$15,MATCH($I35,$I$12:$I$15,0))) -> 46255 | W35: =Y35/7 -> 32 | X35: =Z35 -> 46477 | Y35: =32*7 -> 224 | Z35: 46477 | AA35: 46477 | AB35: =Z35-X36 -> 0 | AC35: =IF(ISERROR(LOOKUP(AC$16,$L35:$X35,#REF!)),0,(LOOKUP(AC$16,$L35:$X35,#REF!))) -> 0 | AD35: =IF(ISERROR(LOOKUP(AD$16,$L35:$X35,#REF!)),0,(LOOKUP(AD$16,$L35:$X35,#REF!))) -> 0 | AE35: =IF(ISERROR(LOOKUP(AE$16,$L35:$X35,#REF!)),0,(LOOKUP(AE$16,$L35:$X35,#REF!))) -> 0 | AF35: =IF(ISERROR(LOOKUP(AF$16,$L35:$X35,#REF!)),0,(LOOKUP(AF$16,$L35:$X35,#REF!))) -> 0 | AG35: =IF(ISERROR(LOOKUP(AG$16,$L35:$X35,#REF!)),0,(LOOKUP(AG$16,$L35:$X35,#REF!))) -> 0 | AH35: =IF(ISERROR(LOOKUP(AH$16,$L35:$X35,#REF!)),0,(LOOKUP(AH$16,$L35:$X35,#REF!))) -> 0 | AI35: =IF(ISERROR(LOOKUP(AI$16,$L35:$X35,#REF!)),0,(LOOKUP(AI$16,$L35:$X35,#REF!))) -> 0 | AJ35: =IF(ISERROR(LOOKUP(AJ$16,$L35:$X35,#REF!)),0,(LOOKUP(AJ$16,$L35:$X35,#REF!))) -> 0 | ... AM35: =IF(ISERROR(LOOKUP(AM$16,$L35:$X35,#REF!)),0,(LOOKUP(AM$16,$L35:$X35,#REF!))) -> 0 | AO35: =U35-T35 -> 14 | AP35: =WORKDAY(AQ35,-INDEX(AQ$12:AQ$15,MATCH($I35,$I$12:$I$15,0)),$AW$17:$AW$148) -> #REF! | AQ35: =WORKDAY(U35,-INDEX(U$12:U$15,MATCH($I35,$I$12:$I$15,0)),$AW$17:$AW$148) -> #REF! | AR35: =WORKDAY(U35,-INDEX(U$12:U$15,MATCH($I35,$I$12:$I$15,0)),$AW$17:$AW$148) -> #REF! | AS35: 14 | AW35: #REF!
C36: =C35 -> RFQ-007 | D36: =D35 -> Demulsifier/Water Clarifier Injection Pump | G36: =G35 -> N | I36: =I35 -> LA | J36: Forecast | K36: =K35 -> 46176 | L36: =WORKDAY(IF(K37="",K36,K37),INDEX(L$12:L$15,MATCH($I35,$I$12:$I$15,0))) -> 46177 | M36: =WORKDAY(IF(L37="",L36,L37),INDEX(M$12:M$15,MATCH($I35,$I$12:$I$15,0))) -> 46184 | N36: =WORKDAY(IF(M37="",M36,M37),INDEX(N$12:N$15,MATCH($I35,$I$12:$I$15,0))) -> 46185 | O36: =WORKDAY(IF(N37="",N36,N37),INDEX(O$12:O$15,MATCH($I35,$I$12:$I$15,0))) -> 46192 | R36: =WORKDAY(IF(O37="",O36,O37),INDEX(R$12:R$15,MATCH($I35,$I$12:$I$15,0))) -> 46206 | S36: =WORKDAY(IF(R37="",R36,R37),INDEX(S$12:S$15,MATCH($I35,$I$12:$I$15,0))) -> 46234 | T36: =WORKDAY(IF(S37="",S36,S37),INDEX(T$12:T$15,MATCH($I35,$I$12:$I$15,0))) -> 46239 | U36: =WORKDAY(IF(T37="",T36,T37),INDEX(U$12:U$15,MATCH($I35,$I$12:$I$15,0))) -> 46253 | V36: =WORKDAY(IF(U37="",U36,U37),INDEX(V$12:V$15,MATCH($I35,$I$12:$I$15,0))) -> 46255 | X36: =U36+Y35 -> 46477 | AC36: =IF(ISERROR(LOOKUP(AC$16,$L36:$X36,#REF!)),0,(LOOKUP(AC$16,$L36:$X36,#REF!))) -> 0 | AD36: =IF(ISERROR(LOOKUP(AD$16,$L36:$X36,#REF!)),0,(LOOKUP(AD$16,$L36:$X36,#REF!))) -> 0 | AE36: =IF(ISERROR(LOOKUP(AE$16,$L36:$X36,#REF!)),0,(LOOKUP(AE$16,$L36:$X36,#REF!))) -> 0 | AF36: =IF(ISERROR(LOOKUP(AF$16,$L36:$X36,#REF!)),0,(LOOKUP(AF$16,$L36:$X36,#REF!))) -> 0 | AG36: =IF(ISERROR(LOOKUP(AG$16,$L36:$X36,#REF!)),0,(LOOKUP(AG$16,$L36:$X36,#REF!))) -> 0 | AH36: =IF(ISERROR(LOOKUP(AH$16,$L36:$X36,#REF!)),0,(LOOKUP(AH$16,$L36:$X36,#REF!))) -> 0 | AI36: =IF(ISERROR(LOOKUP(AI$16,$L36:$X36,#REF!)),0,(LOOKUP(AI$16,$L36:$X36,#REF!))) -> 0 | AJ36: =IF(ISERROR(LOOKUP(AJ$16,$L36:$X36,#REF!)),0,(LOOKUP(AJ$16,$L36:$X36,#REF!))) -> 0 | ... AM36: =IF(ISERROR(LOOKUP(AM$16,$L36:$X36,#REF!)),0,(LOOKUP(AM$16,$L36:$X36,#REF!))) -> 0 | AO36: =U36-T36 -> 14 | AP36: =WORKDAY(IF(T37="",T36,T37),INDEX(AP$12:AP$15,MATCH($I35,$I$12:$I$15,0)),$AW$17:$AW$148) -> #REF! | AQ36: =WORKDAY(IF(AP37="",AP36,AP37),INDEX(AQ$12:AQ$15,MATCH($I35,$I$12:$I$15,0)),$AW$17:$AW$148) -> #REF! | AR36: =WORKDAY(IF(AQ37="",AQ36,AQ37),INDEX(AR$12:AR$15,MATCH($I35,$I$12:$I$15,0)),$AW$17:$AW$148) -> #REF! | AW36: #REF!
C37: =C35 -> RFQ-007 | D37: =D35 -> Demulsifier/Water Clarifier Injection Pump | G37: =G35 -> N | I37: =I35 -> LA | J37: Actual | AC37: =IF(ISERROR(LOOKUP(AC$16,$L37:$X37,#REF!)),0,(LOOKUP(AC$16,$L37:$X37,#REF!))) -> 0 | AD37: =IF(ISERROR(LOOKUP(AD$16,$L37:$X37,#REF!)),0,(LOOKUP(AD$16,$L37:$X37,#REF!))) -> 0 | AE37: =IF(ISERROR(LOOKUP(AE$16,$L37:$X37,#REF!)),0,(LOOKUP(AE$16,$L37:$X37,#REF!))) -> 0 | AF37: =IF(ISERROR(LOOKUP(AF$16,$L37:$X37,#REF!)),0,(LOOKUP(AF$16,$L37:$X37,#REF!))) -> 0 | AG37: =IF(ISERROR(LOOKUP(AG$16,$L37:$X37,#REF!)),0,(LOOKUP(AG$16,$L37:$X37,#REF!))) -> 0 | AH37: =IF(ISERROR(LOOKUP(AH$16,$L37:$X37,#REF!)),0,(LOOKUP(AH$16,$L37:$X37,#REF!))) -> 0 | AI37: =IF(ISERROR(LOOKUP(AI$16,$L37:$X37,#REF!)),0,(LOOKUP(AI$16,$L37:$X37,#REF!))) -> 0 | AJ37: =IF(ISERROR(LOOKUP(AJ$16,$L37:$X37,#REF!)),0,(LOOKUP(AJ$16,$L37:$X37,#REF!))) -> 0 | ... AM37: =IF(ISERROR(LOOKUP(AM$16,$L37:$X37,#REF!)),0,(LOOKUP(AM$16,$L37:$X37,#REF!))) -> 0 | AO37: =U37-T37 -> 0 | AW37: #REF!
A38: =A35+1 -> 8 | C38: RFQ-008 | D38: De-Oiler Hydrocyclone | F38: Mechanical | G38: =IF(_xlfn.XLOOKUP(C38,'[36]Before Award'!D:D,'[36]Before Award'!AV:AV,"N/A")="N/A","N","Y") -> N | J38: Plan | K38: 46162 | L38: 46163 | M38: 46168 | N38: 46169 | O38: 46174 | P38: =U38-L38 -> 71 | R38: 46188 | S38: 46216 | T38: 46219 | U38: 46234 | V38: 46241 | W38: 26 | X38: 46416 | Y38: =W38*7 -> 182 | Z38: 46416 | AA38: 46416 | AB38: =Z38-X39 -> 0 | AC38: =IF(ISERROR(LOOKUP(AC$16,$L38:$X38,#REF!)),0,(LOOKUP(AC$16,$L38:$X38,#REF!))) -> 0 | AD38: =IF(ISERROR(LOOKUP(AD$16,$L38:$X38,#REF!)),0,(LOOKUP(AD$16,$L38:$X38,#REF!))) -> 0 | AE38: =IF(ISERROR(LOOKUP(AE$16,$L38:$X38,#REF!)),0,(LOOKUP(AE$16,$L38:$X38,#REF!))) -> 0 | AF38: =IF(ISERROR(LOOKUP(AF$16,$L38:$X38,#REF!)),0,(LOOKUP(AF$16,$L38:$X38,#REF!))) -> 0 | AG38: =IF(ISERROR(LOOKUP(AG$16,$L38:$X38,#REF!)),0,(LOOKUP(AG$16,$L38:$X38,#REF!))) -> 0 | AH38: =IF(ISERROR(LOOKUP(AH$16,$L38:$X38,#REF!)),0,(LOOKUP(AH$16,$L38:$X38,#REF!))) -> 0 | AI38: =IF(ISERROR(LOOKUP(AI$16,$L38:$X38,#REF!)),0,(LOOKUP(AI$16,$L38:$X38,#REF!))) -> 0 | AJ38: =IF(ISERROR(LOOKUP(AJ$16,$L38:$X38,#REF!)),0,(LOOKUP(AJ$16,$L38:$X38,#REF!))) -> 0 | ... AM38: =IF(ISERROR(LOOKUP(AM$16,$L38:$X38,#REF!)),0,(LOOKUP(AM$16,$L38:$X38,#REF!))) -> 0 | AO38: =U38-T38 -> 15 | AP38: 46223 | AQ38: 46227 | AR38: 46227 | AS38: 14 | AW38: #REF!
C39: =C38 -> RFQ-008 | D39: =D38 -> De-Oiler Hydrocyclone | G39: =G38 -> N | I39: =I38 | J39: Forecast | K39: 46162 | L39: 46163 | M39: 46168 | N39: 46169 | O39: 46174 | R39: 46188 | S39: 46216 | T39: 46219 | U39: 46234 | V39: 46241 | X39: 46416 | AC39: =IF(ISERROR(LOOKUP(AC$16,$L39:$X39,#REF!)),0,(LOOKUP(AC$16,$L39:$X39,#REF!))) -> 0 | AD39: =IF(ISERROR(LOOKUP(AD$16,$L39:$X39,#REF!)),0,(LOOKUP(AD$16,$L39:$X39,#REF!))) -> 0 | AE39: =IF(ISERROR(LOOKUP(AE$16,$L39:$X39,#REF!)),0,(LOOKUP(AE$16,$L39:$X39,#REF!))) -> 0 | AF39: =IF(ISERROR(LOOKUP(AF$16,$L39:$X39,#REF!)),0,(LOOKUP(AF$16,$L39:$X39,#REF!))) -> 0 | AG39: =IF(ISERROR(LOOKUP(AG$16,$L39:$X39,#REF!)),0,(LOOKUP(AG$16,$L39:$X39,#REF!))) -> 0 | AH39: =IF(ISERROR(LOOKUP(AH$16,$L39:$X39,#REF!)),0,(LOOKUP(AH$16,$L39:$X39,#REF!))) -> 0 | AI39: =IF(ISERROR(LOOKUP(AI$16,$L39:$X39,#REF!)),0,(LOOKUP(AI$16,$L39:$X39,#REF!))) -> 0 | AJ39: =IF(ISERROR(LOOKUP(AJ$16,$L39:$X39,#REF!)),0,(LOOKUP(AJ$16,$L39:$X39,#REF!))) -> 0 | ... AM39: =IF(ISERROR(LOOKUP(AM$16,$L39:$X39,#REF!)),0,(LOOKUP(AM$16,$L39:$X39,#REF!))) -> 0 | AO39: =U39-T39 -> 15 | AP39: 46223 | AQ39: 46227 | AR39: 46234 | AW39: #REF!
C40: =C38 -> RFQ-008 | D40: =D38 -> De-Oiler Hydrocyclone | G40: =G38 -> N | I40: =I38 | J40: Actual | AC40: =IF(ISERROR(LOOKUP(AC$16,$L40:$X40,#REF!)),0,(LOOKUP(AC$16,$L40:$X40,#REF!))) -> 0 | AD40: =IF(ISERROR(LOOKUP(AD$16,$L40:$X40,#REF!)),0,(LOOKUP(AD$16,$L40:$X40,#REF!))) -> 0 | AE40: =IF(ISERROR(LOOKUP(AE$16,$L40:$X40,#REF!)),0,(LOOKUP(AE$16,$L40:$X40,#REF!))) -> 0 | AF40: =IF(ISERROR(LOOKUP(AF$16,$L40:$X40,#REF!)),0,(LOOKUP(AF$16,$L40:$X40,#REF!))) -> 0 | AG40: =IF(ISERROR(LOOKUP(AG$16,$L40:$X40,#REF!)),0,(LOOKUP(AG$16,$L40:$X40,#REF!))) -> 0 | AH40: =IF(ISERROR(LOOKUP(AH$16,$L40:$X40,#REF!)),0,(LOOKUP(AH$16,$L40:$X40,#REF!))) -> 0 | AI40: =IF(ISERROR(LOOKUP(AI$16,$L40:$X40,#REF!)),0,(LOOKUP(AI$16,$L40:$X40,#REF!))) -> 0 | AJ40: =IF(ISERROR(LOOKUP(AJ$16,$L40:$X40,#REF!)),0,(LOOKUP(AJ$16,$L40:$X40,#REF!))) -> 0 | ... AM40: =IF(ISERROR(LOOKUP(AM$16,$L40:$X40,#REF!)),0,(LOOKUP(AM$16,$L40:$X40,#REF!))) -> 0 | AO40: =U40-T40 -> 0 | AW40: #REF!
A41: =A38+1 -> 9 | C41: RFQ-009 | D41: Degasser | F41: Mechanical | G41: =IF(_xlfn.XLOOKUP(C41,'[36]Before Award'!D:D,'[36]Before Award'!AV:AV,"N/A")="N/A","N","Y") -> N | I41: LA | J41: Plan | K41: 46162 | L41: 46163 | M41: 46168 | N41: 46169 | O41: 46174 | P41: =U41-L41 -> 71 | R41: 46188 | S41: 46216 | T41: 46219 | U41: 46234 | V41: 46241 | W41: 26 | X41: 46416 | Y41: =W41*7 -> 182 | Z41: 46416 | AA41: 46416 | AB41: =Z41-X42 -> 0 | AC41: =IF(ISERROR(LOOKUP(AC$16,$L41:$X41,#REF!)),0,(LOOKUP(AC$16,$L41:$X41,#REF!))) -> 0 | AD41: =IF(ISERROR(LOOKUP(AD$16,$L41:$X41,#REF!)),0,(LOOKUP(AD$16,$L41:$X41,#REF!))) -> 0 | AE41: =IF(ISERROR(LOOKUP(AE$16,$L41:$X41,#REF!)),0,(LOOKUP(AE$16,$L41:$X41,#REF!))) -> 0 | AF41: =IF(ISERROR(LOOKUP(AF$16,$L41:$X41,#REF!)),0,(LOOKUP(AF$16,$L41:$X41,#REF!))) -> 0 | AG41: =IF(ISERROR(LOOKUP(AG$16,$L41:$X41,#REF!)),0,(LOOKUP(AG$16,$L41:$X41,#REF!))) -> 0 | AH41: =IF(ISERROR(LOOKUP(AH$16,$L41:$X41,#REF!)),0,(LOOKUP(AH$16,$L41:$X41,#REF!))) -> 0 | AI41: =IF(ISERROR(LOOKUP(AI$16,$L41:$X41,#REF!)),0,(LOOKUP(AI$16,$L41:$X41,#REF!))) -> 0 | AJ41: =IF(ISERROR(LOOKUP(AJ$16,$L41:$X41,#REF!)),0,(LOOKUP(AJ$16,$L41:$X41,#REF!))) -> 0 | ... AM41: =IF(ISERROR(LOOKUP(AM$16,$L41:$X41,#REF!)),0,(LOOKUP(AM$16,$L41:$X41,#REF!))) -> 0 | AO41: =U41-T41 -> 15 | AP41: 46223 | AQ41: 46227 | AR41: 46227 | AS41: 14 | AW41: #REF!
C42: =C41 -> RFQ-009 | D42: =D41 -> Degasser | G42: =G41 -> N | I42: =I41 -> LA | J42: Forecast | K42: 46162 | L42: 46163 | M42: 46168 | N42: 46169 | O42: 46174 | R42: 46188 | S42: 46216 | T42: 46219 | U42: 46234 | V42: 46241 | X42: 46416 | AC42: =IF(ISERROR(LOOKUP(AC$16,$L42:$X42,#REF!)),0,(LOOKUP(AC$16,$L42:$X42,#REF!))) -> 0 | AD42: =IF(ISERROR(LOOKUP(AD$16,$L42:$X42,#REF!)),0,(LOOKUP(AD$16,$L42:$X42,#REF!))) -> 0 | AE42: =IF(ISERROR(LOOKUP(AE$16,$L42:$X42,#REF!)),0,(LOOKUP(AE$16,$L42:$X42,#REF!))) -> 0 | AF42: =IF(ISERROR(LOOKUP(AF$16,$L42:$X42,#REF!)),0,(LOOKUP(AF$16,$L42:$X42,#REF!))) -> 0 | AG42: =IF(ISERROR(LOOKUP(AG$16,$L42:$X42,#REF!)),0,(LOOKUP(AG$16,$L42:$X42,#REF!))) -> 0 | AH42: =IF(ISERROR(LOOKUP(AH$16,$L42:$X42,#REF!)),0,(LOOKUP(AH$16,$L42:$X42,#REF!))) -> 0 | AI42: =IF(ISERROR(LOOKUP(AI$16,$L42:$X42,#REF!)),0,(LOOKUP(AI$16,$L42:$X42,#REF!))) -> 0 | AJ42: =IF(ISERROR(LOOKUP(AJ$16,$L42:$X42,#REF!)),0,(LOOKUP(AJ$16,$L42:$X42,#REF!))) -> 0 | ... AM42: =IF(ISERROR(LOOKUP(AM$16,$L42:$X42,#REF!)),0,(LOOKUP(AM$16,$L42:$X42,#REF!))) -> 0 | AO42: =U42-T42 -> 15 | AP42: 46223 | AQ42: 46227 | AR42: 46234 | AW42: #REF!
C43: =C41 -> RFQ-009 | D43: =D41 -> Degasser | G43: =G41 -> N | I43: =I41 -> LA | J43: Actual | AC43: =IF(ISERROR(LOOKUP(AC$16,$L43:$X43,#REF!)),0,(LOOKUP(AC$16,$L43:$X43,#REF!))) -> 0 | AD43: =IF(ISERROR(LOOKUP(AD$16,$L43:$X43,#REF!)),0,(LOOKUP(AD$16,$L43:$X43,#REF!))) -> 0 | AE43: =IF(ISERROR(LOOKUP(AE$16,$L43:$X43,#REF!)),0,(LOOKUP(AE$16,$L43:$X43,#REF!))) -> 0 | AF43: =IF(ISERROR(LOOKUP(AF$16,$L43:$X43,#REF!)),0,(LOOKUP(AF$16,$L43:$X43,#REF!))) -> 0 | AG43: =IF(ISERROR(LOOKUP(AG$16,$L43:$X43,#REF!)),0,(LOOKUP(AG$16,$L43:$X43,#REF!))) -> 0 | AH43: =IF(ISERROR(LOOKUP(AH$16,$L43:$X43,#REF!)),0,(LOOKUP(AH$16,$L43:$X43,#REF!))) -> 0 | AI43: =IF(ISERROR(LOOKUP(AI$16,$L43:$X43,#REF!)),0,(LOOKUP(AI$16,$L43:$X43,#REF!))) -> 0 | AJ43: =IF(ISERROR(LOOKUP(AJ$16,$L43:$X43,#REF!)),0,(LOOKUP(AJ$16,$L43:$X43,#REF!))) -> 0 | ... AM43: =IF(ISERROR(LOOKUP(AM$16,$L43:$X43,#REF!)),0,(LOOKUP(AM$16,$L43:$X43,#REF!))) -> 0 | AO43: =U43-T43 -> 0 | AW43: #REF!
A44: =A41+1 -> 10 | C44: RFQ-010 | D44: Skim Tank Vessel | F44: Mechanical | G44: =IF(_xlfn.XLOOKUP(C44,'[36]Before Award'!D:D,'[36]Before Award'!AV:AV,"N/A")="N/A","N","Y") -> N | I44: LA | J44: Plan | K44: 46162 | L44: 46163 | M44: 46168 | N44: 46169 | O44: 46174 | P44: =U44-L44 -> 71 | R44: 46188 | S44: 46216 | T44: 46219 | U44: 46234 | V44: 46241 | W44: 26 | X44: 46416 | Y44: =W44*7 -> 182 | Z44: 46416 | AA44: 46416 | AB44: =Z44-X45 -> 0 | AC44: =IF(ISERROR(LOOKUP(AC$16,$L44:$X44,#REF!)),0,(LOOKUP(AC$16,$L44:$X44,#REF!))) -> 0 | AD44: =IF(ISERROR(LOOKUP(AD$16,$L44:$X44,#REF!)),0,(LOOKUP(AD$16,$L44:$X44,#REF!))) -> 0 | AE44: =IF(ISERROR(LOOKUP(AE$16,$L44:$X44,#REF!)),0,(LOOKUP(AE$16,$L44:$X44,#REF!))) -> 0 | AF44: =IF(ISERROR(LOOKUP(AF$16,$L44:$X44,#REF!)),0,(LOOKUP(AF$16,$L44:$X44,#REF!))) -> 0 | AG44: =IF(ISERROR(LOOKUP(AG$16,$L44:$X44,#REF!)),0,(LOOKUP(AG$16,$L44:$X44,#REF!))) -> 0 | AH44: =IF(ISERROR(LOOKUP(AH$16,$L44:$X44,#REF!)),0,(LOOKUP(AH$16,$L44:$X44,#REF!))) -> 0 | AI44: =IF(ISERROR(LOOKUP(AI$16,$L44:$X44,#REF!)),0,(LOOKUP(AI$16,$L44:$X44,#REF!))) -> 0 | AJ44: =IF(ISERROR(LOOKUP(AJ$16,$L44:$X44,#REF!)),0,(LOOKUP(AJ$16,$L44:$X44,#REF!))) -> 0 | ... AM44: =IF(ISERROR(LOOKUP(AM$16,$L44:$X44,#REF!)),0,(LOOKUP(AM$16,$L44:$X44,#REF!))) -> 0 | AO44: =U44-T44 -> 15 | AP44: 46223 | AQ44: 46227 | AR44: 46227 | AS44: 14 | AW44: #REF!
C45: =C44 -> RFQ-010 | D45: =D44 -> Skim Tank Vessel | G45: =G44 -> N | I45: =I44 -> LA | J45: Forecast | K45: 46162 | L45: 46163 | M45: 46168 | N45: 46169 | O45: 46174 | R45: 46188 | S45: 46216 | T45: 46219 | U45: 46234 | V45: 46241 | X45: 46416 | AC45: =IF(ISERROR(LOOKUP(AC$16,$L45:$X45,#REF!)),0,(LOOKUP(AC$16,$L45:$X45,#REF!))) -> 0 | AD45: =IF(ISERROR(LOOKUP(AD$16,$L45:$X45,#REF!)),0,(LOOKUP(AD$16,$L45:$X45,#REF!))) -> 0 | AE45: =IF(ISERROR(LOOKUP(AE$16,$L45:$X45,#REF!)),0,(LOOKUP(AE$16,$L45:$X45,#REF!))) -> 0 | AF45: =IF(ISERROR(LOOKUP(AF$16,$L45:$X45,#REF!)),0,(LOOKUP(AF$16,$L45:$X45,#REF!))) -> 0 | AG45: =IF(ISERROR(LOOKUP(AG$16,$L45:$X45,#REF!)),0,(LOOKUP(AG$16,$L45:$X45,#REF!))) -> 0 | AH45: =IF(ISERROR(LOOKUP(AH$16,$L45:$X45,#REF!)),0,(LOOKUP(AH$16,$L45:$X45,#REF!))) -> 0 | AI45: =IF(ISERROR(LOOKUP(AI$16,$L45:$X45,#REF!)),0,(LOOKUP(AI$16,$L45:$X45,#REF!))) -> 0 | AJ45: =IF(ISERROR(LOOKUP(AJ$16,$L45:$X45,#REF!)),0,(LOOKUP(AJ$16,$L45:$X45,#REF!))) -> 0 | ... AM45: =IF(ISERROR(LOOKUP(AM$16,$L45:$X45,#REF!)),0,(LOOKUP(AM$16,$L45:$X45,#REF!))) -> 0 | AO45: =U45-T45 -> 15 | AP45: 46223 | AQ45: 46227 | AR45: 46234 | AW45: #REF!
C46: =C44 -> RFQ-010 | D46: =D44 -> Skim Tank Vessel | G46: =G44 -> N | I46: =I44 -> LA | J46: Actual | AC46: =IF(ISERROR(LOOKUP(AC$16,$L46:$X46,#REF!)),0,(LOOKUP(AC$16,$L46:$X46,#REF!))) -> 0 | AD46: =IF(ISERROR(LOOKUP(AD$16,$L46:$X46,#REF!)),0,(LOOKUP(AD$16,$L46:$X46,#REF!))) -> 0 | AE46: =IF(ISERROR(LOOKUP(AE$16,$L46:$X46,#REF!)),0,(LOOKUP(AE$16,$L46:$X46,#REF!))) -> 0 | AF46: =IF(ISERROR(LOOKUP(AF$16,$L46:$X46,#REF!)),0,(LOOKUP(AF$16,$L46:$X46,#REF!))) -> 0 | AG46: =IF(ISERROR(LOOKUP(AG$16,$L46:$X46,#REF!)),0,(LOOKUP(AG$16,$L46:$X46,#REF!))) -> 0 | AH46: =IF(ISERROR(LOOKUP(AH$16,$L46:$X46,#REF!)),0,(LOOKUP(AH$16,$L46:$X46,#REF!))) -> 0 | AI46: =IF(ISERROR(LOOKUP(AI$16,$L46:$X46,#REF!)),0,(LOOKUP(AI$16,$L46:$X46,#REF!))) -> 0 | AJ46: =IF(ISERROR(LOOKUP(AJ$16,$L46:$X46,#REF!)),0,(LOOKUP(AJ$16,$L46:$X46,#REF!))) -> 0 | ... AM46: =IF(ISERROR(LOOKUP(AM$16,$L46:$X46,#REF!)),0,(LOOKUP(AM$16,$L46:$X46,#REF!))) -> 0 | AO46: =U46-T46 -> 0 | AW46: #REF!
A47: =A44+1 -> 11 | C47: RFQ-011 | D47: Closed Drain Sump Vessel | F47: Mechanical | G47: Y | I47: LA | J47: Plan | K47: 46183 | L47: 46184 | M47: 46189 | N47: 46190 | O47: 46195 | P47: =U47-L47 -> 71 | R47: 46209 | S47: 46237 | T47: 46240 | U47: 46255 | V47: 46262 | W47: 26 | X47: 46437 | Y47: =W47*7 -> 182 | Z47: 46437 | AA47: 46386 | AB47: =Z47-X48 -> 0 | AC47: =IF(ISERROR(LOOKUP(AC$16,$L47:$X47,#REF!)),0,(LOOKUP(AC$16,$L47:$X47,#REF!))) -> 0 | AD47: =IF(ISERROR(LOOKUP(AD$16,$L47:$X47,#REF!)),0,(LOOKUP(AD$16,$L47:$X47,#REF!))) -> 0 | AE47: =IF(ISERROR(LOOKUP(AE$16,$L47:$X47,#REF!)),0,(LOOKUP(AE$16,$L47:$X47,#REF!))) -> 0 | AF47: =IF(ISERROR(LOOKUP(AF$16,$L47:$X47,#REF!)),0,(LOOKUP(AF$16,$L47:$X47,#REF!))) -> 0 | AG47: =IF(ISERROR(LOOKUP(AG$16,$L47:$X47,#REF!)),0,(LOOKUP(AG$16,$L47:$X47,#REF!))) -> 0 | AH47: =IF(ISERROR(LOOKUP(AH$16,$L47:$X47,#REF!)),0,(LOOKUP(AH$16,$L47:$X47,#REF!))) -> 0 | AI47: =IF(ISERROR(LOOKUP(AI$16,$L47:$X47,#REF!)),0,(LOOKUP(AI$16,$L47:$X47,#REF!))) -> 0 | AJ47: =IF(ISERROR(LOOKUP(AJ$16,$L47:$X47,#REF!)),0,(LOOKUP(AJ$16,$L47:$X47,#REF!))) -> 0 | ... AM47: =IF(ISERROR(LOOKUP(AM$16,$L47:$X47,#REF!)),0,(LOOKUP(AM$16,$L47:$X47,#REF!))) -> 0 | AO47: =U47-T47 -> 15 | AP47: 46244 | AQ47: 46248 | AR47: 46248 | AS47: 14 | AW47: #REF!
C48: =C47 -> RFQ-011 | D48: =D47 -> Closed Drain Sump Vessel | G48: =G47 -> Y | I48: =I47 -> LA | J48: Forecast | K48: 46183 | L48: 46184 | M48: 46189 | N48: 46190 | O48: 46195 | R48: 46209 | S48: 46237 | T48: 46240 | U48: 46255 | V48: 46262 | X48: 46437 | AC48: =IF(ISERROR(LOOKUP(AC$16,$L48:$X48,#REF!)),0,(LOOKUP(AC$16,$L48:$X48,#REF!))) -> 0 | AD48: =IF(ISERROR(LOOKUP(AD$16,$L48:$X48,#REF!)),0,(LOOKUP(AD$16,$L48:$X48,#REF!))) -> 0 | AE48: =IF(ISERROR(LOOKUP(AE$16,$L48:$X48,#REF!)),0,(LOOKUP(AE$16,$L48:$X48,#REF!))) -> 0 | AF48: =IF(ISERROR(LOOKUP(AF$16,$L48:$X48,#REF!)),0,(LOOKUP(AF$16,$L48:$X48,#REF!))) -> 0 | AG48: =IF(ISERROR(LOOKUP(AG$16,$L48:$X48,#REF!)),0,(LOOKUP(AG$16,$L48:$X48,#REF!))) -> 0 | AH48: =IF(ISERROR(LOOKUP(AH$16,$L48:$X48,#REF!)),0,(LOOKUP(AH$16,$L48:$X48,#REF!))) -> 0 | AI48: =IF(ISERROR(LOOKUP(AI$16,$L48:$X48,#REF!)),0,(LOOKUP(AI$16,$L48:$X48,#REF!))) -> 0 | AJ48: =IF(ISERROR(LOOKUP(AJ$16,$L48:$X48,#REF!)),0,(LOOKUP(AJ$16,$L48:$X48,#REF!))) -> 0 | ... AM48: =IF(ISERROR(LOOKUP(AM$16,$L48:$X48,#REF!)),0,(LOOKUP(AM$16,$L48:$X48,#REF!))) -> 0 | AO48: =U48-T48 -> 15 | AP48: 46244 | AQ48: 46248 | AR48: 46255 | AW48: #REF!
C49: =C47 -> RFQ-011 | D49: =D47 -> Closed Drain Sump Vessel | G49: =G47 -> Y | I49: =I47 -> LA | J49: Actual | AC49: =IF(ISERROR(LOOKUP(AC$16,$L49:$X49,#REF!)),0,(LOOKUP(AC$16,$L49:$X49,#REF!))) -> 0 | AD49: =IF(ISERROR(LOOKUP(AD$16,$L49:$X49,#REF!)),0,(LOOKUP(AD$16,$L49:$X49,#REF!))) -> 0 | AE49: =IF(ISERROR(LOOKUP(AE$16,$L49:$X49,#REF!)),0,(LOOKUP(AE$16,$L49:$X49,#REF!))) -> 0 | AF49: =IF(ISERROR(LOOKUP(AF$16,$L49:$X49,#REF!)),0,(LOOKUP(AF$16,$L49:$X49,#REF!))) -> 0 | AG49: =IF(ISERROR(LOOKUP(AG$16,$L49:$X49,#REF!)),0,(LOOKUP(AG$16,$L49:$X49,#REF!))) -> 0 | AH49: =IF(ISERROR(LOOKUP(AH$16,$L49:$X49,#REF!)),0,(LOOKUP(AH$16,$L49:$X49,#REF!))) -> 0 | AI49: =IF(ISERROR(LOOKUP(AI$16,$L49:$X49,#REF!)),0,(LOOKUP(AI$16,$L49:$X49,#REF!))) -> 0 | AJ49: =IF(ISERROR(LOOKUP(AJ$16,$L49:$X49,#REF!)),0,(LOOKUP(AJ$16,$L49:$X49,#REF!))) -> 0 | ... AM49: =IF(ISERROR(LOOKUP(AM$16,$L49:$X49,#REF!)),0,(LOOKUP(AM$16,$L49:$X49,#REF!))) -> 0 | AO49: =U49-T49 -> 0 | AW49: #REF!
A50: =A47+1 -> 12 | C50: RFQ-012 | D50: Storage Tote Tank | F50: Mechanical | G50: =IF(_xlfn.XLOOKUP(C50,'[36]Before Award'!D:D,'[36]Before Award'!AV:AV,"N/A")="N/A","N","Y") -> N | I50: LA | J50: Plan | K50: 46204 | L50: 46205 | M50: 46210 | N50: 46211 | O50: 46216 | P50: =U50-L50 -> 71 | R50: 46230 | S50: 46258 | T50: 46261 | U50: 46276 | V50: 46283 | W50: 20 | X50: 46416 | Y50: =W50*7 -> 140 | Z50: 46416 | AA50: 46416 | AB50: =Z50-X51 -> 0 | AC50: =IF(ISERROR(LOOKUP(AC$16,$L50:$X50,#REF!)),0,(LOOKUP(AC$16,$L50:$X50,#REF!))) -> 0 | AD50: =IF(ISERROR(LOOKUP(AD$16,$L50:$X50,#REF!)),0,(LOOKUP(AD$16,$L50:$X50,#REF!))) -> 0 | AE50: =IF(ISERROR(LOOKUP(AE$16,$L50:$X50,#REF!)),0,(LOOKUP(AE$16,$L50:$X50,#REF!))) -> 0 | AF50: =IF(ISERROR(LOOKUP(AF$16,$L50:$X50,#REF!)),0,(LOOKUP(AF$16,$L50:$X50,#REF!))) -> 0 | AG50: =IF(ISERROR(LOOKUP(AG$16,$L50:$X50,#REF!)),0,(LOOKUP(AG$16,$L50:$X50,#REF!))) -> 0 | AH50: =IF(ISERROR(LOOKUP(AH$16,$L50:$X50,#REF!)),0,(LOOKUP(AH$16,$L50:$X50,#REF!))) -> 0 | AI50: =IF(ISERROR(LOOKUP(AI$16,$L50:$X50,#REF!)),0,(LOOKUP(AI$16,$L50:$X50,#REF!))) -> 0 | AJ50: =IF(ISERROR(LOOKUP(AJ$16,$L50:$X50,#REF!)),0,(LOOKUP(AJ$16,$L50:$X50,#REF!))) -> 0 | ... AM50: =IF(ISERROR(LOOKUP(AM$16,$L50:$X50,#REF!)),0,(LOOKUP(AM$16,$L50:$X50,#REF!))) -> 0 | AO50: =U50-T50 -> 15 | AP50: 46265 | AQ50: 46269 | AR50: 46269 | AS50: 14 | AW50: #REF!
C51: =C50 -> RFQ-012 | D51: =D50 -> Storage Tote Tank | G51: =G50 -> N | I51: =I50 -> LA | J51: Forecast | K51: 46204 | L51: 46205 | M51: 46210 | N51: 46211 | O51: 46216 | R51: 46230 | S51: 46258 | T51: 46261 | U51: 46276 | V51: 46283 | X51: 46416 | AC51: =IF(ISERROR(LOOKUP(AC$16,$L51:$X51,#REF!)),0,(LOOKUP(AC$16,$L51:$X51,#REF!))) -> 0 | AD51: =IF(ISERROR(LOOKUP(AD$16,$L51:$X51,#REF!)),0,(LOOKUP(AD$16,$L51:$X51,#REF!))) -> 0 | AE51: =IF(ISERROR(LOOKUP(AE$16,$L51:$X51,#REF!)),0,(LOOKUP(AE$16,$L51:$X51,#REF!))) -> 0 | AF51: =IF(ISERROR(LOOKUP(AF$16,$L51:$X51,#REF!)),0,(LOOKUP(AF$16,$L51:$X51,#REF!))) -> 0 | AG51: =IF(ISERROR(LOOKUP(AG$16,$L51:$X51,#REF!)),0,(LOOKUP(AG$16,$L51:$X51,#REF!))) -> 0 | AH51: =IF(ISERROR(LOOKUP(AH$16,$L51:$X51,#REF!)),0,(LOOKUP(AH$16,$L51:$X51,#REF!))) -> 0 | AI51: =IF(ISERROR(LOOKUP(AI$16,$L51:$X51,#REF!)),0,(LOOKUP(AI$16,$L51:$X51,#REF!))) -> 0 | AJ51: =IF(ISERROR(LOOKUP(AJ$16,$L51:$X51,#REF!)),0,(LOOKUP(AJ$16,$L51:$X51,#REF!))) -> 0 | ... AM51: =IF(ISERROR(LOOKUP(AM$16,$L51:$X51,#REF!)),0,(LOOKUP(AM$16,$L51:$X51,#REF!))) -> 0 | AO51: =U51-T51 -> 15 | AP51: 46265 | AQ51: 46269 | AR51: 46276 | AW51: #REF!
C52: =C50 -> RFQ-012 | D52: =D50 -> Storage Tote Tank | G52: =G50 -> N | I52: =I50 -> LA | J52: Actual | AC52: =IF(ISERROR(LOOKUP(AC$16,$L52:$X52,#REF!)),0,(LOOKUP(AC$16,$L52:$X52,#REF!))) -> 0 | AD52: =IF(ISERROR(LOOKUP(AD$16,$L52:$X52,#REF!)),0,(LOOKUP(AD$16,$L52:$X52,#REF!))) -> 0 | AE52: =IF(ISERROR(LOOKUP(AE$16,$L52:$X52,#REF!)),0,(LOOKUP(AE$16,$L52:$X52,#REF!))) -> 0 | AF52: =IF(ISERROR(LOOKUP(AF$16,$L52:$X52,#REF!)),0,(LOOKUP(AF$16,$L52:$X52,#REF!))) -> 0 | AG52: =IF(ISERROR(LOOKUP(AG$16,$L52:$X52,#REF!)),0,(LOOKUP(AG$16,$L52:$X52,#REF!))) -> 0 | AH52: =IF(ISERROR(LOOKUP(AH$16,$L52:$X52,#REF!)),0,(LOOKUP(AH$16,$L52:$X52,#REF!))) -> 0 | AI52: =IF(ISERROR(LOOKUP(AI$16,$L52:$X52,#REF!)),0,(LOOKUP(AI$16,$L52:$X52,#REF!))) -> 0 | AJ52: =IF(ISERROR(LOOKUP(AJ$16,$L52:$X52,#REF!)),0,(LOOKUP(AJ$16,$L52:$X52,#REF!))) -> 0 | ... AM52: =IF(ISERROR(LOOKUP(AM$16,$L52:$X52,#REF!)),0,(LOOKUP(AM$16,$L52:$X52,#REF!))) -> 0 | AO52: =U52-T52 -> 0 | AW52: #REF!
A53: =A50+1 -> 13 | C53: RFQ-013 | D53: Storage Tank | F53: Mechanical | G53: =IF(_xlfn.XLOOKUP(C53,'[36]Before Award'!D:D,'[36]Before Award'!AV:AV,"N/A")="N/A","N","Y") -> N | I53: LA | J53: Plan | K53: 46240 | L53: 46241 | M53: 46246 | N53: 46247 | O53: 46252 | P53: =U53-L53 -> 73 | R53: 46266 | S53: 46294 | T53: 46297 | U53: 46314 | V53: 46321 | W53: 20 | X53: 46454 | Y53: =W53*7 -> 140 | Z53: 46454 | AA53: 46416 | AB53: =Z53-X54 -> 0 | AC53: =IF(ISERROR(LOOKUP(AC$16,$L53:$X53,#REF!)),0,(LOOKUP(AC$16,$L53:$X53,#REF!))) -> 0 | AD53: =IF(ISERROR(LOOKUP(AD$16,$L53:$X53,#REF!)),0,(LOOKUP(AD$16,$L53:$X53,#REF!))) -> 0 | AE53: =IF(ISERROR(LOOKUP(AE$16,$L53:$X53,#REF!)),0,(LOOKUP(AE$16,$L53:$X53,#REF!))) -> 0 | AF53: =IF(ISERROR(LOOKUP(AF$16,$L53:$X53,#REF!)),0,(LOOKUP(AF$16,$L53:$X53,#REF!))) -> 0 | AG53: =IF(ISERROR(LOOKUP(AG$16,$L53:$X53,#REF!)),0,(LOOKUP(AG$16,$L53:$X53,#REF!))) -> 0 | AH53: =IF(ISERROR(LOOKUP(AH$16,$L53:$X53,#REF!)),0,(LOOKUP(AH$16,$L53:$X53,#REF!))) -> 0 | AI53: =IF(ISERROR(LOOKUP(AI$16,$L53:$X53,#REF!)),0,(LOOKUP(AI$16,$L53:$X53,#REF!))) -> 0 | AJ53: =IF(ISERROR(LOOKUP(AJ$16,$L53:$X53,#REF!)),0,(LOOKUP(AJ$16,$L53:$X53,#REF!))) -> 0 | ... AM53: =IF(ISERROR(LOOKUP(AM$16,$L53:$X53,#REF!)),0,(LOOKUP(AM$16,$L53:$X53,#REF!))) -> 0 | AO53: =U53-T53 -> 17 | AP53: 46301 | AQ53: 46307 | AR53: 46307 | AS53: 14 | AW53: #REF!
C54: =C53 -> RFQ-013 | D54: =D53 -> Storage Tank | G54: =G53 -> N | I54: =I53 -> LA | J54: Forecast | K54: 46240 | L54: 46241 | M54: 46246 | N54: 46247 | O54: 46252 | R54: 46266 | S54: 46294 | T54: 46297 | U54: 46314 | V54: 46321 | X54: 46454 | AC54: =IF(ISERROR(LOOKUP(AC$16,$L54:$X54,#REF!)),0,(LOOKUP(AC$16,$L54:$X54,#REF!))) -> 0 | AD54: =IF(ISERROR(LOOKUP(AD$16,$L54:$X54,#REF!)),0,(LOOKUP(AD$16,$L54:$X54,#REF!))) -> 0 | AE54: =IF(ISERROR(LOOKUP(AE$16,$L54:$X54,#REF!)),0,(LOOKUP(AE$16,$L54:$X54,#REF!))) -> 0 | AF54: =IF(ISERROR(LOOKUP(AF$16,$L54:$X54,#REF!)),0,(LOOKUP(AF$16,$L54:$X54,#REF!))) -> 0 | AG54: =IF(ISERROR(LOOKUP(AG$16,$L54:$X54,#REF!)),0,(LOOKUP(AG$16,$L54:$X54,#REF!))) -> 0 | AH54: =IF(ISERROR(LOOKUP(AH$16,$L54:$X54,#REF!)),0,(LOOKUP(AH$16,$L54:$X54,#REF!))) -> 0 | AI54: =IF(ISERROR(LOOKUP(AI$16,$L54:$X54,#REF!)),0,(LOOKUP(AI$16,$L54:$X54,#REF!))) -> 0 | AJ54: =IF(ISERROR(LOOKUP(AJ$16,$L54:$X54,#REF!)),0,(LOOKUP(AJ$16,$L54:$X54,#REF!))) -> 0 | ... AM54: =IF(ISERROR(LOOKUP(AM$16,$L54:$X54,#REF!)),0,(LOOKUP(AM$16,$L54:$X54,#REF!))) -> 0 | AO54: =U54-T54 -> 17 | AP54: 46301 | AQ54: 46307 | AR54: 46314 | AW54: #REF!
C55: =C53 -> RFQ-013 | D55: =D53 -> Storage Tank | G55: =G53 -> N | I55: =I53 -> LA | J55: Actual | AC55: =IF(ISERROR(LOOKUP(AC$16,$L55:$X55,#REF!)),0,(LOOKUP(AC$16,$L55:$X55,#REF!))) -> 0 | AD55: =IF(ISERROR(LOOKUP(AD$16,$L55:$X55,#REF!)),0,(LOOKUP(AD$16,$L55:$X55,#REF!))) -> 0 | AE55: =IF(ISERROR(LOOKUP(AE$16,$L55:$X55,#REF!)),0,(LOOKUP(AE$16,$L55:$X55,#REF!))) -> 0 | AF55: =IF(ISERROR(LOOKUP(AF$16,$L55:$X55,#REF!)),0,(LOOKUP(AF$16,$L55:$X55,#REF!))) -> 0 | AG55: =IF(ISERROR(LOOKUP(AG$16,$L55:$X55,#REF!)),0,(LOOKUP(AG$16,$L55:$X55,#REF!))) -> 0 | AH55: =IF(ISERROR(LOOKUP(AH$16,$L55:$X55,#REF!)),0,(LOOKUP(AH$16,$L55:$X55,#REF!))) -> 0 | AI55: =IF(ISERROR(LOOKUP(AI$16,$L55:$X55,#REF!)),0,(LOOKUP(AI$16,$L55:$X55,#REF!))) -> 0 | AJ55: =IF(ISERROR(LOOKUP(AJ$16,$L55:$X55,#REF!)),0,(LOOKUP(AJ$16,$L55:$X55,#REF!))) -> 0 | ... AM55: =IF(ISERROR(LOOKUP(AM$16,$L55:$X55,#REF!)),0,(LOOKUP(AM$16,$L55:$X55,#REF!))) -> 0 | AO55: =U55-T55 -> 0 | AW55: #REF!
A56: =A53+1 -> 14 | C56: RFQ-014 | D56: Closed Drain Sump Pump | F56: Mechanical | G56: =IF(_xlfn.XLOOKUP(C56,'[36]Before Award'!D:D,'[36]Before Award'!AV:AV,"N/A")="N/A","N","Y") -> N | I56: LA | J56: Plan | K56: =WORKDAY(L56,-INDEX(L$12:L$15,MATCH($I56,$I$12:$I$15,0))) -> 46133 | L56: =WORKDAY(M56,-INDEX(M$12:M$15,MATCH($I56,$I$12:$I$15,0))) -> 46134 | M56: =WORKDAY(N56,-INDEX(N$12:N$15,MATCH($I56,$I$12:$I$15,0))) -> 46141 | N56: =WORKDAY(O56,-INDEX(O$12:O$15,MATCH($I56,$I$12:$I$15,0))) -> 46142 | O56: =WORKDAY(R56,-INDEX(R$12:R$15,MATCH($I56,$I$12:$I$15,0))) -> 46149 | P56: =U56-L56 -> 76 | R56: =WORKDAY(S56,-INDEX(S$12:S$15,MATCH($I56,$I$12:$I$15,0))) -> 46163 | S56: =WORKDAY(T56,-INDEX(T$12:T$15,MATCH($I56,$I$12:$I$15,0))) -> 46191 | T56: =WORKDAY(U56,-INDEX(U$12:U$15,MATCH($I56,$I$12:$I$15,0))) -> 46196 | U56: =X56-Y56 -> 46210 | V56: =WORKDAY(U56,INDEX(V$12:V$15,MATCH($I56,$I$12:$I$15,0))) -> 46212 | W56: =Y56/7 -> 32 | X56: =Z56 -> 46434 | Y56: =32*7 -> 224 | Z56: 46434 | AA56: 46386 | AB56: =Z56-X57 -> 0 | AC56: =IF(ISERROR(LOOKUP(AC$16,$L56:$X56,#REF!)),0,(LOOKUP(AC$16,$L56:$X56,#REF!))) -> 0 | AD56: =IF(ISERROR(LOOKUP(AD$16,$L56:$X56,#REF!)),0,(LOOKUP(AD$16,$L56:$X56,#REF!))) -> 0 | AE56: =IF(ISERROR(LOOKUP(AE$16,$L56:$X56,#REF!)),0,(LOOKUP(AE$16,$L56:$X56,#REF!))) -> 0 | AF56: =IF(ISERROR(LOOKUP(AF$16,$L56:$X56,#REF!)),0,(LOOKUP(AF$16,$L56:$X56,#REF!))) -> 0 | AG56: =IF(ISERROR(LOOKUP(AG$16,$L56:$X56,#REF!)),0,(LOOKUP(AG$16,$L56:$X56,#REF!))) -> 0 | AH56: =IF(ISERROR(LOOKUP(AH$16,$L56:$X56,#REF!)),0,(LOOKUP(AH$16,$L56:$X56,#REF!))) -> 0 | AI56: =IF(ISERROR(LOOKUP(AI$16,$L56:$X56,#REF!)),0,(LOOKUP(AI$16,$L56:$X56,#REF!))) -> 0 | AJ56: =IF(ISERROR(LOOKUP(AJ$16,$L56:$X56,#REF!)),0,(LOOKUP(AJ$16,$L56:$X56,#REF!))) -> 0 | ... AM56: =IF(ISERROR(LOOKUP(AM$16,$L56:$X56,#REF!)),0,(LOOKUP(AM$16,$L56:$X56,#REF!))) -> 0 | AO56: =U56-T56 -> 14 | AP56: =WORKDAY(AQ56,-INDEX(AQ$12:AQ$15,MATCH($I56,$I$12:$I$15,0)),$AW$17:$AW$148) -> #REF! | AQ56: =WORKDAY(U56,-INDEX(U$12:U$15,MATCH($I56,$I$12:$I$15,0)),$AW$17:$AW$148) -> #REF! | AR56: =WORKDAY(U56,-INDEX(U$12:U$15,MATCH($I56,$I$12:$I$15,0)),$AW$17:$AW$148) -> #REF! | AS56: 14 | AW56: #REF!
C57: =C56 -> RFQ-014 | D57: =D56 -> Closed Drain Sump Pump | G57: =G56 -> N | I57: =I56 -> LA | J57: Forecast | K57: =K56 -> 46133 | L57: =WORKDAY(IF(K58="",K57,K58),INDEX(L$12:L$15,MATCH($I56,$I$12:$I$15,0))) -> 46134 | M57: =WORKDAY(IF(L58="",L57,L58),INDEX(M$12:M$15,MATCH($I56,$I$12:$I$15,0))) -> 46141 | N57: =WORKDAY(IF(M58="",M57,M58),INDEX(N$12:N$15,MATCH($I56,$I$12:$I$15,0))) -> 46142 | O57: =WORKDAY(IF(N58="",N57,N58),INDEX(O$12:O$15,MATCH($I56,$I$12:$I$15,0))) -> 46149 | R57: =WORKDAY(IF(O58="",O57,O58),INDEX(R$12:R$15,MATCH($I56,$I$12:$I$15,0))) -> 46163 | S57: =WORKDAY(IF(R58="",R57,R58),INDEX(S$12:S$15,MATCH($I56,$I$12:$I$15,0))) -> 46191 | T57: =WORKDAY(IF(S58="",S57,S58),INDEX(T$12:T$15,MATCH($I56,$I$12:$I$15,0))) -> 46196 | U57: =WORKDAY(IF(T58="",T57,T58),INDEX(U$12:U$15,MATCH($I56,$I$12:$I$15,0))) -> 46210 | V57: =WORKDAY(IF(U58="",U57,U58),INDEX(V$12:V$15,MATCH($I56,$I$12:$I$15,0))) -> 46212 | X57: =U57+Y56 -> 46434 | AC57: =IF(ISERROR(LOOKUP(AC$16,$L57:$X57,#REF!)),0,(LOOKUP(AC$16,$L57:$X57,#REF!))) -> 0 | AD57: =IF(ISERROR(LOOKUP(AD$16,$L57:$X57,#REF!)),0,(LOOKUP(AD$16,$L57:$X57,#REF!))) -> 0 | AE57: =IF(ISERROR(LOOKUP(AE$16,$L57:$X57,#REF!)),0,(LOOKUP(AE$16,$L57:$X57,#REF!))) -> 0 | AF57: =IF(ISERROR(LOOKUP(AF$16,$L57:$X57,#REF!)),0,(LOOKUP(AF$16,$L57:$X57,#REF!))) -> 0 | AG57: =IF(ISERROR(LOOKUP(AG$16,$L57:$X57,#REF!)),0,(LOOKUP(AG$16,$L57:$X57,#REF!))) -> 0 | AH57: =IF(ISERROR(LOOKUP(AH$16,$L57:$X57,#REF!)),0,(LOOKUP(AH$16,$L57:$X57,#REF!))) -> 0 | AI57: =IF(ISERROR(LOOKUP(AI$16,$L57:$X57,#REF!)),0,(LOOKUP(AI$16,$L57:$X57,#REF!))) -> 0 | AJ57: =IF(ISERROR(LOOKUP(AJ$16,$L57:$X57,#REF!)),0,(LOOKUP(AJ$16,$L57:$X57,#REF!))) -> 0 | ... AM57: =IF(ISERROR(LOOKUP(AM$16,$L57:$X57,#REF!)),0,(LOOKUP(AM$16,$L57:$X57,#REF!))) -> 0 | AO57: =U57-T57 -> 14 | AP57: =WORKDAY(IF(T58="",T57,T58),INDEX(AP$12:AP$15,MATCH($I56,$I$12:$I$15,0)),$AW$17:$AW$148) -> #REF! | AQ57: =WORKDAY(IF(AP58="",AP57,AP58),INDEX(AQ$12:AQ$15,MATCH($I56,$I$12:$I$15,0)),$AW$17:$AW$148) -> #REF! | AR57: =WORKDAY(IF(AQ58="",AQ57,AQ58),INDEX(AR$12:AR$15,MATCH($I56,$I$12:$I$15,0)),$AW$17:$AW$148) -> #REF! | AW57: #REF!
C58: =C56 -> RFQ-014 | D58: =D56 -> Closed Drain Sump Pump | G58: =G56 -> N | I58: =I56 -> LA | J58: Actual | AC58: =IF(ISERROR(LOOKUP(AC$16,$L58:$X58,#REF!)),0,(LOOKUP(AC$16,$L58:$X58,#REF!))) -> 0 | AD58: =IF(ISERROR(LOOKUP(AD$16,$L58:$X58,#REF!)),0,(LOOKUP(AD$16,$L58:$X58,#REF!))) -> 0 | AE58: =IF(ISERROR(LOOKUP(AE$16,$L58:$X58,#REF!)),0,(LOOKUP(AE$16,$L58:$X58,#REF!))) -> 0 | AF58: =IF(ISERROR(LOOKUP(AF$16,$L58:$X58,#REF!)),0,(LOOKUP(AF$16,$L58:$X58,#REF!))) -> 0 | AG58: =IF(ISERROR(LOOKUP(AG$16,$L58:$X58,#REF!)),0,(LOOKUP(AG$16,$L58:$X58,#REF!))) -> 0 | AH58: =IF(ISERROR(LOOKUP(AH$16,$L58:$X58,#REF!)),0,(LOOKUP(AH$16,$L58:$X58,#REF!))) -> 0 | AI58: =IF(ISERROR(LOOKUP(AI$16,$L58:$X58,#REF!)),0,(LOOKUP(AI$16,$L58:$X58,#REF!))) -> 0 | AJ58: =IF(ISERROR(LOOKUP(AJ$16,$L58:$X58,#REF!)),0,(LOOKUP(AJ$16,$L58:$X58,#REF!))) -> 0 | ... AM58: =IF(ISERROR(LOOKUP(AM$16,$L58:$X58,#REF!)),0,(LOOKUP(AM$16,$L58:$X58,#REF!))) -> 0 | AO58: =U58-T58 -> 0 | AW58: #REF!
A59: =A56+1 -> 15 | C59: RFQ-015 | D59: Diesel Transfer Pump | F59: Mechanical | G59: N | I59: LA | J59: Plan | K59: =WORKDAY(L59,-INDEX(L$12:L$15,MATCH($I59,$I$12:$I$15,0))) -> 46220 | L59: =WORKDAY(M59,-INDEX(M$12:M$15,MATCH($I59,$I$12:$I$15,0))) -> 46223 | M59: =WORKDAY(N59,-INDEX(N$12:N$15,MATCH($I59,$I$12:$I$15,0))) -> 46230 | N59: =WORKDAY(O59,-INDEX(O$12:O$15,MATCH($I59,$I$12:$I$15,0))) -> 46231 | O59: =WORKDAY(R59,-INDEX(R$12:R$15,MATCH($I59,$I$12:$I$15,0))) -> 46238 | P59: =U59-L59 -> 74 | R59: =WORKDAY(S59,-INDEX(S$12:S$15,MATCH($I59,$I$12:$I$15,0))) -> 46252 | S59: =WORKDAY(T59,-INDEX(T$12:T$15,MATCH($I59,$I$12:$I$15,0))) -> 46280 | T59: =WORKDAY(U59,-INDEX(U$12:U$15,MATCH($I59,$I$12:$I$15,0))) -> 46283 | U59: =X59-Y59 -> 46297 | V59: =WORKDAY(U59,INDEX(V$12:V$15,MATCH($I59,$I$12:$I$15,0))) -> 46301 | W59: =Y59/7 -> 32 | X59: =Z59 -> 46521 | Y59: =32*7 -> 224 | Z59: 46521 | AA59: 46521 | AB59: =Z59-X60 -> 0 | AC59: =IF(ISERROR(LOOKUP(AC$16,$L59:$X59,#REF!)),0,(LOOKUP(AC$16,$L59:$X59,#REF!))) -> 0 | AD59: =IF(ISERROR(LOOKUP(AD$16,$L59:$X59,#REF!)),0,(LOOKUP(AD$16,$L59:$X59,#REF!))) -> 0 | AE59: =IF(ISERROR(LOOKUP(AE$16,$L59:$X59,#REF!)),0,(LOOKUP(AE$16,$L59:$X59,#REF!))) -> 0 | AF59: =IF(ISERROR(LOOKUP(AF$16,$L59:$X59,#REF!)),0,(LOOKUP(AF$16,$L59:$X59,#REF!))) -> 0 | AG59: =IF(ISERROR(LOOKUP(AG$16,$L59:$X59,#REF!)),0,(LOOKUP(AG$16,$L59:$X59,#REF!))) -> 0 | AH59: =IF(ISERROR(LOOKUP(AH$16,$L59:$X59,#REF!)),0,(LOOKUP(AH$16,$L59:$X59,#REF!))) -> 0 | AI59: =IF(ISERROR(LOOKUP(AI$16,$L59:$X59,#REF!)),0,(LOOKUP(AI$16,$L59:$X59,#REF!))) -> 0 | AJ59: =IF(ISERROR(LOOKUP(AJ$16,$L59:$X59,#REF!)),0,(LOOKUP(AJ$16,$L59:$X59,#REF!))) -> 0 | ... AM59: =IF(ISERROR(LOOKUP(AM$16,$L59:$X59,#REF!)),0,(LOOKUP(AM$16,$L59:$X59,#REF!))) -> 0 | AO59: =U59-T59 -> 14 | AP59: =WORKDAY(AQ59,-INDEX(AQ$12:AQ$15,MATCH($I59,$I$12:$I$15,0)),$AW$17:$AW$148) -> #REF! | AQ59: =WORKDAY(U59,-INDEX(U$12:U$15,MATCH($I59,$I$12:$I$15,0)),$AW$17:$AW$148) -> #REF! | AR59: =WORKDAY(U59,-INDEX(U$12:U$15,MATCH($I59,$I$12:$I$15,0)),$AW$17:$AW$148) -> #REF! | AS59: 14 | AW59: #REF!
C60: =C59 -> RFQ-015 | D60: =D59 -> Diesel Transfer Pump | G60: =G59 -> N | I60: =I59 -> LA | J60: Forecast | K60: =K59 -> 46220 | L60: =WORKDAY(IF(K61="",K60,K61),INDEX(L$12:L$15,MATCH($I59,$I$12:$I$15,0))) -> 46223 | M60: =WORKDAY(IF(L61="",L60,L61),INDEX(M$12:M$15,MATCH($I59,$I$12:$I$15,0))) -> 46230 | N60: =WORKDAY(IF(M61="",M60,M61),INDEX(N$12:N$15,MATCH($I59,$I$12:$I$15,0))) -> 46231 | O60: =WORKDAY(IF(N61="",N60,N61),INDEX(O$12:O$15,MATCH($I59,$I$12:$I$15,0))) -> 46238 | R60: =WORKDAY(IF(O61="",O60,O61),INDEX(R$12:R$15,MATCH($I59,$I$12:$I$15,0))) -> 46252 | S60: =WORKDAY(IF(R61="",R60,R61),INDEX(S$12:S$15,MATCH($I59,$I$12:$I$15,0))) -> 46280 | T60: =WORKDAY(IF(S61="",S60,S61),INDEX(T$12:T$15,MATCH($I59,$I$12:$I$15,0))) -> 46283 | U60: =WORKDAY(IF(T61="",T60,T61),INDEX(U$12:U$15,MATCH($I59,$I$12:$I$15,0))) -> 46297 | V60: =WORKDAY(IF(U61="",U60,U61),INDEX(V$12:V$15,MATCH($I59,$I$12:$I$15,0))) -> 46301 | X60: =U60+Y59 -> 46521 | AC60: =IF(ISERROR(LOOKUP(AC$16,$L60:$X60,#REF!)),0,(LOOKUP(AC$16,$L60:$X60,#REF!))) -> 0 | AD60: =IF(ISERROR(LOOKUP(AD$16,$L60:$X60,#REF!)),0,(LOOKUP(AD$16,$L60:$X60,#REF!))) -> 0 | AE60: =IF(ISERROR(LOOKUP(AE$16,$L60:$X60,#REF!)),0,(LOOKUP(AE$16,$L60:$X60,#REF!))) -> 0 | AF60: =IF(ISERROR(LOOKUP(AF$16,$L60:$X60,#REF!)),0,(LOOKUP(AF$16,$L60:$X60,#REF!))) -> 0 | AG60: =IF(ISERROR(LOOKUP(AG$16,$L60:$X60,#REF!)),0,(LOOKUP(AG$16,$L60:$X60,#REF!))) -> 0 | AH60: =IF(ISERROR(LOOKUP(AH$16,$L60:$X60,#REF!)),0,(LOOKUP(AH$16,$L60:$X60,#REF!))) -> 0 | AI60: =IF(ISERROR(LOOKUP(AI$16,$L60:$X60,#REF!)),0,(LOOKUP(AI$16,$L60:$X60,#REF!))) -> 0 | AJ60: =IF(ISERROR(LOOKUP(AJ$16,$L60:$X60,#REF!)),0,(LOOKUP(AJ$16,$L60:$X60,#REF!))) -> 0 | ... AM60: =IF(ISERROR(LOOKUP(AM$16,$L60:$X60,#REF!)),0,(LOOKUP(AM$16,$L60:$X60,#REF!))) -> 0 | AO60: =U60-T60 -> 14 | AP60: =WORKDAY(IF(T61="",T60,T61),INDEX(AP$12:AP$15,MATCH($I59,$I$12:$I$15,0)),$AW$17:$AW$148) -> #REF! | AQ60: =WORKDAY(IF(AP61="",AP60,AP61),INDEX(AQ$12:AQ$15,MATCH($I59,$I$12:$I$15,0)),$AW$17:$AW$148) -> #REF! | AR60: =WORKDAY(IF(AQ61="",AQ60,AQ61),INDEX(AR$12:AR$15,MATCH($I59,$I$12:$I$15,0)),$AW$17:$AW$148) -> #REF! | AW60: #REF!
C61: =C59 -> RFQ-015 | D61: =D59 -> Diesel Transfer Pump | G61: =G59 -> N | I61: =I59 -> LA | J61: Actual | AC61: =IF(ISERROR(LOOKUP(AC$16,$L61:$X61,#REF!)),0,(LOOKUP(AC$16,$L61:$X61,#REF!))) -> 0 | AD61: =IF(ISERROR(LOOKUP(AD$16,$L61:$X61,#REF!)),0,(LOOKUP(AD$16,$L61:$X61,#REF!))) -> 0 | AE61: =IF(ISERROR(LOOKUP(AE$16,$L61:$X61,#REF!)),0,(LOOKUP(AE$16,$L61:$X61,#REF!))) -> 0 | AF61: =IF(ISERROR(LOOKUP(AF$16,$L61:$X61,#REF!)),0,(LOOKUP(AF$16,$L61:$X61,#REF!))) -> 0 | AG61: =IF(ISERROR(LOOKUP(AG$16,$L61:$X61,#REF!)),0,(LOOKUP(AG$16,$L61:$X61,#REF!))) -> 0 | AH61: =IF(ISERROR(LOOKUP(AH$16,$L61:$X61,#REF!)),0,(LOOKUP(AH$16,$L61:$X61,#REF!))) -> 0 | AI61: =IF(ISERROR(LOOKUP(AI$16,$L61:$X61,#REF!)),0,(LOOKUP(AI$16,$L61:$X61,#REF!))) -> 0 | AJ61: =IF(ISERROR(LOOKUP(AJ$16,$L61:$X61,#REF!)),0,(LOOKUP(AJ$16,$L61:$X61,#REF!))) -> 0 | ... AM61: =IF(ISERROR(LOOKUP(AM$16,$L61:$X61,#REF!)),0,(LOOKUP(AM$16,$L61:$X61,#REF!))) -> 0 | AO61: =U61-T61 -> 0 | AW61: #REF!
A62: =A59+1 -> 16 | C62: RFQ-016 | D62: Open Drain Caisson Pump | F62: Mechanical | G62: N | I62: LA | J62: Plan | K62: =WORKDAY(L62,-INDEX(L$12:L$15,MATCH($I62,$I$12:$I$15,0))) -> 46176 | L62: =WORKDAY(M62,-INDEX(M$12:M$15,MATCH($I62,$I$12:$I$15,0))) -> 46177 | M62: =WORKDAY(N62,-INDEX(N$12:N$15,MATCH($I62,$I$12:$I$15,0))) -> 46184 | N62: =WORKDAY(O62,-INDEX(O$12:O$15,MATCH($I62,$I$12:$I$15,0))) -> 46185 | O62: =WORKDAY(R62,-INDEX(R$12:R$15,MATCH($I62,$I$12:$I$15,0))) -> 46192 | P62: =U62-L62 -> 76 | R62: =WORKDAY(S62,-INDEX(S$12:S$15,MATCH($I62,$I$12:$I$15,0))) -> 46206 | S62: =WORKDAY(T62,-INDEX(T$12:T$15,MATCH($I62,$I$12:$I$15,0))) -> 46234 | T62: =WORKDAY(U62,-INDEX(U$12:U$15,MATCH($I62,$I$12:$I$15,0))) -> 46239 | U62: =X62-Y62 -> 46253 | V62: =WORKDAY(U62,INDEX(V$12:V$15,MATCH($I62,$I$12:$I$15,0))) -> 46255 | W62: =Y62/7 -> 32 | X62: =Z62 -> 46477 | Y62: =32*7 -> 224 | Z62: 46477 | AA62: 46477 | AB62: =Z62-X63 -> 0 | AC62: =IF(ISERROR(LOOKUP(AC$16,$L62:$X62,#REF!)),0,(LOOKUP(AC$16,$L62:$X62,#REF!))) -> 0 | AD62: =IF(ISERROR(LOOKUP(AD$16,$L62:$X62,#REF!)),0,(LOOKUP(AD$16,$L62:$X62,#REF!))) -> 0 | AE62: =IF(ISERROR(LOOKUP(AE$16,$L62:$X62,#REF!)),0,(LOOKUP(AE$16,$L62:$X62,#REF!))) -> 0 | AF62: =IF(ISERROR(LOOKUP(AF$16,$L62:$X62,#REF!)),0,(LOOKUP(AF$16,$L62:$X62,#REF!))) -> 0 | AG62: =IF(ISERROR(LOOKUP(AG$16,$L62:$X62,#REF!)),0,(LOOKUP(AG$16,$L62:$X62,#REF!))) -> 0 | AH62: =IF(ISERROR(LOOKUP(AH$16,$L62:$X62,#REF!)),0,(LOOKUP(AH$16,$L62:$X62,#REF!))) -> 0 | AI62: =IF(ISERROR(LOOKUP(AI$16,$L62:$X62,#REF!)),0,(LOOKUP(AI$16,$L62:$X62,#REF!))) -> 0 | AJ62: =IF(ISERROR(LOOKUP(AJ$16,$L62:$X62,#REF!)),0,(LOOKUP(AJ$16,$L62:$X62,#REF!))) -> 0 | ... AM62: =IF(ISERROR(LOOKUP(AM$16,$L62:$X62,#REF!)),0,(LOOKUP(AM$16,$L62:$X62,#REF!))) -> 0 | AO62: =U62-T62 -> 14 | AP62: =WORKDAY(AQ62,-INDEX(AQ$12:AQ$15,MATCH($I62,$I$12:$I$15,0)),$AW$17:$AW$148) -> #REF! | AQ62: =WORKDAY(U62,-INDEX(U$12:U$15,MATCH($I62,$I$12:$I$15,0)),$AW$17:$AW$148) -> #REF! | AR62: =WORKDAY(U62,-INDEX(U$12:U$15,MATCH($I62,$I$12:$I$15,0)),$AW$17:$AW$148) -> #REF! | AS62: 14 | AW62: #REF!
C63: =C62 -> RFQ-016 | D63: =D62 -> Open Drain Caisson Pump | G63: =G62 -> N | I63: =I62 -> LA | J63: Forecast | K63: =K62 -> 46176 | L63: =WORKDAY(IF(K64="",K63,K64),INDEX(L$12:L$15,MATCH($I62,$I$12:$I$15,0))) -> 46177 | M63: =WORKDAY(IF(L64="",L63,L64),INDEX(M$12:M$15,MATCH($I62,$I$12:$I$15,0))) -> 46184 | N63: =WORKDAY(IF(M64="",M63,M64),INDEX(N$12:N$15,MATCH($I62,$I$12:$I$15,0))) -> 46185 | O63: =WORKDAY(IF(N64="",N63,N64),INDEX(O$12:O$15,MATCH($I62,$I$12:$I$15,0))) -> 46192 | R63: =WORKDAY(IF(O64="",O63,O64),INDEX(R$12:R$15,MATCH($I62,$I$12:$I$15,0))) -> 46206 | S63: =WORKDAY(IF(R64="",R63,R64),INDEX(S$12:S$15,MATCH($I62,$I$12:$I$15,0))) -> 46234 | T63: =WORKDAY(IF(S64="",S63,S64),INDEX(T$12:T$15,MATCH($I62,$I$12:$I$15,0))) -> 46239 | U63: =WORKDAY(IF(T64="",T63,T64),INDEX(U$12:U$15,MATCH($I62,$I$12:$I$15,0))) -> 46253 | V63: =WORKDAY(IF(U64="",U63,U64),INDEX(V$12:V$15,MATCH($I62,$I$12:$I$15,0))) -> 46255 | X63: =U63+Y62 -> 46477 | AC63: =IF(ISERROR(LOOKUP(AC$16,$L63:$X63,#REF!)),0,(LOOKUP(AC$16,$L63:$X63,#REF!))) -> 0 | AD63: =IF(ISERROR(LOOKUP(AD$16,$L63:$X63,#REF!)),0,(LOOKUP(AD$16,$L63:$X63,#REF!))) -> 0 | AE63: =IF(ISERROR(LOOKUP(AE$16,$L63:$X63,#REF!)),0,(LOOKUP(AE$16,$L63:$X63,#REF!))) -> 0 | AF63: =IF(ISERROR(LOOKUP(AF$16,$L63:$X63,#REF!)),0,(LOOKUP(AF$16,$L63:$X63,#REF!))) -> 0 | AG63: =IF(ISERROR(LOOKUP(AG$16,$L63:$X63,#REF!)),0,(LOOKUP(AG$16,$L63:$X63,#REF!))) -> 0 | AH63: =IF(ISERROR(LOOKUP(AH$16,$L63:$X63,#REF!)),0,(LOOKUP(AH$16,$L63:$X63,#REF!))) -> 0 | AI63: =IF(ISERROR(LOOKUP(AI$16,$L63:$X63,#REF!)),0,(LOOKUP(AI$16,$L63:$X63,#REF!))) -> 0 | AJ63: =IF(ISERROR(LOOKUP(AJ$16,$L63:$X63,#REF!)),0,(LOOKUP(AJ$16,$L63:$X63,#REF!))) -> 0 | ... AM63: =IF(ISERROR(LOOKUP(AM$16,$L63:$X63,#REF!)),0,(LOOKUP(AM$16,$L63:$X63,#REF!))) -> 0 | AO63: =U63-T63 -> 14 | AP63: =WORKDAY(IF(T64="",T63,T64),INDEX(AP$12:AP$15,MATCH($I62,$I$12:$I$15,0)),$AW$17:$AW$148) -> #REF! | AQ63: =WORKDAY(IF(AP64="",AP63,AP64),INDEX(AQ$12:AQ$15,MATCH($I62,$I$12:$I$15,0)),$AW$17:$AW$148) -> #REF! | AR63: =WORKDAY(IF(AQ64="",AQ63,AQ64),INDEX(AR$12:AR$15,MATCH($I62,$I$12:$I$15,0)),$AW$17:$AW$148) -> #REF! | AW63: #REF!
C64: =C62 -> RFQ-016 | D64: =D62 -> Open Drain Caisson Pump | G64: =G62 -> N | I64: =I62 -> LA | J64: Actual | AC64: =IF(ISERROR(LOOKUP(AC$16,$L64:$X64,#REF!)),0,(LOOKUP(AC$16,$L64:$X64,#REF!))) -> 0 | AD64: =IF(ISERROR(LOOKUP(AD$16,$L64:$X64,#REF!)),0,(LOOKUP(AD$16,$L64:$X64,#REF!))) -> 0 | AE64: =IF(ISERROR(LOOKUP(AE$16,$L64:$X64,#REF!)),0,(LOOKUP(AE$16,$L64:$X64,#REF!))) -> 0 | AF64: =IF(ISERROR(LOOKUP(AF$16,$L64:$X64,#REF!)),0,(LOOKUP(AF$16,$L64:$X64,#REF!))) -> 0 | AG64: =IF(ISERROR(LOOKUP(AG$16,$L64:$X64,#REF!)),0,(LOOKUP(AG$16,$L64:$X64,#REF!))) -> 0 | AH64: =IF(ISERROR(LOOKUP(AH$16,$L64:$X64,#REF!)),0,(LOOKUP(AH$16,$L64:$X64,#REF!))) -> 0 | AI64: =IF(ISERROR(LOOKUP(AI$16,$L64:$X64,#REF!)),0,(LOOKUP(AI$16,$L64:$X64,#REF!))) -> 0 | AJ64: =IF(ISERROR(LOOKUP(AJ$16,$L64:$X64,#REF!)),0,(LOOKUP(AJ$16,$L64:$X64,#REF!))) -> 0 | ... AM64: =IF(ISERROR(LOOKUP(AM$16,$L64:$X64,#REF!)),0,(LOOKUP(AM$16,$L64:$X64,#REF!))) -> 0 | AO64: =U64-T64 -> 0 | AW64: #REF!
A65: =A62+1 -> 17 | C65: RFQ-017 | D65: DC Distribution Board | F65: Electrical | G65: N | I65: LB | J65: Plan | K65: =WORKDAY(L65,-INDEX(L$12:L$15,MATCH($I65,$I$12:$I$15,0))) -> 46190 | L65: =WORKDAY(M65,-INDEX(M$12:M$15,MATCH($I65,$I$12:$I$15,0))) -> 46191 | M65: =WORKDAY(N65,-INDEX(N$12:N$15,MATCH($I65,$I$12:$I$15,0))) -> 46198 | N65: =WORKDAY(O65,-INDEX(O$12:O$15,MATCH($I65,$I$12:$I$15,0))) -> 46199 | O65: =WORKDAY(R65,-INDEX(R$12:R$15,MATCH($I65,$I$12:$I$15,0))) -> 46206 | P65: =U65-L65 -> 76 | R65: =WORKDAY(S65,-INDEX(S$12:S$15,MATCH($I65,$I$12:$I$15,0))) -> 46220 | S65: =WORKDAY(T65,-INDEX(T$12:T$15,MATCH($I65,$I$12:$I$15,0))) -> 46248 | T65: =WORKDAY(U65,-INDEX(U$12:U$15,MATCH($I65,$I$12:$I$15,0))) -> 46253 | U65: =X65-Y65 -> 46267 | V65: =WORKDAY(U65,INDEX(V$12:V$15,MATCH($I65,$I$12:$I$15,0))) -> 46269 | W65: =Y65/7 -> 34 | X65: =Z65 -> 46505 | Y65: =34*7 -> 238 | Z65: 46505 | AA65: 46505 | AB65: =Z65-X66 -> 0 | AC65: =IF(ISERROR(LOOKUP(AC$16,$L65:$X65,#REF!)),0,(LOOKUP(AC$16,$L65:$X65,#REF!))) -> 0 | AD65: =IF(ISERROR(LOOKUP(AD$16,$L65:$X65,#REF!)),0,(LOOKUP(AD$16,$L65:$X65,#REF!))) -> 0 | AE65: =IF(ISERROR(LOOKUP(AE$16,$L65:$X65,#REF!)),0,(LOOKUP(AE$16,$L65:$X65,#REF!))) -> 0 | AF65: =IF(ISERROR(LOOKUP(AF$16,$L65:$X65,#REF!)),0,(LOOKUP(AF$16,$L65:$X65,#REF!))) -> 0 | AG65: =IF(ISERROR(LOOKUP(AG$16,$L65:$X65,#REF!)),0,(LOOKUP(AG$16,$L65:$X65,#REF!))) -> 0 | AH65: =IF(ISERROR(LOOKUP(AH$16,$L65:$X65,#REF!)),0,(LOOKUP(AH$16,$L65:$X65,#REF!))) -> 0 | AI65: =IF(ISERROR(LOOKUP(AI$16,$L65:$X65,#REF!)),0,(LOOKUP(AI$16,$L65:$X65,#REF!))) -> 0 | AJ65: =IF(ISERROR(LOOKUP(AJ$16,$L65:$X65,#REF!)),0,(LOOKUP(AJ$16,$L65:$X65,#REF!))) -> 0 | ... AM65: =IF(ISERROR(LOOKUP(AM$16,$L65:$X65,#REF!)),0,(LOOKUP(AM$16,$L65:$X65,#REF!))) -> 0 | AO65: =U65-T65 -> 14 | AP65: =WORKDAY(AQ65,-INDEX(AQ$12:AQ$15,MATCH($I65,$I$12:$I$15,0)),$AW$17:$AW$148) -> #REF! | AQ65: =WORKDAY(U65,-INDEX(U$12:U$15,MATCH($I65,$I$12:$I$15,0)),$AW$17:$AW$148) -> #REF! | AR65: =WORKDAY(U65,-INDEX(U$12:U$15,MATCH($I65,$I$12:$I$15,0)),$AW$17:$AW$148) -> #REF! | AS65: 14 | AW65: #REF!
C66: =C65 -> RFQ-017 | D66: =D65 -> DC Distribution Board | G66: =G65 -> N | I66: =I65 -> LB | J66: Forecast | K66: =K65 -> 46190 | L66: =WORKDAY(IF(K67="",K66,K67),INDEX(L$12:L$15,MATCH($I65,$I$12:$I$15,0))) -> 46191 | M66: =WORKDAY(IF(L67="",L66,L67),INDEX(M$12:M$15,MATCH($I65,$I$12:$I$15,0))) -> 46198 | N66: =WORKDAY(IF(M67="",M66,M67),INDEX(N$12:N$15,MATCH($I65,$I$12:$I$15,0))) -> 46199 | O66: =WORKDAY(IF(N67="",N66,N67),INDEX(O$12:O$15,MATCH($I65,$I$12:$I$15,0))) -> 46206 | R66: =WORKDAY(IF(O67="",O66,O67),INDEX(R$12:R$15,MATCH($I65,$I$12:$I$15,0))) -> 46220 | S66: =WORKDAY(IF(R67="",R66,R67),INDEX(S$12:S$15,MATCH($I65,$I$12:$I$15,0))) -> 46248 | T66: =WORKDAY(IF(S67="",S66,S67),INDEX(T$12:T$15,MATCH($I65,$I$12:$I$15,0))) -> 46253 | U66: =WORKDAY(IF(T67="",T66,T67),INDEX(U$12:U$15,MATCH($I65,$I$12:$I$15,0))) -> 46267 | V66: =WORKDAY(IF(U67="",U66,U67),INDEX(V$12:V$15,MATCH($I65,$I$12:$I$15,0))) -> 46269 | X66: =U66+Y65 -> 46505 | AC66: =IF(ISERROR(LOOKUP(AC$16,$L66:$X66,#REF!)),0,(LOOKUP(AC$16,$L66:$X66,#REF!))) -> 0 | AD66: =IF(ISERROR(LOOKUP(AD$16,$L66:$X66,#REF!)),0,(LOOKUP(AD$16,$L66:$X66,#REF!))) -> 0 | AE66: =IF(ISERROR(LOOKUP(AE$16,$L66:$X66,#REF!)),0,(LOOKUP(AE$16,$L66:$X66,#REF!))) -> 0 | AF66: =IF(ISERROR(LOOKUP(AF$16,$L66:$X66,#REF!)),0,(LOOKUP(AF$16,$L66:$X66,#REF!))) -> 0 | AG66: =IF(ISERROR(LOOKUP(AG$16,$L66:$X66,#REF!)),0,(LOOKUP(AG$16,$L66:$X66,#REF!))) -> 0 | AH66: =IF(ISERROR(LOOKUP(AH$16,$L66:$X66,#REF!)),0,(LOOKUP(AH$16,$L66:$X66,#REF!))) -> 0 | AI66: =IF(ISERROR(LOOKUP(AI$16,$L66:$X66,#REF!)),0,(LOOKUP(AI$16,$L66:$X66,#REF!))) -> 0 | AJ66: =IF(ISERROR(LOOKUP(AJ$16,$L66:$X66,#REF!)),0,(LOOKUP(AJ$16,$L66:$X66,#REF!))) -> 0 | ... AM66: =IF(ISERROR(LOOKUP(AM$16,$L66:$X66,#REF!)),0,(LOOKUP(AM$16,$L66:$X66,#REF!))) -> 0 | AO66: =U66-T66 -> 14 | AP66: =WORKDAY(IF(T67="",T66,T67),INDEX(AP$12:AP$15,MATCH($I65,$I$12:$I$15,0)),$AW$17:$AW$148) -> #REF! | AQ66: =WORKDAY(IF(AP67="",AP66,AP67),INDEX(AQ$12:AQ$15,MATCH($I65,$I$12:$I$15,0)),$AW$17:$AW$148) -> #REF! | AR66: =WORKDAY(IF(AQ67="",AQ66,AQ67),INDEX(AR$12:AR$15,MATCH($I65,$I$12:$I$15,0)),$AW$17:$AW$148) -> #REF! | AW66: #REF!
C67: =C65 -> RFQ-017 | D67: =D65 -> DC Distribution Board | G67: =G65 -> N | I67: =I65 -> LB | J67: Actual | AC67: =IF(ISERROR(LOOKUP(AC$16,$L67:$X67,#REF!)),0,(LOOKUP(AC$16,$L67:$X67,#REF!))) -> 0 | AD67: =IF(ISERROR(LOOKUP(AD$16,$L67:$X67,#REF!)),0,(LOOKUP(AD$16,$L67:$X67,#REF!))) -> 0 | AE67: =IF(ISERROR(LOOKUP(AE$16,$L67:$X67,#REF!)),0,(LOOKUP(AE$16,$L67:$X67,#REF!))) -> 0 | AF67: =IF(ISERROR(LOOKUP(AF$16,$L67:$X67,#REF!)),0,(LOOKUP(AF$16,$L67:$X67,#REF!))) -> 0 | AG67: =IF(ISERROR(LOOKUP(AG$16,$L67:$X67,#REF!)),0,(LOOKUP(AG$16,$L67:$X67,#REF!))) -> 0 | AH67: =IF(ISERROR(LOOKUP(AH$16,$L67:$X67,#REF!)),0,(LOOKUP(AH$16,$L67:$X67,#REF!))) -> 0 | AI67: =IF(ISERROR(LOOKUP(AI$16,$L67:$X67,#REF!)),0,(LOOKUP(AI$16,$L67:$X67,#REF!))) -> 0 | AJ67: =IF(ISERROR(LOOKUP(AJ$16,$L67:$X67,#REF!)),0,(LOOKUP(AJ$16,$L67:$X67,#REF!))) -> 0 | ... AM67: =IF(ISERROR(LOOKUP(AM$16,$L67:$X67,#REF!)),0,(LOOKUP(AM$16,$L67:$X67,#REF!))) -> 0 | AO67: =U67-T67 -> 0 | AW67: #REF!
A68: =A65+1 -> 18 | C68: RFQ-018 | D68: Solar Power System | F68: Electrical | G68: =IF(_xlfn.XLOOKUP(C68,'[36]Before Award'!D:D,'[36]Before Award'!AV:AV,"N/A")="N/A","N","Y") -> N | I68: LA | J68: Plan | K68: =WORKDAY(L68,-INDEX(L$12:L$15,MATCH($I68,$I$12:$I$15,0))) -> 46148 | L68: =WORKDAY(M68,-INDEX(M$12:M$15,MATCH($I68,$I$12:$I$15,0))) -> 46149 | M68: =WORKDAY(N68,-INDEX(N$12:N$15,MATCH($I68,$I$12:$I$15,0))) -> 46156 | N68: =WORKDAY(O68,-INDEX(O$12:O$15,MATCH($I68,$I$12:$I$15,0))) -> 46157 | O68: =WORKDAY(R68,-INDEX(R$12:R$15,MATCH($I68,$I$12:$I$15,0))) -> 46164 | P68: =U68-L68 -> 76 | R68: =WORKDAY(S68,-INDEX(S$12:S$15,MATCH($I68,$I$12:$I$15,0))) -> 46178 | S68: =WORKDAY(T68,-INDEX(T$12:T$15,MATCH($I68,$I$12:$I$15,0))) -> 46206 | T68: =WORKDAY(U68,-INDEX(U$12:U$15,MATCH($I68,$I$12:$I$15,0))) -> 46211 | U68: =X68-Y68 -> 46225 | V68: =WORKDAY(U68,INDEX(V$12:V$15,MATCH($I68,$I$12:$I$15,0))) -> 46227 | W68: =Y68/7 -> 36 | X68: =Z68 -> 46477 | Y68: =36*7 -> 252 | Z68: 46477 | AA68: 46477 | AB68: =Z68-X69 -> 0 | AC68: =IF(ISERROR(LOOKUP(AC$16,$L68:$X68,#REF!)),0,(LOOKUP(AC$16,$L68:$X68,#REF!))) -> 0 | AD68: =IF(ISERROR(LOOKUP(AD$16,$L68:$X68,#REF!)),0,(LOOKUP(AD$16,$L68:$X68,#REF!))) -> 0 | AE68: =IF(ISERROR(LOOKUP(AE$16,$L68:$X68,#REF!)),0,(LOOKUP(AE$16,$L68:$X68,#REF!))) -> 0 | AF68: =IF(ISERROR(LOOKUP(AF$16,$L68:$X68,#REF!)),0,(LOOKUP(AF$16,$L68:$X68,#REF!))) -> 0 | AG68: =IF(ISERROR(LOOKUP(AG$16,$L68:$X68,#REF!)),0,(LOOKUP(AG$16,$L68:$X68,#REF!))) -> 0 | AH68: =IF(ISERROR(LOOKUP(AH$16,$L68:$X68,#REF!)),0,(LOOKUP(AH$16,$L68:$X68,#REF!))) -> 0 | AI68: =IF(ISERROR(LOOKUP(AI$16,$L68:$X68,#REF!)),0,(LOOKUP(AI$16,$L68:$X68,#REF!))) -> 0 | AJ68: =IF(ISERROR(LOOKUP(AJ$16,$L68:$X68,#REF!)),0,(LOOKUP(AJ$16,$L68:$X68,#REF!))) -> 0 | ... AM68: =IF(ISERROR(LOOKUP(AM$16,$L68:$X68,#REF!)),0,(LOOKUP(AM$16,$L68:$X68,#REF!))) -> 0 | AO68: =U68-T68 -> 14 | AP68: =WORKDAY(AQ68,-INDEX(AQ$12:AQ$15,MATCH($I68,$I$12:$I$15,0)),$AW$17:$AW$148) -> #REF! | AQ68: =WORKDAY(U68,-INDEX(U$12:U$15,MATCH($I68,$I$12:$I$15,0)),$AW$17:$AW$148) -> #REF! | AR68: =WORKDAY(U68,-INDEX(U$12:U$15,MATCH($I68,$I$12:$I$15,0)),$AW$17:$AW$148) -> #REF! | AS68: 14 | AW68: #REF!
C69: =C68 -> RFQ-018 | D69: =D68 -> Solar Power System | G69: =G68 -> N | I69: =I68 -> LA | J69: Forecast | K69: =K68 -> 46148 | L69: =WORKDAY(IF(K70="",K69,K70),INDEX(L$12:L$15,MATCH($I68,$I$12:$I$15,0))) -> 46149 | M69: =WORKDAY(IF(L70="",L69,L70),INDEX(M$12:M$15,MATCH($I68,$I$12:$I$15,0))) -> 46156 | N69: =WORKDAY(IF(M70="",M69,M70),INDEX(N$12:N$15,MATCH($I68,$I$12:$I$15,0))) -> 46157 | O69: =WORKDAY(IF(N70="",N69,N70),INDEX(O$12:O$15,MATCH($I68,$I$12:$I$15,0))) -> 46164 | R69: =WORKDAY(IF(O70="",O69,O70),INDEX(R$12:R$15,MATCH($I68,$I$12:$I$15,0))) -> 46178 | S69: =WORKDAY(IF(R70="",R69,R70),INDEX(S$12:S$15,MATCH($I68,$I$12:$I$15,0))) -> 46206 | T69: =WORKDAY(IF(S70="",S69,S70),INDEX(T$12:T$15,MATCH($I68,$I$12:$I$15,0))) -> 46211 | U69: =WORKDAY(IF(T70="",T69,T70),INDEX(U$12:U$15,MATCH($I68,$I$12:$I$15,0))) -> 46225 | V69: =WORKDAY(IF(U70="",U69,U70),INDEX(V$12:V$15,MATCH($I68,$I$12:$I$15,0))) -> 46227 | X69: =U69+Y68 -> 46477 | AC69: =IF(ISERROR(LOOKUP(AC$16,$L69:$X69,#REF!)),0,(LOOKUP(AC$16,$L69:$X69,#REF!))) -> 0 | AD69: =IF(ISERROR(LOOKUP(AD$16,$L69:$X69,#REF!)),0,(LOOKUP(AD$16,$L69:$X69,#REF!))) -> 0 | AE69: =IF(ISERROR(LOOKUP(AE$16,$L69:$X69,#REF!)),0,(LOOKUP(AE$16,$L69:$X69,#REF!))) -> 0 | AF69: =IF(ISERROR(LOOKUP(AF$16,$L69:$X69,#REF!)),0,(LOOKUP(AF$16,$L69:$X69,#REF!))) -> 0 | AG69: =IF(ISERROR(LOOKUP(AG$16,$L69:$X69,#REF!)),0,(LOOKUP(AG$16,$L69:$X69,#REF!))) -> 0 | AH69: =IF(ISERROR(LOOKUP(AH$16,$L69:$X69,#REF!)),0,(LOOKUP(AH$16,$L69:$X69,#REF!))) -> 0 | AI69: =IF(ISERROR(LOOKUP(AI$16,$L69:$X69,#REF!)),0,(LOOKUP(AI$16,$L69:$X69,#REF!))) -> 0 | AJ69: =IF(ISERROR(LOOKUP(AJ$16,$L69:$X69,#REF!)),0,(LOOKUP(AJ$16,$L69:$X69,#REF!))) -> 0 | ... AM69: =IF(ISERROR(LOOKUP(AM$16,$L69:$X69,#REF!)),0,(LOOKUP(AM$16,$L69:$X69,#REF!))) -> 0 | AO69: =U69-T69 -> 14 | AP69: =WORKDAY(IF(T70="",T69,T70),INDEX(AP$12:AP$15,MATCH($I68,$I$12:$I$15,0)),$AW$17:$AW$148) -> #REF! | AQ69: =WORKDAY(IF(AP70="",AP69,AP70),INDEX(AQ$12:AQ$15,MATCH($I68,$I$12:$I$15,0)),$AW$17:$AW$148) -> #REF! | AR69: =WORKDAY(IF(AQ70="",AQ69,AQ70),INDEX(AR$12:AR$15,MATCH($I68,$I$12:$I$15,0)),$AW$17:$AW$148) -> #REF! | AW69: #REF!
C70: =C68 -> RFQ-018 | D70: =D68 -> Solar Power System | G70: =G68 -> N | I70: =I68 -> LA | J70: Actual | AC70: =IF(ISERROR(LOOKUP(AC$16,$L70:$X70,#REF!)),0,(LOOKUP(AC$16,$L70:$X70,#REF!))) -> 0 | AD70: =IF(ISERROR(LOOKUP(AD$16,$L70:$X70,#REF!)),0,(LOOKUP(AD$16,$L70:$X70,#REF!))) -> 0 | AE70: =IF(ISERROR(LOOKUP(AE$16,$L70:$X70,#REF!)),0,(LOOKUP(AE$16,$L70:$X70,#REF!))) -> 0 | AF70: =IF(ISERROR(LOOKUP(AF$16,$L70:$X70,#REF!)),0,(LOOKUP(AF$16,$L70:$X70,#REF!))) -> 0 | AG70: =IF(ISERROR(LOOKUP(AG$16,$L70:$X70,#REF!)),0,(LOOKUP(AG$16,$L70:$X70,#REF!))) -> 0 | AH70: =IF(ISERROR(LOOKUP(AH$16,$L70:$X70,#REF!)),0,(LOOKUP(AH$16,$L70:$X70,#REF!))) -> 0 | AI70: =IF(ISERROR(LOOKUP(AI$16,$L70:$X70,#REF!)),0,(LOOKUP(AI$16,$L70:$X70,#REF!))) -> 0 | AJ70: =IF(ISERROR(LOOKUP(AJ$16,$L70:$X70,#REF!)),0,(LOOKUP(AJ$16,$L70:$X70,#REF!))) -> 0 | ... AM70: =IF(ISERROR(LOOKUP(AM$16,$L70:$X70,#REF!)),0,(LOOKUP(AM$16,$L70:$X70,#REF!))) -> 0 | AO70: =U70-T70 -> 0 | AW70: #REF!
A71: =A68+1 -> 19 | C71: RFQ-019 | D71: Navigation Aid System | F71: Electrical | G71: Y | I71: LB | J71: Plan | K71: =WORKDAY(L71,-INDEX(L$12:L$15,MATCH($I71,$I$12:$I$15,0))) -> 46197 | L71: =WORKDAY(M71,-INDEX(M$12:M$15,MATCH($I71,$I$12:$I$15,0))) -> 46198 | M71: =WORKDAY(N71,-INDEX(N$12:N$15,MATCH($I71,$I$12:$I$15,0))) -> 46205 | N71: =WORKDAY(O71,-INDEX(O$12:O$15,MATCH($I71,$I$12:$I$15,0))) -> 46206 | O71: =WORKDAY(R71,-INDEX(R$12:R$15,MATCH($I71,$I$12:$I$15,0))) -> 46213 | P71: =U71-L71 -> 76 | R71: =WORKDAY(S71,-INDEX(S$12:S$15,MATCH($I71,$I$12:$I$15,0))) -> 46227 | S71: =WORKDAY(T71,-INDEX(T$12:T$15,MATCH($I71,$I$12:$I$15,0))) -> 46255 | T71: =WORKDAY(U71,-INDEX(U$12:U$15,MATCH($I71,$I$12:$I$15,0))) -> 46260 | U71: =X71-Y71 -> 46274 | V71: =WORKDAY(U71,INDEX(V$12:V$15,MATCH($I71,$I$12:$I$15,0))) -> 46276 | W71: =Y71/7 -> 42 | X71: =Z71 -> 46568 | Y71: 294 | Z71: 46568 | AA71: 46598 | AB71: =Z71-X72 -> 0 | AC71: =IF(ISERROR(LOOKUP(AC$16,$L71:$X71,#REF!)),0,(LOOKUP(AC$16,$L71:$X71,#REF!))) -> 0 | AD71: =IF(ISERROR(LOOKUP(AD$16,$L71:$X71,#REF!)),0,(LOOKUP(AD$16,$L71:$X71,#REF!))) -> 0 | AE71: =IF(ISERROR(LOOKUP(AE$16,$L71:$X71,#REF!)),0,(LOOKUP(AE$16,$L71:$X71,#REF!))) -> 0 | AF71: =IF(ISERROR(LOOKUP(AF$16,$L71:$X71,#REF!)),0,(LOOKUP(AF$16,$L71:$X71,#REF!))) -> 0 | AG71: =IF(ISERROR(LOOKUP(AG$16,$L71:$X71,#REF!)),0,(LOOKUP(AG$16,$L71:$X71,#REF!))) -> 0 | AH71: =IF(ISERROR(LOOKUP(AH$16,$L71:$X71,#REF!)),0,(LOOKUP(AH$16,$L71:$X71,#REF!))) -> 0 | AI71: =IF(ISERROR(LOOKUP(AI$16,$L71:$X71,#REF!)),0,(LOOKUP(AI$16,$L71:$X71,#REF!))) -> 0 | AJ71: =IF(ISERROR(LOOKUP(AJ$16,$L71:$X71,#REF!)),0,(LOOKUP(AJ$16,$L71:$X71,#REF!))) -> 0 | ... AM71: =IF(ISERROR(LOOKUP(AM$16,$L71:$X71,#REF!)),0,(LOOKUP(AM$16,$L71:$X71,#REF!))) -> 0 | AO71: =U71-T71 -> 14 | AP71: =WORKDAY(AQ71,-INDEX(AQ$12:AQ$15,MATCH($I71,$I$12:$I$15,0)),$AW$17:$AW$148) -> #REF! | AQ71: =WORKDAY(U71,-INDEX(U$12:U$15,MATCH($I71,$I$12:$I$15,0)),$AW$17:$AW$148) -> #REF! | AR71: =WORKDAY(U71,-INDEX(U$12:U$15,MATCH($I71,$I$12:$I$15,0)),$AW$17:$AW$148) -> #REF! | AS71: 14 | AW71: #REF!
C72: =C71 -> RFQ-019 | D72: =D71 -> Navigation Aid System | G72: =G71 -> Y | I72: =I71 -> LB | J72: Forecast | K72: =K71 -> 46197 | L72: =WORKDAY(IF(K73="",K72,K73),INDEX(L$12:L$15,MATCH($I71,$I$12:$I$15,0))) -> 46198 | M72: =WORKDAY(IF(L73="",L72,L73),INDEX(M$12:M$15,MATCH($I71,$I$12:$I$15,0))) -> 46205 | N72: =WORKDAY(IF(M73="",M72,M73),INDEX(N$12:N$15,MATCH($I71,$I$12:$I$15,0))) -> 46206 | O72: =WORKDAY(IF(N73="",N72,N73),INDEX(O$12:O$15,MATCH($I71,$I$12:$I$15,0))) -> 46213 | R72: =WORKDAY(IF(O73="",O72,O73),INDEX(R$12:R$15,MATCH($I71,$I$12:$I$15,0))) -> 46227 | S72: =WORKDAY(IF(R73="",R72,R73),INDEX(S$12:S$15,MATCH($I71,$I$12:$I$15,0))) -> 46255 | T72: =WORKDAY(IF(S73="",S72,S73),INDEX(T$12:T$15,MATCH($I71,$I$12:$I$15,0))) -> 46260 | U72: =WORKDAY(IF(T73="",T72,T73),INDEX(U$12:U$15,MATCH($I71,$I$12:$I$15,0))) -> 46274 | V72: =WORKDAY(IF(U73="",U72,U73),INDEX(V$12:V$15,MATCH($I71,$I$12:$I$15,0))) -> 46276 | X72: =U72+Y71 -> 46568 | AC72: =IF(ISERROR(LOOKUP(AC$16,$L72:$X72,#REF!)),0,(LOOKUP(AC$16,$L72:$X72,#REF!))) -> 0 | AD72: =IF(ISERROR(LOOKUP(AD$16,$L72:$X72,#REF!)),0,(LOOKUP(AD$16,$L72:$X72,#REF!))) -> 0 | AE72: =IF(ISERROR(LOOKUP(AE$16,$L72:$X72,#REF!)),0,(LOOKUP(AE$16,$L72:$X72,#REF!))) -> 0 | AF72: =IF(ISERROR(LOOKUP(AF$16,$L72:$X72,#REF!)),0,(LOOKUP(AF$16,$L72:$X72,#REF!))) -> 0 | AG72: =IF(ISERROR(LOOKUP(AG$16,$L72:$X72,#REF!)),0,(LOOKUP(AG$16,$L72:$X72,#REF!))) -> 0 | AH72: =IF(ISERROR(LOOKUP(AH$16,$L72:$X72,#REF!)),0,(LOOKUP(AH$16,$L72:$X72,#REF!))) -> 0 | AI72: =IF(ISERROR(LOOKUP(AI$16,$L72:$X72,#REF!)),0,(LOOKUP(AI$16,$L72:$X72,#REF!))) -> 0 | AJ72: =IF(ISERROR(LOOKUP(AJ$16,$L72:$X72,#REF!)),0,(LOOKUP(AJ$16,$L72:$X72,#REF!))) -> 0 | ... AM72: =IF(ISERROR(LOOKUP(AM$16,$L72:$X72,#REF!)),0,(LOOKUP(AM$16,$L72:$X72,#REF!))) -> 0 | AP72: =WORKDAY(IF(T73="",T72,T73),INDEX(AP$12:AP$15,MATCH($I71,$I$12:$I$15,0)),$AW$17:$AW$148) -> #REF! | AQ72: =WORKDAY(IF(AP73="",AP72,AP73),INDEX(AQ$12:AQ$15,MATCH($I71,$I$12:$I$15,0)),$AW$17:$AW$148) -> #REF! | AR72: =WORKDAY(IF(AQ73="",AQ72,AQ73),INDEX(AR$12:AR$15,MATCH($I71,$I$12:$I$15,0)),$AW$17:$AW$148) -> #REF! | AW72: #REF!
C73: =C71 -> RFQ-019 | D73: =D71 -> Navigation Aid System | G73: =G71 -> Y | I73: =I71 -> LB | J73: Actual | AC73: =IF(ISERROR(LOOKUP(AC$16,$L73:$X73,#REF!)),0,(LOOKUP(AC$16,$L73:$X73,#REF!))) -> 0 | AD73: =IF(ISERROR(LOOKUP(AD$16,$L73:$X73,#REF!)),0,(LOOKUP(AD$16,$L73:$X73,#REF!))) -> 0 | AE73: =IF(ISERROR(LOOKUP(AE$16,$L73:$X73,#REF!)),0,(LOOKUP(AE$16,$L73:$X73,#REF!))) -> 0 | AF73: =IF(ISERROR(LOOKUP(AF$16,$L73:$X73,#REF!)),0,(LOOKUP(AF$16,$L73:$X73,#REF!))) -> 0 | AG73: =IF(ISERROR(LOOKUP(AG$16,$L73:$X73,#REF!)),0,(LOOKUP(AG$16,$L73:$X73,#REF!))) -> 0 | AH73: =IF(ISERROR(LOOKUP(AH$16,$L73:$X73,#REF!)),0,(LOOKUP(AH$16,$L73:$X73,#REF!))) -> 0 | AI73: =IF(ISERROR(LOOKUP(AI$16,$L73:$X73,#REF!)),0,(LOOKUP(AI$16,$L73:$X73,#REF!))) -> 0 | AJ73: =IF(ISERROR(LOOKUP(AJ$16,$L73:$X73,#REF!)),0,(LOOKUP(AJ$16,$L73:$X73,#REF!))) -> 0 | ... AM73: =IF(ISERROR(LOOKUP(AM$16,$L73:$X73,#REF!)),0,(LOOKUP(AM$16,$L73:$X73,#REF!))) -> 0 | AW73: #REF!
A74: =A71+1 -> 20 | C74: RFQ-020 | D74: External Battery Charger | F74: Electrical | G74: Y | I74: LC | J74: Plan | K74: =WORKDAY(L74,-INDEX(L$12:L$15,MATCH($I74,$I$12:$I$15,0))) -> 46174 | L74: =WORKDAY(M74,-INDEX(M$12:M$15,MATCH($I74,$I$12:$I$15,0))) -> 46177 | M74: =WORKDAY(N74,-INDEX(N$12:N$15,MATCH($I74,$I$12:$I$15,0))) -> 46191 | N74: =WORKDAY(O74,-INDEX(O$12:O$15,MATCH($I74,$I$12:$I$15,0))) -> 46192 | O74: =WORKDAY(R74,-INDEX(R$12:R$15,MATCH($I74,$I$12:$I$15,0))) -> 46206 | P74: =U74-L74 -> 92 | R74: =WORKDAY(S74,-INDEX(S$12:S$15,MATCH($I74,$I$12:$I$15,0))) -> 46220 | S74: =WORKDAY(T74,-INDEX(T$12:T$15,MATCH($I74,$I$12:$I$15,0))) -> 46241 | T74: =WORKDAY(U74,-INDEX(U$12:U$15,MATCH($I74,$I$12:$I$15,0))) -> 46255 | U74: =X74-Y74 -> 46269 | V74: =WORKDAY(U74,INDEX(V$12:V$15,MATCH($I74,$I$12:$I$15,0))) -> 46273 | W74: =Y74/7 -> 36 | X74: =Z74 -> 46521 | Y74: =36*7 -> 252 | Z74: 46521 | AA74: 46521 | AB74: =Z74-X75 -> 0 | AC74: =IF(ISERROR(LOOKUP(AC$16,$L74:$X74,#REF!)),0,(LOOKUP(AC$16,$L74:$X74,#REF!))) -> 0 | AD74: =IF(ISERROR(LOOKUP(AD$16,$L74:$X74,#REF!)),0,(LOOKUP(AD$16,$L74:$X74,#REF!))) -> 0 | AE74: =IF(ISERROR(LOOKUP(AE$16,$L74:$X74,#REF!)),0,(LOOKUP(AE$16,$L74:$X74,#REF!))) -> 0 | AF74: =IF(ISERROR(LOOKUP(AF$16,$L74:$X74,#REF!)),0,(LOOKUP(AF$16,$L74:$X74,#REF!))) -> 0 | AG74: =IF(ISERROR(LOOKUP(AG$16,$L74:$X74,#REF!)),0,(LOOKUP(AG$16,$L74:$X74,#REF!))) -> 0 | AH74: =IF(ISERROR(LOOKUP(AH$16,$L74:$X74,#REF!)),0,(LOOKUP(AH$16,$L74:$X74,#REF!))) -> 0 | AI74: =IF(ISERROR(LOOKUP(AI$16,$L74:$X74,#REF!)),0,(LOOKUP(AI$16,$L74:$X74,#REF!))) -> 0 | AJ74: =IF(ISERROR(LOOKUP(AJ$16,$L74:$X74,#REF!)),0,(LOOKUP(AJ$16,$L74:$X74,#REF!))) -> 0 | ... AM74: =IF(ISERROR(LOOKUP(AM$16,$L74:$X74,#REF!)),0,(LOOKUP(AM$16,$L74:$X74,#REF!))) -> 0 | AP74: =WORKDAY(AQ74,-INDEX(AQ$12:AQ$15,MATCH($I74,$I$12:$I$15,0)),$AW$17:$AW$148) -> #REF! | AQ74: =WORKDAY(U74,-INDEX(U$12:U$15,MATCH($I74,$I$12:$I$15,0)),$AW$17:$AW$148) -> #REF! | AR74: =WORKDAY(U74,-INDEX(U$12:U$15,MATCH($I74,$I$12:$I$15,0)),$AW$17:$AW$148) -> #REF! | AS74: 14 | AW74: #REF!
C75: =C74 -> RFQ-020 | D75: =D74 -> External Battery Charger | G75: =G74 -> Y | I75: =I74 -> LC | J75: Forecast | K75: =K74 -> 46174 | L75: =WORKDAY(IF(K76="",K75,K76),INDEX(L$12:L$15,MATCH($I74,$I$12:$I$15,0))) -> 46177 | M75: =WORKDAY(IF(L76="",L75,L76),INDEX(M$12:M$15,MATCH($I74,$I$12:$I$15,0))) -> 46191 | N75: =WORKDAY(IF(M76="",M75,M76),INDEX(N$12:N$15,MATCH($I74,$I$12:$I$15,0))) -> 46192 | O75: =WORKDAY(IF(N76="",N75,N76),INDEX(O$12:O$15,MATCH($I74,$I$12:$I$15,0))) -> 46206 | R75: =WORKDAY(IF(O76="",O75,O76),INDEX(R$12:R$15,MATCH($I74,$I$12:$I$15,0))) -> 46220 | S75: =WORKDAY(IF(R76="",R75,R76),INDEX(S$12:S$15,MATCH($I74,$I$12:$I$15,0))) -> 46241 | T75: =WORKDAY(IF(S76="",S75,S76),INDEX(T$12:T$15,MATCH($I74,$I$12:$I$15,0))) -> 46255 | U75: =WORKDAY(IF(T76="",T75,T76),INDEX(U$12:U$15,MATCH($I74,$I$12:$I$15,0))) -> 46269 | V75: =WORKDAY(IF(U76="",U75,U76),INDEX(V$12:V$15,MATCH($I74,$I$12:$I$15,0))) -> 46273 | X75: =U75+Y74 -> 46521 | AC75: =IF(ISERROR(LOOKUP(AC$16,$L75:$X75,#REF!)),0,(LOOKUP(AC$16,$L75:$X75,#REF!))) -> 0 | AD75: =IF(ISERROR(LOOKUP(AD$16,$L75:$X75,#REF!)),0,(LOOKUP(AD$16,$L75:$X75,#REF!))) -> 0 | AE75: =IF(ISERROR(LOOKUP(AE$16,$L75:$X75,#REF!)),0,(LOOKUP(AE$16,$L75:$X75,#REF!))) -> 0 | AF75: =IF(ISERROR(LOOKUP(AF$16,$L75:$X75,#REF!)),0,(LOOKUP(AF$16,$L75:$X75,#REF!))) -> 0 | AG75: =IF(ISERROR(LOOKUP(AG$16,$L75:$X75,#REF!)),0,(LOOKUP(AG$16,$L75:$X75,#REF!))) -> 0 | AH75: =IF(ISERROR(LOOKUP(AH$16,$L75:$X75,#REF!)),0,(LOOKUP(AH$16,$L75:$X75,#REF!))) -> 0 | AI75: =IF(ISERROR(LOOKUP(AI$16,$L75:$X75,#REF!)),0,(LOOKUP(AI$16,$L75:$X75,#REF!))) -> 0 | AJ75: =IF(ISERROR(LOOKUP(AJ$16,$L75:$X75,#REF!)),0,(LOOKUP(AJ$16,$L75:$X75,#REF!))) -> 0 | ... AM75: =IF(ISERROR(LOOKUP(AM$16,$L75:$X75,#REF!)),0,(LOOKUP(AM$16,$L75:$X75,#REF!))) -> 0 | AP75: =WORKDAY(IF(T76="",T75,T76),INDEX(AP$12:AP$15,MATCH($I74,$I$12:$I$15,0)),$AW$17:$AW$148) -> #REF! | AQ75: =WORKDAY(IF(AP76="",AP75,AP76),INDEX(AQ$12:AQ$15,MATCH($I74,$I$12:$I$15,0)),$AW$17:$AW$148) -> #REF! | AR75: =WORKDAY(IF(AQ76="",AQ75,AQ76),INDEX(AR$12:AR$15,MATCH($I74,$I$12:$I$15,0)),$AW$17:$AW$148) -> #REF! | AW75: #REF!
C76: =C74 -> RFQ-020 | D76: =D74 -> External Battery Charger | G76: =G74 -> Y | I76: =I74 -> LC | J76: Actual | AC76: =IF(ISERROR(LOOKUP(AC$16,$L76:$X76,#REF!)),0,(LOOKUP(AC$16,$L76:$X76,#REF!))) -> 0 | AD76: =IF(ISERROR(LOOKUP(AD$16,$L76:$X76,#REF!)),0,(LOOKUP(AD$16,$L76:$X76,#REF!))) -> 0 | AE76: =IF(ISERROR(LOOKUP(AE$16,$L76:$X76,#REF!)),0,(LOOKUP(AE$16,$L76:$X76,#REF!))) -> 0 | AF76: =IF(ISERROR(LOOKUP(AF$16,$L76:$X76,#REF!)),0,(LOOKUP(AF$16,$L76:$X76,#REF!))) -> 0 | AG76: =IF(ISERROR(LOOKUP(AG$16,$L76:$X76,#REF!)),0,(LOOKUP(AG$16,$L76:$X76,#REF!))) -> 0 | AH76: =IF(ISERROR(LOOKUP(AH$16,$L76:$X76,#REF!)),0,(LOOKUP(AH$16,$L76:$X76,#REF!))) -> 0 | AI76: =IF(ISERROR(LOOKUP(AI$16,$L76:$X76,#REF!)),0,(LOOKUP(AI$16,$L76:$X76,#REF!))) -> 0 | AJ76: =IF(ISERROR(LOOKUP(AJ$16,$L76:$X76,#REF!)),0,(LOOKUP(AJ$16,$L76:$X76,#REF!))) -> 0 | ... AM76: =IF(ISERROR(LOOKUP(AM$16,$L76:$X76,#REF!)),0,(LOOKUP(AM$16,$L76:$X76,#REF!))) -> 0 | AW76: #REF!
A77: =A74+1 -> 21 | C77: RFQ-021 | D77: Control Valve | F77: Instrument | G77: N | I77: LB | J77: Plan | K77: =WORKDAY(L77,-INDEX(L$12:L$15,MATCH($I77,$I$12:$I$15,0))) -> 46258 | L77: =WORKDAY(M77,-INDEX(M$12:M$15,MATCH($I77,$I$12:$I$15,0))) -> 46259 | M77: =WORKDAY(N77,-INDEX(N$12:N$15,MATCH($I77,$I$12:$I$15,0))) -> 46266 | N77: =WORKDAY(O77,-INDEX(O$12:O$15,MATCH($I77,$I$12:$I$15,0))) -> 46267 | O77: =WORKDAY(R77,-INDEX(R$12:R$15,MATCH($I77,$I$12:$I$15,0))) -> 46274 | P77: =U77-L77 -> 76 | R77: =WORKDAY(S77,-INDEX(S$12:S$15,MATCH($I77,$I$12:$I$15,0))) -> 46288 | S77: =WORKDAY(T77,-INDEX(T$12:T$15,MATCH($I77,$I$12:$I$15,0))) -> 46316 | T77: =WORKDAY(U77,-INDEX(U$12:U$15,MATCH($I77,$I$12:$I$15,0))) -> 46321 | U77: =X77-Y77 -> 46335 | V77: =WORKDAY(U77,INDEX(V$12:V$15,MATCH($I77,$I$12:$I$15,0))) -> 46337 | W77: =Y77/7 -> 28.571429 | X77: =Z77 -> 46535 | Y77: 200 | Z77: 46535 | AA77: 46535 | AB77: =Z77-X78 -> 0 | AC77: =IF(ISERROR(LOOKUP(AC$16,$L77:$X77,#REF!)),0,(LOOKUP(AC$16,$L77:$X77,#REF!))) -> 0 | AD77: =IF(ISERROR(LOOKUP(AD$16,$L77:$X77,#REF!)),0,(LOOKUP(AD$16,$L77:$X77,#REF!))) -> 0 | AE77: =IF(ISERROR(LOOKUP(AE$16,$L77:$X77,#REF!)),0,(LOOKUP(AE$16,$L77:$X77,#REF!))) -> 0 | AF77: =IF(ISERROR(LOOKUP(AF$16,$L77:$X77,#REF!)),0,(LOOKUP(AF$16,$L77:$X77,#REF!))) -> 0 | AG77: =IF(ISERROR(LOOKUP(AG$16,$L77:$X77,#REF!)),0,(LOOKUP(AG$16,$L77:$X77,#REF!))) -> 0 | AH77: =IF(ISERROR(LOOKUP(AH$16,$L77:$X77,#REF!)),0,(LOOKUP(AH$16,$L77:$X77,#REF!))) -> 0 | AI77: =IF(ISERROR(LOOKUP(AI$16,$L77:$X77,#REF!)),0,(LOOKUP(AI$16,$L77:$X77,#REF!))) -> 0 | AJ77: =IF(ISERROR(LOOKUP(AJ$16,$L77:$X77,#REF!)),0,(LOOKUP(AJ$16,$L77:$X77,#REF!))) -> 0 | ... AM77: =IF(ISERROR(LOOKUP(AM$16,$L77:$X77,#REF!)),0,(LOOKUP(AM$16,$L77:$X77,#REF!))) -> 0 | AP77: =WORKDAY(AQ77,-INDEX(AQ$12:AQ$15,MATCH($I77,$I$12:$I$15,0)),$AW$17:$AW$148) -> #REF! | AQ77: =WORKDAY(U77,-INDEX(U$12:U$15,MATCH($I77,$I$12:$I$15,0)),$AW$17:$AW$148) -> #REF! | AR77: =WORKDAY(U77,-INDEX(U$12:U$15,MATCH($I77,$I$12:$I$15,0)),$AW$17:$AW$148) -> #REF! | AS77: 7 | AW77: #REF!
C78: =C77 -> RFQ-021 | D78: =D77 -> Control Valve | F78: =F77 -> Instrument | G78: =G77 -> N | I78: =I77 -> LB | J78: Forecast | K78: =K77 -> 46258 | L78: =WORKDAY(IF(K79="",K78,K79),INDEX(L$12:L$15,MATCH($I77,$I$12:$I$15,0))) -> 46259 | M78: =WORKDAY(IF(L79="",L78,L79),INDEX(M$12:M$15,MATCH($I77,$I$12:$I$15,0))) -> 46266 | N78: =WORKDAY(IF(M79="",M78,M79),INDEX(N$12:N$15,MATCH($I77,$I$12:$I$15,0))) -> 46267 | O78: =WORKDAY(IF(N79="",N78,N79),INDEX(O$12:O$15,MATCH($I77,$I$12:$I$15,0))) -> 46274 | R78: =WORKDAY(IF(O79="",O78,O79),INDEX(R$12:R$15,MATCH($I77,$I$12:$I$15,0))) -> 46288 | S78: =WORKDAY(IF(R79="",R78,R79),INDEX(S$12:S$15,MATCH($I77,$I$12:$I$15,0))) -> 46316 | T78: =WORKDAY(IF(S79="",S78,S79),INDEX(T$12:T$15,MATCH($I77,$I$12:$I$15,0))) -> 46321 | U78: =WORKDAY(IF(T79="",T78,T79),INDEX(U$12:U$15,MATCH($I77,$I$12:$I$15,0))) -> 46335 | V78: =WORKDAY(IF(U79="",U78,U79),INDEX(V$12:V$15,MATCH($I77,$I$12:$I$15,0))) -> 46337 | X78: =U78+Y77 -> 46535 | AC78: =IF(ISERROR(LOOKUP(AC$16,$L78:$X78,#REF!)),0,(LOOKUP(AC$16,$L78:$X78,#REF!))) -> 0 | AD78: =IF(ISERROR(LOOKUP(AD$16,$L78:$X78,#REF!)),0,(LOOKUP(AD$16,$L78:$X78,#REF!))) -> 0 | AE78: =IF(ISERROR(LOOKUP(AE$16,$L78:$X78,#REF!)),0,(LOOKUP(AE$16,$L78:$X78,#REF!))) -> 0 | AF78: =IF(ISERROR(LOOKUP(AF$16,$L78:$X78,#REF!)),0,(LOOKUP(AF$16,$L78:$X78,#REF!))) -> 0 | AG78: =IF(ISERROR(LOOKUP(AG$16,$L78:$X78,#REF!)),0,(LOOKUP(AG$16,$L78:$X78,#REF!))) -> 0 | AH78: =IF(ISERROR(LOOKUP(AH$16,$L78:$X78,#REF!)),0,(LOOKUP(AH$16,$L78:$X78,#REF!))) -> 0 | AI78: =IF(ISERROR(LOOKUP(AI$16,$L78:$X78,#REF!)),0,(LOOKUP(AI$16,$L78:$X78,#REF!))) -> 0 | AJ78: =IF(ISERROR(LOOKUP(AJ$16,$L78:$X78,#REF!)),0,(LOOKUP(AJ$16,$L78:$X78,#REF!))) -> 0 | ... AM78: =IF(ISERROR(LOOKUP(AM$16,$L78:$X78,#REF!)),0,(LOOKUP(AM$16,$L78:$X78,#REF!))) -> 0 | AP78: =WORKDAY(IF(T79="",T78,T79),INDEX(AP$12:AP$15,MATCH($I77,$I$12:$I$15,0)),$AW$17:$AW$148) -> #REF! | AQ78: =WORKDAY(IF(AP79="",AP78,AP79),INDEX(AQ$12:AQ$15,MATCH($I77,$I$12:$I$15,0)),$AW$17:$AW$148) -> #REF! | AR78: =WORKDAY(IF(AQ79="",AQ78,AQ79),INDEX(AR$12:AR$15,MATCH($I77,$I$12:$I$15,0)),$AW$17:$AW$148) -> #REF! | AW78: #REF!
C79: =C77 -> RFQ-021 | D79: =D77 -> Control Valve | F79: =F77 -> Instrument | G79: =G77 -> N | I79: =I77 -> LB | J79: Actual | AC79: =IF(ISERROR(LOOKUP(AC$16,$L79:$X79,#REF!)),0,(LOOKUP(AC$16,$L79:$X79,#REF!))) -> 0 | AD79: =IF(ISERROR(LOOKUP(AD$16,$L79:$X79,#REF!)),0,(LOOKUP(AD$16,$L79:$X79,#REF!))) -> 0 | AE79: =IF(ISERROR(LOOKUP(AE$16,$L79:$X79,#REF!)),0,(LOOKUP(AE$16,$L79:$X79,#REF!))) -> 0 | AF79: =IF(ISERROR(LOOKUP(AF$16,$L79:$X79,#REF!)),0,(LOOKUP(AF$16,$L79:$X79,#REF!))) -> 0 | AG79: =IF(ISERROR(LOOKUP(AG$16,$L79:$X79,#REF!)),0,(LOOKUP(AG$16,$L79:$X79,#REF!))) -> 0 | AH79: =IF(ISERROR(LOOKUP(AH$16,$L79:$X79,#REF!)),0,(LOOKUP(AH$16,$L79:$X79,#REF!))) -> 0 | AI79: =IF(ISERROR(LOOKUP(AI$16,$L79:$X79,#REF!)),0,(LOOKUP(AI$16,$L79:$X79,#REF!))) -> 0 | AJ79: =IF(ISERROR(LOOKUP(AJ$16,$L79:$X79,#REF!)),0,(LOOKUP(AJ$16,$L79:$X79,#REF!))) -> 0 | ... AM79: =IF(ISERROR(LOOKUP(AM$16,$L79:$X79,#REF!)),0,(LOOKUP(AM$16,$L79:$X79,#REF!))) -> 0 | AW79: #REF!
A80: =A77+1 -> 22 | C80: RFQ-022 | D80: Self Regulator Valve | F80: Instrument | G80: N | I80: LB | J80: Plan | K80: =WORKDAY(L80,-INDEX(L$12:L$15,MATCH($I80,$I$12:$I$15,0))) -> 46261 | L80: =WORKDAY(M80,-INDEX(M$12:M$15,MATCH($I80,$I$12:$I$15,0))) -> 46262 | M80: =WORKDAY(N80,-INDEX(N$12:N$15,MATCH($I80,$I$12:$I$15,0))) -> 46269 | N80: =WORKDAY(O80,-INDEX(O$12:O$15,MATCH($I80,$I$12:$I$15,0))) -> 46272 | O80: =WORKDAY(R80,-INDEX(R$12:R$15,MATCH($I80,$I$12:$I$15,0))) -> 46279 | P80: =U80-L80 -> 76 | R80: =WORKDAY(S80,-INDEX(S$12:S$15,MATCH($I80,$I$12:$I$15,0))) -> 46293 | S80: =WORKDAY(T80,-INDEX(T$12:T$15,MATCH($I80,$I$12:$I$15,0))) -> 46321 | T80: =WORKDAY(U80,-INDEX(U$12:U$15,MATCH($I80,$I$12:$I$15,0))) -> 46324 | U80: =X80-Y80 -> 46338 | V80: =WORKDAY(U80,INDEX(V$12:V$15,MATCH($I80,$I$12:$I$15,0))) -> 46342 | W80: =Y80/7 -> 28.571429 | X80: =Z80 -> 46538 | Y80: 200 | Z80: 46538 | AA80: 46538 | AB80: =Z80-X81 -> 0 | AC80: =IF(ISERROR(LOOKUP(AC$16,$L80:$X80,#REF!)),0,(LOOKUP(AC$16,$L80:$X80,#REF!))) -> 0 | AD80: =IF(ISERROR(LOOKUP(AD$16,$L80:$X80,#REF!)),0,(LOOKUP(AD$16,$L80:$X80,#REF!))) -> 0 | AE80: =IF(ISERROR(LOOKUP(AE$16,$L80:$X80,#REF!)),0,(LOOKUP(AE$16,$L80:$X80,#REF!))) -> 0 | AF80: =IF(ISERROR(LOOKUP(AF$16,$L80:$X80,#REF!)),0,(LOOKUP(AF$16,$L80:$X80,#REF!))) -> 0 | AG80: =IF(ISERROR(LOOKUP(AG$16,$L80:$X80,#REF!)),0,(LOOKUP(AG$16,$L80:$X80,#REF!))) -> 0 | AH80: =IF(ISERROR(LOOKUP(AH$16,$L80:$X80,#REF!)),0,(LOOKUP(AH$16,$L80:$X80,#REF!))) -> 0 | AI80: =IF(ISERROR(LOOKUP(AI$16,$L80:$X80,#REF!)),0,(LOOKUP(AI$16,$L80:$X80,#REF!))) -> 0 | AJ80: =IF(ISERROR(LOOKUP(AJ$16,$L80:$X80,#REF!)),0,(LOOKUP(AJ$16,$L80:$X80,#REF!))) -> 0 | ... AM80: =IF(ISERROR(LOOKUP(AM$16,$L80:$X80,#REF!)),0,(LOOKUP(AM$16,$L80:$X80,#REF!))) -> 0 | AP80: =WORKDAY(AQ80,-INDEX(AQ$12:AQ$15,MATCH($I80,$I$12:$I$15,0)),$AW$17:$AW$148) -> #REF! | AQ80: =WORKDAY(U80,-INDEX(U$12:U$15,MATCH($I80,$I$12:$I$15,0)),$AW$17:$AW$148) -> #REF! | AR80: =WORKDAY(U80,-INDEX(U$12:U$15,MATCH($I80,$I$12:$I$15,0)),$AW$17:$AW$148) -> #REF! | AS80: 7 | AW80: #REF!
C81: =C80 -> RFQ-022 | D81: =D80 -> Self Regulator Valve | F81: =F80 -> Instrument | G81: =G80 -> N | I81: =I80 -> LB | J81: Forecast | K81: =K80 -> 46261 | L81: =WORKDAY(IF(K82="",K81,K82),INDEX(L$12:L$15,MATCH($I80,$I$12:$I$15,0))) -> 46262 | M81: =WORKDAY(IF(L82="",L81,L82),INDEX(M$12:M$15,MATCH($I80,$I$12:$I$15,0))) -> 46269 | N81: =WORKDAY(IF(M82="",M81,M82),INDEX(N$12:N$15,MATCH($I80,$I$12:$I$15,0))) -> 46272 | O81: =WORKDAY(IF(N82="",N81,N82),INDEX(O$12:O$15,MATCH($I80,$I$12:$I$15,0))) -> 46279 | R81: =WORKDAY(IF(O82="",O81,O82),INDEX(R$12:R$15,MATCH($I80,$I$12:$I$15,0))) -> 46293 | S81: =WORKDAY(IF(R82="",R81,R82),INDEX(S$12:S$15,MATCH($I80,$I$12:$I$15,0))) -> 46321 | T81: =WORKDAY(IF(S82="",S81,S82),INDEX(T$12:T$15,MATCH($I80,$I$12:$I$15,0))) -> 46324 | U81: =WORKDAY(IF(T82="",T81,T82),INDEX(U$12:U$15,MATCH($I80,$I$12:$I$15,0))) -> 46338 | V81: =WORKDAY(IF(U82="",U81,U82),INDEX(V$12:V$15,MATCH($I80,$I$12:$I$15,0))) -> 46342 | X81: =U81+Y80 -> 46538 | AC81: =IF(ISERROR(LOOKUP(AC$16,$L81:$X81,#REF!)),0,(LOOKUP(AC$16,$L81:$X81,#REF!))) -> 0 | AD81: =IF(ISERROR(LOOKUP(AD$16,$L81:$X81,#REF!)),0,(LOOKUP(AD$16,$L81:$X81,#REF!))) -> 0 | AE81: =IF(ISERROR(LOOKUP(AE$16,$L81:$X81,#REF!)),0,(LOOKUP(AE$16,$L81:$X81,#REF!))) -> 0 | AF81: =IF(ISERROR(LOOKUP(AF$16,$L81:$X81,#REF!)),0,(LOOKUP(AF$16,$L81:$X81,#REF!))) -> 0 | AG81: =IF(ISERROR(LOOKUP(AG$16,$L81:$X81,#REF!)),0,(LOOKUP(AG$16,$L81:$X81,#REF!))) -> 0 | AH81: =IF(ISERROR(LOOKUP(AH$16,$L81:$X81,#REF!)),0,(LOOKUP(AH$16,$L81:$X81,#REF!))) -> 0 | AI81: =IF(ISERROR(LOOKUP(AI$16,$L81:$X81,#REF!)),0,(LOOKUP(AI$16,$L81:$X81,#REF!))) -> 0 | AJ81: =IF(ISERROR(LOOKUP(AJ$16,$L81:$X81,#REF!)),0,(LOOKUP(AJ$16,$L81:$X81,#REF!))) -> 0 | ... AM81: =IF(ISERROR(LOOKUP(AM$16,$L81:$X81,#REF!)),0,(LOOKUP(AM$16,$L81:$X81,#REF!))) -> 0 | AP81: =WORKDAY(IF(T82="",T81,T82),INDEX(AP$12:AP$15,MATCH($I80,$I$12:$I$15,0)),$AW$17:$AW$148) -> #REF! | AQ81: =WORKDAY(IF(AP82="",AP81,AP82),INDEX(AQ$12:AQ$15,MATCH($I80,$I$12:$I$15,0)),$AW$17:$AW$148) -> #REF! | AR81: =WORKDAY(IF(AQ82="",AQ81,AQ82),INDEX(AR$12:AR$15,MATCH($I80,$I$12:$I$15,0)),$AW$17:$AW$148) -> #REF! | AW81: #REF!
C82: =C80 -> RFQ-022 | D82: =D80 -> Self Regulator Valve | F82: =F80 -> Instrument | G82: =G80 -> N | I82: =I80 -> LB | J82: Actual | AC82: =IF(ISERROR(LOOKUP(AC$16,$L82:$X82,#REF!)),0,(LOOKUP(AC$16,$L82:$X82,#REF!))) -> 0 | AD82: =IF(ISERROR(LOOKUP(AD$16,$L82:$X82,#REF!)),0,(LOOKUP(AD$16,$L82:$X82,#REF!))) -> 0 | AE82: =IF(ISERROR(LOOKUP(AE$16,$L82:$X82,#REF!)),0,(LOOKUP(AE$16,$L82:$X82,#REF!))) -> 0 | AF82: =IF(ISERROR(LOOKUP(AF$16,$L82:$X82,#REF!)),0,(LOOKUP(AF$16,$L82:$X82,#REF!))) -> 0 | AG82: =IF(ISERROR(LOOKUP(AG$16,$L82:$X82,#REF!)),0,(LOOKUP(AG$16,$L82:$X82,#REF!))) -> 0 | AH82: =IF(ISERROR(LOOKUP(AH$16,$L82:$X82,#REF!)),0,(LOOKUP(AH$16,$L82:$X82,#REF!))) -> 0 | AI82: =IF(ISERROR(LOOKUP(AI$16,$L82:$X82,#REF!)),0,(LOOKUP(AI$16,$L82:$X82,#REF!))) -> 0 | AJ82: =IF(ISERROR(LOOKUP(AJ$16,$L82:$X82,#REF!)),0,(LOOKUP(AJ$16,$L82:$X82,#REF!))) -> 0 | ... AM82: =IF(ISERROR(LOOKUP(AM$16,$L82:$X82,#REF!)),0,(LOOKUP(AM$16,$L82:$X82,#REF!))) -> 0 | AW82: #REF!
A83: =A80+1 -> 23 | C83: RFQ-023 | D83: Actuated Choke Valve | F83: Instrument | G83: N | I83: LA | J83: Plan | K83: =WORKDAY(L83,-INDEX(L$12:L$15,MATCH($I83,$I$12:$I$15,0))) -> 46153 | L83: =WORKDAY(M83,-INDEX(M$12:M$15,MATCH($I83,$I$12:$I$15,0))) -> 46154 | M83: =WORKDAY(N83,-INDEX(N$12:N$15,MATCH($I83,$I$12:$I$15,0))) -> 46161 | N83: =WORKDAY(O83,-INDEX(O$12:O$15,MATCH($I83,$I$12:$I$15,0))) -> 46162 | O83: =WORKDAY(R83,-INDEX(R$12:R$15,MATCH($I83,$I$12:$I$15,0))) -> 46169 | P83: =U83-L83 -> 76 | R83: =WORKDAY(S83,-INDEX(S$12:S$15,MATCH($I83,$I$12:$I$15,0))) -> 46183 | S83: =WORKDAY(T83,-INDEX(T$12:T$15,MATCH($I83,$I$12:$I$15,0))) -> 46211 | T83: =WORKDAY(U83,-INDEX(U$12:U$15,MATCH($I83,$I$12:$I$15,0))) -> 46216 | U83: =X83-Y83 -> 46230 | V83: =WORKDAY(U83,INDEX(V$12:V$15,MATCH($I83,$I$12:$I$15,0))) -> 46232 | W83: =Y83/7 -> 44 | X83: =Z83 -> 46538 | Y83: =44*7 -> 308 | Z83: 46538 | AA83: 46538 | AB83: =Z83-X84 -> 0 | AC83: =IF(ISERROR(LOOKUP(AC$16,$L83:$X83,#REF!)),0,(LOOKUP(AC$16,$L83:$X83,#REF!))) -> 0 | AD83: =IF(ISERROR(LOOKUP(AD$16,$L83:$X83,#REF!)),0,(LOOKUP(AD$16,$L83:$X83,#REF!))) -> 0 | AE83: =IF(ISERROR(LOOKUP(AE$16,$L83:$X83,#REF!)),0,(LOOKUP(AE$16,$L83:$X83,#REF!))) -> 0 | AF83: =IF(ISERROR(LOOKUP(AF$16,$L83:$X83,#REF!)),0,(LOOKUP(AF$16,$L83:$X83,#REF!))) -> 0 | AG83: =IF(ISERROR(LOOKUP(AG$16,$L83:$X83,#REF!)),0,(LOOKUP(AG$16,$L83:$X83,#REF!))) -> 0 | AH83: =IF(ISERROR(LOOKUP(AH$16,$L83:$X83,#REF!)),0,(LOOKUP(AH$16,$L83:$X83,#REF!))) -> 0 | AI83: =IF(ISERROR(LOOKUP(AI$16,$L83:$X83,#REF!)),0,(LOOKUP(AI$16,$L83:$X83,#REF!))) -> 0 | AJ83: =IF(ISERROR(LOOKUP(AJ$16,$L83:$X83,#REF!)),0,(LOOKUP(AJ$16,$L83:$X83,#REF!))) -> 0 | ... AM83: =IF(ISERROR(LOOKUP(AM$16,$L83:$X83,#REF!)),0,(LOOKUP(AM$16,$L83:$X83,#REF!))) -> 0 | AP83: =WORKDAY(AQ83,-INDEX(AQ$12:AQ$15,MATCH($I83,$I$12:$I$15,0)),$AW$17:$AW$148) -> #REF! | AQ83: =WORKDAY(U83,-INDEX(U$12:U$15,MATCH($I83,$I$12:$I$15,0)),$AW$17:$AW$148) -> #REF! | AR83: =WORKDAY(U83,-INDEX(U$12:U$15,MATCH($I83,$I$12:$I$15,0)),$AW$17:$AW$148) -> #REF! | AS83: 7 | AW83: #REF!
C84: =C83 -> RFQ-023 | D84: =D83 -> Actuated Choke Valve | F84: =F83 -> Instrument | G84: =G83 -> N | I84: =I83 -> LA | J84: Forecast | K84: =K83 -> 46153 | L84: =WORKDAY(IF(K85="",K84,K85),INDEX(L$12:L$15,MATCH($I83,$I$12:$I$15,0))) -> 46154 | M84: =WORKDAY(IF(L85="",L84,L85),INDEX(M$12:M$15,MATCH($I83,$I$12:$I$15,0))) -> 46161 | N84: =WORKDAY(IF(M85="",M84,M85),INDEX(N$12:N$15,MATCH($I83,$I$12:$I$15,0))) -> 46162 | O84: =WORKDAY(IF(N85="",N84,N85),INDEX(O$12:O$15,MATCH($I83,$I$12:$I$15,0))) -> 46169 | R84: =WORKDAY(IF(O85="",O84,O85),INDEX(R$12:R$15,MATCH($I83,$I$12:$I$15,0))) -> 46183 | S84: =WORKDAY(IF(R85="",R84,R85),INDEX(S$12:S$15,MATCH($I83,$I$12:$I$15,0))) -> 46211 | T84: =WORKDAY(IF(S85="",S84,S85),INDEX(T$12:T$15,MATCH($I83,$I$12:$I$15,0))) -> 46216 | U84: =WORKDAY(IF(T85="",T84,T85),INDEX(U$12:U$15,MATCH($I83,$I$12:$I$15,0))) -> 46230 | V84: =WORKDAY(IF(U85="",U84,U85),INDEX(V$12:V$15,MATCH($I83,$I$12:$I$15,0))) -> 46232 | X84: =U84+Y83 -> 46538 | AC84: =IF(ISERROR(LOOKUP(AC$16,$L84:$X84,#REF!)),0,(LOOKUP(AC$16,$L84:$X84,#REF!))) -> 0 | AD84: =IF(ISERROR(LOOKUP(AD$16,$L84:$X84,#REF!)),0,(LOOKUP(AD$16,$L84:$X84,#REF!))) -> 0 | AE84: =IF(ISERROR(LOOKUP(AE$16,$L84:$X84,#REF!)),0,(LOOKUP(AE$16,$L84:$X84,#REF!))) -> 0 | AF84: =IF(ISERROR(LOOKUP(AF$16,$L84:$X84,#REF!)),0,(LOOKUP(AF$16,$L84:$X84,#REF!))) -> 0 | AG84: =IF(ISERROR(LOOKUP(AG$16,$L84:$X84,#REF!)),0,(LOOKUP(AG$16,$L84:$X84,#REF!))) -> 0 | AH84: =IF(ISERROR(LOOKUP(AH$16,$L84:$X84,#REF!)),0,(LOOKUP(AH$16,$L84:$X84,#REF!))) -> 0 | AI84: =IF(ISERROR(LOOKUP(AI$16,$L84:$X84,#REF!)),0,(LOOKUP(AI$16,$L84:$X84,#REF!))) -> 0 | AJ84: =IF(ISERROR(LOOKUP(AJ$16,$L84:$X84,#REF!)),0,(LOOKUP(AJ$16,$L84:$X84,#REF!))) -> 0 | ... AM84: =IF(ISERROR(LOOKUP(AM$16,$L84:$X84,#REF!)),0,(LOOKUP(AM$16,$L84:$X84,#REF!))) -> 0 | AP84: =WORKDAY(IF(T85="",T84,T85),INDEX(AP$12:AP$15,MATCH($I83,$I$12:$I$15,0)),$AW$17:$AW$148) -> #REF! | AQ84: =WORKDAY(IF(AP85="",AP84,AP85),INDEX(AQ$12:AQ$15,MATCH($I83,$I$12:$I$15,0)),$AW$17:$AW$148) -> #REF! | AR84: =WORKDAY(IF(AQ85="",AQ84,AQ85),INDEX(AR$12:AR$15,MATCH($I83,$I$12:$I$15,0)),$AW$17:$AW$148) -> #REF! | AW84: #REF!
C85: =C83 -> RFQ-023 | D85: =D83 -> Actuated Choke Valve | F85: =F83 -> Instrument | G85: =G83 -> N | I85: =I83 -> LA | J85: Actual | AC85: =IF(ISERROR(LOOKUP(AC$16,$L85:$X85,#REF!)),0,(LOOKUP(AC$16,$L85:$X85,#REF!))) -> 0 | AD85: =IF(ISERROR(LOOKUP(AD$16,$L85:$X85,#REF!)),0,(LOOKUP(AD$16,$L85:$X85,#REF!))) -> 0 | AE85: =IF(ISERROR(LOOKUP(AE$16,$L85:$X85,#REF!)),0,(LOOKUP(AE$16,$L85:$X85,#REF!))) -> 0 | AF85: =IF(ISERROR(LOOKUP(AF$16,$L85:$X85,#REF!)),0,(LOOKUP(AF$16,$L85:$X85,#REF!))) -> 0 | AG85: =IF(ISERROR(LOOKUP(AG$16,$L85:$X85,#REF!)),0,(LOOKUP(AG$16,$L85:$X85,#REF!))) -> 0 | AH85: =IF(ISERROR(LOOKUP(AH$16,$L85:$X85,#REF!)),0,(LOOKUP(AH$16,$L85:$X85,#REF!))) -> 0 | AI85: =IF(ISERROR(LOOKUP(AI$16,$L85:$X85,#REF!)),0,(LOOKUP(AI$16,$L85:$X85,#REF!))) -> 0 | AJ85: =IF(ISERROR(LOOKUP(AJ$16,$L85:$X85,#REF!)),0,(LOOKUP(AJ$16,$L85:$X85,#REF!))) -> 0 | ... AM85: =IF(ISERROR(LOOKUP(AM$16,$L85:$X85,#REF!)),0,(LOOKUP(AM$16,$L85:$X85,#REF!))) -> 0 | AW85: #REF!
A86: =A83+1 -> 24 | C86: RFQ-024 | D86: Actuated Ball Valve | F86: Instrument | G86: N | I86: LB | J86: Plan | K86: =WORKDAY(L86,-INDEX(L$12:L$15,MATCH($I86,$I$12:$I$15,0))) -> 46209 | L86: =WORKDAY(M86,-INDEX(M$12:M$15,MATCH($I86,$I$12:$I$15,0))) -> 46210 | M86: =WORKDAY(N86,-INDEX(N$12:N$15,MATCH($I86,$I$12:$I$15,0))) -> 46217 | N86: =WORKDAY(O86,-INDEX(O$12:O$15,MATCH($I86,$I$12:$I$15,0))) -> 46218 | O86: =WORKDAY(R86,-INDEX(R$12:R$15,MATCH($I86,$I$12:$I$15,0))) -> 46225 | P86: =U86-L86 -> 76 | R86: =WORKDAY(S86,-INDEX(S$12:S$15,MATCH($I86,$I$12:$I$15,0))) -> 46239 | S86: =WORKDAY(T86,-INDEX(T$12:T$15,MATCH($I86,$I$12:$I$15,0))) -> 46267 | T86: =WORKDAY(U86,-INDEX(U$12:U$15,MATCH($I86,$I$12:$I$15,0))) -> 46272 | U86: =X86-Y86 -> 46286 | V86: =WORKDAY(U86,INDEX(V$12:V$15,MATCH($I86,$I$12:$I$15,0))) -> 46288 | W86: =Y86/7 -> 36 | X86: =Z86 -> 46538 | Y86: =36*7 -> 252 | Z86: 46538 | AA86: 46538 | AB86: =Z86-X87 -> 0 | AC86: =IF(ISERROR(LOOKUP(AC$16,$L86:$X86,#REF!)),0,(LOOKUP(AC$16,$L86:$X86,#REF!))) -> 0 | AD86: =IF(ISERROR(LOOKUP(AD$16,$L86:$X86,#REF!)),0,(LOOKUP(AD$16,$L86:$X86,#REF!))) -> 0 | AE86: =IF(ISERROR(LOOKUP(AE$16,$L86:$X86,#REF!)),0,(LOOKUP(AE$16,$L86:$X86,#REF!))) -> 0 | AF86: =IF(ISERROR(LOOKUP(AF$16,$L86:$X86,#REF!)),0,(LOOKUP(AF$16,$L86:$X86,#REF!))) -> 0 | AG86: =IF(ISERROR(LOOKUP(AG$16,$L86:$X86,#REF!)),0,(LOOKUP(AG$16,$L86:$X86,#REF!))) -> 0 | AH86: =IF(ISERROR(LOOKUP(AH$16,$L86:$X86,#REF!)),0,(LOOKUP(AH$16,$L86:$X86,#REF!))) -> 0 | AI86: =IF(ISERROR(LOOKUP(AI$16,$L86:$X86,#REF!)),0,(LOOKUP(AI$16,$L86:$X86,#REF!))) -> 0 | AJ86: =IF(ISERROR(LOOKUP(AJ$16,$L86:$X86,#REF!)),0,(LOOKUP(AJ$16,$L86:$X86,#REF!))) -> 0 | ... AM86: =IF(ISERROR(LOOKUP(AM$16,$L86:$X86,#REF!)),0,(LOOKUP(AM$16,$L86:$X86,#REF!))) -> 0 | AP86: =WORKDAY(AQ86,-INDEX(AQ$12:AQ$15,MATCH($I86,$I$12:$I$15,0)),$AW$17:$AW$148) -> #REF! | AQ86: =WORKDAY(U86,-INDEX(U$12:U$15,MATCH($I86,$I$12:$I$15,0)),$AW$17:$AW$148) -> #REF! | AR86: =WORKDAY(U86,-INDEX(U$12:U$15,MATCH($I86,$I$12:$I$15,0)),$AW$17:$AW$148) -> #REF! | AS86: 7 | AW86: #REF!
C87: =C86 -> RFQ-024 | D87: =D86 -> Actuated Ball Valve | F87: =F86 -> Instrument | G87: =G86 -> N | I87: =I86 -> LB | J87: Forecast | K87: =K86 -> 46209 | L87: =WORKDAY(IF(K88="",K87,K88),INDEX(L$12:L$15,MATCH($I86,$I$12:$I$15,0))) -> 46210 | M87: =WORKDAY(IF(L88="",L87,L88),INDEX(M$12:M$15,MATCH($I86,$I$12:$I$15,0))) -> 46217 | N87: =WORKDAY(IF(M88="",M87,M88),INDEX(N$12:N$15,MATCH($I86,$I$12:$I$15,0))) -> 46218 | O87: =WORKDAY(IF(N88="",N87,N88),INDEX(O$12:O$15,MATCH($I86,$I$12:$I$15,0))) -> 46225 | R87: =WORKDAY(IF(O88="",O87,O88),INDEX(R$12:R$15,MATCH($I86,$I$12:$I$15,0))) -> 46239 | S87: =WORKDAY(IF(R88="",R87,R88),INDEX(S$12:S$15,MATCH($I86,$I$12:$I$15,0))) -> 46267 | T87: =WORKDAY(IF(S88="",S87,S88),INDEX(T$12:T$15,MATCH($I86,$I$12:$I$15,0))) -> 46272 | U87: =WORKDAY(IF(T88="",T87,T88),INDEX(U$12:U$15,MATCH($I86,$I$12:$I$15,0))) -> 46286 | V87: =WORKDAY(IF(U88="",U87,U88),INDEX(V$12:V$15,MATCH($I86,$I$12:$I$15,0))) -> 46288 | X87: =U87+Y86 -> 46538 | AC87: =IF(ISERROR(LOOKUP(AC$16,$L87:$X87,#REF!)),0,(LOOKUP(AC$16,$L87:$X87,#REF!))) -> 0 | AD87: =IF(ISERROR(LOOKUP(AD$16,$L87:$X87,#REF!)),0,(LOOKUP(AD$16,$L87:$X87,#REF!))) -> 0 | AE87: =IF(ISERROR(LOOKUP(AE$16,$L87:$X87,#REF!)),0,(LOOKUP(AE$16,$L87:$X87,#REF!))) -> 0 | AF87: =IF(ISERROR(LOOKUP(AF$16,$L87:$X87,#REF!)),0,(LOOKUP(AF$16,$L87:$X87,#REF!))) -> 0 | AG87: =IF(ISERROR(LOOKUP(AG$16,$L87:$X87,#REF!)),0,(LOOKUP(AG$16,$L87:$X87,#REF!))) -> 0 | AH87: =IF(ISERROR(LOOKUP(AH$16,$L87:$X87,#REF!)),0,(LOOKUP(AH$16,$L87:$X87,#REF!))) -> 0 | AI87: =IF(ISERROR(LOOKUP(AI$16,$L87:$X87,#REF!)),0,(LOOKUP(AI$16,$L87:$X87,#REF!))) -> 0 | AJ87: =IF(ISERROR(LOOKUP(AJ$16,$L87:$X87,#REF!)),0,(LOOKUP(AJ$16,$L87:$X87,#REF!))) -> 0 | ... AM87: =IF(ISERROR(LOOKUP(AM$16,$L87:$X87,#REF!)),0,(LOOKUP(AM$16,$L87:$X87,#REF!))) -> 0 | AP87: =WORKDAY(IF(T88="",T87,T88),INDEX(AP$12:AP$15,MATCH($I86,$I$12:$I$15,0)),$AW$17:$AW$148) -> #REF! | AQ87: =WORKDAY(IF(AP88="",AP87,AP88),INDEX(AQ$12:AQ$15,MATCH($I86,$I$12:$I$15,0)),$AW$17:$AW$148) -> #REF! | AR87: =WORKDAY(IF(AQ88="",AQ87,AQ88),INDEX(AR$12:AR$15,MATCH($I86,$I$12:$I$15,0)),$AW$17:$AW$148) -> #REF! | AW87: #REF!
C88: =C86 -> RFQ-024 | D88: =D86 -> Actuated Ball Valve | F88: =F86 -> Instrument | G88: =G86 -> N | I88: =I86 -> LB | J88: Actual | AC88: =IF(ISERROR(LOOKUP(AC$16,$L88:$X88,#REF!)),0,(LOOKUP(AC$16,$L88:$X88,#REF!))) -> 0 | AD88: =IF(ISERROR(LOOKUP(AD$16,$L88:$X88,#REF!)),0,(LOOKUP(AD$16,$L88:$X88,#REF!))) -> 0 | AE88: =IF(ISERROR(LOOKUP(AE$16,$L88:$X88,#REF!)),0,(LOOKUP(AE$16,$L88:$X88,#REF!))) -> 0 | AF88: =IF(ISERROR(LOOKUP(AF$16,$L88:$X88,#REF!)),0,(LOOKUP(AF$16,$L88:$X88,#REF!))) -> 0 | AG88: =IF(ISERROR(LOOKUP(AG$16,$L88:$X88,#REF!)),0,(LOOKUP(AG$16,$L88:$X88,#REF!))) -> 0 | AH88: =IF(ISERROR(LOOKUP(AH$16,$L88:$X88,#REF!)),0,(LOOKUP(AH$16,$L88:$X88,#REF!))) -> 0 | AI88: =IF(ISERROR(LOOKUP(AI$16,$L88:$X88,#REF!)),0,(LOOKUP(AI$16,$L88:$X88,#REF!))) -> 0 | AJ88: =IF(ISERROR(LOOKUP(AJ$16,$L88:$X88,#REF!)),0,(LOOKUP(AJ$16,$L88:$X88,#REF!))) -> 0 | ... AM88: =IF(ISERROR(LOOKUP(AM$16,$L88:$X88,#REF!)),0,(LOOKUP(AM$16,$L88:$X88,#REF!))) -> 0 | AW88: #REF!
A89: =A86+1 -> 25 | C89: RFQ-025 | D89: Actuated Compact Ball Valve | F89: Instrument | G89: =IF(_xlfn.XLOOKUP(C89,'[36]Before Award'!D:D,'[36]Before Award'!AV:AV,"N/A")="N/A","N","Y") -> N | I89: LB | J89: Plan | K89: =WORKDAY(L89,-INDEX(L$12:L$15,MATCH($I89,$I$12:$I$15,0))) -> 46181 | L89: =WORKDAY(M89,-INDEX(M$12:M$15,MATCH($I89,$I$12:$I$15,0))) -> 46182 | M89: =WORKDAY(N89,-INDEX(N$12:N$15,MATCH($I89,$I$12:$I$15,0))) -> 46189 | N89: =WORKDAY(O89,-INDEX(O$12:O$15,MATCH($I89,$I$12:$I$15,0))) -> 46190 | O89: =WORKDAY(R89,-INDEX(R$12:R$15,MATCH($I89,$I$12:$I$15,0))) -> 46197 | P89: =U89-L89 -> 76 | R89: =WORKDAY(S89,-INDEX(S$12:S$15,MATCH($I89,$I$12:$I$15,0))) -> 46211 | S89: =WORKDAY(T89,-INDEX(T$12:T$15,MATCH($I89,$I$12:$I$15,0))) -> 46239 | T89: =WORKDAY(U89,-INDEX(U$12:U$15,MATCH($I89,$I$12:$I$15,0))) -> 46244 | U89: =X89-Y89 -> 46258 | V89: =WORKDAY(U89,INDEX(V$12:V$15,MATCH($I89,$I$12:$I$15,0))) -> 46260 | W89: =Y89/7 -> 40 | X89: =Z89 -> 46538 | Y89: 280 | Z89: 46538 | AA89: 46538 | AB89: =Z89-X90 -> 0 | AC89: =IF(ISERROR(LOOKUP(AC$16,$L89:$X89,#REF!)),0,(LOOKUP(AC$16,$L89:$X89,#REF!))) -> 0 | AD89: =IF(ISERROR(LOOKUP(AD$16,$L89:$X89,#REF!)),0,(LOOKUP(AD$16,$L89:$X89,#REF!))) -> 0 | AE89: =IF(ISERROR(LOOKUP(AE$16,$L89:$X89,#REF!)),0,(LOOKUP(AE$16,$L89:$X89,#REF!))) -> 0 | AF89: =IF(ISERROR(LOOKUP(AF$16,$L89:$X89,#REF!)),0,(LOOKUP(AF$16,$L89:$X89,#REF!))) -> 0 | AG89: =IF(ISERROR(LOOKUP(AG$16,$L89:$X89,#REF!)),0,(LOOKUP(AG$16,$L89:$X89,#REF!))) -> 0 | AH89: =IF(ISERROR(LOOKUP(AH$16,$L89:$X89,#REF!)),0,(LOOKUP(AH$16,$L89:$X89,#REF!))) -> 0 | AI89: =IF(ISERROR(LOOKUP(AI$16,$L89:$X89,#REF!)),0,(LOOKUP(AI$16,$L89:$X89,#REF!))) -> 0 | AJ89: =IF(ISERROR(LOOKUP(AJ$16,$L89:$X89,#REF!)),0,(LOOKUP(AJ$16,$L89:$X89,#REF!))) -> 0 | ... AM89: =IF(ISERROR(LOOKUP(AM$16,$L89:$X89,#REF!)),0,(LOOKUP(AM$16,$L89:$X89,#REF!))) -> 0 | AP89: =WORKDAY(AQ89,-INDEX(AQ$12:AQ$15,MATCH($I89,$I$12:$I$15,0)),$AW$17:$AW$148) -> #REF! | AQ89: =WORKDAY(U89,-INDEX(U$12:U$15,MATCH($I89,$I$12:$I$15,0)),$AW$17:$AW$148) -> #REF! | AR89: =WORKDAY(U89,-INDEX(U$12:U$15,MATCH($I89,$I$12:$I$15,0)),$AW$17:$AW$148) -> #REF! | AS89: 7 | AW89: #REF!
C90: =C89 -> RFQ-025 | D90: =D89 -> Actuated Compact Ball Valve | F90: =F89 -> Instrument | G90: =G89 -> N | I90: =I89 -> LB | J90: Forecast | K90: =K89 -> 46181 | L90: =WORKDAY(IF(K91="",K90,K91),INDEX(L$12:L$15,MATCH($I89,$I$12:$I$15,0))) -> 46182 | M90: =WORKDAY(IF(L91="",L90,L91),INDEX(M$12:M$15,MATCH($I89,$I$12:$I$15,0))) -> 46189 | N90: =WORKDAY(IF(M91="",M90,M91),INDEX(N$12:N$15,MATCH($I89,$I$12:$I$15,0))) -> 46190 | O90: =WORKDAY(IF(N91="",N90,N91),INDEX(O$12:O$15,MATCH($I89,$I$12:$I$15,0))) -> 46197 | R90: =WORKDAY(IF(O91="",O90,O91),INDEX(R$12:R$15,MATCH($I89,$I$12:$I$15,0))) -> 46211 | S90: =WORKDAY(IF(R91="",R90,R91),INDEX(S$12:S$15,MATCH($I89,$I$12:$I$15,0))) -> 46239 | T90: =WORKDAY(IF(S91="",S90,S91),INDEX(T$12:T$15,MATCH($I89,$I$12:$I$15,0))) -> 46244 | U90: =WORKDAY(IF(T91="",T90,T91),INDEX(U$12:U$15,MATCH($I89,$I$12:$I$15,0))) -> 46258 | V90: =WORKDAY(IF(U91="",U90,U91),INDEX(V$12:V$15,MATCH($I89,$I$12:$I$15,0))) -> 46260 | X90: =U90+Y89 -> 46538 | AC90: =IF(ISERROR(LOOKUP(AC$16,$L90:$X90,#REF!)),0,(LOOKUP(AC$16,$L90:$X90,#REF!))) -> 0 | AD90: =IF(ISERROR(LOOKUP(AD$16,$L90:$X90,#REF!)),0,(LOOKUP(AD$16,$L90:$X90,#REF!))) -> 0 | AE90: =IF(ISERROR(LOOKUP(AE$16,$L90:$X90,#REF!)),0,(LOOKUP(AE$16,$L90:$X90,#REF!))) -> 0 | AF90: =IF(ISERROR(LOOKUP(AF$16,$L90:$X90,#REF!)),0,(LOOKUP(AF$16,$L90:$X90,#REF!))) -> 0 | AG90: =IF(ISERROR(LOOKUP(AG$16,$L90:$X90,#REF!)),0,(LOOKUP(AG$16,$L90:$X90,#REF!))) -> 0 | AH90: =IF(ISERROR(LOOKUP(AH$16,$L90:$X90,#REF!)),0,(LOOKUP(AH$16,$L90:$X90,#REF!))) -> 0 | AI90: =IF(ISERROR(LOOKUP(AI$16,$L90:$X90,#REF!)),0,(LOOKUP(AI$16,$L90:$X90,#REF!))) -> 0 | AJ90: =IF(ISERROR(LOOKUP(AJ$16,$L90:$X90,#REF!)),0,(LOOKUP(AJ$16,$L90:$X90,#REF!))) -> 0 | ... AM90: =IF(ISERROR(LOOKUP(AM$16,$L90:$X90,#REF!)),0,(LOOKUP(AM$16,$L90:$X90,#REF!))) -> 0 | AP90: =WORKDAY(IF(T91="",T90,T91),INDEX(AP$12:AP$15,MATCH($I89,$I$12:$I$15,0)),$AW$17:$AW$148) -> #REF! | AQ90: =WORKDAY(IF(AP91="",AP90,AP91),INDEX(AQ$12:AQ$15,MATCH($I89,$I$12:$I$15,0)),$AW$17:$AW$148) -> #REF! | AR90: =WORKDAY(IF(AQ91="",AQ90,AQ91),INDEX(AR$12:AR$15,MATCH($I89,$I$12:$I$15,0)),$AW$17:$AW$148) -> #REF! | AW90: #REF!
C91: =C89 -> RFQ-025 | D91: =D89 -> Actuated Compact Ball Valve | F91: =F89 -> Instrument | G91: =G89 -> N | I91: =I89 -> LB | J91: Actual | AC91: =IF(ISERROR(LOOKUP(AC$16,$L91:$X91,#REF!)),0,(LOOKUP(AC$16,$L91:$X91,#REF!))) -> 0 | AD91: =IF(ISERROR(LOOKUP(AD$16,$L91:$X91,#REF!)),0,(LOOKUP(AD$16,$L91:$X91,#REF!))) -> 0 | AE91: =IF(ISERROR(LOOKUP(AE$16,$L91:$X91,#REF!)),0,(LOOKUP(AE$16,$L91:$X91,#REF!))) -> 0 | AF91: =IF(ISERROR(LOOKUP(AF$16,$L91:$X91,#REF!)),0,(LOOKUP(AF$16,$L91:$X91,#REF!))) -> 0 | AG91: =IF(ISERROR(LOOKUP(AG$16,$L91:$X91,#REF!)),0,(LOOKUP(AG$16,$L91:$X91,#REF!))) -> 0 | AH91: =IF(ISERROR(LOOKUP(AH$16,$L91:$X91,#REF!)),0,(LOOKUP(AH$16,$L91:$X91,#REF!))) -> 0 | AI91: =IF(ISERROR(LOOKUP(AI$16,$L91:$X91,#REF!)),0,(LOOKUP(AI$16,$L91:$X91,#REF!))) -> 0 | AJ91: =IF(ISERROR(LOOKUP(AJ$16,$L91:$X91,#REF!)),0,(LOOKUP(AJ$16,$L91:$X91,#REF!))) -> 0 | ... AM91: =IF(ISERROR(LOOKUP(AM$16,$L91:$X91,#REF!)),0,(LOOKUP(AM$16,$L91:$X91,#REF!))) -> 0 | AW91: #REF!
A92: =A89+1 -> 26 | C92: RFQ-026 | D92: Safety Relief Valves | F92: Instrument | G92: N | I92: LB | J92: Plan | K92: =WORKDAY(L92,-INDEX(L$12:L$15,MATCH($I92,$I$12:$I$15,0))) -> 46279 | L92: =WORKDAY(M92,-INDEX(M$12:M$15,MATCH($I92,$I$12:$I$15,0))) -> 46280 | M92: =WORKDAY(N92,-INDEX(N$12:N$15,MATCH($I92,$I$12:$I$15,0))) -> 46287 | N92: =WORKDAY(O92,-INDEX(O$12:O$15,MATCH($I92,$I$12:$I$15,0))) -> 46288 | O92: =WORKDAY(R92,-INDEX(R$12:R$15,MATCH($I92,$I$12:$I$15,0))) -> 46295 | P92: =U92-L92 -> 76 | R92: =WORKDAY(S92,-INDEX(S$12:S$15,MATCH($I92,$I$12:$I$15,0))) -> 46309 | S92: =WORKDAY(T92,-INDEX(T$12:T$15,MATCH($I92,$I$12:$I$15,0))) -> 46337 | T92: =WORKDAY(U92,-INDEX(U$12:U$15,MATCH($I92,$I$12:$I$15,0))) -> 46342 | U92: =X92-Y92+2 -> 46356 | V92: =WORKDAY(U92,INDEX(V$12:V$15,MATCH($I92,$I$12:$I$15,0))) -> 46358 | W92: =Y92/7 -> 26.285714 | X92: =Z92 -> 46538 | Y92: 184 | Z92: 46538 | AA92: 46538 | AB92: =Z92-X93 -> 0 | AC92: =IF(ISERROR(LOOKUP(AC$16,$L92:$X92,#REF!)),0,(LOOKUP(AC$16,$L92:$X92,#REF!))) -> 0 | AD92: =IF(ISERROR(LOOKUP(AD$16,$L92:$X92,#REF!)),0,(LOOKUP(AD$16,$L92:$X92,#REF!))) -> 0 | AE92: =IF(ISERROR(LOOKUP(AE$16,$L92:$X92,#REF!)),0,(LOOKUP(AE$16,$L92:$X92,#REF!))) -> 0 | AF92: =IF(ISERROR(LOOKUP(AF$16,$L92:$X92,#REF!)),0,(LOOKUP(AF$16,$L92:$X92,#REF!))) -> 0 | AG92: =IF(ISERROR(LOOKUP(AG$16,$L92:$X92,#REF!)),0,(LOOKUP(AG$16,$L92:$X92,#REF!))) -> 0 | AH92: =IF(ISERROR(LOOKUP(AH$16,$L92:$X92,#REF!)),0,(LOOKUP(AH$16,$L92:$X92,#REF!))) -> 0 | AI92: =IF(ISERROR(LOOKUP(AI$16,$L92:$X92,#REF!)),0,(LOOKUP(AI$16,$L92:$X92,#REF!))) -> 0 | AJ92: =IF(ISERROR(LOOKUP(AJ$16,$L92:$X92,#REF!)),0,(LOOKUP(AJ$16,$L92:$X92,#REF!))) -> 0 | ... AM92: =IF(ISERROR(LOOKUP(AM$16,$L92:$X92,#REF!)),0,(LOOKUP(AM$16,$L92:$X92,#REF!))) -> 0 | AP92: =WORKDAY(AQ92,-INDEX(AQ$12:AQ$15,MATCH($I92,$I$12:$I$15,0)),$AW$17:$AW$148) -> #REF! | AQ92: =WORKDAY(U92,-INDEX(U$12:U$15,MATCH($I92,$I$12:$I$15,0)),$AW$17:$AW$148) -> #REF! | AR92: =WORKDAY(U92,-INDEX(U$12:U$15,MATCH($I92,$I$12:$I$15,0)),$AW$17:$AW$148) -> #REF! | AS92: 7 | AW92: #REF!
C93: =C92 -> RFQ-026 | D93: =D92 -> Safety Relief Valves | F93: =F92 -> Instrument | G93: =G92 -> N | I93: =I92 -> LB | J93: Forecast | K93: =K92 -> 46279 | L93: =WORKDAY(IF(K94="",K93,K94),INDEX(L$12:L$15,MATCH($I92,$I$12:$I$15,0))) -> 46280 | M93: =WORKDAY(IF(L94="",L93,L94),INDEX(M$12:M$15,MATCH($I92,$I$12:$I$15,0))) -> 46287 | N93: =WORKDAY(IF(M94="",M93,M94),INDEX(N$12:N$15,MATCH($I92,$I$12:$I$15,0))) -> 46288 | O93: =WORKDAY(IF(N94="",N93,N94),INDEX(O$12:O$15,MATCH($I92,$I$12:$I$15,0))) -> 46295 | R93: =WORKDAY(IF(O94="",O93,O94),INDEX(R$12:R$15,MATCH($I92,$I$12:$I$15,0))) -> 46309 | S93: =WORKDAY(IF(R94="",R93,R94),INDEX(S$12:S$15,MATCH($I92,$I$12:$I$15,0))) -> 46337 | T93: =WORKDAY(IF(S94="",S93,S94),INDEX(T$12:T$15,MATCH($I92,$I$12:$I$15,0))) -> 46342 | U93: =WORKDAY(IF(T94="",T93,T94),INDEX(U$12:U$15,MATCH($I92,$I$12:$I$15,0))) -> 46356 | V93: =WORKDAY(IF(U94="",U93,U94),INDEX(V$12:V$15,MATCH($I92,$I$12:$I$15,0))) -> 46358 | X93: =U93+Y92-2 -> 46538 | AC93: =IF(ISERROR(LOOKUP(AC$16,$L93:$X93,#REF!)),0,(LOOKUP(AC$16,$L93:$X93,#REF!))) -> 0 | AD93: =IF(ISERROR(LOOKUP(AD$16,$L93:$X93,#REF!)),0,(LOOKUP(AD$16,$L93:$X93,#REF!))) -> 0 | AE93: =IF(ISERROR(LOOKUP(AE$16,$L93:$X93,#REF!)),0,(LOOKUP(AE$16,$L93:$X93,#REF!))) -> 0 | AF93: =IF(ISERROR(LOOKUP(AF$16,$L93:$X93,#REF!)),0,(LOOKUP(AF$16,$L93:$X93,#REF!))) -> 0 | AG93: =IF(ISERROR(LOOKUP(AG$16,$L93:$X93,#REF!)),0,(LOOKUP(AG$16,$L93:$X93,#REF!))) -> 0 | AH93: =IF(ISERROR(LOOKUP(AH$16,$L93:$X93,#REF!)),0,(LOOKUP(AH$16,$L93:$X93,#REF!))) -> 0 | AI93: =IF(ISERROR(LOOKUP(AI$16,$L93:$X93,#REF!)),0,(LOOKUP(AI$16,$L93:$X93,#REF!))) -> 0 | AJ93: =IF(ISERROR(LOOKUP(AJ$16,$L93:$X93,#REF!)),0,(LOOKUP(AJ$16,$L93:$X93,#REF!))) -> 0 | ... AM93: =IF(ISERROR(LOOKUP(AM$16,$L93:$X93,#REF!)),0,(LOOKUP(AM$16,$L93:$X93,#REF!))) -> 0 | AP93: =WORKDAY(IF(T94="",T93,T94),INDEX(AP$12:AP$15,MATCH($I92,$I$12:$I$15,0)),$AW$17:$AW$148) -> #REF! | AQ93: =WORKDAY(IF(AP94="",AP93,AP94),INDEX(AQ$12:AQ$15,MATCH($I92,$I$12:$I$15,0)),$AW$17:$AW$148) -> #REF! | AR93: =WORKDAY(IF(AQ94="",AQ93,AQ94),INDEX(AR$12:AR$15,MATCH($I92,$I$12:$I$15,0)),$AW$17:$AW$148) -> #REF! | AW93: #REF!
C94: =C92 -> RFQ-026 | D94: =D92 -> Safety Relief Valves | F94: =F92 -> Instrument | G94: =G92 -> N | I94: =I92 -> LB | J94: Actual | AC94: =IF(ISERROR(LOOKUP(AC$16,$L94:$X94,#REF!)),0,(LOOKUP(AC$16,$L94:$X94,#REF!))) -> 0 | AD94: =IF(ISERROR(LOOKUP(AD$16,$L94:$X94,#REF!)),0,(LOOKUP(AD$16,$L94:$X94,#REF!))) -> 0 | AE94: =IF(ISERROR(LOOKUP(AE$16,$L94:$X94,#REF!)),0,(LOOKUP(AE$16,$L94:$X94,#REF!))) -> 0 | AF94: =IF(ISERROR(LOOKUP(AF$16,$L94:$X94,#REF!)),0,(LOOKUP(AF$16,$L94:$X94,#REF!))) -> 0 | AG94: =IF(ISERROR(LOOKUP(AG$16,$L94:$X94,#REF!)),0,(LOOKUP(AG$16,$L94:$X94,#REF!))) -> 0 | AH94: =IF(ISERROR(LOOKUP(AH$16,$L94:$X94,#REF!)),0,(LOOKUP(AH$16,$L94:$X94,#REF!))) -> 0 | AI94: =IF(ISERROR(LOOKUP(AI$16,$L94:$X94,#REF!)),0,(LOOKUP(AI$16,$L94:$X94,#REF!))) -> 0 | AJ94: =IF(ISERROR(LOOKUP(AJ$16,$L94:$X94,#REF!)),0,(LOOKUP(AJ$16,$L94:$X94,#REF!))) -> 0 | ... AM94: =IF(ISERROR(LOOKUP(AM$16,$L94:$X94,#REF!)),0,(LOOKUP(AM$16,$L94:$X94,#REF!))) -> 0 | AW94: #REF!
A95: =A92+1 -> 27 | C95: RFQ-027 | D95: Coriolis Flow Meters | F95: Instrument | G95: N | I95: LC | J95: Plan | K95: =WORKDAY(L95,-INDEX(L$12:L$15,MATCH($I95,$I$12:$I$15,0))) -> 46296 | L95: =WORKDAY(M95,-INDEX(M$12:M$15,MATCH($I95,$I$12:$I$15,0))) -> 46301 | M95: =WORKDAY(N95,-INDEX(N$12:N$15,MATCH($I95,$I$12:$I$15,0))) -> 46315 | N95: =WORKDAY(O95,-INDEX(O$12:O$15,MATCH($I95,$I$12:$I$15,0))) -> 46316 | O95: =WORKDAY(R95,-INDEX(R$12:R$15,MATCH($I95,$I$12:$I$15,0))) -> 46330 | P95: =U95-L95 -> 92 | R95: =WORKDAY(S95,-INDEX(S$12:S$15,MATCH($I95,$I$12:$I$15,0))) -> 46344 | S95: =WORKDAY(T95,-INDEX(T$12:T$15,MATCH($I95,$I$12:$I$15,0))) -> 46365 | T95: =WORKDAY(U95,-INDEX(U$12:U$15,MATCH($I95,$I$12:$I$15,0))) -> 46379 | U95: =X95-Y95 -> 46393 | V95: =WORKDAY(U95,INDEX(V$12:V$15,MATCH($I95,$I$12:$I$15,0))) -> 46395 | W95: =Y95/7 -> 20.714286 | X95: =Z95 -> 46538 | Y95: 145 | Z95: 46538 | AA95: 46538 | AB95: =Z95-X96 -> 0 | AC95: =IF(ISERROR(LOOKUP(AC$16,$L95:$X95,#REF!)),0,(LOOKUP(AC$16,$L95:$X95,#REF!))) -> 0 | AD95: =IF(ISERROR(LOOKUP(AD$16,$L95:$X95,#REF!)),0,(LOOKUP(AD$16,$L95:$X95,#REF!))) -> 0 | AE95: =IF(ISERROR(LOOKUP(AE$16,$L95:$X95,#REF!)),0,(LOOKUP(AE$16,$L95:$X95,#REF!))) -> 0 | AF95: =IF(ISERROR(LOOKUP(AF$16,$L95:$X95,#REF!)),0,(LOOKUP(AF$16,$L95:$X95,#REF!))) -> 0 | AG95: =IF(ISERROR(LOOKUP(AG$16,$L95:$X95,#REF!)),0,(LOOKUP(AG$16,$L95:$X95,#REF!))) -> 0 | AH95: =IF(ISERROR(LOOKUP(AH$16,$L95:$X95,#REF!)),0,(LOOKUP(AH$16,$L95:$X95,#REF!))) -> 0 | AI95: =IF(ISERROR(LOOKUP(AI$16,$L95:$X95,#REF!)),0,(LOOKUP(AI$16,$L95:$X95,#REF!))) -> 0 | AJ95: =IF(ISERROR(LOOKUP(AJ$16,$L95:$X95,#REF!)),0,(LOOKUP(AJ$16,$L95:$X95,#REF!))) -> 0 | ... AM95: =IF(ISERROR(LOOKUP(AM$16,$L95:$X95,#REF!)),0,(LOOKUP(AM$16,$L95:$X95,#REF!))) -> 0 | AP95: =WORKDAY(AQ95,-INDEX(AQ$12:AQ$15,MATCH($I95,$I$12:$I$15,0)),$AW$17:$AW$148) -> #REF! | AQ95: =WORKDAY(U95,-INDEX(U$12:U$15,MATCH($I95,$I$12:$I$15,0)),$AW$17:$AW$148) -> #REF! | AR95: =WORKDAY(U95,-INDEX(U$12:U$15,MATCH($I95,$I$12:$I$15,0)),$AW$17:$AW$148) -> #REF! | AS95: 7 | AW95: #REF!
C96: =C95 -> RFQ-027 | D96: =D95 -> Coriolis Flow Meters | F96: =F95 -> Instrument | G96: =G95 -> N | I96: =I95 -> LC | J96: Forecast | K96: =K95 -> 46296 | L96: =WORKDAY(IF(K97="",K96,K97),INDEX(L$12:L$15,MATCH($I95,$I$12:$I$15,0))) -> 46301 | M96: =WORKDAY(IF(L97="",L96,L97),INDEX(M$12:M$15,MATCH($I95,$I$12:$I$15,0))) -> 46315 | N96: =WORKDAY(IF(M97="",M96,M97),INDEX(N$12:N$15,MATCH($I95,$I$12:$I$15,0))) -> 46316 | O96: =WORKDAY(IF(N97="",N96,N97),INDEX(O$12:O$15,MATCH($I95,$I$12:$I$15,0))) -> 46330 | R96: =WORKDAY(IF(O97="",O96,O97),INDEX(R$12:R$15,MATCH($I95,$I$12:$I$15,0))) -> 46344 | S96: =WORKDAY(IF(R97="",R96,R97),INDEX(S$12:S$15,MATCH($I95,$I$12:$I$15,0))) -> 46365 | T96: =WORKDAY(IF(S97="",S96,S97),INDEX(T$12:T$15,MATCH($I95,$I$12:$I$15,0))) -> 46379 | U96: =WORKDAY(IF(T97="",T96,T97),INDEX(U$12:U$15,MATCH($I95,$I$12:$I$15,0))) -> 46393 | V96: =WORKDAY(IF(U97="",U96,U97),INDEX(V$12:V$15,MATCH($I95,$I$12:$I$15,0))) -> 46395 | X96: =U96+Y95 -> 46538 | AC96: =IF(ISERROR(LOOKUP(AC$16,$L96:$X96,#REF!)),0,(LOOKUP(AC$16,$L96:$X96,#REF!))) -> 0 | AD96: =IF(ISERROR(LOOKUP(AD$16,$L96:$X96,#REF!)),0,(LOOKUP(AD$16,$L96:$X96,#REF!))) -> 0 | AE96: =IF(ISERROR(LOOKUP(AE$16,$L96:$X96,#REF!)),0,(LOOKUP(AE$16,$L96:$X96,#REF!))) -> 0 | AF96: =IF(ISERROR(LOOKUP(AF$16,$L96:$X96,#REF!)),0,(LOOKUP(AF$16,$L96:$X96,#REF!))) -> 0 | AG96: =IF(ISERROR(LOOKUP(AG$16,$L96:$X96,#REF!)),0,(LOOKUP(AG$16,$L96:$X96,#REF!))) -> 0 | AH96: =IF(ISERROR(LOOKUP(AH$16,$L96:$X96,#REF!)),0,(LOOKUP(AH$16,$L96:$X96,#REF!))) -> 0 | AI96: =IF(ISERROR(LOOKUP(AI$16,$L96:$X96,#REF!)),0,(LOOKUP(AI$16,$L96:$X96,#REF!))) -> 0 | AJ96: =IF(ISERROR(LOOKUP(AJ$16,$L96:$X96,#REF!)),0,(LOOKUP(AJ$16,$L96:$X96,#REF!))) -> 0 | ... AM96: =IF(ISERROR(LOOKUP(AM$16,$L96:$X96,#REF!)),0,(LOOKUP(AM$16,$L96:$X96,#REF!))) -> 0 | AP96: =WORKDAY(IF(T97="",T96,T97),INDEX(AP$12:AP$15,MATCH($I95,$I$12:$I$15,0)),$AW$17:$AW$148) -> #REF! | AQ96: =WORKDAY(IF(AP97="",AP96,AP97),INDEX(AQ$12:AQ$15,MATCH($I95,$I$12:$I$15,0)),$AW$17:$AW$148) -> #REF! | AR96: =WORKDAY(IF(AQ97="",AQ96,AQ97),INDEX(AR$12:AR$15,MATCH($I95,$I$12:$I$15,0)),$AW$17:$AW$148) -> #REF! | AW96: {='[36]Procurement progress '!$A$2:$A$80} -> #REF!
C97: =C95 -> RFQ-027 | D97: =D95 -> Coriolis Flow Meters | F97: =F95 -> Instrument | G97: =G95 -> N | I97: =I95 -> LC | J97: Actual | AC97: =IF(ISERROR(LOOKUP(AC$16,$L97:$X97,#REF!)),0,(LOOKUP(AC$16,$L97:$X97,#REF!))) -> 0 | AD97: =IF(ISERROR(LOOKUP(AD$16,$L97:$X97,#REF!)),0,(LOOKUP(AD$16,$L97:$X97,#REF!))) -> 0 | AE97: =IF(ISERROR(LOOKUP(AE$16,$L97:$X97,#REF!)),0,(LOOKUP(AE$16,$L97:$X97,#REF!))) -> 0 | AF97: =IF(ISERROR(LOOKUP(AF$16,$L97:$X97,#REF!)),0,(LOOKUP(AF$16,$L97:$X97,#REF!))) -> 0 | AG97: =IF(ISERROR(LOOKUP(AG$16,$L97:$X97,#REF!)),0,(LOOKUP(AG$16,$L97:$X97,#REF!))) -> 0 | AH97: =IF(ISERROR(LOOKUP(AH$16,$L97:$X97,#REF!)),0,(LOOKUP(AH$16,$L97:$X97,#REF!))) -> 0 | AI97: =IF(ISERROR(LOOKUP(AI$16,$L97:$X97,#REF!)),0,(LOOKUP(AI$16,$L97:$X97,#REF!))) -> 0 | AJ97: =IF(ISERROR(LOOKUP(AJ$16,$L97:$X97,#REF!)),0,(LOOKUP(AJ$16,$L97:$X97,#REF!))) -> 0 | ... AM97: =IF(ISERROR(LOOKUP(AM$16,$L97:$X97,#REF!)),0,(LOOKUP(AM$16,$L97:$X97,#REF!))) -> 0 | AW97: #REF!
A98: =A95+1 -> 28 | C98: RFQ-028 | D98: Wellhead Control Panel (WHCP) | F98: Instrument | G98: Y | I98: LA | J98: Plan | K98: =WORKDAY(L98,-INDEX(L$12:L$15,MATCH($I98,$I$12:$I$15,0))) -> 46147 | L98: =WORKDAY(M98,-INDEX(M$12:M$15,MATCH($I98,$I$12:$I$15,0))) -> 46148 | M98: =WORKDAY(N98,-INDEX(N$12:N$15,MATCH($I98,$I$12:$I$15,0))) -> 46155 | N98: =WORKDAY(O98,-INDEX(O$12:O$15,MATCH($I98,$I$12:$I$15,0))) -> 46156 | O98: =WORKDAY(R98,-INDEX(R$12:R$15,MATCH($I98,$I$12:$I$15,0))) -> 46163 | P98: =U98-L98 -> 76 | R98: =WORKDAY(S98,-INDEX(S$12:S$15,MATCH($I98,$I$12:$I$15,0))) -> 46177 | S98: =WORKDAY(T98,-INDEX(T$12:T$15,MATCH($I98,$I$12:$I$15,0))) -> 46205 | T98: =WORKDAY(U98,-INDEX(U$12:U$15,MATCH($I98,$I$12:$I$15,0))) -> 46210 | U98: =X98-Y98 -> 46224 | V98: =WORKDAY(U98,INDEX(V$12:V$15,MATCH($I98,$I$12:$I$15,0))) -> 46226 | W98: =Y98/7 -> 36 | X98: =Z98 -> 46476 | Y98: 252 | Z98: 46476 | AA98: 46416 | AB98: =Z98-X99 -> 0 | AC98: =IF(ISERROR(LOOKUP(AC$16,$L98:$X98,#REF!)),0,(LOOKUP(AC$16,$L98:$X98,#REF!))) -> 0 | AD98: =IF(ISERROR(LOOKUP(AD$16,$L98:$X98,#REF!)),0,(LOOKUP(AD$16,$L98:$X98,#REF!))) -> 0 | AE98: =IF(ISERROR(LOOKUP(AE$16,$L98:$X98,#REF!)),0,(LOOKUP(AE$16,$L98:$X98,#REF!))) -> 0 | AF98: =IF(ISERROR(LOOKUP(AF$16,$L98:$X98,#REF!)),0,(LOOKUP(AF$16,$L98:$X98,#REF!))) -> 0 | AG98: =IF(ISERROR(LOOKUP(AG$16,$L98:$X98,#REF!)),0,(LOOKUP(AG$16,$L98:$X98,#REF!))) -> 0 | AH98: =IF(ISERROR(LOOKUP(AH$16,$L98:$X98,#REF!)),0,(LOOKUP(AH$16,$L98:$X98,#REF!))) -> 0 | AI98: =IF(ISERROR(LOOKUP(AI$16,$L98:$X98,#REF!)),0,(LOOKUP(AI$16,$L98:$X98,#REF!))) -> 0 | AJ98: =IF(ISERROR(LOOKUP(AJ$16,$L98:$X98,#REF!)),0,(LOOKUP(AJ$16,$L98:$X98,#REF!))) -> 0 | ... AM98: =IF(ISERROR(LOOKUP(AM$16,$L98:$X98,#REF!)),0,(LOOKUP(AM$16,$L98:$X98,#REF!))) -> 0 | AP98: =WORKDAY(AQ98,-INDEX(AQ$12:AQ$15,MATCH($I98,$I$12:$I$15,0)),$AW$17:$AW$148) -> #REF! | AQ98: =WORKDAY(U98,-INDEX(U$12:U$15,MATCH($I98,$I$12:$I$15,0)),$AW$17:$AW$148) -> #REF! | AR98: =WORKDAY(U98,-INDEX(U$12:U$15,MATCH($I98,$I$12:$I$15,0)),$AW$17:$AW$148) -> #REF! | AS98: 7 | AW98: #REF!
C99: =C98 -> RFQ-028 | D99: =D98 -> Wellhead Control Panel (WHCP) | F99: =F98 -> Instrument | G99: =G98 -> Y | I99: =I98 -> LA | J99: Forecast | K99: =K98 -> 46147 | L99: =WORKDAY(IF(K100="",K99,K100),INDEX(L$12:L$15,MATCH($I98,$I$12:$I$15,0))) -> 46148 | M99: =WORKDAY(IF(L100="",L99,L100),INDEX(M$12:M$15,MATCH($I98,$I$12:$I$15,0))) -> 46155 | N99: =WORKDAY(IF(M100="",M99,M100),INDEX(N$12:N$15,MATCH($I98,$I$12:$I$15,0))) -> 46156 | O99: =WORKDAY(IF(N100="",N99,N100),INDEX(O$12:O$15,MATCH($I98,$I$12:$I$15,0))) -> 46163 | R99: =WORKDAY(IF(O100="",O99,O100),INDEX(R$12:R$15,MATCH($I98,$I$12:$I$15,0))) -> 46177 | S99: =WORKDAY(IF(R100="",R99,R100),INDEX(S$12:S$15,MATCH($I98,$I$12:$I$15,0))) -> 46205 | T99: =WORKDAY(IF(S100="",S99,S100),INDEX(T$12:T$15,MATCH($I98,$I$12:$I$15,0))) -> 46210 | U99: =WORKDAY(IF(T100="",T99,T100),INDEX(U$12:U$15,MATCH($I98,$I$12:$I$15,0))) -> 46224 | V99: =WORKDAY(IF(U100="",U99,U100),INDEX(V$12:V$15,MATCH($I98,$I$12:$I$15,0))) -> 46226 | X99: =U99+Y98 -> 46476 | AC99: =IF(ISERROR(LOOKUP(AC$16,$L99:$X99,#REF!)),0,(LOOKUP(AC$16,$L99:$X99,#REF!))) -> 0 | AD99: =IF(ISERROR(LOOKUP(AD$16,$L99:$X99,#REF!)),0,(LOOKUP(AD$16,$L99:$X99,#REF!))) -> 0 | AE99: =IF(ISERROR(LOOKUP(AE$16,$L99:$X99,#REF!)),0,(LOOKUP(AE$16,$L99:$X99,#REF!))) -> 0 | AF99: =IF(ISERROR(LOOKUP(AF$16,$L99:$X99,#REF!)),0,(LOOKUP(AF$16,$L99:$X99,#REF!))) -> 0 | AG99: =IF(ISERROR(LOOKUP(AG$16,$L99:$X99,#REF!)),0,(LOOKUP(AG$16,$L99:$X99,#REF!))) -> 0 | AH99: =IF(ISERROR(LOOKUP(AH$16,$L99:$X99,#REF!)),0,(LOOKUP(AH$16,$L99:$X99,#REF!))) -> 0 | AI99: =IF(ISERROR(LOOKUP(AI$16,$L99:$X99,#REF!)),0,(LOOKUP(AI$16,$L99:$X99,#REF!))) -> 0 | AJ99: =IF(ISERROR(LOOKUP(AJ$16,$L99:$X99,#REF!)),0,(LOOKUP(AJ$16,$L99:$X99,#REF!))) -> 0 | ... AM99: =IF(ISERROR(LOOKUP(AM$16,$L99:$X99,#REF!)),0,(LOOKUP(AM$16,$L99:$X99,#REF!))) -> 0 | AP99: =WORKDAY(IF(T100="",T99,T100),INDEX(AP$12:AP$15,MATCH($I98,$I$12:$I$15,0)),$AW$17:$AW$148) -> #REF! | AQ99: =WORKDAY(IF(AP100="",AP99,AP100),INDEX(AQ$12:AQ$15,MATCH($I98,$I$12:$I$15,0)),$AW$17:$AW$148) -> #REF! | AR99: =WORKDAY(IF(AQ100="",AQ99,AQ100),INDEX(AR$12:AR$15,MATCH($I98,$I$12:$I$15,0)),$AW$17:$AW$148) -> #REF! | AW99: #REF!
C100: =C98 -> RFQ-028 | D100: =D98 -> Wellhead Control Panel (WHCP) | F100: =F98 -> Instrument | G100: =G98 -> Y | I100: =I98 -> LA | J100: Actual | AC100: =IF(ISERROR(LOOKUP(AC$16,$L100:$X100,#REF!)),0,(LOOKUP(AC$16,$L100:$X100,#REF!))) -> 0 | AD100: =IF(ISERROR(LOOKUP(AD$16,$L100:$X100,#REF!)),0,(LOOKUP(AD$16,$L100:$X100,#REF!))) -> 0 | AE100: =IF(ISERROR(LOOKUP(AE$16,$L100:$X100,#REF!)),0,(LOOKUP(AE$16,$L100:$X100,#REF!))) -> 0 | AF100: =IF(ISERROR(LOOKUP(AF$16,$L100:$X100,#REF!)),0,(LOOKUP(AF$16,$L100:$X100,#REF!))) -> 0 | AG100: =IF(ISERROR(LOOKUP(AG$16,$L100:$X100,#REF!)),0,(LOOKUP(AG$16,$L100:$X100,#REF!))) -> 0 | AH100: =IF(ISERROR(LOOKUP(AH$16,$L100:$X100,#REF!)),0,(LOOKUP(AH$16,$L100:$X100,#REF!))) -> 0 | AI100: =IF(ISERROR(LOOKUP(AI$16,$L100:$X100,#REF!)),0,(LOOKUP(AI$16,$L100:$X100,#REF!))) -> 0 | AJ100: =IF(ISERROR(LOOKUP(AJ$16,$L100:$X100,#REF!)),0,(LOOKUP(AJ$16,$L100:$X100,#REF!))) -> 0 | ... AM100: =IF(ISERROR(LOOKUP(AM$16,$L100:$X100,#REF!)),0,(LOOKUP(AM$16,$L100:$X100,#REF!))) -> 0 | AW100: #REF!
A101: =A98+1 -> 29 | C101: RFQ-029 | D101: Pressure Gauge | F101: Instrument | G101: N | I101: LC | J101: Plan | K101: =WORKDAY(L101,-INDEX(L$12:L$15,MATCH($I101,$I$12:$I$15,0))) -> 46315 | L101: =WORKDAY(M101,-INDEX(M$12:M$15,MATCH($I101,$I$12:$I$15,0))) -> 46318 | M101: =WORKDAY(N101,-INDEX(N$12:N$15,MATCH($I101,$I$12:$I$15,0))) -> 46332 | N101: =WORKDAY(O101,-INDEX(O$12:O$15,MATCH($I101,$I$12:$I$15,0))) -> 46335 | O101: =WORKDAY(R101,-INDEX(R$12:R$15,MATCH($I101,$I$12:$I$15,0))) -> 46349 | P101: =U101-L101 -> 94 | R101: =WORKDAY(S101,-INDEX(S$12:S$15,MATCH($I101,$I$12:$I$15,0))) -> 46363 | S101: =WORKDAY(T101,-INDEX(T$12:T$15,MATCH($I101,$I$12:$I$15,0))) -> 46384 | T101: =WORKDAY(U101,-INDEX(U$12:U$15,MATCH($I101,$I$12:$I$15,0))) -> 46398 | U101: =X101-Y101 -> 46412 | V101: =WORKDAY(U101,INDEX(V$12:V$15,MATCH($I101,$I$12:$I$15,0))) -> 46414 | W101: =Y101/7 -> 18 | X101: =Z101 -> 46538 | Y101: =18*7 -> 126 | Z101: 46538 | AA101: 46538 | AB101: =Z101-X102 -> 0 | AC101: =IF(ISERROR(LOOKUP(AC$16,$L101:$X101,#REF!)),0,(LOOKUP(AC$16,$L101:$X101,#REF!))) -> 0 | AD101: =IF(ISERROR(LOOKUP(AD$16,$L101:$X101,#REF!)),0,(LOOKUP(AD$16,$L101:$X101,#REF!))) -> 0 | AE101: =IF(ISERROR(LOOKUP(AE$16,$L101:$X101,#REF!)),0,(LOOKUP(AE$16,$L101:$X101,#REF!))) -> 0 | AF101: =IF(ISERROR(LOOKUP(AF$16,$L101:$X101,#REF!)),0,(LOOKUP(AF$16,$L101:$X101,#REF!))) -> 0 | AG101: =IF(ISERROR(LOOKUP(AG$16,$L101:$X101,#REF!)),0,(LOOKUP(AG$16,$L101:$X101,#REF!))) -> 0 | AH101: =IF(ISERROR(LOOKUP(AH$16,$L101:$X101,#REF!)),0,(LOOKUP(AH$16,$L101:$X101,#REF!))) -> 0 | AI101: =IF(ISERROR(LOOKUP(AI$16,$L101:$X101,#REF!)),0,(LOOKUP(AI$16,$L101:$X101,#REF!))) -> 0 | AJ101: =IF(ISERROR(LOOKUP(AJ$16,$L101:$X101,#REF!)),0,(LOOKUP(AJ$16,$L101:$X101,#REF!))) -> 0 | ... AM101: =IF(ISERROR(LOOKUP(AM$16,$L101:$X101,#REF!)),0,(LOOKUP(AM$16,$L101:$X101,#REF!))) -> 0 | AP101: =WORKDAY(AQ101,-INDEX(AQ$12:AQ$15,MATCH($I101,$I$12:$I$15,0)),$AW$17:$AW$148) -> #REF! | AQ101: =WORKDAY(U101,-INDEX(U$12:U$15,MATCH($I101,$I$12:$I$15,0)),$AW$17:$AW$148) -> #REF! | AR101: =WORKDAY(U101,-INDEX(U$12:U$15,MATCH($I101,$I$12:$I$15,0)),$AW$17:$AW$148) -> #REF! | AS101: 7 | AW101: #REF!
C102: =C101 -> RFQ-029 | D102: =D101 -> Pressure Gauge | F102: =F101 -> Instrument | G102: =G101 -> N | I102: =I101 -> LC | J102: Forecast | K102: =K101 -> 46315 | L102: =WORKDAY(IF(K103="",K102,K103),INDEX(L$12:L$15,MATCH($I101,$I$12:$I$15,0))) -> 46318 | M102: =WORKDAY(IF(L103="",L102,L103),INDEX(M$12:M$15,MATCH($I101,$I$12:$I$15,0))) -> 46332 | N102: =WORKDAY(IF(M103="",M102,M103),INDEX(N$12:N$15,MATCH($I101,$I$12:$I$15,0))) -> 46335 | O102: =WORKDAY(IF(N103="",N102,N103),INDEX(O$12:O$15,MATCH($I101,$I$12:$I$15,0))) -> 46349 | R102: =WORKDAY(IF(O103="",O102,O103),INDEX(R$12:R$15,MATCH($I101,$I$12:$I$15,0))) -> 46363 | S102: =WORKDAY(IF(R103="",R102,R103),INDEX(S$12:S$15,MATCH($I101,$I$12:$I$15,0))) -> 46384 | T102: =WORKDAY(IF(S103="",S102,S103),INDEX(T$12:T$15,MATCH($I101,$I$12:$I$15,0))) -> 46398 | U102: =WORKDAY(IF(T103="",T102,T103),INDEX(U$12:U$15,MATCH($I101,$I$12:$I$15,0))) -> 46412 | V102: =WORKDAY(IF(U103="",U102,U103),INDEX(V$12:V$15,MATCH($I101,$I$12:$I$15,0))) -> 46414 | X102: =U102+Y101 -> 46538 | AC102: =IF(ISERROR(LOOKUP(AC$16,$L102:$X102,#REF!)),0,(LOOKUP(AC$16,$L102:$X102,#REF!))) -> 0 | AD102: =IF(ISERROR(LOOKUP(AD$16,$L102:$X102,#REF!)),0,(LOOKUP(AD$16,$L102:$X102,#REF!))) -> 0 | AE102: =IF(ISERROR(LOOKUP(AE$16,$L102:$X102,#REF!)),0,(LOOKUP(AE$16,$L102:$X102,#REF!))) -> 0 | AF102: =IF(ISERROR(LOOKUP(AF$16,$L102:$X102,#REF!)),0,(LOOKUP(AF$16,$L102:$X102,#REF!))) -> 0 | AG102: =IF(ISERROR(LOOKUP(AG$16,$L102:$X102,#REF!)),0,(LOOKUP(AG$16,$L102:$X102,#REF!))) -> 0 | AH102: =IF(ISERROR(LOOKUP(AH$16,$L102:$X102,#REF!)),0,(LOOKUP(AH$16,$L102:$X102,#REF!))) -> 0 | AI102: =IF(ISERROR(LOOKUP(AI$16,$L102:$X102,#REF!)),0,(LOOKUP(AI$16,$L102:$X102,#REF!))) -> 0 | AJ102: =IF(ISERROR(LOOKUP(AJ$16,$L102:$X102,#REF!)),0,(LOOKUP(AJ$16,$L102:$X102,#REF!))) -> 0 | ... AM102: =IF(ISERROR(LOOKUP(AM$16,$L102:$X102,#REF!)),0,(LOOKUP(AM$16,$L102:$X102,#REF!))) -> 0 | AP102: =WORKDAY(IF(T103="",T102,T103),INDEX(AP$12:AP$15,MATCH($I101,$I$12:$I$15,0)),$AW$17:$AW$148) -> #REF! | AQ102: =WORKDAY(IF(AP103="",AP102,AP103),INDEX(AQ$12:AQ$15,MATCH($I101,$I$12:$I$15,0)),$AW$17:$AW$148) -> #REF! | AR102: =WORKDAY(IF(AQ103="",AQ102,AQ103),INDEX(AR$12:AR$15,MATCH($I101,$I$12:$I$15,0)),$AW$17:$AW$148) -> #REF! | AW102: #REF!
C103: =C101 -> RFQ-029 | D103: =D101 -> Pressure Gauge | F103: =F101 -> Instrument | G103: =G101 -> N | I103: =I101 -> LC | J103: Actual | AC103: =IF(ISERROR(LOOKUP(AC$16,$L103:$X103,#REF!)),0,(LOOKUP(AC$16,$L103:$X103,#REF!))) -> 0 | AD103: =IF(ISERROR(LOOKUP(AD$16,$L103:$X103,#REF!)),0,(LOOKUP(AD$16,$L103:$X103,#REF!))) -> 0 | AE103: =IF(ISERROR(LOOKUP(AE$16,$L103:$X103,#REF!)),0,(LOOKUP(AE$16,$L103:$X103,#REF!))) -> 0 | AF103: =IF(ISERROR(LOOKUP(AF$16,$L103:$X103,#REF!)),0,(LOOKUP(AF$16,$L103:$X103,#REF!))) -> 0 | AG103: =IF(ISERROR(LOOKUP(AG$16,$L103:$X103,#REF!)),0,(LOOKUP(AG$16,$L103:$X103,#REF!))) -> 0 | AH103: =IF(ISERROR(LOOKUP(AH$16,$L103:$X103,#REF!)),0,(LOOKUP(AH$16,$L103:$X103,#REF!))) -> 0 | AI103: =IF(ISERROR(LOOKUP(AI$16,$L103:$X103,#REF!)),0,(LOOKUP(AI$16,$L103:$X103,#REF!))) -> 0 | AJ103: =IF(ISERROR(LOOKUP(AJ$16,$L103:$X103,#REF!)),0,(LOOKUP(AJ$16,$L103:$X103,#REF!))) -> 0 | ... AM103: =IF(ISERROR(LOOKUP(AM$16,$L103:$X103,#REF!)),0,(LOOKUP(AM$16,$L103:$X103,#REF!))) -> 0 | AW103: #REF!
A104: =A101+1 -> 30 | C104: RFQ-030 | D104: Pressure Transmitter | F104: Instrument | G104: N | I104: LC | J104: Plan | K104: =WORKDAY(L104,-INDEX(L$12:L$15,MATCH($I104,$I$12:$I$15,0))) -> 46315 | L104: =WORKDAY(M104,-INDEX(M$12:M$15,MATCH($I104,$I$12:$I$15,0))) -> 46318 | M104: =WORKDAY(N104,-INDEX(N$12:N$15,MATCH($I104,$I$12:$I$15,0))) -> 46332 | N104: =WORKDAY(O104,-INDEX(O$12:O$15,MATCH($I104,$I$12:$I$15,0))) -> 46335 | O104: =WORKDAY(R104,-INDEX(R$12:R$15,MATCH($I104,$I$12:$I$15,0))) -> 46349 | P104: =U104-L104 -> 94 | R104: =WORKDAY(S104,-INDEX(S$12:S$15,MATCH($I104,$I$12:$I$15,0))) -> 46363 | S104: =WORKDAY(T104,-INDEX(T$12:T$15,MATCH($I104,$I$12:$I$15,0))) -> 46384 | T104: =WORKDAY(U104,-INDEX(U$12:U$15,MATCH($I104,$I$12:$I$15,0))) -> 46398 | U104: =X104-Y104 -> 46412 | V104: =WORKDAY(U104,INDEX(V$12:V$15,MATCH($I104,$I$12:$I$15,0))) -> 46414 | W104: =Y104/7 -> 18 | X104: =Z104 -> 46538 | Y104: =18*7 -> 126 | Z104: 46538 | AA104: 46538 | AB104: =Z104-X105 -> 0 | AC104: =IF(ISERROR(LOOKUP(AC$16,$L104:$X104,#REF!)),0,(LOOKUP(AC$16,$L104:$X104,#REF!))) -> 0 | AD104: =IF(ISERROR(LOOKUP(AD$16,$L104:$X104,#REF!)),0,(LOOKUP(AD$16,$L104:$X104,#REF!))) -> 0 | AE104: =IF(ISERROR(LOOKUP(AE$16,$L104:$X104,#REF!)),0,(LOOKUP(AE$16,$L104:$X104,#REF!))) -> 0 | AF104: =IF(ISERROR(LOOKUP(AF$16,$L104:$X104,#REF!)),0,(LOOKUP(AF$16,$L104:$X104,#REF!))) -> 0 | AG104: =IF(ISERROR(LOOKUP(AG$16,$L104:$X104,#REF!)),0,(LOOKUP(AG$16,$L104:$X104,#REF!))) -> 0 | AH104: =IF(ISERROR(LOOKUP(AH$16,$L104:$X104,#REF!)),0,(LOOKUP(AH$16,$L104:$X104,#REF!))) -> 0 | AI104: =IF(ISERROR(LOOKUP(AI$16,$L104:$X104,#REF!)),0,(LOOKUP(AI$16,$L104:$X104,#REF!))) -> 0 | AJ104: =IF(ISERROR(LOOKUP(AJ$16,$L104:$X104,#REF!)),0,(LOOKUP(AJ$16,$L104:$X104,#REF!))) -> 0 | ... AM104: =IF(ISERROR(LOOKUP(AM$16,$L104:$X104,#REF!)),0,(LOOKUP(AM$16,$L104:$X104,#REF!))) -> 0 | AP104: =WORKDAY(AQ104,-INDEX(AQ$12:AQ$15,MATCH($I104,$I$12:$I$15,0)),$AW$17:$AW$148) -> #REF! | AQ104: =WORKDAY(U104,-INDEX(U$12:U$15,MATCH($I104,$I$12:$I$15,0)),$AW$17:$AW$148) -> #REF! | AR104: =WORKDAY(U104,-INDEX(U$12:U$15,MATCH($I104,$I$12:$I$15,0)),$AW$17:$AW$148) -> #REF! | AS104: 7 | AW104: #REF!
C105: =C104 -> RFQ-030 | D105: =D104 -> Pressure Transmitter | F105: =F104 -> Instrument | G105: =G104 -> N | I105: =I104 -> LC | J105: Forecast | K105: =K104 -> 46315 | L105: =WORKDAY(IF(K106="",K105,K106),INDEX(L$12:L$15,MATCH($I104,$I$12:$I$15,0))) -> 46318 | M105: =WORKDAY(IF(L106="",L105,L106),INDEX(M$12:M$15,MATCH($I104,$I$12:$I$15,0))) -> 46332 | N105: =WORKDAY(IF(M106="",M105,M106),INDEX(N$12:N$15,MATCH($I104,$I$12:$I$15,0))) -> 46335 | O105: =WORKDAY(IF(N106="",N105,N106),INDEX(O$12:O$15,MATCH($I104,$I$12:$I$15,0))) -> 46349 | R105: =WORKDAY(IF(O106="",O105,O106),INDEX(R$12:R$15,MATCH($I104,$I$12:$I$15,0))) -> 46363 | S105: =WORKDAY(IF(R106="",R105,R106),INDEX(S$12:S$15,MATCH($I104,$I$12:$I$15,0))) -> 46384 | T105: =WORKDAY(IF(S106="",S105,S106),INDEX(T$12:T$15,MATCH($I104,$I$12:$I$15,0))) -> 46398 | U105: =WORKDAY(IF(T106="",T105,T106),INDEX(U$12:U$15,MATCH($I104,$I$12:$I$15,0))) -> 46412 | V105: =WORKDAY(IF(U106="",U105,U106),INDEX(V$12:V$15,MATCH($I104,$I$12:$I$15,0))) -> 46414 | X105: =U105+Y104 -> 46538 | AC105: =IF(ISERROR(LOOKUP(AC$16,$L105:$X105,#REF!)),0,(LOOKUP(AC$16,$L105:$X105,#REF!))) -> 0 | AD105: =IF(ISERROR(LOOKUP(AD$16,$L105:$X105,#REF!)),0,(LOOKUP(AD$16,$L105:$X105,#REF!))) -> 0 | AE105: =IF(ISERROR(LOOKUP(AE$16,$L105:$X105,#REF!)),0,(LOOKUP(AE$16,$L105:$X105,#REF!))) -> 0 | AF105: =IF(ISERROR(LOOKUP(AF$16,$L105:$X105,#REF!)),0,(LOOKUP(AF$16,$L105:$X105,#REF!))) -> 0 | AG105: =IF(ISERROR(LOOKUP(AG$16,$L105:$X105,#REF!)),0,(LOOKUP(AG$16,$L105:$X105,#REF!))) -> 0 | AH105: =IF(ISERROR(LOOKUP(AH$16,$L105:$X105,#REF!)),0,(LOOKUP(AH$16,$L105:$X105,#REF!))) -> 0 | AI105: =IF(ISERROR(LOOKUP(AI$16,$L105:$X105,#REF!)),0,(LOOKUP(AI$16,$L105:$X105,#REF!))) -> 0 | AJ105: =IF(ISERROR(LOOKUP(AJ$16,$L105:$X105,#REF!)),0,(LOOKUP(AJ$16,$L105:$X105,#REF!))) -> 0 | ... AM105: =IF(ISERROR(LOOKUP(AM$16,$L105:$X105,#REF!)),0,(LOOKUP(AM$16,$L105:$X105,#REF!))) -> 0 | AP105: =WORKDAY(IF(T106="",T105,T106),INDEX(AP$12:AP$15,MATCH($I104,$I$12:$I$15,0)),$AW$17:$AW$148) -> #REF! | AQ105: =WORKDAY(IF(AP106="",AP105,AP106),INDEX(AQ$12:AQ$15,MATCH($I104,$I$12:$I$15,0)),$AW$17:$AW$148) -> #REF! | AR105: =WORKDAY(IF(AQ106="",AQ105,AQ106),INDEX(AR$12:AR$15,MATCH($I104,$I$12:$I$15,0)),$AW$17:$AW$148) -> #REF! | AW105: #REF!
