Workbook

Sheet PSR
A1: PROVISION OF ENGINEERING, PROCUREMENT, CONSTRUCTION AND COMMISSIONING FOR WELLHEAD PLATFORMS, ASSOCIATED PIPLINES AND BROWNFIELD MODIFICATIONS FOR ZAWTIKA DEVELOPMENT PROJECT PHASE 1F
A2: Procurement Plan
K6: LA | L6: Most complexity RFQ | P6: 1 | Q6: 10 | R6: 0 | S6: 0 | T6: 10 | U6: 17 | V6: 10 | X6: 9 | Y6: 2 | Z6: 5 | AA6: 20 | AB6: 10 | AR6: 3 | AT6: 10 | AU6: 2
K7: LB | L7: High complexity RFQ | P7: 1 | Q7: 10 | R7: 0 | S7: 0 | T7: 10 | U7: 17 | V7: 10 | X7: 9 | Y7: 2 | Z7: 5 | AA7: 20 | AB7: 10 | AR7: 3 | AT7: 10 | AU7: 2
K8: LC | L8: Normal complexity RFQ | P8: 1 | Q8: 10 | R8: 0 | S8: 0 | T8: 10 | U8: 13 | V8: 10 | X8: 9 | Y8: 2 | Z8: 5 | AA8: 15 | AB8: 10 | AR8: 3 | AT8: 10 | AU8: 2
A9: Contract no: MMC25-5001 | K9: LD | L9: Low complexity RFQ | P9: 1 | Q9: 10 | R9: 0 | S9: 0 | T9: 5 | U9: 7 | V9: 10 | X9: 5 | Y9: 2 | Z9: 5 | AA9: 10 | AB9: 10 | AQ9: Update: 31-Jul-2026 | AR9: 2 | AT9: 5 | AU9: 2
A10: No. | B10: MR No. | C10: RFQ No. | D10: Package Name | E10: Tag No. | F10: Q'ty | G10: CODE | H10: DIS | I10: LLI (Y/N) | J10: CR | K10: Priority Level | L10: PO description | M10: Owner | N10: P/F/A | O10: Bidder list Approval | P10: MR Issued (IFR) | Q10: MR Approved | R10: RFQ Issued | S10: RFQ Approved | T10: Bid Closing Date | U10: TBE Issued | V10: TBE Approved | W10: LOA issued | X10: PO Issued | Y10: Vendor Acknowledgement | Z10: KOM | AA10: VDB Submission | AB10: Approval of Key VP | AC10: Main Material Arrived | AD10: PIM | AE10: Start Production | AF10: FAT | AG10: Ready for Shipment | AH10: Receipt at WORKSITE | AI10: Punch List Clearance(all punch clearance before Tag Equipment Ready for Shipping ) | AJ10: Approval of Final Documentation (To be confirmed later) | AK10: Delivery Duration (Weeks) | AL10: days | AM10: Delivery Date(1st Batch for ZWP21) | AN10: ROS Date | AO10: Float | AP10: Responder | AQ10: Remarks | AR10: 40329 | AS10: 40359 | AT10: 40390 | AU10: 40421 | AV10: 40451 | AW10: 40482 | AX10: 40512 | AY10: 40543 | AZ10: 40574 | BA10: 40602 | BB10: =TODAY() -> 46236
N11: Matrix | O11: PTTEP | P11: ENG | Q11: PTTEP | R11: TJE PRC | S11: PTTEP | T11: TJE PRC | U11: ENG | V11: PTTEP | W11: TJE PRC | X11: TJE PRC | Y11: BIDDER | Z11: TJE PRC | AA11: Vendor | AB11: ENG | AC11: Vendor | AD11: TJE QA/QC | AE11: Vendor | AF11: TJE QA/QC | AG11: Vendor | AH11: THE Worksite | AI11: TJE QA/QC | AJ11: TJE PRC | AM11: TJE PRC
N12: Holiday | O12: China | P12: Thai | Q12: Thai | R12: China | S12: Thai | T12: China | U12: Thai | V12: Thai | W12: China | X12: China | Y12: China | Z12: China | AA12: China | AB12: Thai | AR12: Thai | AT12: China | AU12: China
A13: 1 | B13: MM-ZTK-1F-GEN-MEC-MR-0001 | C13: RFQ-MA-001 | D13: Offshore Pedestal Crane | E13: CR7001 | F13: 1*4 | G13: 4-2 | H13: MA | I13: Y | J13: L2 | K13: LA | L13: Favelle Favco | M13: SH | N13: P | O13: 46133 | P13: 46133 | Q13: 46136 | R13: 46139 | S13: 46148 | T13: 46159 | U13: 46184 | V13: 46198 | X13: 46211 | Y13: 46213 | Z13: 46220 | AA13: 46248 | AB13: 46262 | AC13: 46352 | AD13: 46357 | AE13: 46360 | AF13: 46501 | AG13: 46531 | AH13: 46561 | AI13: 46564 | AJ13: 46591 | AK13: 50 | AL13: 350 | AM13: 46561 | AN13: 46567 | AO13: =AN13-AM14 -> 46217 | AP13: Sun liheng | AQ13: 2026.4.16: Issued RFQ 2026.4.28-5.1: Received Bid 2026.5.7: TC 2026.5.19: Vendor will reply TC 2026.2.26-27 Hold TC meeting | AR13: =IF(ISERROR(LOOKUP(AR$10,$O13:$AQ13,#REF!)),0,(LOOKUP(AR$10,$O13:$AQ13,#REF!))) -> 0 | AS13: =IF(ISERROR(LOOKUP(AS$10,$O13:$AQ13,#REF!)),0,(LOOKUP(AS$10,$O13:$AQ13,#REF!))) -> 0 | AT13: =IF(ISERROR(LOOKUP(AT$10,$O13:$AQ13,#REF!)),0,(LOOKUP(AT$10,$O13:$AQ13,#REF!))) -> 0 | AU13: =IF(ISERROR(LOOKUP(AU$10,$O13:$AQ13,#REF!)),0,(LOOKUP(AU$10,$O13:$AQ13,#REF!))) -> 0 | AV13: =IF(ISERROR(LOOKUP(AV$10,$O13:$AQ13,#REF!)),0,(LOOKUP(AV$10,$O13:$AQ13,#REF!))) -> 0 | AW13: =IF(ISERROR(LOOKUP(AW$10,$O13:$AQ13,#REF!)),0,(LOOKUP(AW$10,$O13:$AQ13,#REF!))) -> 0 | AX13: =IF(ISERROR(LOOKUP(AX$10,$O13:$AQ13,#REF!)),0,(LOOKUP(AX$10,$O13:$AQ13,#REF!))) -> 0 | AY13: =IF(ISERROR(LOOKUP(AY$10,$O13:$AQ13,#REF!)),0,(LOOKUP(AY$10,$O13:$AQ13,#REF!))) -> 0 | ... BB13: =IF(ISERROR(LOOKUP(BB$10,$O13:$AQ13,#REF!)),0,(LOOKUP(BB$10,$O13:$AQ13,#REF!))) -> 0 | BC13: Bidder1 | BD13: Ex-work: Pedestal-28 weeks | BE13: Crane:38 weeks
B14: MM-ZTK-1F-GEN-MEC-MR-0001 | C14: RFQ-MA-001 | D14: Offshore Pedestal Crane | G14: 4-2 | H14: MA | I14: Y | J14: L2 | K14: LA | L14: ZM169-WP1-PO-MEC-001 | M14: SH | N14: F | AA14: =WORKDAY(Z15,AA6,IF(AA12="China",'China Holidays'!$A$2:$A$84,'Thai Holidays'!$A$2:$A$65)) -> 46248 | AB14: =WORKDAY(AA14,AB6,IF(AB12="China",'China Holidays'!$A$2:$A$84,'Thai Holidays'!$A$2:$A$65)) -> 46262 | AC14: =AC13 -> 46352 | AD14: 46357 | AE14: 46360 | AF14: 46501 | AG14: =AH14-30 -> 46531 | AH14: =AM13 -> 46561 | AI14: =AM13+3 -> 46564 | AJ14: =AM13+30 -> 46591 | AM14: =X14+AL13 -> 350 | AR14: =IF(ISERROR(LOOKUP(AR$10,$O14:$AQ14,#REF!)),0,(LOOKUP(AR$10,$O14:$AQ14,#REF!))) -> 0 | AS14: =IF(ISERROR(LOOKUP(AS$10,$O14:$AQ14,#REF!)),0,(LOOKUP(AS$10,$O14:$AQ14,#REF!))) -> 0 | AT14: =IF(ISERROR(LOOKUP(AT$10,$O14:$AQ14,#REF!)),0,(LOOKUP(AT$10,$O14:$AQ14,#REF!))) -> 0 | AU14: =IF(ISERROR(LOOKUP(AU$10,$O14:$AQ14,#REF!)),0,(LOOKUP(AU$10,$O14:$AQ14,#REF!))) -> 0 | AV14: =IF(ISERROR(LOOKUP(AV$10,$O14:$AQ14,#REF!)),0,(LOOKUP(AV$10,$O14:$AQ14,#REF!))) -> 0 | AW14: =IF(ISERROR(LOOKUP(AW$10,$O14:$AQ14,#REF!)),0,(LOOKUP(AW$10,$O14:$AQ14,#REF!))) -> 0 | AX14: =IF(ISERROR(LOOKUP(AX$10,$O14:$AQ14,#REF!)),0,(LOOKUP(AX$10,$O14:$AQ14,#REF!))) -> 0 | AY14: =IF(ISERROR(LOOKUP(AY$10,$O14:$AQ14,#REF!)),0,(LOOKUP(AY$10,$O14:$AQ14,#REF!))) -> 0 | ... BB14: =IF(ISERROR(LOOKUP(BB$10,$O14:$AQ14,#REF!)),0,(LOOKUP(BB$10,$O14:$AQ14,#REF!))) -> 0 | BC14: Bidder2 | BD14: After receive dowm payment: 30 weeks FAT, CIF 39 weeks
B15: MM-ZTK-1F-GEN-MEC-MR-0001 | C15: RFQ-MA-001 | D15: Offshore Pedestal Crane | G15: 4-2 | H15: MA | I15: Y | J15: L2 | K15: LA | M15: SH | N15: A | O15: 46120 | P15: 46125 | Q15: 46135 | R15: 46136 | S15: 46136 | T15: 46143 | U15: 46192 | V15: 46201 | W15: 46216 | X15: 46220 | Y15: 46227 | Z15: 46220 | AR15: =IF(ISERROR(LOOKUP(AR$10,$O15:$AQ15,#REF!)),0,(LOOKUP(AR$10,$O15:$AQ15,#REF!))) -> 0 | AS15: =IF(ISERROR(LOOKUP(AS$10,$O15:$AQ15,#REF!)),0,(LOOKUP(AS$10,$O15:$AQ15,#REF!))) -> 0 | AT15: =IF(ISERROR(LOOKUP(AT$10,$O15:$AQ15,#REF!)),0,(LOOKUP(AT$10,$O15:$AQ15,#REF!))) -> 0 | AU15: =IF(ISERROR(LOOKUP(AU$10,$O15:$AQ15,#REF!)),0,(LOOKUP(AU$10,$O15:$AQ15,#REF!))) -> 0 | AV15: =IF(ISERROR(LOOKUP(AV$10,$O15:$AQ15,#REF!)),0,(LOOKUP(AV$10,$O15:$AQ15,#REF!))) -> 0 | AW15: =IF(ISERROR(LOOKUP(AW$10,$O15:$AQ15,#REF!)),0,(LOOKUP(AW$10,$O15:$AQ15,#REF!))) -> 0 | AX15: =IF(ISERROR(LOOKUP(AX$10,$O15:$AQ15,#REF!)),0,(LOOKUP(AX$10,$O15:$AQ15,#REF!))) -> 0 | AY15: =IF(ISERROR(LOOKUP(AY$10,$O15:$AQ15,#REF!)),0,(LOOKUP(AY$10,$O15:$AQ15,#REF!))) -> 0 | ... BB15: =IF(ISERROR(LOOKUP(BB$10,$O15:$AQ15,#REF!)),0,(LOOKUP(BB$10,$O15:$AQ15,#REF!))) -> 0 | BC15: Bidder3 | BD15: Ex-work: 42 weeks
A16: =A13+1 -> 2 | B16: MM-ZTK-1F-GEN-MEC-MR-0002 | C16: RFQ-MA-002-1 | D16: Closed Drain Sump Vessel | E16: V-5001 | F16: 1*4 | G16: 4-10 | H16: MA | I16: Y | J16: L3 | K16: LA | L16: Zhuhai Jutal | M16: SH | N16: P | O16: 46167 | P16: 46168 | Q16: 46177 | R16: 46178 | S16: 46185 | T16: 46197 | U16: 46197 | V16: 46211 | X16: 46218 | Y16: 46220 | Z16: 46227 | AA16: 46255 | AB16: 46269 | AC16: 46329 | AD16: 46331 | AE16: 46333 | AF16: 46408 | AG16: 46423 | AH16: 46433 | AI16: 46436 | AJ16: 46463 | AK16: 26 | AL16: 182 | AM16: 46433 | AN16: 46438 | AO16: =AN16-AM17 -> 46256 | AP16: HuangWei | AQ16: 2026.5.6 Issued RFQ to Zhuhai yard | AR16: =IF(ISERROR(LOOKUP(AR$10,$O16:$AQ16,#REF!)),0,(LOOKUP(AR$10,$O16:$AQ16,#REF!))) -> 0 | AS16: =IF(ISERROR(LOOKUP(AS$10,$O16:$AQ16,#REF!)),0,(LOOKUP(AS$10,$O16:$AQ16,#REF!))) -> 0 | AT16: =IF(ISERROR(LOOKUP(AT$10,$O16:$AQ16,#REF!)),0,(LOOKUP(AT$10,$O16:$AQ16,#REF!))) -> 0 | AU16: =IF(ISERROR(LOOKUP(AU$10,$O16:$AQ16,#REF!)),0,(LOOKUP(AU$10,$O16:$AQ16,#REF!))) -> 0 | AV16: =IF(ISERROR(LOOKUP(AV$10,$O16:$AQ16,#REF!)),0,(LOOKUP(AV$10,$O16:$AQ16,#REF!))) -> 0 | AW16: =IF(ISERROR(LOOKUP(AW$10,$O16:$AQ16,#REF!)),0,(LOOKUP(AW$10,$O16:$AQ16,#REF!))) -> 0 | AX16: =IF(ISERROR(LOOKUP(AX$10,$O16:$AQ16,#REF!)),0,(LOOKUP(AX$10,$O16:$AQ16,#REF!))) -> 0 | AY16: =IF(ISERROR(LOOKUP(AY$10,$O16:$AQ16,#REF!)),0,(LOOKUP(AY$10,$O16:$AQ16,#REF!))) -> 0 | ... BB16: =IF(ISERROR(LOOKUP(BB$10,$O16:$AQ16,#REF!)),0,(LOOKUP(BB$10,$O16:$AQ16,#REF!))) -> 0
B17: MM-ZTK-1F-GEN-MEC-MR-0002 | C17: RFQ-MA-002-1 | D17: Closed Drain Sump Vessel | G17: 4-10 | H17: MA | I17: Y | J17: L3 | K17: LA | L17: ZM169-WP1-PO-MEC-002 | M17: SH | N17: F | AA17: =WORKDAY(Z18,AA6,IF(AA12="China",'China Holidays'!$A$2:$A$84,'Thai Holidays'!$A$2:$A$65)) -> 46248 | AB17: =WORKDAY(AA17,AB6,IF(AB12="China",'China Holidays'!$A$2:$A$84,'Thai Holidays'!$A$2:$A$65)) -> 46262 | AC17: =AB17+60 -> 46322 | AD17: =AC17+2 -> 46324 | AE17: =AD17+2 -> 46326 | AF17: =AG17-15 -> 166 | AG17: =AH17-1 -> 181 | AH17: =AM17 -> 182 | AI17: =AM16+3 -> 46436 | AJ17: =AM16+30 -> 46463 | AM17: =X17+AL16 -> 182 | AR17: =IF(ISERROR(LOOKUP(AR$10,$O17:$AQ17,#REF!)),0,(LOOKUP(AR$10,$O17:$AQ17,#REF!))) -> 0 | AS17: =IF(ISERROR(LOOKUP(AS$10,$O17:$AQ17,#REF!)),0,(LOOKUP(AS$10,$O17:$AQ17,#REF!))) -> 0 | AT17: =IF(ISERROR(LOOKUP(AT$10,$O17:$AQ17,#REF!)),0,(LOOKUP(AT$10,$O17:$AQ17,#REF!))) -> 0 | AU17: =IF(ISERROR(LOOKUP(AU$10,$O17:$AQ17,#REF!)),0,(LOOKUP(AU$10,$O17:$AQ17,#REF!))) -> 0 | AV17: =IF(ISERROR(LOOKUP(AV$10,$O17:$AQ17,#REF!)),0,(LOOKUP(AV$10,$O17:$AQ17,#REF!))) -> 0 | AW17: =IF(ISERROR(LOOKUP(AW$10,$O17:$AQ17,#REF!)),0,(LOOKUP(AW$10,$O17:$AQ17,#REF!))) -> 0 | AX17: =IF(ISERROR(LOOKUP(AX$10,$O17:$AQ17,#REF!)),0,(LOOKUP(AX$10,$O17:$AQ17,#REF!))) -> 0 | AY17: =IF(ISERROR(LOOKUP(AY$10,$O17:$AQ17,#REF!)),0,(LOOKUP(AY$10,$O17:$AQ17,#REF!))) -> 0 | ... BB17: =IF(ISERROR(LOOKUP(BB$10,$O17:$AQ17,#REF!)),0,(LOOKUP(BB$10,$O17:$AQ17,#REF!))) -> 0
B18: MM-ZTK-1F-GEN-MEC-MR-0002 | C18: RFQ-MA-002-1 | D18: Closed Drain Sump Vessel | G18: 4-10 | H18: MA | I18: Y | J18: L3 | K18: LA | M18: SH | N18: A | P18: 46129 | Q18: 46143 | R18: 46148 | S18: =R18 -> 46148 | T18: 46183 | U18: 46200 | V18: 46211 | W18: N/A | X18: 46217 | Y18: 46218 | Z18: 46220 | AR18: =IF(ISERROR(LOOKUP(AR$10,$O18:$AQ18,#REF!)),0,(LOOKUP(AR$10,$O18:$AQ18,#REF!))) -> 0 | AS18: =IF(ISERROR(LOOKUP(AS$10,$O18:$AQ18,#REF!)),0,(LOOKUP(AS$10,$O18:$AQ18,#REF!))) -> 0 | AT18: =IF(ISERROR(LOOKUP(AT$10,$O18:$AQ18,#REF!)),0,(LOOKUP(AT$10,$O18:$AQ18,#REF!))) -> 0 | AU18: =IF(ISERROR(LOOKUP(AU$10,$O18:$AQ18,#REF!)),0,(LOOKUP(AU$10,$O18:$AQ18,#REF!))) -> 0 | AV18: =IF(ISERROR(LOOKUP(AV$10,$O18:$AQ18,#REF!)),0,(LOOKUP(AV$10,$O18:$AQ18,#REF!))) -> 0 | AW18: =IF(ISERROR(LOOKUP(AW$10,$O18:$AQ18,#REF!)),0,(LOOKUP(AW$10,$O18:$AQ18,#REF!))) -> 0 | AX18: =IF(ISERROR(LOOKUP(AX$10,$O18:$AQ18,#REF!)),0,(LOOKUP(AX$10,$O18:$AQ18,#REF!))) -> 0 | AY18: =IF(ISERROR(LOOKUP(AY$10,$O18:$AQ18,#REF!)),0,(LOOKUP(AY$10,$O18:$AQ18,#REF!))) -> 0 | ... BB18: =IF(ISERROR(LOOKUP(BB$10,$O18:$AQ18,#REF!)),0,(LOOKUP(BB$10,$O18:$AQ18,#REF!))) -> 0
A19: =A16+1 -> 3 | B19: MM-ZTK-1F-GEN-MEC-MR-0002 | C19: RFQ-MA-002-2 | D19: Test Separator | E19: V-1001 | F19: 1*4 | G19: 4-8 | H19: MA | I19: Y | J19: L2 | K19: LA | L19: Zhuhai Jutal | M19: SH | N19: P | O19: 46135 | P19: 46136 | Q19: 46147 | R19: 46148 | S19: 46155 | T19: 46197 | U19: 46197 | V19: 46211 | X19: 46218 | Y19: 46220 | Z19: 46227 | AA19: 46255 | AB19: 46269 | AC19: 46329 | AD19: 46331 | AE19: 46333 | AF19: 46429 | AG19: 46444 | AH19: 46449 | AI19: 46452 | AJ19: 46479 | AK19: 33 | AL19: 231 | AM19: 46449 | AN19: 46466 | AO19: =AN19-AM20 -> 249 | AP19: HuangWei | AQ19: 2026.5.6 Issued RFQ to Zhuhai yard | AR19: =IF(ISERROR(LOOKUP(AR$10,$O19:$AQ19,#REF!)),0,(LOOKUP(AR$10,$O19:$AQ19,#REF!))) -> 0 | AS19: =IF(ISERROR(LOOKUP(AS$10,$O19:$AQ19,#REF!)),0,(LOOKUP(AS$10,$O19:$AQ19,#REF!))) -> 0 | AT19: =IF(ISERROR(LOOKUP(AT$10,$O19:$AQ19,#REF!)),0,(LOOKUP(AT$10,$O19:$AQ19,#REF!))) -> 0 | AU19: =IF(ISERROR(LOOKUP(AU$10,$O19:$AQ19,#REF!)),0,(LOOKUP(AU$10,$O19:$AQ19,#REF!))) -> 0 | AV19: =IF(ISERROR(LOOKUP(AV$10,$O19:$AQ19,#REF!)),0,(LOOKUP(AV$10,$O19:$AQ19,#REF!))) -> 0 | AW19: =IF(ISERROR(LOOKUP(AW$10,$O19:$AQ19,#REF!)),0,(LOOKUP(AW$10,$O19:$AQ19,#REF!))) -> 0 | AX19: =IF(ISERROR(LOOKUP(AX$10,$O19:$AQ19,#REF!)),0,(LOOKUP(AX$10,$O19:$AQ19,#REF!))) -> 0 | AY19: =IF(ISERROR(LOOKUP(AY$10,$O19:$AQ19,#REF!)),0,(LOOKUP(AY$10,$O19:$AQ19,#REF!))) -> 0 | ... BB19: =IF(ISERROR(LOOKUP(BB$10,$O19:$AQ19,#REF!)),0,(LOOKUP(BB$10,$O19:$AQ19,#REF!))) -> 0
B20: MM-ZTK-1F-GEN-MEC-MR-0002 | C20: RFQ-MA-002-2 | D20: Test Separator | G20: 4-8 | H20: MA | I20: Y | J20: L2 | K20: LA | L20: ZM169-WP1-PO-MEC-002 | M20: SH | N20: F | AA20: =WORKDAY(Z21,AA6,IF(AA12="China",'China Holidays'!$A$2:$A$84,'Thai Holidays'!$A$2:$A$65)) -> 46248 | AB20: =WORKDAY(AA20,AB6,IF(AB12="China",'China Holidays'!$A$2:$A$84,'Thai Holidays'!$A$2:$A$65)) -> 46262 | AC20: =AB20+60 -> 46322 | AD20: =AC20+2 -> 46324 | AE20: =AD20+2 -> 46326 | AF20: =AG20-15 -> 46197 | AG20: =AH20-5 -> 46212 | AH20: =AM20 -> 46217 | AI20: =AM19+3 -> 46452 | AJ20: =AM19+30 -> 46479 | AM20: =X20+X21 -> 46217 | AR20: =IF(ISERROR(LOOKUP(AR$10,$O20:$AQ20,#REF!)),0,(LOOKUP(AR$10,$O20:$AQ20,#REF!))) -> 0 | AS20: =IF(ISERROR(LOOKUP(AS$10,$O20:$AQ20,#REF!)),0,(LOOKUP(AS$10,$O20:$AQ20,#REF!))) -> 0 | AT20: =IF(ISERROR(LOOKUP(AT$10,$O20:$AQ20,#REF!)),0,(LOOKUP(AT$10,$O20:$AQ20,#REF!))) -> 0 | AU20: =IF(ISERROR(LOOKUP(AU$10,$O20:$AQ20,#REF!)),0,(LOOKUP(AU$10,$O20:$AQ20,#REF!))) -> 0 | AV20: =IF(ISERROR(LOOKUP(AV$10,$O20:$AQ20,#REF!)),0,(LOOKUP(AV$10,$O20:$AQ20,#REF!))) -> 0 | AW20: =IF(ISERROR(LOOKUP(AW$10,$O20:$AQ20,#REF!)),0,(LOOKUP(AW$10,$O20:$AQ20,#REF!))) -> 0 | AX20: =IF(ISERROR(LOOKUP(AX$10,$O20:$AQ20,#REF!)),0,(LOOKUP(AX$10,$O20:$AQ20,#REF!))) -> 0 | AY20: =IF(ISERROR(LOOKUP(AY$10,$O20:$AQ20,#REF!)),0,(LOOKUP(AY$10,$O20:$AQ20,#REF!))) -> 0 | ... BB20: =IF(ISERROR(LOOKUP(BB$10,$O20:$AQ20,#REF!)),0,(LOOKUP(BB$10,$O20:$AQ20,#REF!))) -> 0
B21: MM-ZTK-1F-GEN-MEC-MR-0002 | C21: RFQ-MA-002-2 | D21: Test Separator | G21: 4-8 | H21: MA | I21: Y | J21: L2 | K21: LA | M21: SH | N21: A | P21: 46129 | Q21: 46143 | R21: 46148 | S21: =R21 -> 46148 | T21: 46183 | U21: 46200 | V21: 46211 | W21: N/A | X21: 46217 | Y21: 46218 | Z21: 46220 | AR21: =IF(ISERROR(LOOKUP(AR$10,$O21:$AQ21,#REF!)),0,(LOOKUP(AR$10,$O21:$AQ21,#REF!))) -> 0 | AS21: =IF(ISERROR(LOOKUP(AS$10,$O21:$AQ21,#REF!)),0,(LOOKUP(AS$10,$O21:$AQ21,#REF!))) -> 0 | AT21: =IF(ISERROR(LOOKUP(AT$10,$O21:$AQ21,#REF!)),0,(LOOKUP(AT$10,$O21:$AQ21,#REF!))) -> 0 | AU21: =IF(ISERROR(LOOKUP(AU$10,$O21:$AQ21,#REF!)),0,(LOOKUP(AU$10,$O21:$AQ21,#REF!))) -> 0 | AV21: =IF(ISERROR(LOOKUP(AV$10,$O21:$AQ21,#REF!)),0,(LOOKUP(AV$10,$O21:$AQ21,#REF!))) -> 0 | AW21: =IF(ISERROR(LOOKUP(AW$10,$O21:$AQ21,#REF!)),0,(LOOKUP(AW$10,$O21:$AQ21,#REF!))) -> 0 | AX21: =IF(ISERROR(LOOKUP(AX$10,$O21:$AQ21,#REF!)),0,(LOOKUP(AX$10,$O21:$AQ21,#REF!))) -> 0 | AY21: =IF(ISERROR(LOOKUP(AY$10,$O21:$AQ21,#REF!)),0,(LOOKUP(AY$10,$O21:$AQ21,#REF!))) -> 0 | ... BB21: =IF(ISERROR(LOOKUP(BB$10,$O21:$AQ21,#REF!)),0,(LOOKUP(BB$10,$O21:$AQ21,#REF!))) -> 0
A22: =A19+1 -> 4 | B22: MM-ZTK-1F-GEN-MEC-MR-0002 | C22: RFQ-MA-002-3 | D22: Instrument Gas Filter Coalescer | E22: V-3001 | F22: 1*4 | G22: 4-11 | H22: MA | I22: Y | J22: L2 | K22: LA | L22: Zhuhai Jutal | M22: SH | N22: P | O22: 46177 | P22: 46178 | Q22: 46185 | R22: 46188 | S22: 46195 | T22: 46197 | U22: 46197 | V22: 46211 | X22: 46218 | Y22: 46220 | Z22: 46227 | AA22: 46255 | AB22: 46269 | AC22: 46329 | AD22: 46331 | AE22: 46333 | AF22: 46408 | AG22: 46423 | AH22: 46438 | AI22: 46441 | AJ22: 46468 | AK22: 26 | AL22: 180 | AM22: 46438 | AN22: 46466 | AO22: =AN22-AM23 -> 249 | AP22: HuangWei | AQ22: 2026.5.6 Issued RFQ to Zhuhai yard | AR22: =IF(ISERROR(LOOKUP(AR$10,$O22:$AQ22,#REF!)),0,(LOOKUP(AR$10,$O22:$AQ22,#REF!))) -> 0 | AS22: =IF(ISERROR(LOOKUP(AS$10,$O22:$AQ22,#REF!)),0,(LOOKUP(AS$10,$O22:$AQ22,#REF!))) -> 0 | AT22: =IF(ISERROR(LOOKUP(AT$10,$O22:$AQ22,#REF!)),0,(LOOKUP(AT$10,$O22:$AQ22,#REF!))) -> 0 | AU22: =IF(ISERROR(LOOKUP(AU$10,$O22:$AQ22,#REF!)),0,(LOOKUP(AU$10,$O22:$AQ22,#REF!))) -> 0 | AV22: =IF(ISERROR(LOOKUP(AV$10,$O22:$AQ22,#REF!)),0,(LOOKUP(AV$10,$O22:$AQ22,#REF!))) -> 0 | AW22: =IF(ISERROR(LOOKUP(AW$10,$O22:$AQ22,#REF!)),0,(LOOKUP(AW$10,$O22:$AQ22,#REF!))) -> 0 | AX22: =IF(ISERROR(LOOKUP(AX$10,$O22:$AQ22,#REF!)),0,(LOOKUP(AX$10,$O22:$AQ22,#REF!))) -> 0 | AY22: =IF(ISERROR(LOOKUP(AY$10,$O22:$AQ22,#REF!)),0,(LOOKUP(AY$10,$O22:$AQ22,#REF!))) -> 0 | ... BB22: =IF(ISERROR(LOOKUP(BB$10,$O22:$AQ22,#REF!)),0,(LOOKUP(BB$10,$O22:$AQ22,#REF!))) -> 0
B23: MM-ZTK-1F-GEN-MEC-MR-0002 | C23: RFQ-MA-002-3 | D23: Instrument Gas Filter Coalescer | G23: 4-11 | H23: MA | I23: Y | J23: L2 | K23: LA | L23: ZM169-WP1-PO-MEC-002 | M23: SH | N23: F | AA23: =WORKDAY(Z24,AA6,IF(AA12="China",'China Holidays'!$A$2:$A$84,'Thai Holidays'!$A$2:$A$65)) -> 46248 | AB23: =WORKDAY(AA23,AB6,IF(AB12="China",'China Holidays'!$A$2:$A$84,'Thai Holidays'!$A$2:$A$65)) -> 46262 | AC23: =AB23+60 -> 46322 | AD23: =AC23+2 -> 46324 | AE23: =AD23+2 -> 46326 | AF23: =AG23-15 -> 46408 | AG23: 46423 | AH23: =AM22 -> 46438 | AI23: =AM22+3 -> 46441 | AJ23: =AM22+30 -> 46468 | AM23: =X23+X24 -> 46217 | AR23: =IF(ISERROR(LOOKUP(AR$10,$O23:$AQ23,#REF!)),0,(LOOKUP(AR$10,$O23:$AQ23,#REF!))) -> 0 | AS23: =IF(ISERROR(LOOKUP(AS$10,$O23:$AQ23,#REF!)),0,(LOOKUP(AS$10,$O23:$AQ23,#REF!))) -> 0 | AT23: =IF(ISERROR(LOOKUP(AT$10,$O23:$AQ23,#REF!)),0,(LOOKUP(AT$10,$O23:$AQ23,#REF!))) -> 0 | AU23: =IF(ISERROR(LOOKUP(AU$10,$O23:$AQ23,#REF!)),0,(LOOKUP(AU$10,$O23:$AQ23,#REF!))) -> 0 | AV23: =IF(ISERROR(LOOKUP(AV$10,$O23:$AQ23,#REF!)),0,(LOOKUP(AV$10,$O23:$AQ23,#REF!))) -> 0 | AW23: =IF(ISERROR(LOOKUP(AW$10,$O23:$AQ23,#REF!)),0,(LOOKUP(AW$10,$O23:$AQ23,#REF!))) -> 0 | AX23: =IF(ISERROR(LOOKUP(AX$10,$O23:$AQ23,#REF!)),0,(LOOKUP(AX$10,$O23:$AQ23,#REF!))) -> 0 | AY23: =IF(ISERROR(LOOKUP(AY$10,$O23:$AQ23,#REF!)),0,(LOOKUP(AY$10,$O23:$AQ23,#REF!))) -> 0 | ... BB23: =IF(ISERROR(LOOKUP(BB$10,$O23:$AQ23,#REF!)),0,(LOOKUP(BB$10,$O23:$AQ23,#REF!))) -> 0
B24: MM-ZTK-1F-GEN-MEC-MR-0002 | C24: RFQ-MA-002-3 | D24: Instrument Gas Filter Coalescer | G24: 4-11 | H24: MA | I24: Y | J24: L2 | K24: LA | M24: SH | N24: A | P24: 46141 | Q24: 46143 | R24: 46148 | S24: 46148 | T24: 46191 | U24: 46200 | V24: 46211 | W24: N/A | X24: 46217 | Y24: 46218 | Z24: 46220 | AR24: =IF(ISERROR(LOOKUP(AR$10,$O24:$AQ24,#REF!)),0,(LOOKUP(AR$10,$O24:$AQ24,#REF!))) -> 0 | AS24: =IF(ISERROR(LOOKUP(AS$10,$O24:$AQ24,#REF!)),0,(LOOKUP(AS$10,$O24:$AQ24,#REF!))) -> 0 | AT24: =IF(ISERROR(LOOKUP(AT$10,$O24:$AQ24,#REF!)),0,(LOOKUP(AT$10,$O24:$AQ24,#REF!))) -> 0 | AU24: =IF(ISERROR(LOOKUP(AU$10,$O24:$AQ24,#REF!)),0,(LOOKUP(AU$10,$O24:$AQ24,#REF!))) -> 0 | AV24: =IF(ISERROR(LOOKUP(AV$10,$O24:$AQ24,#REF!)),0,(LOOKUP(AV$10,$O24:$AQ24,#REF!))) -> 0 | AW24: =IF(ISERROR(LOOKUP(AW$10,$O24:$AQ24,#REF!)),0,(LOOKUP(AW$10,$O24:$AQ24,#REF!))) -> 0 | AX24: =IF(ISERROR(LOOKUP(AX$10,$O24:$AQ24,#REF!)),0,(LOOKUP(AX$10,$O24:$AQ24,#REF!))) -> 0 | AY24: =IF(ISERROR(LOOKUP(AY$10,$O24:$AQ24,#REF!)),0,(LOOKUP(AY$10,$O24:$AQ24,#REF!))) -> 0 | ... BB24: =IF(ISERROR(LOOKUP(BB$10,$O24:$AQ24,#REF!)),0,(LOOKUP(BB$10,$O24:$AQ24,#REF!))) -> 0
A25: =A22+1 -> 5 | B25: MM-ZTK-1F-GEN-MEC-MR-0003 | C25: RFQ-MA-003 | D25: Closed Drain Sump Pump skids | F25: 1*4 | G25: 4-18 | H25: MA | I25: Y | J25: L3 | K25: LA | L25: Multipahse | M25: SH | N25: P | O25: 46140 | P25: 46141 | Q25: 46150 | R25: 46153 | S25: 46160 | T25: 46168 | U25: 46195 | V25: 46209 | X25: 46220 | Y25: 46224 | Z25: 46231 | AA25: 46259 | AB25: 46273 | AC25: 46363 | AD25: 46363 | AE25: 46366 | AF25: 46401 | AG25: 46416 | AH25: 46444 | AI25: 46447 | AJ25: 46474 | AK25: 32 | AL25: 224 | AM25: 46444 | AN25: 46476 | AO25: =AN25-AM26 -> 40 | AP25: Sun liheng | AQ25: 2026.5.6 Issued RFQ bid due day:22-May | AR25: =IF(ISERROR(LOOKUP(AR$10,$O25:$AQ25,#REF!)),0,(LOOKUP(AR$10,$O25:$AQ25,#REF!))) -> 0 | AS25: =IF(ISERROR(LOOKUP(AS$10,$O25:$AQ25,#REF!)),0,(LOOKUP(AS$10,$O25:$AQ25,#REF!))) -> 0 | AT25: =IF(ISERROR(LOOKUP(AT$10,$O25:$AQ25,#REF!)),0,(LOOKUP(AT$10,$O25:$AQ25,#REF!))) -> 0 | AU25: =IF(ISERROR(LOOKUP(AU$10,$O25:$AQ25,#REF!)),0,(LOOKUP(AU$10,$O25:$AQ25,#REF!))) -> 0 | AV25: =IF(ISERROR(LOOKUP(AV$10,$O25:$AQ25,#REF!)),0,(LOOKUP(AV$10,$O25:$AQ25,#REF!))) -> 0 | AW25: =IF(ISERROR(LOOKUP(AW$10,$O25:$AQ25,#REF!)),0,(LOOKUP(AW$10,$O25:$AQ25,#REF!))) -> 0 | AX25: =IF(ISERROR(LOOKUP(AX$10,$O25:$AQ25,#REF!)),0,(LOOKUP(AX$10,$O25:$AQ25,#REF!))) -> 0 | AY25: =IF(ISERROR(LOOKUP(AY$10,$O25:$AQ25,#REF!)),0,(LOOKUP(AY$10,$O25:$AQ25,#REF!))) -> 0 | ... BB25: =IF(ISERROR(LOOKUP(BB$10,$O25:$AQ25,#REF!)),0,(LOOKUP(BB$10,$O25:$AQ25,#REF!))) -> 0 | BC25: Bidder1 | BD25: DDP: 28 weeks
B26: MM-ZTK-1F-GEN-MEC-MR-0003 | C26: RFQ-MA-003 | D26: Closed Drain Sump Pump skids | G26: 4-18 | H26: MA | I26: Y | J26: L3 | K26: LA | L26: ZM169-WP1-PO-MEC-003 | M26: SH | N26: F | X26: 46240 | Y26: =WORKDAY(X26,Y6,IF(Y12="China",'China Holidays'!$A$2:$A$84,'Thai Holidays'!$A$2:$A$65)) -> 46244 | Z26: =WORKDAY(Y26,Z6,IF(Z12="China",'China Holidays'!$A$2:$A$84,'Thai Holidays'!$A$2:$A$65)) -> 46251 | AA26: =WORKDAY(Z26,AA6,IF(AA12="China",'China Holidays'!$A$2:$A$84,'Thai Holidays'!$A$2:$A$65)) -> 46279 | AB26: =WORKDAY(AA26,AB6,IF(AB12="China",'China Holidays'!$A$2:$A$84,'Thai Holidays'!$A$2:$A$65)) -> 46293 | AC26: =AB26+90 -> 46383 | AD26: =AC26 -> 46383 | AE26: =AD26+3 -> 46386 | AF26: =AG26-15 -> 46401 | AG26: =AH26-28 -> 46416 | AH26: =AM25 -> 46444 | AI26: =AM25+3 -> 46447 | AJ26: =AM25+30 -> 46474 | AK26: 28 | AL26: =AK26*7 -> 196 | AM26: =X26+AL26 -> 46436 | AR26: =IF(ISERROR(LOOKUP(AR$10,$O26:$AQ26,#REF!)),0,(LOOKUP(AR$10,$O26:$AQ26,#REF!))) -> 0 | AS26: =IF(ISERROR(LOOKUP(AS$10,$O26:$AQ26,#REF!)),0,(LOOKUP(AS$10,$O26:$AQ26,#REF!))) -> 0 | AT26: =IF(ISERROR(LOOKUP(AT$10,$O26:$AQ26,#REF!)),0,(LOOKUP(AT$10,$O26:$AQ26,#REF!))) -> 0 | AU26: =IF(ISERROR(LOOKUP(AU$10,$O26:$AQ26,#REF!)),0,(LOOKUP(AU$10,$O26:$AQ26,#REF!))) -> 0 | AV26: =IF(ISERROR(LOOKUP(AV$10,$O26:$AQ26,#REF!)),0,(LOOKUP(AV$10,$O26:$AQ26,#REF!))) -> 0 | AW26: =IF(ISERROR(LOOKUP(AW$10,$O26:$AQ26,#REF!)),0,(LOOKUP(AW$10,$O26:$AQ26,#REF!))) -> 0 | AX26: =IF(ISERROR(LOOKUP(AX$10,$O26:$AQ26,#REF!)),0,(LOOKUP(AX$10,$O26:$AQ26,#REF!))) -> 0 | AY26: =IF(ISERROR(LOOKUP(AY$10,$O26:$AQ26,#REF!)),0,(LOOKUP(AY$10,$O26:$AQ26,#REF!))) -> 0 | ... BB26: =IF(ISERROR(LOOKUP(BB$10,$O26:$AQ26,#REF!)),0,(LOOKUP(BB$10,$O26:$AQ26,#REF!))) -> 0 | BC26: Bidder2 | BD26: DDP: 24-26 weeks
B27: MM-ZTK-1F-GEN-MEC-MR-0003 | C27: RFQ-MA-003 | D27: Closed Drain Sump Pump skids | G27: 4-18 | H27: MA | I27: Y | J27: L3 | K27: LA | M27: SH | N27: A | O27: 46133 | P27: 46130 | Q27: 46149 | R27: 46150 | S27: 46150 | T27: 46164 | U27: 46206 | V27: 46220 | AR27: =IF(ISERROR(LOOKUP(AR$10,$O27:$AQ27,#REF!)),0,(LOOKUP(AR$10,$O27:$AQ27,#REF!))) -> 0 | AS27: =IF(ISERROR(LOOKUP(AS$10,$O27:$AQ27,#REF!)),0,(LOOKUP(AS$10,$O27:$AQ27,#REF!))) -> 0 | AT27: =IF(ISERROR(LOOKUP(AT$10,$O27:$AQ27,#REF!)),0,(LOOKUP(AT$10,$O27:$AQ27,#REF!))) -> 0 | AU27: =IF(ISERROR(LOOKUP(AU$10,$O27:$AQ27,#REF!)),0,(LOOKUP(AU$10,$O27:$AQ27,#REF!))) -> 0 | AV27: =IF(ISERROR(LOOKUP(AV$10,$O27:$AQ27,#REF!)),0,(LOOKUP(AV$10,$O27:$AQ27,#REF!))) -> 0 | AW27: =IF(ISERROR(LOOKUP(AW$10,$O27:$AQ27,#REF!)),0,(LOOKUP(AW$10,$O27:$AQ27,#REF!))) -> 0 | AX27: =IF(ISERROR(LOOKUP(AX$10,$O27:$AQ27,#REF!)),0,(LOOKUP(AX$10,$O27:$AQ27,#REF!))) -> 0 | AY27: =IF(ISERROR(LOOKUP(AY$10,$O27:$AQ27,#REF!)),0,(LOOKUP(AY$10,$O27:$AQ27,#REF!))) -> 0 | ... BB27: =IF(ISERROR(LOOKUP(BB$10,$O27:$AQ27,#REF!)),0,(LOOKUP(BB$10,$O27:$AQ27,#REF!))) -> 0
A28: =A25+1 -> 6 | B28: MM-ZTK-1F-GEN-MEC-MR-0004 | C28: RFQ-MA-004 | D28: Chemical injection pump skid | F28: 1*4 | G28: 4-4 | H28: MA | I28: Y | J28: L3 | K28: LA | L28: Multipahse | M28: SH | N28: P | O28: 46140 | P28: 46141 | Q28: 46150 | R28: 46153 | S28: 46160 | T28: 46168 | U28: 46195 | V28: 46209 | X28: 46220 | Y28: 46224 | Z28: 46231 | AA28: 46259 | AB28: 46273 | AC28: 46363 | AD28: 46363 | AE28: 46366 | AF28: 46424 | AG28: 46439 | AH28: 46444 | AI28: 46447 | AJ28: 46474 | AK28: 34 | AL28: 238 | AM28: 46458 | AN28: 46464 | AO28: =AN28-AM29 -> -4 | AP28: Sun liheng | AQ28: 2026.5.6 Issued RFQ bid due day:22-May 2025.5.31-6.5 TC | AR28: =IF(ISERROR(LOOKUP(AR$10,$O28:$AQ28,#REF!)),0,(LOOKUP(AR$10,$O28:$AQ28,#REF!))) -> 0 | AS28: =IF(ISERROR(LOOKUP(AS$10,$O28:$AQ28,#REF!)),0,(LOOKUP(AS$10,$O28:$AQ28,#REF!))) -> 0 | AT28: =IF(ISERROR(LOOKUP(AT$10,$O28:$AQ28,#REF!)),0,(LOOKUP(AT$10,$O28:$AQ28,#REF!))) -> 0 | AU28: =IF(ISERROR(LOOKUP(AU$10,$O28:$AQ28,#REF!)),0,(LOOKUP(AU$10,$O28:$AQ28,#REF!))) -> 0 | AV28: =IF(ISERROR(LOOKUP(AV$10,$O28:$AQ28,#REF!)),0,(LOOKUP(AV$10,$O28:$AQ28,#REF!))) -> 0 | AW28: =IF(ISERROR(LOOKUP(AW$10,$O28:$AQ28,#REF!)),0,(LOOKUP(AW$10,$O28:$AQ28,#REF!))) -> 0 | AX28: =IF(ISERROR(LOOKUP(AX$10,$O28:$AQ28,#REF!)),0,(LOOKUP(AX$10,$O28:$AQ28,#REF!))) -> 0 | AY28: =IF(ISERROR(LOOKUP(AY$10,$O28:$AQ28,#REF!)),0,(LOOKUP(AY$10,$O28:$AQ28,#REF!))) -> 0 | ... BB28: =IF(ISERROR(LOOKUP(BB$10,$O28:$AQ28,#REF!)),0,(LOOKUP(BB$10,$O28:$AQ28,#REF!))) -> 0 | BC28: Bidder1 | BD28: Ex-work 22 weeks
B29: MM-ZTK-1F-GEN-MEC-MR-0004 | C29: RFQ-MA-004 | D29: Chemical injection pump skid | G29: 4-4 | H29: MA | I29: Y | J29: L3 | K29: LA | L29: ZM169-WP1-PO-MEC-003 | M29: SH | N29: F | V29: 46240 | W29: 46240 | X29: 46244 | Y29: =WORKDAY(X29,Y6,IF(Y12="China",'China Holidays'!$A$2:$A$84,'Thai Holidays'!$A$2:$A$65)) -> 46246 | Z29: =WORKDAY(Y29,Z6,IF(Z12="China",'China Holidays'!$A$2:$A$84,'Thai Holidays'!$A$2:$A$65)) -> 46253 | AA29: =WORKDAY(Z29,AA6,IF(AA12="China",'China Holidays'!$A$2:$A$84,'Thai Holidays'!$A$2:$A$65)) -> 46281 | AB29: =WORKDAY(AA29,AB6,IF(AB12="China",'China Holidays'!$A$2:$A$84,'Thai Holidays'!$A$2:$A$65)) -> 46295 | AC29: =AB29+90 -> 46385 | AD29: =AC29 -> 46385 | AE29: =AD29+3 -> 46388 | AF29: =AG29-15 -> 46415 | AG29: =AH29-28 -> 46430 | AH29: =AM28 -> 46458 | AI29: =AM28+3 -> 46461 | AJ29: =AM28+30 -> 46488 | AK29: 32 | AL29: =AK29*7 -> 224 | AM29: =X29+AL29 -> 46468 | AR29: =IF(ISERROR(LOOKUP(AR$10,$O29:$AQ29,#REF!)),0,(LOOKUP(AR$10,$O29:$AQ29,#REF!))) -> 0 | AS29: =IF(ISERROR(LOOKUP(AS$10,$O29:$AQ29,#REF!)),0,(LOOKUP(AS$10,$O29:$AQ29,#REF!))) -> 0 | AT29: =IF(ISERROR(LOOKUP(AT$10,$O29:$AQ29,#REF!)),0,(LOOKUP(AT$10,$O29:$AQ29,#REF!))) -> 0 | AU29: =IF(ISERROR(LOOKUP(AU$10,$O29:$AQ29,#REF!)),0,(LOOKUP(AU$10,$O29:$AQ29,#REF!))) -> 0 | AV29: =IF(ISERROR(LOOKUP(AV$10,$O29:$AQ29,#REF!)),0,(LOOKUP(AV$10,$O29:$AQ29,#REF!))) -> 0 | AW29: =IF(ISERROR(LOOKUP(AW$10,$O29:$AQ29,#REF!)),0,(LOOKUP(AW$10,$O29:$AQ29,#REF!))) -> 0 | AX29: =IF(ISERROR(LOOKUP(AX$10,$O29:$AQ29,#REF!)),0,(LOOKUP(AX$10,$O29:$AQ29,#REF!))) -> 0 | AY29: =IF(ISERROR(LOOKUP(AY$10,$O29:$AQ29,#REF!)),0,(LOOKUP(AY$10,$O29:$AQ29,#REF!))) -> 0 | ... BB29: =IF(ISERROR(LOOKUP(BB$10,$O29:$AQ29,#REF!)),0,(LOOKUP(BB$10,$O29:$AQ29,#REF!))) -> 0 | BC29: Bidder2 | BD29: Ex-work 24 weeks
B30: MM-ZTK-1F-GEN-MEC-MR-0004 | C30: RFQ-MA-004 | D30: Chemical injection pump skid | G30: 4-4 | H30: MA | I30: Y | J30: L3 | K30: LA | M30: SH | N30: A | O30: 46133 | P30: 46130 | Q30: 46149 | R30: 46150 | S30: 46150 | T30: 46164 | U30: 46202 | AR30: =IF(ISERROR(LOOKUP(AR$10,$O30:$AQ30,#REF!)),0,(LOOKUP(AR$10,$O30:$AQ30,#REF!))) -> 0 | AS30: =IF(ISERROR(LOOKUP(AS$10,$O30:$AQ30,#REF!)),0,(LOOKUP(AS$10,$O30:$AQ30,#REF!))) -> 0 | AT30: =IF(ISERROR(LOOKUP(AT$10,$O30:$AQ30,#REF!)),0,(LOOKUP(AT$10,$O30:$AQ30,#REF!))) -> 0 | AU30: =IF(ISERROR(LOOKUP(AU$10,$O30:$AQ30,#REF!)),0,(LOOKUP(AU$10,$O30:$AQ30,#REF!))) -> 0 | AV30: =IF(ISERROR(LOOKUP(AV$10,$O30:$AQ30,#REF!)),0,(LOOKUP(AV$10,$O30:$AQ30,#REF!))) -> 0 | AW30: =IF(ISERROR(LOOKUP(AW$10,$O30:$AQ30,#REF!)),0,(LOOKUP(AW$10,$O30:$AQ30,#REF!))) -> 0 | AX30: =IF(ISERROR(LOOKUP(AX$10,$O30:$AQ30,#REF!)),0,(LOOKUP(AX$10,$O30:$AQ30,#REF!))) -> 0 | AY30: =IF(ISERROR(LOOKUP(AY$10,$O30:$AQ30,#REF!)),0,(LOOKUP(AY$10,$O30:$AQ30,#REF!))) -> 0 | ... BB30: =IF(ISERROR(LOOKUP(BB$10,$O30:$AQ30,#REF!)),0,(LOOKUP(BB$10,$O30:$AQ30,#REF!))) -> 0 | BC30: Bidder3 | BD30: Ex-work 30 weeks
A31: =A28+1 -> 7 | B31: MM-ZTK-1F-GEN-MEC-MR-0005 | C31: RFQ-MA-005 | D31: Chemical storage tank | F31: 2*4 | G31: 4-39 | H31: MA | I31: Y | J31: L3 | K31: LA | L31: Zhuhai Jutal | M31: SH | N31: P | O31: 46153 | P31: 46154 | Q31: 46166 | R31: 46166 | S31: 46166 | T31: 46203 | U31: 46203 | V31: 46217 | X31: 46230 | Y31: 46232 | Z31: 46239 | AA31: 46267 | AB31: 46281 | AC31: 46311 | AD31: 46314 | AE31: 46317 | AF31: 46387 | AG31: 46397 | AH31: 46398 | AI31: 46401 | AJ31: 46428 | AK31: 24 | AL31: 168 | AM31: 46398 | AN31: 46433 | AO31: =AN31-AM32 -> 46265 | AP31: HuangWei | AQ31: 2026.5.6 Issued RFQ to Zhuhai yard | AR31: =IF(ISERROR(LOOKUP(AR$10,$O31:$AQ31,#REF!)),0,(LOOKUP(AR$10,$O31:$AQ31,#REF!))) -> 0 | AS31: =IF(ISERROR(LOOKUP(AS$10,$O31:$AQ31,#REF!)),0,(LOOKUP(AS$10,$O31:$AQ31,#REF!))) -> 0 | AT31: =IF(ISERROR(LOOKUP(AT$10,$O31:$AQ31,#REF!)),0,(LOOKUP(AT$10,$O31:$AQ31,#REF!))) -> 0 | AU31: =IF(ISERROR(LOOKUP(AU$10,$O31:$AQ31,#REF!)),0,(LOOKUP(AU$10,$O31:$AQ31,#REF!))) -> 0 | AV31: =IF(ISERROR(LOOKUP(AV$10,$O31:$AQ31,#REF!)),0,(LOOKUP(AV$10,$O31:$AQ31,#REF!))) -> 0 | AW31: =IF(ISERROR(LOOKUP(AW$10,$O31:$AQ31,#REF!)),0,(LOOKUP(AW$10,$O31:$AQ31,#REF!))) -> 0 | AX31: =IF(ISERROR(LOOKUP(AX$10,$O31:$AQ31,#REF!)),0,(LOOKUP(AX$10,$O31:$AQ31,#REF!))) -> 0 | AY31: =IF(ISERROR(LOOKUP(AY$10,$O31:$AQ31,#REF!)),0,(LOOKUP(AY$10,$O31:$AQ31,#REF!))) -> 0 | ... BB31: =IF(ISERROR(LOOKUP(BB$10,$O31:$AQ31,#REF!)),0,(LOOKUP(BB$10,$O31:$AQ31,#REF!))) -> 0
B32: MM-ZTK-1F-GEN-MEC-MR-0005 | C32: RFQ-MA-005 | D32: Chemical storage tank | G32: 4-39 | H32: MA | I32: Y | J32: L3 | K32: LA | L32: ZM169-WP1-PO-MEC-005 | M32: SH | N32: F | AA32: =WORKDAY(Z33,AA6,IF(AA12="China",'China Holidays'!$A$2:$A$84,'Thai Holidays'!$A$2:$A$65)) -> 46248 | AB32: =WORKDAY(AA32,AB6,IF(AB12="China",'China Holidays'!$A$2:$A$84,'Thai Holidays'!$A$2:$A$65)) -> 46262 | AC32: =AB32+30 -> 46292 | AD32: =AC32+3 -> 46295 | AE32: =AD32+3 -> 46298 | AF32: =AG32-10 -> 46387 | AG32: =AH32-1 -> 46397 | AH32: =AM31 -> 46398 | AI32: =AM31+3 -> 46401 | AJ32: =AM31+30 -> 46428 | AM32: =X32+AL31 -> 168 | AR32: =IF(ISERROR(LOOKUP(AR$10,$O32:$AQ32,#REF!)),0,(LOOKUP(AR$10,$O32:$AQ32,#REF!))) -> 0 | AS32: =IF(ISERROR(LOOKUP(AS$10,$O32:$AQ32,#REF!)),0,(LOOKUP(AS$10,$O32:$AQ32,#REF!))) -> 0 | AT32: =IF(ISERROR(LOOKUP(AT$10,$O32:$AQ32,#REF!)),0,(LOOKUP(AT$10,$O32:$AQ32,#REF!))) -> 0 | AU32: =IF(ISERROR(LOOKUP(AU$10,$O32:$AQ32,#REF!)),0,(LOOKUP(AU$10,$O32:$AQ32,#REF!))) -> 0 | AV32: =IF(ISERROR(LOOKUP(AV$10,$O32:$AQ32,#REF!)),0,(LOOKUP(AV$10,$O32:$AQ32,#REF!))) -> 0 | AW32: =IF(ISERROR(LOOKUP(AW$10,$O32:$AQ32,#REF!)),0,(LOOKUP(AW$10,$O32:$AQ32,#REF!))) -> 0 | AX32: =IF(ISERROR(LOOKUP(AX$10,$O32:$AQ32,#REF!)),0,(LOOKUP(AX$10,$O32:$AQ32,#REF!))) -> 0 | AY32: =IF(ISERROR(LOOKUP(AY$10,$O32:$AQ32,#REF!)),0,(LOOKUP(AY$10,$O32:$AQ32,#REF!))) -> 0 | ... BB32: =IF(ISERROR(LOOKUP(BB$10,$O32:$AQ32,#REF!)),0,(LOOKUP(BB$10,$O32:$AQ32,#REF!))) -> 0
B33: MM-ZTK-1F-GEN-MEC-MR-0005 | C33: RFQ-MA-005 | D33: Chemical storage tank | G33: 4-39 | H33: MA | I33: Y | J33: L3 | K33: LA | M33: SH | N33: A | P33: 46133 | Q33: 46150 | R33: 46150 | S33: 46150 | T33: 46181 | U33: 46204 | V33: 46211 | W33: N/A | X33: 46217 | Y33: 46218 | Z33: 46220 | AR33: =IF(ISERROR(LOOKUP(AR$10,$O33:$AQ33,#REF!)),0,(LOOKUP(AR$10,$O33:$AQ33,#REF!))) -> 0 | AS33: =IF(ISERROR(LOOKUP(AS$10,$O33:$AQ33,#REF!)),0,(LOOKUP(AS$10,$O33:$AQ33,#REF!))) -> 0 | AT33: =IF(ISERROR(LOOKUP(AT$10,$O33:$AQ33,#REF!)),0,(LOOKUP(AT$10,$O33:$AQ33,#REF!))) -> 0 | AU33: =IF(ISERROR(LOOKUP(AU$10,$O33:$AQ33,#REF!)),0,(LOOKUP(AU$10,$O33:$AQ33,#REF!))) -> 0 | AV33: =IF(ISERROR(LOOKUP(AV$10,$O33:$AQ33,#REF!)),0,(LOOKUP(AV$10,$O33:$AQ33,#REF!))) -> 0 | AW33: =IF(ISERROR(LOOKUP(AW$10,$O33:$AQ33,#REF!)),0,(LOOKUP(AW$10,$O33:$AQ33,#REF!))) -> 0 | AX33: =IF(ISERROR(LOOKUP(AX$10,$O33:$AQ33,#REF!)),0,(LOOKUP(AX$10,$O33:$AQ33,#REF!))) -> 0 | AY33: =IF(ISERROR(LOOKUP(AY$10,$O33:$AQ33,#REF!)),0,(LOOKUP(AY$10,$O33:$AQ33,#REF!))) -> 0 | ... BB33: =IF(ISERROR(LOOKUP(BB$10,$O33:$AQ33,#REF!)),0,(LOOKUP(BB$10,$O33:$AQ33,#REF!))) -> 0
A34: =A31+1 -> 8 | B34: MM-ZTK-1F-GEN-MEC-MR-0006 | C34: RFQ-MA-006 | D34: Material Handling Equipment | F34: 6*4 | G34: 4-7 | H34: MA | I34: N | J34: L4 | K34: LC | M34: SH | N34: P | O34: 46182 | P34: 46182 | Q34: 46196 | R34: 46196 | S34: 46196 | T34: 46203 | U34: 46212 | V34: 46226 | X34: 46259 | Y34: 46261 | Z34: =Y34 -> 46261 | AA34: 46275 | AB34: 46295 | AC34: 46325 | AD34: 46328 | AE34: 46331 | AF34: 46391 | AG34: 46406 | AH34: 46434 | AI34: 46437 | AJ34: 46464 | AK34: 25 | AL34: 175 | AM34: 46434 | AN34: 46469 | AO34: =AN34-AM35 -> 35 | AP34: Sun liheng | AR34: =IF(ISERROR(LOOKUP(AR$10,$O34:$AQ34,#REF!)),0,(LOOKUP(AR$10,$O34:$AQ34,#REF!))) -> 0 | AS34: =IF(ISERROR(LOOKUP(AS$10,$O34:$AQ34,#REF!)),0,(LOOKUP(AS$10,$O34:$AQ34,#REF!))) -> 0 | AT34: =IF(ISERROR(LOOKUP(AT$10,$O34:$AQ34,#REF!)),0,(LOOKUP(AT$10,$O34:$AQ34,#REF!))) -> 0 | AU34: =IF(ISERROR(LOOKUP(AU$10,$O34:$AQ34,#REF!)),0,(LOOKUP(AU$10,$O34:$AQ34,#REF!))) -> 0 | AV34: =IF(ISERROR(LOOKUP(AV$10,$O34:$AQ34,#REF!)),0,(LOOKUP(AV$10,$O34:$AQ34,#REF!))) -> 0 | AW34: =IF(ISERROR(LOOKUP(AW$10,$O34:$AQ34,#REF!)),0,(LOOKUP(AW$10,$O34:$AQ34,#REF!))) -> 0 | AX34: =IF(ISERROR(LOOKUP(AX$10,$O34:$AQ34,#REF!)),0,(LOOKUP(AX$10,$O34:$AQ34,#REF!))) -> 0 | AY34: =IF(ISERROR(LOOKUP(AY$10,$O34:$AQ34,#REF!)),0,(LOOKUP(AY$10,$O34:$AQ34,#REF!))) -> 0 | ... BB34: =IF(ISERROR(LOOKUP(BB$10,$O34:$AQ34,#REF!)),0,(LOOKUP(BB$10,$O34:$AQ34,#REF!))) -> 0 | BC34: Bidder1 | BD34: DDP : 20 weeks
B35: MM-ZTK-1F-GEN-MEC-MR-0006 | C35: RFQ-MA-006 | D35: Material Handling Equipment | F35: 4 | G35: 4-7 | H35: MA | I35: N | J35: L4 | K35: LC | M35: SH | N35: F | V35: =WORKDAY(U36,V9,IF(V12="China",'China Holidays'!$A$2:$A$84,'Thai Holidays'!$A$2:$A$65)) -> 46238 | X35: =X34 -> 46259 | Y35: =WORKDAY(X35,Y9,IF(Y12="China",'China Holidays'!$A$2:$A$84,'Thai Holidays'!$A$2:$A$65)) -> 46261 | Z35: =Z34 -> 46261 | AA35: =WORKDAY(Z35,AA9,IF(AA12="China",'China Holidays'!$A$2:$A$84,'Thai Holidays'!$A$2:$A$65)) -> 46275 | AB35: =WORKDAY(AA35,AB9,IF(AB12="China",'China Holidays'!$A$2:$A$84,'Thai Holidays'!$A$2:$A$65)) -> 46289 | AC35: =AB35+30 -> 46319 | AD35: =AC35+3 -> 46322 | AE35: =AD35+3 -> 46325 | AF35: =AG35-15 -> 46391 | AG35: =AH35-28 -> 46406 | AH35: =AM34 -> 46434 | AI35: =AM34+3 -> 46437 | AJ35: =AM34+30 -> 46464 | AM35: =X35+AL34 -> 46434 | AR35: =IF(ISERROR(LOOKUP(AR$10,$O35:$AQ35,#REF!)),0,(LOOKUP(AR$10,$O35:$AQ35,#REF!))) -> 0 | AS35: =IF(ISERROR(LOOKUP(AS$10,$O35:$AQ35,#REF!)),0,(LOOKUP(AS$10,$O35:$AQ35,#REF!))) -> 0 | AT35: =IF(ISERROR(LOOKUP(AT$10,$O35:$AQ35,#REF!)),0,(LOOKUP(AT$10,$O35:$AQ35,#REF!))) -> 0 | AU35: =IF(ISERROR(LOOKUP(AU$10,$O35:$AQ35,#REF!)),0,(LOOKUP(AU$10,$O35:$AQ35,#REF!))) -> 0 | AV35: =IF(ISERROR(LOOKUP(AV$10,$O35:$AQ35,#REF!)),0,(LOOKUP(AV$10,$O35:$AQ35,#REF!))) -> 0 | AW35: =IF(ISERROR(LOOKUP(AW$10,$O35:$AQ35,#REF!)),0,(LOOKUP(AW$10,$O35:$AQ35,#REF!))) -> 0 | AX35: =IF(ISERROR(LOOKUP(AX$10,$O35:$AQ35,#REF!)),0,(LOOKUP(AX$10,$O35:$AQ35,#REF!))) -> 0 | AY35: =IF(ISERROR(LOOKUP(AY$10,$O35:$AQ35,#REF!)),0,(LOOKUP(AY$10,$O35:$AQ35,#REF!))) -> 0 | ... BB35: =IF(ISERROR(LOOKUP(BB$10,$O35:$AQ35,#REF!)),0,(LOOKUP(BB$10,$O35:$AQ35,#REF!))) -> 0 | BC35: Bidder2 | BD35: DDP: 50 days after drawing approve
B36: MM-ZTK-1F-GEN-MEC-MR-0006 | C36: RFQ-MA-006 | D36: Material Handling Equipment | G36: 4-7 | H36: MA | I36: N | J36: L4 | K36: LC | M36: SH | N36: A | O36: 46192 | P36: 46154 | Q36: 46170 | R36: 46196 | S36: 46196 | T36: 46203 | U36: 46220 | AR36: =IF(ISERROR(LOOKUP(AR$10,$O36:$AQ36,#REF!)),0,(LOOKUP(AR$10,$O36:$AQ36,#REF!))) -> 0 | AS36: =IF(ISERROR(LOOKUP(AS$10,$O36:$AQ36,#REF!)),0,(LOOKUP(AS$10,$O36:$AQ36,#REF!))) -> 0 | AT36: =IF(ISERROR(LOOKUP(AT$10,$O36:$AQ36,#REF!)),0,(LOOKUP(AT$10,$O36:$AQ36,#REF!))) -> 0 | AU36: =IF(ISERROR(LOOKUP(AU$10,$O36:$AQ36,#REF!)),0,(LOOKUP(AU$10,$O36:$AQ36,#REF!))) -> 0 | AV36: =IF(ISERROR(LOOKUP(AV$10,$O36:$AQ36,#REF!)),0,(LOOKUP(AV$10,$O36:$AQ36,#REF!))) -> 0 | AW36: =IF(ISERROR(LOOKUP(AW$10,$O36:$AQ36,#REF!)),0,(LOOKUP(AW$10,$O36:$AQ36,#REF!))) -> 0 | AX36: =IF(ISERROR(LOOKUP(AX$10,$O36:$AQ36,#REF!)),0,(LOOKUP(AX$10,$O36:$AQ36,#REF!))) -> 0 | AY36: =IF(ISERROR(LOOKUP(AY$10,$O36:$AQ36,#REF!)),0,(LOOKUP(AY$10,$O36:$AQ36,#REF!))) -> 0 | ... BB36: =IF(ISERROR(LOOKUP(BB$10,$O36:$AQ36,#REF!)),0,(LOOKUP(BB$10,$O36:$AQ36,#REF!))) -> 0
A37: =A34+1 -> 9 | B37: MM-ZTK-1F-GEN-SAF-MR-0001 | C37: RFQ-SA-001 | D37: Fire Fighting, Safety Equipment (Including Lifesaving) | G37: 4-38 | H37: SA | I37: N | J37: L3 | K37: LD | M37: SH | N37: P | O37: 46213 | P37: 46201 | Q37: 46213 | R37: 46283 | S37: 46283 | T37: 46290 | U37: 46303 | V37: 46318 | X37: 46325 | Y37: 46329 | Z37: 46329 | AA37: 46343 | AB37: 46357 | AC37: 46417 | AD37: 46417 | AE37: 46420 | AF37: 46490 | AG37: 46505 | AH37: 46535 | AI37: 46538 | AJ37: 46565 | AK37: 30 | AL37: 210 | AM37: 46535 | AN37: 46568 | AO37: =AN37-AM38 -> 50 | AP37: Sun liheng | AR37: =IF(ISERROR(LOOKUP(AR$10,$O37:$AQ37,#REF!)),0,(LOOKUP(AR$10,$O37:$AQ37,#REF!))) -> 0 | AS37: =IF(ISERROR(LOOKUP(AS$10,$O37:$AQ37,#REF!)),0,(LOOKUP(AS$10,$O37:$AQ37,#REF!))) -> 0 | AT37: =IF(ISERROR(LOOKUP(AT$10,$O37:$AQ37,#REF!)),0,(LOOKUP(AT$10,$O37:$AQ37,#REF!))) -> 0 | AU37: =IF(ISERROR(LOOKUP(AU$10,$O37:$AQ37,#REF!)),0,(LOOKUP(AU$10,$O37:$AQ37,#REF!))) -> 0 | AV37: =IF(ISERROR(LOOKUP(AV$10,$O37:$AQ37,#REF!)),0,(LOOKUP(AV$10,$O37:$AQ37,#REF!))) -> 0 | AW37: =IF(ISERROR(LOOKUP(AW$10,$O37:$AQ37,#REF!)),0,(LOOKUP(AW$10,$O37:$AQ37,#REF!))) -> 0 | AX37: =IF(ISERROR(LOOKUP(AX$10,$O37:$AQ37,#REF!)),0,(LOOKUP(AX$10,$O37:$AQ37,#REF!))) -> 0 | AY37: =IF(ISERROR(LOOKUP(AY$10,$O37:$AQ37,#REF!)),0,(LOOKUP(AY$10,$O37:$AQ37,#REF!))) -> 0 | ... BB37: =IF(ISERROR(LOOKUP(BB$10,$O37:$AQ37,#REF!)),0,(LOOKUP(BB$10,$O37:$AQ37,#REF!))) -> 0
B38: MM-ZTK-1F-GEN-SAF-MR-0001 | C38: RFQ-SA-001 | D38: Fire Fighting, Safety Equipment (Including Lifesaving) | G38: 4-38 | H38: SA | I38: N | J38: L3 | K38: LD | M38: SH | N38: F | T38: 46248 | U38: =WORKDAY(T38,U6,IF(U12="China",'China Holidays'!$A$2:$A$84,'Thai Holidays'!$A$2:$A$65)) -> 46273 | V38: =WORKDAY(U38,V6,IF(V12="China",'China Holidays'!$A$2:$A$84,'Thai Holidays'!$A$2:$A$65)) -> 46287 | X38: =WORKDAY(V38,X6,IF(X12="China",'China Holidays'!$A$2:$A$84,'Thai Holidays'!$A$2:$A$65)) -> 46308 | Y38: =WORKDAY(X38,Y6,IF(Y12="China",'China Holidays'!$A$2:$A$84,'Thai Holidays'!$A$2:$A$65)) -> 46310 | Z38: =WORKDAY(Y38,Z6,IF(Z12="China",'China Holidays'!$A$2:$A$84,'Thai Holidays'!$A$2:$A$65)) -> 46317 | AA38: =WORKDAY(Z38,AA6,IF(AA12="China",'China Holidays'!$A$2:$A$84,'Thai Holidays'!$A$2:$A$65)) -> 46345 | AB38: =WORKDAY(AA38,AB6,IF(AB12="China",'China Holidays'!$A$2:$A$84,'Thai Holidays'!$A$2:$A$65)) -> 46359 | AC38: 46417 | AD38: 46417 | AE38: 46420 | AF38: 46490 | AG38: 46505 | AH38: 46535 | AI38: 46538 | AJ38: 46565 | AM38: =X38+AL37 -> 46518 | AR38: =IF(ISERROR(LOOKUP(AR$10,$O38:$AQ38,#REF!)),0,(LOOKUP(AR$10,$O38:$AQ38,#REF!))) -> 0 | AS38: =IF(ISERROR(LOOKUP(AS$10,$O38:$AQ38,#REF!)),0,(LOOKUP(AS$10,$O38:$AQ38,#REF!))) -> 0 | AT38: =IF(ISERROR(LOOKUP(AT$10,$O38:$AQ38,#REF!)),0,(LOOKUP(AT$10,$O38:$AQ38,#REF!))) -> 0 | AU38: =IF(ISERROR(LOOKUP(AU$10,$O38:$AQ38,#REF!)),0,(LOOKUP(AU$10,$O38:$AQ38,#REF!))) -> 0 | AV38: =IF(ISERROR(LOOKUP(AV$10,$O38:$AQ38,#REF!)),0,(LOOKUP(AV$10,$O38:$AQ38,#REF!))) -> 0 | AW38: =IF(ISERROR(LOOKUP(AW$10,$O38:$AQ38,#REF!)),0,(LOOKUP(AW$10,$O38:$AQ38,#REF!))) -> 0 | AX38: =IF(ISERROR(LOOKUP(AX$10,$O38:$AQ38,#REF!)),0,(LOOKUP(AX$10,$O38:$AQ38,#REF!))) -> 0 | AY38: =IF(ISERROR(LOOKUP(AY$10,$O38:$AQ38,#REF!)),0,(LOOKUP(AY$10,$O38:$AQ38,#REF!))) -> 0 | ... BB38: =IF(ISERROR(LOOKUP(BB$10,$O38:$AQ38,#REF!)),0,(LOOKUP(BB$10,$O38:$AQ38,#REF!))) -> 0
B39: MM-ZTK-1F-GEN-SAF-MR-0001 | C39: RFQ-SA-001 | D39: Fire Fighting, Safety Equipment (Including Lifesaving) | G39: 4-38 | H39: SA | I39: N | J39: L3 | K39: LD | M39: SH | N39: A | O39: 46230 | P39: 46183 | Q39: 46197 | R39: 46231 | S39: 46231 | AR39: =IF(ISERROR(LOOKUP(AR$10,$O39:$AQ39,#REF!)),0,(LOOKUP(AR$10,$O39:$AQ39,#REF!))) -> 0 | AS39: =IF(ISERROR(LOOKUP(AS$10,$O39:$AQ39,#REF!)),0,(LOOKUP(AS$10,$O39:$AQ39,#REF!))) -> 0 | AT39: =IF(ISERROR(LOOKUP(AT$10,$O39:$AQ39,#REF!)),0,(LOOKUP(AT$10,$O39:$AQ39,#REF!))) -> 0 | AU39: =IF(ISERROR(LOOKUP(AU$10,$O39:$AQ39,#REF!)),0,(LOOKUP(AU$10,$O39:$AQ39,#REF!))) -> 0 | AV39: =IF(ISERROR(LOOKUP(AV$10,$O39:$AQ39,#REF!)),0,(LOOKUP(AV$10,$O39:$AQ39,#REF!))) -> 0 | AW39: =IF(ISERROR(LOOKUP(AW$10,$O39:$AQ39,#REF!)),0,(LOOKUP(AW$10,$O39:$AQ39,#REF!))) -> 0 | AX39: =IF(ISERROR(LOOKUP(AX$10,$O39:$AQ39,#REF!)),0,(LOOKUP(AX$10,$O39:$AQ39,#REF!))) -> 0 | AY39: =IF(ISERROR(LOOKUP(AY$10,$O39:$AQ39,#REF!)),0,(LOOKUP(AY$10,$O39:$AQ39,#REF!))) -> 0 | ... BB39: =IF(ISERROR(LOOKUP(BB$10,$O39:$AQ39,#REF!)),0,(LOOKUP(BB$10,$O39:$AQ39,#REF!))) -> 0
A40: =A37+1 -> 10 | B40: MM-ZTK-1F-GEN-SAF-MR-0002 | C40: RFQ-SA-002 | D40: Safety Signs | G40: 4-38 | H40: SA | I40: N | J40: L3 | K40: LD | M40: ZH | N40: P | O40: =P40 -> 46381 | P40: 46381 | Q40: 46399 | R40: 46399 | S40: 46399 | T40: 46406 | U40: 46415 | V40: 46429 | X40: 46437 | Y40: 46441 | Z40: 46448 | AA40: 46462 | AB40: 46476 | AC40: 46491 | AD40: 46491 | AE40: 46493 | AF40: 46523 | AG40: 46525 | AH40: 46530 | AI40: 46533 | AJ40: 46560 | AK40: 5 | AL40: 35 | AM40: 46530 | AN40: 46568 | AO40: =AN40-AM41 -> 265 | AP40: Liu bin | AQ40: 2026.6.10 Issued RFQ to Zhuhai yard | AR40: =IF(ISERROR(LOOKUP(AR$10,$O40:$AQ40,#REF!)),0,(LOOKUP(AR$10,$O40:$AQ40,#REF!))) -> 0 | AS40: =IF(ISERROR(LOOKUP(AS$10,$O40:$AQ40,#REF!)),0,(LOOKUP(AS$10,$O40:$AQ40,#REF!))) -> 0 | AT40: =IF(ISERROR(LOOKUP(AT$10,$O40:$AQ40,#REF!)),0,(LOOKUP(AT$10,$O40:$AQ40,#REF!))) -> 0 | AU40: =IF(ISERROR(LOOKUP(AU$10,$O40:$AQ40,#REF!)),0,(LOOKUP(AU$10,$O40:$AQ40,#REF!))) -> 0 | AV40: =IF(ISERROR(LOOKUP(AV$10,$O40:$AQ40,#REF!)),0,(LOOKUP(AV$10,$O40:$AQ40,#REF!))) -> 0 | AW40: =IF(ISERROR(LOOKUP(AW$10,$O40:$AQ40,#REF!)),0,(LOOKUP(AW$10,$O40:$AQ40,#REF!))) -> 0 | AX40: =IF(ISERROR(LOOKUP(AX$10,$O40:$AQ40,#REF!)),0,(LOOKUP(AX$10,$O40:$AQ40,#REF!))) -> 0 | AY40: =IF(ISERROR(LOOKUP(AY$10,$O40:$AQ40,#REF!)),0,(LOOKUP(AY$10,$O40:$AQ40,#REF!))) -> 0 | ... BB40: =IF(ISERROR(LOOKUP(BB$10,$O40:$AQ40,#REF!)),0,(LOOKUP(BB$10,$O40:$AQ40,#REF!))) -> 0
B41: MM-ZTK-1F-GEN-SAF-MR-0002 | C41: RFQ-SA-002 | D41: Safety Signs | G41: 4-38 | H41: SA | I41: N | J41: L3 | K41: LD | M41: ZH | N41: F | T41: =WORKDAY(S42,T9,IF(T12="China",'China Holidays'!$A$2:$A$84,'Thai Holidays'!$A$2:$A$65)) -> 46237 | U41: =WORKDAY(T41,U9,IF(U12="China",'China Holidays'!$A$2:$A$84,'Thai Holidays'!$A$2:$A$65)) -> 46247 | V41: =WORKDAY(U41,V9,IF(V12="China",'China Holidays'!$A$2:$A$84,'Thai Holidays'!$A$2:$A$65)) -> 46261 | X41: =WORKDAY(V41,X9,IF(X12="China",'China Holidays'!$A$2:$A$84,'Thai Holidays'!$A$2:$A$65)) -> 46268 | Y41: =WORKDAY(X41,Y9,IF(Y12="China",'China Holidays'!$A$2:$A$84,'Thai Holidays'!$A$2:$A$65)) -> 46272 | Z41: =WORKDAY(Y41,Z9,IF(Z12="China",'China Holidays'!$A$2:$A$84,'Thai Holidays'!$A$2:$A$65)) -> 46279 | AA41: =WORKDAY(Z41,AA9,IF(AA12="China",'China Holidays'!$A$2:$A$84,'Thai Holidays'!$A$2:$A$65)) -> 46294 | AB41: =WORKDAY(AA41,AB9,IF(AB12="China",'China Holidays'!$A$2:$A$84,'Thai Holidays'!$A$2:$A$65)) -> 46309 | AC41: =AB41+15 -> 46324 | AD41: =AC41 -> 46324 | AE41: =AD41+2 -> 46326 | AF41: =AE41+30 -> 46356 | AG41: =AF41+2 -> 46358 | AH41: =AG41+5 -> 46363 | AI41: =AM40+3 -> 46533 | AJ41: =AM40+30 -> 46560 | AM41: =X41+AL40 -> 46303 | AR41: =IF(ISERROR(LOOKUP(AR$10,$O41:$AQ41,#REF!)),0,(LOOKUP(AR$10,$O41:$AQ41,#REF!))) -> 0 | AS41: =IF(ISERROR(LOOKUP(AS$10,$O41:$AQ41,#REF!)),0,(LOOKUP(AS$10,$O41:$AQ41,#REF!))) -> 0 | AT41: =IF(ISERROR(LOOKUP(AT$10,$O41:$AQ41,#REF!)),0,(LOOKUP(AT$10,$O41:$AQ41,#REF!))) -> 0 | AU41: =IF(ISERROR(LOOKUP(AU$10,$O41:$AQ41,#REF!)),0,(LOOKUP(AU$10,$O41:$AQ41,#REF!))) -> 0 | AV41: =IF(ISERROR(LOOKUP(AV$10,$O41:$AQ41,#REF!)),0,(LOOKUP(AV$10,$O41:$AQ41,#REF!))) -> 0 | AW41: =IF(ISERROR(LOOKUP(AW$10,$O41:$AQ41,#REF!)),0,(LOOKUP(AW$10,$O41:$AQ41,#REF!))) -> 0 | AX41: =IF(ISERROR(LOOKUP(AX$10,$O41:$AQ41,#REF!)),0,(LOOKUP(AX$10,$O41:$AQ41,#REF!))) -> 0 | AY41: =IF(ISERROR(LOOKUP(AY$10,$O41:$AQ41,#REF!)),0,(LOOKUP(AY$10,$O41:$AQ41,#REF!))) -> 0 | ... BB41: =IF(ISERROR(LOOKUP(BB$10,$O41:$AQ41,#REF!)),0,(LOOKUP(BB$10,$O41:$AQ41,#REF!))) -> 0
B42: MM-ZTK-1F-GEN-SAF-MR-0002 | C42: RFQ-SA-002 | D42: Safety Signs | G42: 4-38 | H42: SA | I42: N | J42: L3 | K42: LD | M42: ZH | N42: A | O42: 46217 | P42: 46174 | Q42: 46182 | R42: 46230 | S42: 46230 | AR42: =IF(ISERROR(LOOKUP(AR$10,$O42:$AQ42,#REF!)),0,(LOOKUP(AR$10,$O42:$AQ42,#REF!))) -> 0 | AS42: =IF(ISERROR(LOOKUP(AS$10,$O42:$AQ42,#REF!)),0,(LOOKUP(AS$10,$O42:$AQ42,#REF!))) -> 0 | AT42: =IF(ISERROR(LOOKUP(AT$10,$O42:$AQ42,#REF!)),0,(LOOKUP(AT$10,$O42:$AQ42,#REF!))) -> 0 | AU42: =IF(ISERROR(LOOKUP(AU$10,$O42:$AQ42,#REF!)),0,(LOOKUP(AU$10,$O42:$AQ42,#REF!))) -> 0 | AV42: =IF(ISERROR(LOOKUP(AV$10,$O42:$AQ42,#REF!)),0,(LOOKUP(AV$10,$O42:$AQ42,#REF!))) -> 0 | AW42: =IF(ISERROR(LOOKUP(AW$10,$O42:$AQ42,#REF!)),0,(LOOKUP(AW$10,$O42:$AQ42,#REF!))) -> 0 | AX42: =IF(ISERROR(LOOKUP(AX$10,$O42:$AQ42,#REF!)),0,(LOOKUP(AX$10,$O42:$AQ42,#REF!))) -> 0 | AY42: =IF(ISERROR(LOOKUP(AY$10,$O42:$AQ42,#REF!)),0,(LOOKUP(AY$10,$O42:$AQ42,#REF!))) -> 0 | ... BB42: =IF(ISERROR(LOOKUP(BB$10,$O42:$AQ42,#REF!)),0,(LOOKUP(BB$10,$O42:$AQ42,#REF!))) -> 0
A43: =A40+1 -> 11 | B43: MM-ZTK-1F-GEN-PIP-MR-0001 | C43: RFQ-PIP-001 | D43: Ball Valve (Flange End) | E43: 150#-148 | F43: 355 | G43: 4-19 | H43: PI | I43: N | J43: L3 | K43: LC | M43: SH | N43: P | O43: 46174 | P43: 46177 | Q43: 46185 | R43: 46185 | S43: 46185 | T43: 46202 | U43: 46219 | V43: 46237 | X43: 46248 | Y43: 46252 | Z43: 46259 | AA43: 46280 | AB43: 46294 | AC43: 46324 | AD43: 46327 | AE43: 46330 | AF43: 46422 | AG43: 46437 | AH43: 46444 | AI43: 46447 | AJ43: 46474 | AK43: 28 | AL43: 196 | AM43: 46444 | AN43: 46476 | AO43: =AN43-AM44 -> 32 | AP43: Lin Yazhen | AR43: =IF(ISERROR(LOOKUP(AR$10,$O43:$AQ43,#REF!)),0,(LOOKUP(AR$10,$O43:$AQ43,#REF!))) -> 0 | AS43: =IF(ISERROR(LOOKUP(AS$10,$O43:$AQ43,#REF!)),0,(LOOKUP(AS$10,$O43:$AQ43,#REF!))) -> 0 | AT43: =IF(ISERROR(LOOKUP(AT$10,$O43:$AQ43,#REF!)),0,(LOOKUP(AT$10,$O43:$AQ43,#REF!))) -> 0 | AU43: =IF(ISERROR(LOOKUP(AU$10,$O43:$AQ43,#REF!)),0,(LOOKUP(AU$10,$O43:$AQ43,#REF!))) -> 0 | AV43: =IF(ISERROR(LOOKUP(AV$10,$O43:$AQ43,#REF!)),0,(LOOKUP(AV$10,$O43:$AQ43,#REF!))) -> 0 | AW43: =IF(ISERROR(LOOKUP(AW$10,$O43:$AQ43,#REF!)),0,(LOOKUP(AW$10,$O43:$AQ43,#REF!))) -> 0 | AX43: =IF(ISERROR(LOOKUP(AX$10,$O43:$AQ43,#REF!)),0,(LOOKUP(AX$10,$O43:$AQ43,#REF!))) -> 0 | AY43: =IF(ISERROR(LOOKUP(AY$10,$O43:$AQ43,#REF!)),0,(LOOKUP(AY$10,$O43:$AQ43,#REF!))) -> 0 | ... BB43: =IF(ISERROR(LOOKUP(BB$10,$O43:$AQ43,#REF!)),0,(LOOKUP(BB$10,$O43:$AQ43,#REF!))) -> 0
B44: MM-ZTK-1F-GEN-PIP-MR-0001 | C44: RFQ-PIP-001 | D44: Ball Valve (Flange End) | E44: 600#-207 | G44: 4-19 | H44: PI | I44: N | J44: L3 | K44: LC | M44: SH | N44: F | V44: 46238 | X44: =X43 -> 46248 | Y44: =WORKDAY(X44,Y8,IF(Y12="China",'China Holidays'!$A$2:$A$84,'Thai Holidays'!$A$2:$A$65)) -> 46252 | Z44: =WORKDAY(Y44,Z8,IF(Z12="China",'China Holidays'!$A$2:$A$84,'Thai Holidays'!$A$2:$A$65)) -> 46259 | AA44: =WORKDAY(Z44,AA8,IF(AA12="China",'China Holidays'!$A$2:$A$84,'Thai Holidays'!$A$2:$A$65)) -> 46280 | AB44: =WORKDAY(AA44,AB8,IF(AB12="China",'China Holidays'!$A$2:$A$84,'Thai Holidays'!$A$2:$A$65)) -> 46294 | AC44: =AB44+40 -> 46334 | AD44: =AC44+3 -> 46337 | AE44: =AD44+3 -> 46340 | AF44: =AG44-15 -> 46422 | AG44: =AH44-7 -> 46437 | AH44: =AM44 -> 46444 | AI44: =AM43+3 -> 46447 | AJ44: =AM43+30 -> 46474 | AM44: =X44+AL43 -> 46444 | AR44: =IF(ISERROR(LOOKUP(AR$10,$O44:$AQ44,#REF!)),0,(LOOKUP(AR$10,$O44:$AQ44,#REF!))) -> 0 | AS44: =IF(ISERROR(LOOKUP(AS$10,$O44:$AQ44,#REF!)),0,(LOOKUP(AS$10,$O44:$AQ44,#REF!))) -> 0 | AT44: =IF(ISERROR(LOOKUP(AT$10,$O44:$AQ44,#REF!)),0,(LOOKUP(AT$10,$O44:$AQ44,#REF!))) -> 0 | AU44: =IF(ISERROR(LOOKUP(AU$10,$O44:$AQ44,#REF!)),0,(LOOKUP(AU$10,$O44:$AQ44,#REF!))) -> 0 | AV44: =IF(ISERROR(LOOKUP(AV$10,$O44:$AQ44,#REF!)),0,(LOOKUP(AV$10,$O44:$AQ44,#REF!))) -> 0 | AW44: =IF(ISERROR(LOOKUP(AW$10,$O44:$AQ44,#REF!)),0,(LOOKUP(AW$10,$O44:$AQ44,#REF!))) -> 0 | AX44: =IF(ISERROR(LOOKUP(AX$10,$O44:$AQ44,#REF!)),0,(LOOKUP(AX$10,$O44:$AQ44,#REF!))) -> 0 | AY44: =IF(ISERROR(LOOKUP(AY$10,$O44:$AQ44,#REF!)),0,(LOOKUP(AY$10,$O44:$AQ44,#REF!))) -> 0 | ... BB44: =IF(ISERROR(LOOKUP(BB$10,$O44:$AQ44,#REF!)),0,(LOOKUP(BB$10,$O44:$AQ44,#REF!))) -> 0
B45: MM-ZTK-1F-GEN-PIP-MR-0001 | C45: RFQ-PIP-001 | D45: Ball Valve (Flange End) | G45: 4-19 | H45: PI | I45: N | J45: L3 | K45: LC | M45: SH | N45: A | O45: 46174 | P45: 46148 | Q45: 46165 | R45: 46174 | S45: 46174 | T45: 46191 | U45: 46219 | AR45: =IF(ISERROR(LOOKUP(AR$10,$O45:$AQ45,#REF!)),0,(LOOKUP(AR$10,$O45:$AQ45,#REF!))) -> 0 | AS45: =IF(ISERROR(LOOKUP(AS$10,$O45:$AQ45,#REF!)),0,(LOOKUP(AS$10,$O45:$AQ45,#REF!))) -> 0 | AT45: =IF(ISERROR(LOOKUP(AT$10,$O45:$AQ45,#REF!)),0,(LOOKUP(AT$10,$O45:$AQ45,#REF!))) -> 0 | AU45: =IF(ISERROR(LOOKUP(AU$10,$O45:$AQ45,#REF!)),0,(LOOKUP(AU$10,$O45:$AQ45,#REF!))) -> 0 | AV45: =IF(ISERROR(LOOKUP(AV$10,$O45:$AQ45,#REF!)),0,(LOOKUP(AV$10,$O45:$AQ45,#REF!))) -> 0 | AW45: =IF(ISERROR(LOOKUP(AW$10,$O45:$AQ45,#REF!)),0,(LOOKUP(AW$10,$O45:$AQ45,#REF!))) -> 0 | AX45: =IF(ISERROR(LOOKUP(AX$10,$O45:$AQ45,#REF!)),0,(LOOKUP(AX$10,$O45:$AQ45,#REF!))) -> 0 | AY45: =IF(ISERROR(LOOKUP(AY$10,$O45:$AQ45,#REF!)),0,(LOOKUP(AY$10,$O45:$AQ45,#REF!))) -> 0 | ... BB45: =IF(ISERROR(LOOKUP(BB$10,$O45:$AQ45,#REF!)),0,(LOOKUP(BB$10,$O45:$AQ45,#REF!))) -> 0
A46: =A43+1 -> 12 | B46: MM-ZTK-1F-GEN-PIP-MR-0001 | C46: RFQ-PIP-021 | D46: Ball Valve (Welded End) | E46: 800#-521 | F46: 649 | G46: 4-19 | H46: PI | I46: N | J46: L3 | K46: LC | L46: PIBIVIESSE-no reply | M46: SH | N46: P | O46: 46174 | P46: 46177 | Q46: 46185 | R46: 46185 | S46: 46185 | T46: 46202 | U46: 46219 | V46: 46237 | X46: 46248 | Y46: 46252 | Z46: 46259 | AA46: 46280 | AB46: 46294 | AC46: 46324 | AD46: 46327 | AE46: 46330 | AF46: 46422 | AG46: 46437 | AH46: 46444 | AI46: 46447 | AJ46: 46474 | AK46: 28 | AL46: 196 | AM46: 46444 | AN46: 46476 | AO46: =AN46-AM47 -> 32 | AP46: Lin Yazhen | AR46: =IF(ISERROR(LOOKUP(AR$10,$O46:$AQ46,#REF!)),0,(LOOKUP(AR$10,$O46:$AQ46,#REF!))) -> 0 | AS46: =IF(ISERROR(LOOKUP(AS$10,$O46:$AQ46,#REF!)),0,(LOOKUP(AS$10,$O46:$AQ46,#REF!))) -> 0 | AT46: =IF(ISERROR(LOOKUP(AT$10,$O46:$AQ46,#REF!)),0,(LOOKUP(AT$10,$O46:$AQ46,#REF!))) -> 0 | AU46: =IF(ISERROR(LOOKUP(AU$10,$O46:$AQ46,#REF!)),0,(LOOKUP(AU$10,$O46:$AQ46,#REF!))) -> 0 | AV46: =IF(ISERROR(LOOKUP(AV$10,$O46:$AQ46,#REF!)),0,(LOOKUP(AV$10,$O46:$AQ46,#REF!))) -> 0 | AW46: =IF(ISERROR(LOOKUP(AW$10,$O46:$AQ46,#REF!)),0,(LOOKUP(AW$10,$O46:$AQ46,#REF!))) -> 0 | AX46: =IF(ISERROR(LOOKUP(AX$10,$O46:$AQ46,#REF!)),0,(LOOKUP(AX$10,$O46:$AQ46,#REF!))) -> 0 | AY46: =IF(ISERROR(LOOKUP(AY$10,$O46:$AQ46,#REF!)),0,(LOOKUP(AY$10,$O46:$AQ46,#REF!))) -> 0 | ... BB46: =IF(ISERROR(LOOKUP(BB$10,$O46:$AQ46,#REF!)),0,(LOOKUP(BB$10,$O46:$AQ46,#REF!))) -> 0
B47: MM-ZTK-1F-GEN-PIP-MR-0001 | C47: RFQ-PIP-021 | D47: Ball Valve (Welded End) | E47: 2500#-128 | G47: 4-19 | H47: PI | I47: N | J47: L3 | K47: LC | L47: CAMERON & KCON-declined | M47: SH | N47: F | V47: =WORKDAY(U48,V8,IF(V12="China",'China Holidays'!$A$2:$A$84,'Thai Holidays'!$A$2:$A$65)) -> 46238 | X47: =X46 -> 46248 | Y47: =WORKDAY(X47,Y8,IF(Y12="China",'China Holidays'!$A$2:$A$84,'Thai Holidays'!$A$2:$A$65)) -> 46252 | Z47: =WORKDAY(Y47,Z8,IF(Z12="China",'China Holidays'!$A$2:$A$84,'Thai Holidays'!$A$2:$A$65)) -> 46259 | AA47: =WORKDAY(Z47,AA8,IF(AA12="China",'China Holidays'!$A$2:$A$84,'Thai Holidays'!$A$2:$A$65)) -> 46280 | AB47: =WORKDAY(AA47,AB8,IF(AB12="China",'China Holidays'!$A$2:$A$84,'Thai Holidays'!$A$2:$A$65)) -> 46294 | AC47: =AB47+40 -> 46334 | AD47: =AC47+3 -> 46337 | AE47: =AD47+3 -> 46340 | AF47: =AG47-15 -> 46422 | AG47: =AH47-7 -> 46437 | AH47: =AM47 -> 46444 | AI47: =AM46+3 -> 46447 | AJ47: =AM46+30 -> 46474 | AM47: =X47+AL46 -> 46444 | AR47: =IF(ISERROR(LOOKUP(AR$10,$O47:$AQ47,#REF!)),0,(LOOKUP(AR$10,$O47:$AQ47,#REF!))) -> 0 | AS47: =IF(ISERROR(LOOKUP(AS$10,$O47:$AQ47,#REF!)),0,(LOOKUP(AS$10,$O47:$AQ47,#REF!))) -> 0 | AT47: =IF(ISERROR(LOOKUP(AT$10,$O47:$AQ47,#REF!)),0,(LOOKUP(AT$10,$O47:$AQ47,#REF!))) -> 0 | AU47: =IF(ISERROR(LOOKUP(AU$10,$O47:$AQ47,#REF!)),0,(LOOKUP(AU$10,$O47:$AQ47,#REF!))) -> 0 | AV47: =IF(ISERROR(LOOKUP(AV$10,$O47:$AQ47,#REF!)),0,(LOOKUP(AV$10,$O47:$AQ47,#REF!))) -> 0 | AW47: =IF(ISERROR(LOOKUP(AW$10,$O47:$AQ47,#REF!)),0,(LOOKUP(AW$10,$O47:$AQ47,#REF!))) -> 0 | AX47: =IF(ISERROR(LOOKUP(AX$10,$O47:$AQ47,#REF!)),0,(LOOKUP(AX$10,$O47:$AQ47,#REF!))) -> 0 | AY47: =IF(ISERROR(LOOKUP(AY$10,$O47:$AQ47,#REF!)),0,(LOOKUP(AY$10,$O47:$AQ47,#REF!))) -> 0 | ... BB47: =IF(ISERROR(LOOKUP(BB$10,$O47:$AQ47,#REF!)),0,(LOOKUP(BB$10,$O47:$AQ47,#REF!))) -> 0
B48: MM-ZTK-1F-GEN-PIP-MR-0001 | C48: RFQ-PIP-021 | D48: Ball Valve (Welded End) | G48: 4-19 | H48: PI | I48: N | J48: L3 | K48: LC | L48: VALVITALIA,STARLINE | M48: SH | N48: A | O48: 46174 | P48: 46148 | Q48: 46165 | R48: 46174 | S48: 46174 | T48: 46200 | U48: 46220 | AR48: =IF(ISERROR(LOOKUP(AR$10,$O48:$AQ48,#REF!)),0,(LOOKUP(AR$10,$O48:$AQ48,#REF!))) -> 0 | AS48: =IF(ISERROR(LOOKUP(AS$10,$O48:$AQ48,#REF!)),0,(LOOKUP(AS$10,$O48:$AQ48,#REF!))) -> 0 | AT48: =IF(ISERROR(LOOKUP(AT$10,$O48:$AQ48,#REF!)),0,(LOOKUP(AT$10,$O48:$AQ48,#REF!))) -> 0 | AU48: =IF(ISERROR(LOOKUP(AU$10,$O48:$AQ48,#REF!)),0,(LOOKUP(AU$10,$O48:$AQ48,#REF!))) -> 0 | AV48: =IF(ISERROR(LOOKUP(AV$10,$O48:$AQ48,#REF!)),0,(LOOKUP(AV$10,$O48:$AQ48,#REF!))) -> 0 | AW48: =IF(ISERROR(LOOKUP(AW$10,$O48:$AQ48,#REF!)),0,(LOOKUP(AW$10,$O48:$AQ48,#REF!))) -> 0 | AX48: =IF(ISERROR(LOOKUP(AX$10,$O48:$AQ48,#REF!)),0,(LOOKUP(AX$10,$O48:$AQ48,#REF!))) -> 0 | AY48: =IF(ISERROR(LOOKUP(AY$10,$O48:$AQ48,#REF!)),0,(LOOKUP(AY$10,$O48:$AQ48,#REF!))) -> 0 | ... BB48: =IF(ISERROR(LOOKUP(BB$10,$O48:$AQ48,#REF!)),0,(LOOKUP(BB$10,$O48:$AQ48,#REF!))) -> 0
A49: =A46+1 -> 13 | B49: MM-ZTK-1F-GEN-PIP-MR-0001 | C49: RFQ-PIP-002 | D49: Globe Valve (without equal percentage) | F49: 6*4 | G49: 4-21 | H49: PI | I49: N | J49: L3 | K49: LC | M49: SH | N49: P | O49: 46174 | P49: 46177 | Q49: 46185 | R49: 46185 | S49: 46185 | T49: 46202 | U49: 46219 | V49: 46237 | X49: 46248 | Y49: 46252 | Z49: 46259 | AA49: 46280 | AB49: 46294 | AC49: 46324 | AD49: 46327 | AE49: 46330 | AF49: 46422 | AG49: 46437 | AH49: 46444 | AI49: 46447 | AJ49: 46474 | AK49: 28 | AL49: 196 | AM49: 46444 | AN49: 46476 | AO49: =AN49-AM50 -> 32 | AP49: Liu Lei | AR49: =IF(ISERROR(LOOKUP(AR$10,$O49:$AQ49,#REF!)),0,(LOOKUP(AR$10,$O49:$AQ49,#REF!))) -> 0 | AS49: =IF(ISERROR(LOOKUP(AS$10,$O49:$AQ49,#REF!)),0,(LOOKUP(AS$10,$O49:$AQ49,#REF!))) -> 0 | AT49: =IF(ISERROR(LOOKUP(AT$10,$O49:$AQ49,#REF!)),0,(LOOKUP(AT$10,$O49:$AQ49,#REF!))) -> 0 | AU49: =IF(ISERROR(LOOKUP(AU$10,$O49:$AQ49,#REF!)),0,(LOOKUP(AU$10,$O49:$AQ49,#REF!))) -> 0 | AV49: =IF(ISERROR(LOOKUP(AV$10,$O49:$AQ49,#REF!)),0,(LOOKUP(AV$10,$O49:$AQ49,#REF!))) -> 0 | AW49: =IF(ISERROR(LOOKUP(AW$10,$O49:$AQ49,#REF!)),0,(LOOKUP(AW$10,$O49:$AQ49,#REF!))) -> 0 | AX49: =IF(ISERROR(LOOKUP(AX$10,$O49:$AQ49,#REF!)),0,(LOOKUP(AX$10,$O49:$AQ49,#REF!))) -> 0 | AY49: =IF(ISERROR(LOOKUP(AY$10,$O49:$AQ49,#REF!)),0,(LOOKUP(AY$10,$O49:$AQ49,#REF!))) -> 0 | ... BB49: =IF(ISERROR(LOOKUP(BB$10,$O49:$AQ49,#REF!)),0,(LOOKUP(BB$10,$O49:$AQ49,#REF!))) -> 0 | BC49: Bidder1 | BD49: 24 weeks after PO
B50: MM-ZTK-1F-GEN-PIP-MR-0001 | C50: RFQ-PIP-002 | D50: Globe Valve (without equal percentage) | G50: 4-21 | H50: PI | I50: N | J50: L3 | K50: LC | M50: SH | N50: F | X50: 46248 | Y50: =WORKDAY(X50,Y8,IF(Y12="China",'China Holidays'!$A$2:$A$84,'Thai Holidays'!$A$2:$A$65)) -> 46252 | Z50: =WORKDAY(Y50,Z8,IF(Z12="China",'China Holidays'!$A$2:$A$84,'Thai Holidays'!$A$2:$A$65)) -> 46259 | AA50: =WORKDAY(Z50,AA8,IF(AA12="China",'China Holidays'!$A$2:$A$84,'Thai Holidays'!$A$2:$A$65)) -> 46280 | AB50: =WORKDAY(AA50,AB8,IF(AB12="China",'China Holidays'!$A$2:$A$84,'Thai Holidays'!$A$2:$A$65)) -> 46294 | AC50: =AB50+40 -> 46334 | AD50: =AC50+3 -> 46337 | AE50: =AD50+3 -> 46340 | AF50: =AG50-15 -> 46422 | AG50: =AH50-7 -> 46437 | AH50: =AM50 -> 46444 | AI50: =AM49+3 -> 46447 | AJ50: =AM49+30 -> 46474 | AM50: =X50+AL49 -> 46444 | AR50: =IF(ISERROR(LOOKUP(AR$10,$O50:$AQ50,#REF!)),0,(LOOKUP(AR$10,$O50:$AQ50,#REF!))) -> 0 | AS50: =IF(ISERROR(LOOKUP(AS$10,$O50:$AQ50,#REF!)),0,(LOOKUP(AS$10,$O50:$AQ50,#REF!))) -> 0 | AT50: =IF(ISERROR(LOOKUP(AT$10,$O50:$AQ50,#REF!)),0,(LOOKUP(AT$10,$O50:$AQ50,#REF!))) -> 0 | AU50: =IF(ISERROR(LOOKUP(AU$10,$O50:$AQ50,#REF!)),0,(LOOKUP(AU$10,$O50:$AQ50,#REF!))) -> 0 | AV50: =IF(ISERROR(LOOKUP(AV$10,$O50:$AQ50,#REF!)),0,(LOOKUP(AV$10,$O50:$AQ50,#REF!))) -> 0 | AW50: =IF(ISERROR(LOOKUP(AW$10,$O50:$AQ50,#REF!)),0,(LOOKUP(AW$10,$O50:$AQ50,#REF!))) -> 0 | AX50: =IF(ISERROR(LOOKUP(AX$10,$O50:$AQ50,#REF!)),0,(LOOKUP(AX$10,$O50:$AQ50,#REF!))) -> 0 | AY50: =IF(ISERROR(LOOKUP(AY$10,$O50:$AQ50,#REF!)),0,(LOOKUP(AY$10,$O50:$AQ50,#REF!))) -> 0 | ... BB50: =IF(ISERROR(LOOKUP(BB$10,$O50:$AQ50,#REF!)),0,(LOOKUP(BB$10,$O50:$AQ50,#REF!))) -> 0 | BC50: Bidder2 | BD50: 16-20 weeks after drawing approve
B51: MM-ZTK-1F-GEN-PIP-MR-0001 | C51: RFQ-PIP-002 | D51: Globe Valve (without equal percentage) | G51: 4-21 | H51: PI | I51: N | J51: L3 | K51: LC | M51: SH | N51: A | O51: 46174 | P51: 46148 | Q51: 46165 | R51: 46178 | S51: 46178 | T51: 46198 | U51: 46219 | V51: 46234 | AR51: =IF(ISERROR(LOOKUP(AR$10,$O51:$AQ51,#REF!)),0,(LOOKUP(AR$10,$O51:$AQ51,#REF!))) -> 0 | AS51: =IF(ISERROR(LOOKUP(AS$10,$O51:$AQ51,#REF!)),0,(LOOKUP(AS$10,$O51:$AQ51,#REF!))) -> 0 | AT51: =IF(ISERROR(LOOKUP(AT$10,$O51:$AQ51,#REF!)),0,(LOOKUP(AT$10,$O51:$AQ51,#REF!))) -> 0 | AU51: =IF(ISERROR(LOOKUP(AU$10,$O51:$AQ51,#REF!)),0,(LOOKUP(AU$10,$O51:$AQ51,#REF!))) -> 0 | AV51: =IF(ISERROR(LOOKUP(AV$10,$O51:$AQ51,#REF!)),0,(LOOKUP(AV$10,$O51:$AQ51,#REF!))) -> 0 | AW51: =IF(ISERROR(LOOKUP(AW$10,$O51:$AQ51,#REF!)),0,(LOOKUP(AW$10,$O51:$AQ51,#REF!))) -> 0 | AX51: =IF(ISERROR(LOOKUP(AX$10,$O51:$AQ51,#REF!)),0,(LOOKUP(AX$10,$O51:$AQ51,#REF!))) -> 0 | AY51: =IF(ISERROR(LOOKUP(AY$10,$O51:$AQ51,#REF!)),0,(LOOKUP(AY$10,$O51:$AQ51,#REF!))) -> 0 | ... BB51: =IF(ISERROR(LOOKUP(BB$10,$O51:$AQ51,#REF!)),0,(LOOKUP(BB$10,$O51:$AQ51,#REF!))) -> 0 | BC51: Bidder3 | BD51: 20-24 weeks after PO
A52: 14 | B52: MM-ZTK-1F-GEN-PIP-MR-0001 | C52: RFQ-PIP-028 | D52: Globe Valve (with equal percentage) | F52: 5*4 | G52: 4-21 | H52: PI | I52: N | J52: L3 | K52: LC | L52: New package split from PIP-002 | M52: SH | N52: P | O52: 46174 | P52: 46177 | Q52: 46185 | R52: 46185 | S52: 46185 | T52: 46202 | U52: 46219 | V52: 46237 | X52: 46248 | Y52: 46252 | Z52: 46259 | AA52: 46280 | AB52: 46294 | AC52: 46324 | AD52: 46327 | AE52: 46330 | AF52: 46422 | AG52: 46437 | AH52: 46444 | AI52: 46447 | AJ52: 46474 | AK52: 28 | AL52: 196 | AM52: 46444 | AN52: 46476 | AO52: =AN52-AM53 -> 32 | AP52: Liu Lei | AR52: =IF(ISERROR(LOOKUP(AR$10,$O52:$AQ52,#REF!)),0,(LOOKUP(AR$10,$O52:$AQ52,#REF!))) -> 0 | AS52: =IF(ISERROR(LOOKUP(AS$10,$O52:$AQ52,#REF!)),0,(LOOKUP(AS$10,$O52:$AQ52,#REF!))) -> 0 | AT52: =IF(ISERROR(LOOKUP(AT$10,$O52:$AQ52,#REF!)),0,(LOOKUP(AT$10,$O52:$AQ52,#REF!))) -> 0 | AU52: =IF(ISERROR(LOOKUP(AU$10,$O52:$AQ52,#REF!)),0,(LOOKUP(AU$10,$O52:$AQ52,#REF!))) -> 0 | AV52: =IF(ISERROR(LOOKUP(AV$10,$O52:$AQ52,#REF!)),0,(LOOKUP(AV$10,$O52:$AQ52,#REF!))) -> 0 | AW52: =IF(ISERROR(LOOKUP(AW$10,$O52:$AQ52,#REF!)),0,(LOOKUP(AW$10,$O52:$AQ52,#REF!))) -> 0 | AX52: =IF(ISERROR(LOOKUP(AX$10,$O52:$AQ52,#REF!)),0,(LOOKUP(AX$10,$O52:$AQ52,#REF!))) -> 0 | AY52: =IF(ISERROR(LOOKUP(AY$10,$O52:$AQ52,#REF!)),0,(LOOKUP(AY$10,$O52:$AQ52,#REF!))) -> 0 | ... BB52: =IF(ISERROR(LOOKUP(BB$10,$O52:$AQ52,#REF!)),0,(LOOKUP(BB$10,$O52:$AQ52,#REF!))) -> 0 | BD52: 24 weeks after PO
B53: MM-ZTK-1F-GEN-PIP-MR-0001 | C53: RFQ-PIP-028 | D53: Globe Valve (withequal percentage) | G53: 4-21 | H53: PI | I53: N | J53: L3 | K53: LC | M53: SH | N53: F | V53: 46240 | X53: =X52 -> 46248 | Y53: =WORKDAY(X53,Y8,IF(Y12="China",'China Holidays'!$A$2:$A$84,'Thai Holidays'!$A$2:$A$65)) -> 46252 | Z53: =WORKDAY(Y53,Z17,IF(Z21="China",'China Holidays'!$A$2:$A$84,'Thai Holidays'!$A$2:$A$65)) -> 46252 | AA53: =WORKDAY(Z53,AA17,IF(AA21="China",'China Holidays'!$A$2:$A$84,'Thai Holidays'!$A$2:$A$65)) -> 111040 | AB53: =WORKDAY(AA53,AB17,IF(AB21="China",'China Holidays'!$A$2:$A$84,'Thai Holidays'!$A$2:$A$65)) -> 175808 | AC53: =AB53+30 -> 175838 | AD53: =AC53+3 -> 175841 | AE53: =AD53+3 -> 175844 | AF53: =AG53-15 -> 46422 | AG53: =AH53-7 -> 46437 | AH53: =AM53 -> 46444 | AI53: =AM52+3 -> 46447 | AJ53: =AM52+30 -> 46474 | AM53: =X53+AL52 -> 46444 | AR53: =IF(ISERROR(LOOKUP(AR$10,$O53:$AQ53,#REF!)),0,(LOOKUP(AR$10,$O53:$AQ53,#REF!))) -> 0 | AS53: =IF(ISERROR(LOOKUP(AS$10,$O53:$AQ53,#REF!)),0,(LOOKUP(AS$10,$O53:$AQ53,#REF!))) -> 0 | AT53: =IF(ISERROR(LOOKUP(AT$10,$O53:$AQ53,#REF!)),0,(LOOKUP(AT$10,$O53:$AQ53,#REF!))) -> 0 | AU53: =IF(ISERROR(LOOKUP(AU$10,$O53:$AQ53,#REF!)),0,(LOOKUP(AU$10,$O53:$AQ53,#REF!))) -> 0 | AV53: =IF(ISERROR(LOOKUP(AV$10,$O53:$AQ53,#REF!)),0,(LOOKUP(AV$10,$O53:$AQ53,#REF!))) -> 0 | AW53: =IF(ISERROR(LOOKUP(AW$10,$O53:$AQ53,#REF!)),0,(LOOKUP(AW$10,$O53:$AQ53,#REF!))) -> 0 | AX53: =IF(ISERROR(LOOKUP(AX$10,$O53:$AQ53,#REF!)),0,(LOOKUP(AX$10,$O53:$AQ53,#REF!))) -> 0 | AY53: =IF(ISERROR(LOOKUP(AY$10,$O53:$AQ53,#REF!)),0,(LOOKUP(AY$10,$O53:$AQ53,#REF!))) -> 0 | ... BB53: =IF(ISERROR(LOOKUP(BB$10,$O53:$AQ53,#REF!)),0,(LOOKUP(BB$10,$O53:$AQ53,#REF!))) -> 0
B54: MM-ZTK-1F-GEN-PIP-MR-0001 | C54: RFQ-PIP-028 | D54: Globe Valve (withequal percentage) | G54: 4-21 | H54: PI | I54: N | J54: L3 | K54: LC | M54: SH | N54: A | O54: 46174 | P54: 46148 | Q54: 46165 | R54: 46178 | S54: 46178 | T54: 46198 | U54: 46219 | AR54: =IF(ISERROR(LOOKUP(AR$10,$O54:$AQ54,#REF!)),0,(LOOKUP(AR$10,$O54:$AQ54,#REF!))) -> 0 | AS54: =IF(ISERROR(LOOKUP(AS$10,$O54:$AQ54,#REF!)),0,(LOOKUP(AS$10,$O54:$AQ54,#REF!))) -> 0 | AT54: =IF(ISERROR(LOOKUP(AT$10,$O54:$AQ54,#REF!)),0,(LOOKUP(AT$10,$O54:$AQ54,#REF!))) -> 0 | AU54: =IF(ISERROR(LOOKUP(AU$10,$O54:$AQ54,#REF!)),0,(LOOKUP(AU$10,$O54:$AQ54,#REF!))) -> 0 | AV54: =IF(ISERROR(LOOKUP(AV$10,$O54:$AQ54,#REF!)),0,(LOOKUP(AV$10,$O54:$AQ54,#REF!))) -> 0 | AW54: =IF(ISERROR(LOOKUP(AW$10,$O54:$AQ54,#REF!)),0,(LOOKUP(AW$10,$O54:$AQ54,#REF!))) -> 0 | AX54: =IF(ISERROR(LOOKUP(AX$10,$O54:$AQ54,#REF!)),0,(LOOKUP(AX$10,$O54:$AQ54,#REF!))) -> 0 | AY54: =IF(ISERROR(LOOKUP(AY$10,$O54:$AQ54,#REF!)),0,(LOOKUP(AY$10,$O54:$AQ54,#REF!))) -> 0 | ... BB54: =IF(ISERROR(LOOKUP(BB$10,$O54:$AQ54,#REF!)),0,(LOOKUP(BB$10,$O54:$AQ54,#REF!))) -> 0
B55: MM-ZTK-1F-GEN-PIP-MR-0001 | C55: RFQ-PIP-003 | D55: Check Valve (Swing) | F55: 1*4 | G55: 4-22 | H55: PI | I55: N | J55: L3 | K55: LC | L55: Combined with Check Wafer | M55: SH | N55: P | O55: 46174 | P55: 46177 | Q55: 46185 | R55: 46185 | S55: 46185 | T55: 46202 | U55: 46219 | V55: 46237 | X55: 46248 | Y55: 46252 | Z55: 46259 | AA55: 46280 | AB55: 46294 | AC55: 46324 | AD55: 46327 | AE55: 46330 | AF55: 46422 | AG55: 46437 | AH55: 46444 | AI55: 46447 | AJ55: 46474 | AK55: 28 | AL55: 196 | AM55: 46444 | AN55: 46476 | AO55: =AN55-AM56 -> 32 | AP55: Liu Lei | AR55: =IF(ISERROR(LOOKUP(AR$10,$O55:$AQ55,#REF!)),0,(LOOKUP(AR$10,$O55:$AQ55,#REF!))) -> 0 | AS55: =IF(ISERROR(LOOKUP(AS$10,$O55:$AQ55,#REF!)),0,(LOOKUP(AS$10,$O55:$AQ55,#REF!))) -> 0 | AT55: =IF(ISERROR(LOOKUP(AT$10,$O55:$AQ55,#REF!)),0,(LOOKUP(AT$10,$O55:$AQ55,#REF!))) -> 0 | AU55: =IF(ISERROR(LOOKUP(AU$10,$O55:$AQ55,#REF!)),0,(LOOKUP(AU$10,$O55:$AQ55,#REF!))) -> 0 | AV55: =IF(ISERROR(LOOKUP(AV$10,$O55:$AQ55,#REF!)),0,(LOOKUP(AV$10,$O55:$AQ55,#REF!))) -> 0 | AW55: =IF(ISERROR(LOOKUP(AW$10,$O55:$AQ55,#REF!)),0,(LOOKUP(AW$10,$O55:$AQ55,#REF!))) -> 0 | AX55: =IF(ISERROR(LOOKUP(AX$10,$O55:$AQ55,#REF!)),0,(LOOKUP(AX$10,$O55:$AQ55,#REF!))) -> 0 | AY55: =IF(ISERROR(LOOKUP(AY$10,$O55:$AQ55,#REF!)),0,(LOOKUP(AY$10,$O55:$AQ55,#REF!))) -> 0 | ... BB55: =IF(ISERROR(LOOKUP(BB$10,$O55:$AQ55,#REF!)),0,(LOOKUP(BB$10,$O55:$AQ55,#REF!))) -> 0
B56: MM-ZTK-1F-GEN-PIP-MR-0001 | C56: RFQ-PIP-003 | D56: Check Valve (Swing) | G56: 4-22 | H56: PI | I56: N | J56: L3 | K56: LC | M56: SH | N56: F | U56: =U55 -> 46219 | V56: =WORKDAY(U56,V8,IF(V12="China",'China Holidays'!$A$2:$A$84,'Thai Holidays'!$A$2:$A$65)) -> 46237 | X56: =WORKDAY(V56,X8,IF(X12="China",'China Holidays'!$A$2:$A$84,'Thai Holidays'!$A$2:$A$65)) -> 46248 | Y56: =WORKDAY(X56,Y8,IF(Y12="China",'China Holidays'!$A$2:$A$84,'Thai Holidays'!$A$2:$A$65)) -> 46252 | Z56: =WORKDAY(Y56,Z8,IF(Z12="China",'China Holidays'!$A$2:$A$84,'Thai Holidays'!$A$2:$A$65)) -> 46259 | AA56: =WORKDAY(Z56,AA8,IF(AA12="China",'China Holidays'!$A$2:$A$84,'Thai Holidays'!$A$2:$A$65)) -> 46280 | AB56: =WORKDAY(AA56,AB8,IF(AB12="China",'China Holidays'!$A$2:$A$84,'Thai Holidays'!$A$2:$A$65)) -> 46294 | AC56: =AB56+30 -> 46324 | AD56: =AC56+3 -> 46327 | AE56: =AD56+3 -> 46330 | AF56: =AG56-15 -> 46422 | AG56: =AH56-7 -> 46437 | AH56: =AM56 -> 46444 | AI56: =AM55+3 -> 46447 | AJ56: =AM55+30 -> 46474 | AM56: =X56+AL55 -> 46444 | AR56: =IF(ISERROR(LOOKUP(AR$10,$O56:$AQ56,#REF!)),0,(LOOKUP(AR$10,$O56:$AQ56,#REF!))) -> 0 | AS56: =IF(ISERROR(LOOKUP(AS$10,$O56:$AQ56,#REF!)),0,(LOOKUP(AS$10,$O56:$AQ56,#REF!))) -> 0 | AT56: =IF(ISERROR(LOOKUP(AT$10,$O56:$AQ56,#REF!)),0,(LOOKUP(AT$10,$O56:$AQ56,#REF!))) -> 0 | AU56: =IF(ISERROR(LOOKUP(AU$10,$O56:$AQ56,#REF!)),0,(LOOKUP(AU$10,$O56:$AQ56,#REF!))) -> 0 | AV56: =IF(ISERROR(LOOKUP(AV$10,$O56:$AQ56,#REF!)),0,(LOOKUP(AV$10,$O56:$AQ56,#REF!))) -> 0 | AW56: =IF(ISERROR(LOOKUP(AW$10,$O56:$AQ56,#REF!)),0,(LOOKUP(AW$10,$O56:$AQ56,#REF!))) -> 0 | AX56: =IF(ISERROR(LOOKUP(AX$10,$O56:$AQ56,#REF!)),0,(LOOKUP(AX$10,$O56:$AQ56,#REF!))) -> 0 | AY56: =IF(ISERROR(LOOKUP(AY$10,$O56:$AQ56,#REF!)),0,(LOOKUP(AY$10,$O56:$AQ56,#REF!))) -> 0 | ... BB56: =IF(ISERROR(LOOKUP(BB$10,$O56:$AQ56,#REF!)),0,(LOOKUP(BB$10,$O56:$AQ56,#REF!))) -> 0
B57: MM-ZTK-1F-GEN-PIP-MR-0001 | C57: RFQ-PIP-003 | D57: Check Valve (Swing) | G57: 4-22 | H57: PI | I57: N | J57: L3 | K57: LC | M57: SH | N57: A | O57: 46174 | P57: 46148 | Q57: 46165 | R57: 46182 | S57: 46182 | T57: 46202 | AR57: =IF(ISERROR(LOOKUP(AR$10,$O57:$AQ57,#REF!)),0,(LOOKUP(AR$10,$O57:$AQ57,#REF!))) -> 0 | AS57: =IF(ISERROR(LOOKUP(AS$10,$O57:$AQ57,#REF!)),0,(LOOKUP(AS$10,$O57:$AQ57,#REF!))) -> 0 | AT57: =IF(ISERROR(LOOKUP(AT$10,$O57:$AQ57,#REF!)),0,(LOOKUP(AT$10,$O57:$AQ57,#REF!))) -> 0 | AU57: =IF(ISERROR(LOOKUP(AU$10,$O57:$AQ57,#REF!)),0,(LOOKUP(AU$10,$O57:$AQ57,#REF!))) -> 0 | AV57: =IF(ISERROR(LOOKUP(AV$10,$O57:$AQ57,#REF!)),0,(LOOKUP(AV$10,$O57:$AQ57,#REF!))) -> 0 | AW57: =IF(ISERROR(LOOKUP(AW$10,$O57:$AQ57,#REF!)),0,(LOOKUP(AW$10,$O57:$AQ57,#REF!))) -> 0 | AX57: =IF(ISERROR(LOOKUP(AX$10,$O57:$AQ57,#REF!)),0,(LOOKUP(AX$10,$O57:$AQ57,#REF!))) -> 0 | AY57: =IF(ISERROR(LOOKUP(AY$10,$O57:$AQ57,#REF!)),0,(LOOKUP(AY$10,$O57:$AQ57,#REF!))) -> 0 | ... BB57: =IF(ISERROR(LOOKUP(BB$10,$O57:$AQ57,#REF!)),0,(LOOKUP(BB$10,$O57:$AQ57,#REF!))) -> 0
B58: MM-ZTK-1F-GEN-PIP-MR-0001 | C58: RFQ-PIP-029 | D58: Check Valve (Position) | F58: 1*4 | G58: 4-22 | H58: PI | I58: N | J58: L3 | K58: LC | L58: Combined with Check Wafer | M58: SH | N58: P | O58: 46174 | P58: 46177 | Q58: 46185 | R58: 46185 | S58: 46185 | T58: 46202 | U58: 46219 | V58: 46237 | X58: 46248 | Y58: 46252 | Z58: 46259 | AA58: 46280 | AB58: 46294 | AC58: 46324 | AD58: 46327 | AE58: 46330 | AF58: 46422 | AG58: 46437 | AH58: 46444 | AI58: 46447 | AJ58: 46474 | AK58: 28 | AL58: 196 | AM58: 46444 | AN58: 46476 | AO58: =AN58-AM59 -> 32 | AP58: Liu Lei | AR58: =IF(ISERROR(LOOKUP(AR$10,$O58:$AQ58,#REF!)),0,(LOOKUP(AR$10,$O58:$AQ58,#REF!))) -> 0 | AS58: =IF(ISERROR(LOOKUP(AS$10,$O58:$AQ58,#REF!)),0,(LOOKUP(AS$10,$O58:$AQ58,#REF!))) -> 0 | AT58: =IF(ISERROR(LOOKUP(AT$10,$O58:$AQ58,#REF!)),0,(LOOKUP(AT$10,$O58:$AQ58,#REF!))) -> 0 | AU58: =IF(ISERROR(LOOKUP(AU$10,$O58:$AQ58,#REF!)),0,(LOOKUP(AU$10,$O58:$AQ58,#REF!))) -> 0 | AV58: =IF(ISERROR(LOOKUP(AV$10,$O58:$AQ58,#REF!)),0,(LOOKUP(AV$10,$O58:$AQ58,#REF!))) -> 0 | AW58: =IF(ISERROR(LOOKUP(AW$10,$O58:$AQ58,#REF!)),0,(LOOKUP(AW$10,$O58:$AQ58,#REF!))) -> 0 | AX58: =IF(ISERROR(LOOKUP(AX$10,$O58:$AQ58,#REF!)),0,(LOOKUP(AX$10,$O58:$AQ58,#REF!))) -> 0 | AY58: =IF(ISERROR(LOOKUP(AY$10,$O58:$AQ58,#REF!)),0,(LOOKUP(AY$10,$O58:$AQ58,#REF!))) -> 0 | ... BB58: =IF(ISERROR(LOOKUP(BB$10,$O58:$AQ58,#REF!)),0,(LOOKUP(BB$10,$O58:$AQ58,#REF!))) -> 0
B59: MM-ZTK-1F-GEN-PIP-MR-0001 | C59: RFQ-PIP-029 | D59: Check Valve (Position) | G59: 4-22 | H59: PI | I59: N | J59: L3 | K59: LC | M59: SH | N59: F | U59: =U58 -> 46219 | V59: =WORKDAY(U59,V8,IF(V12="China",'China Holidays'!$A$2:$A$84,'Thai Holidays'!$A$2:$A$65)) -> 46237 | X59: =WORKDAY(V59,X8,IF(X12="China",'China Holidays'!$A$2:$A$84,'Thai Holidays'!$A$2:$A$65)) -> 46248 | Y59: =WORKDAY(X59,Y8,IF(Y12="China",'China Holidays'!$A$2:$A$84,'Thai Holidays'!$A$2:$A$65)) -> 46252 | Z59: =WORKDAY(Y59,Z8,IF(Z12="China",'China Holidays'!$A$2:$A$84,'Thai Holidays'!$A$2:$A$65)) -> 46259 | AA59: =WORKDAY(Z59,AA8,IF(AA12="China",'China Holidays'!$A$2:$A$84,'Thai Holidays'!$A$2:$A$65)) -> 46280 | AB59: =WORKDAY(AA59,AB8,IF(AB12="China",'China Holidays'!$A$2:$A$84,'Thai Holidays'!$A$2:$A$65)) -> 46294 | AC59: =AB59+30 -> 46324 | AD59: =AC59+3 -> 46327 | AE59: =AD59+3 -> 46330 | AF59: =AG59-15 -> 46422 | AG59: =AH59-7 -> 46437 | AH59: =AM59 -> 46444 | AI59: =AM58+3 -> 46447 | AJ59: =AM58+30 -> 46474 | AM59: =X59+AL58 -> 46444 | AR59: =IF(ISERROR(LOOKUP(AR$10,$O59:$AQ59,#REF!)),0,(LOOKUP(AR$10,$O59:$AQ59,#REF!))) -> 0 | AS59: =IF(ISERROR(LOOKUP(AS$10,$O59:$AQ59,#REF!)),0,(LOOKUP(AS$10,$O59:$AQ59,#REF!))) -> 0 | AT59: =IF(ISERROR(LOOKUP(AT$10,$O59:$AQ59,#REF!)),0,(LOOKUP(AT$10,$O59:$AQ59,#REF!))) -> 0 | AU59: =IF(ISERROR(LOOKUP(AU$10,$O59:$AQ59,#REF!)),0,(LOOKUP(AU$10,$O59:$AQ59,#REF!))) -> 0 | AV59: =IF(ISERROR(LOOKUP(AV$10,$O59:$AQ59,#REF!)),0,(LOOKUP(AV$10,$O59:$AQ59,#REF!))) -> 0 | AW59: =IF(ISERROR(LOOKUP(AW$10,$O59:$AQ59,#REF!)),0,(LOOKUP(AW$10,$O59:$AQ59,#REF!))) -> 0 | AX59: =IF(ISERROR(LOOKUP(AX$10,$O59:$AQ59,#REF!)),0,(LOOKUP(AX$10,$O59:$AQ59,#REF!))) -> 0 | AY59: =IF(ISERROR(LOOKUP(AY$10,$O59:$AQ59,#REF!)),0,(LOOKUP(AY$10,$O59:$AQ59,#REF!))) -> 0 | ... BB59: =IF(ISERROR(LOOKUP(BB$10,$O59:$AQ59,#REF!)),0,(LOOKUP(BB$10,$O59:$AQ59,#REF!))) -> 0
B60: MM-ZTK-1F-GEN-PIP-MR-0001 | C60: RFQ-PIP-029 | D60: Check Valve (Position) | G60: 4-22 | H60: PI | I60: N | J60: L3 | K60: LC | M60: SH | N60: A | O60: 46174 | P60: 46148 | Q60: 46165 | R60: 46182 | S60: 46182 | T60: 46202 | AR60: =IF(ISERROR(LOOKUP(AR$10,$O60:$AQ60,#REF!)),0,(LOOKUP(AR$10,$O60:$AQ60,#REF!))) -> 0 | AS60: =IF(ISERROR(LOOKUP(AS$10,$O60:$AQ60,#REF!)),0,(LOOKUP(AS$10,$O60:$AQ60,#REF!))) -> 0 | AT60: =IF(ISERROR(LOOKUP(AT$10,$O60:$AQ60,#REF!)),0,(LOOKUP(AT$10,$O60:$AQ60,#REF!))) -> 0 | AU60: =IF(ISERROR(LOOKUP(AU$10,$O60:$AQ60,#REF!)),0,(LOOKUP(AU$10,$O60:$AQ60,#REF!))) -> 0 | AV60: =IF(ISERROR(LOOKUP(AV$10,$O60:$AQ60,#REF!)),0,(LOOKUP(AV$10,$O60:$AQ60,#REF!))) -> 0 | AW60: =IF(ISERROR(LOOKUP(AW$10,$O60:$AQ60,#REF!)),0,(LOOKUP(AW$10,$O60:$AQ60,#REF!))) -> 0 | AX60: =IF(ISERROR(LOOKUP(AX$10,$O60:$AQ60,#REF!)),0,(LOOKUP(AX$10,$O60:$AQ60,#REF!))) -> 0 | AY60: =IF(ISERROR(LOOKUP(AY$10,$O60:$AQ60,#REF!)),0,(LOOKUP(AY$10,$O60:$AQ60,#REF!))) -> 0 | ... BB60: =IF(ISERROR(LOOKUP(BB$10,$O60:$AQ60,#REF!)),0,(LOOKUP(BB$10,$O60:$AQ60,#REF!))) -> 0
A61: =A52+1 -> 15 | B61: MM-ZTK-1F-GEN-PIP-MR-0001 | C61: RFQ-PIP-030 | D61: Check Valve (Wafer) | F61: 7*4 | G61: 4-22 | H61: PI | I61: N | J61: L3 | K61: LC | L61: DHV,Huaying, Newway | M61: SH | N61: P | O61: 46174 | P61: 46177 | Q61: 46185 | R61: 46185 | S61: 46185 | T61: 46202 | U61: 46219 | V61: 46237 | X61: 46248 | Y61: 46252 | Z61: 46259 | AA61: 46280 | AB61: 46294 | AC61: 46324 | AD61: 46327 | AE61: 46330 | AF61: 46422 | AG61: 46437 | AH61: 46444 | AI61: 46447 | AJ61: 46474 | AK61: 28 | AL61: 196 | AM61: 46444 | AN61: 46476 | AO61: =AN61-AM62 -> 32 | AP61: Liu Lei | AR61: =IF(ISERROR(LOOKUP(AR$10,$O61:$AQ61,#REF!)),0,(LOOKUP(AR$10,$O61:$AQ61,#REF!))) -> 0 | AS61: =IF(ISERROR(LOOKUP(AS$10,$O61:$AQ61,#REF!)),0,(LOOKUP(AS$10,$O61:$AQ61,#REF!))) -> 0 | AT61: =IF(ISERROR(LOOKUP(AT$10,$O61:$AQ61,#REF!)),0,(LOOKUP(AT$10,$O61:$AQ61,#REF!))) -> 0 | AU61: =IF(ISERROR(LOOKUP(AU$10,$O61:$AQ61,#REF!)),0,(LOOKUP(AU$10,$O61:$AQ61,#REF!))) -> 0 | AV61: =IF(ISERROR(LOOKUP(AV$10,$O61:$AQ61,#REF!)),0,(LOOKUP(AV$10,$O61:$AQ61,#REF!))) -> 0 | AW61: =IF(ISERROR(LOOKUP(AW$10,$O61:$AQ61,#REF!)),0,(LOOKUP(AW$10,$O61:$AQ61,#REF!))) -> 0 | AX61: =IF(ISERROR(LOOKUP(AX$10,$O61:$AQ61,#REF!)),0,(LOOKUP(AX$10,$O61:$AQ61,#REF!))) -> 0 | AY61: =IF(ISERROR(LOOKUP(AY$10,$O61:$AQ61,#REF!)),0,(LOOKUP(AY$10,$O61:$AQ61,#REF!))) -> 0 | ... BB61: =IF(ISERROR(LOOKUP(BB$10,$O61:$AQ61,#REF!)),0,(LOOKUP(BB$10,$O61:$AQ61,#REF!))) -> 0 | BC61: Bidder1 | BD61: 24 weeks after PO
B62: MM-ZTK-1F-GEN-PIP-MR-0001 | C62: RFQ-PIP-030 | D62: Check Valve (Wafer) | G62: 4-22 | H62: PI | I62: N | J62: L3 | K62: LC | L62: Emerson | M62: SH | N62: F | X62: 46248 | Y62: =WORKDAY(X62,Y8,IF(Y12="China",'China Holidays'!$A$2:$A$84,'Thai Holidays'!$A$2:$A$65)) -> 46252 | Z62: =WORKDAY(Y62,Z8,IF(Z12="China",'China Holidays'!$A$2:$A$84,'Thai Holidays'!$A$2:$A$65)) -> 46259 | AA62: =WORKDAY(Z62,AA8,IF(AA12="China",'China Holidays'!$A$2:$A$84,'Thai Holidays'!$A$2:$A$65)) -> 46280 | AB62: =WORKDAY(AA62,AB8,IF(AB12="China",'China Holidays'!$A$2:$A$84,'Thai Holidays'!$A$2:$A$65)) -> 46294 | AC62: =AB62+30 -> 46324 | AD62: =AC62+3 -> 46327 | AE62: =AD62+3 -> 46330 | AF62: =AG62-15 -> 46422 | AG62: =AH62-7 -> 46437 | AH62: =AM62 -> 46444 | AI62: =AM61+3 -> 46447 | AJ62: =AM61+30 -> 46474 | AM62: =X62+AL61 -> 46444 | AR62: =IF(ISERROR(LOOKUP(AR$10,$O62:$AQ62,#REF!)),0,(LOOKUP(AR$10,$O62:$AQ62,#REF!))) -> 0 | AS62: =IF(ISERROR(LOOKUP(AS$10,$O62:$AQ62,#REF!)),0,(LOOKUP(AS$10,$O62:$AQ62,#REF!))) -> 0 | AT62: =IF(ISERROR(LOOKUP(AT$10,$O62:$AQ62,#REF!)),0,(LOOKUP(AT$10,$O62:$AQ62,#REF!))) -> 0 | AU62: =IF(ISERROR(LOOKUP(AU$10,$O62:$AQ62,#REF!)),0,(LOOKUP(AU$10,$O62:$AQ62,#REF!))) -> 0 | AV62: =IF(ISERROR(LOOKUP(AV$10,$O62:$AQ62,#REF!)),0,(LOOKUP(AV$10,$O62:$AQ62,#REF!))) -> 0 | AW62: =IF(ISERROR(LOOKUP(AW$10,$O62:$AQ62,#REF!)),0,(LOOKUP(AW$10,$O62:$AQ62,#REF!))) -> 0 | AX62: =IF(ISERROR(LOOKUP(AX$10,$O62:$AQ62,#REF!)),0,(LOOKUP(AX$10,$O62:$AQ62,#REF!))) -> 0 | AY62: =IF(ISERROR(LOOKUP(AY$10,$O62:$AQ62,#REF!)),0,(LOOKUP(AY$10,$O62:$AQ62,#REF!))) -> 0 | ... BB62: =IF(ISERROR(LOOKUP(BB$10,$O62:$AQ62,#REF!)),0,(LOOKUP(BB$10,$O62:$AQ62,#REF!))) -> 0 | BC62: Bidder2 | BD62: 16-20 weeks after drawing approve
B63: MM-ZTK-1F-GEN-PIP-MR-0001 | C63: RFQ-PIP-030 | D63: Check Valve (Wafer) | G63: 4-22 | H63: PI | I63: N | J63: L3 | K63: LC | M63: SH | N63: A | O63: 46174 | P63: 46148 | Q63: 46165 | R63: 46182 | S63: 46182 | T63: 46202 | U63: 46219 | V63: 46233 | AR63: =IF(ISERROR(LOOKUP(AR$10,$O63:$AQ63,#REF!)),0,(LOOKUP(AR$10,$O63:$AQ63,#REF!))) -> 0 | AS63: =IF(ISERROR(LOOKUP(AS$10,$O63:$AQ63,#REF!)),0,(LOOKUP(AS$10,$O63:$AQ63,#REF!))) -> 0 | AT63: =IF(ISERROR(LOOKUP(AT$10,$O63:$AQ63,#REF!)),0,(LOOKUP(AT$10,$O63:$AQ63,#REF!))) -> 0 | AU63: =IF(ISERROR(LOOKUP(AU$10,$O63:$AQ63,#REF!)),0,(LOOKUP(AU$10,$O63:$AQ63,#REF!))) -> 0 | AV63: =IF(ISERROR(LOOKUP(AV$10,$O63:$AQ63,#REF!)),0,(LOOKUP(AV$10,$O63:$AQ63,#REF!))) -> 0 | AW63: =IF(ISERROR(LOOKUP(AW$10,$O63:$AQ63,#REF!)),0,(LOOKUP(AW$10,$O63:$AQ63,#REF!))) -> 0 | AX63: =IF(ISERROR(LOOKUP(AX$10,$O63:$AQ63,#REF!)),0,(LOOKUP(AX$10,$O63:$AQ63,#REF!))) -> 0 | AY63: =IF(ISERROR(LOOKUP(AY$10,$O63:$AQ63,#REF!)),0,(LOOKUP(AY$10,$O63:$AQ63,#REF!))) -> 0 | ... BB63: =IF(ISERROR(LOOKUP(BB$10,$O63:$AQ63,#REF!)),0,(LOOKUP(BB$10,$O63:$AQ63,#REF!))) -> 0 | BC63: Bidder3 | BD63: 20-24 weeks after PO
A64: =A61+1 -> 16 | B64: MM-ZTK-1F-GEN-PIP-MR-0001 | C64: RFQ-PIP-004 | D64: Check valve (Compact) | F64: 16*4 | G64: 4-41 | H64: PI | I64: N | J64: L2 | K64: LB | L64: KCON | M64: SH | N64: P | O64: 46174 | P64: 46177 | Q64: 46185 | R64: 46185 | S64: 46177 | T64: 46191 | U64: 46216 | V64: 46230 | X64: 46244 | Y64: 46246 | Z64: 46253 | AA64: 46281 | AB64: 46295 | AC64: 46325 | AD64: 46328 | AE64: 46331 | AF64: 46420 | AG64: 46435 | AH64: 46440 | AI64: 46443 | AJ64: 46470 | AK64: 28 | AL64: 196 | AM64: 46440 | AN64: 46466 | AO64: =AN64-AM65 -> 26 | AP64: Lin Yazhen | AR64: =IF(ISERROR(LOOKUP(AR$10,$O64:$AQ64,#REF!)),0,(LOOKUP(AR$10,$O64:$AQ64,#REF!))) -> 0 | AS64: =IF(ISERROR(LOOKUP(AS$10,$O64:$AQ64,#REF!)),0,(LOOKUP(AS$10,$O64:$AQ64,#REF!))) -> 0 | AT64: =IF(ISERROR(LOOKUP(AT$10,$O64:$AQ64,#REF!)),0,(LOOKUP(AT$10,$O64:$AQ64,#REF!))) -> 0 | AU64: =IF(ISERROR(LOOKUP(AU$10,$O64:$AQ64,#REF!)),0,(LOOKUP(AU$10,$O64:$AQ64,#REF!))) -> 0 | AV64: =IF(ISERROR(LOOKUP(AV$10,$O64:$AQ64,#REF!)),0,(LOOKUP(AV$10,$O64:$AQ64,#REF!))) -> 0 | AW64: =IF(ISERROR(LOOKUP(AW$10,$O64:$AQ64,#REF!)),0,(LOOKUP(AW$10,$O64:$AQ64,#REF!))) -> 0 | AX64: =IF(ISERROR(LOOKUP(AX$10,$O64:$AQ64,#REF!)),0,(LOOKUP(AX$10,$O64:$AQ64,#REF!))) -> 0 | AY64: =IF(ISERROR(LOOKUP(AY$10,$O64:$AQ64,#REF!)),0,(LOOKUP(AY$10,$O64:$AQ64,#REF!))) -> 0 | ... BB64: =IF(ISERROR(LOOKUP(BB$10,$O64:$AQ64,#REF!)),0,(LOOKUP(BB$10,$O64:$AQ64,#REF!))) -> 0 | BC64: 30 weeks
B65: MM-ZTK-1F-GEN-PIP-MR-0001 | C65: RFQ-PIP-004 | D65: Check valve (Compact) | G65: 4-41 | H65: PI | I65: N | J65: L2 | K65: LB | L65: ZM169-WP1-PO-PIP-004 | M65: SH | N65: F | V65: 46239 | W65: 46239 | X65: =X64 -> 46244 | Y65: =WORKDAY(X65,Y7,IF(Y12="China",'China Holidays'!$A$2:$A$84,'Thai Holidays'!$A$2:$A$65)) -> 46246 | Z65: =WORKDAY(Y65,Z7,IF(Z12="China",'China Holidays'!$A$2:$A$84,'Thai Holidays'!$A$2:$A$65)) -> 46253 | AA65: =WORKDAY(Z65,AA7,IF(AA12="China",'China Holidays'!$A$2:$A$84,'Thai Holidays'!$A$2:$A$65)) -> 46281 | AB65: =WORKDAY(AA65,AB7,IF(AB12="China",'China Holidays'!$A$2:$A$84,'Thai Holidays'!$A$2:$A$65)) -> 46295 | AC65: =AB65+30 -> 46325 | AD65: =AC65+3 -> 46328 | AE65: =AD65+3 -> 46331 | AF65: =AG65-10 -> 46425 | AG65: =AH65-5 -> 46435 | AH65: =AM65 -> 46440 | AI65: =AM64+3 -> 46443 | AJ65: =AM64+30 -> 46470 | AM65: =X65+AL64 -> 46440 | AR65: =IF(ISERROR(LOOKUP(AR$10,$O65:$AQ65,#REF!)),0,(LOOKUP(AR$10,$O65:$AQ65,#REF!))) -> 0 | AS65: =IF(ISERROR(LOOKUP(AS$10,$O65:$AQ65,#REF!)),0,(LOOKUP(AS$10,$O65:$AQ65,#REF!))) -> 0 | AT65: =IF(ISERROR(LOOKUP(AT$10,$O65:$AQ65,#REF!)),0,(LOOKUP(AT$10,$O65:$AQ65,#REF!))) -> 0 | AU65: =IF(ISERROR(LOOKUP(AU$10,$O65:$AQ65,#REF!)),0,(LOOKUP(AU$10,$O65:$AQ65,#REF!))) -> 0 | AV65: =IF(ISERROR(LOOKUP(AV$10,$O65:$AQ65,#REF!)),0,(LOOKUP(AV$10,$O65:$AQ65,#REF!))) -> 0 | AW65: =IF(ISERROR(LOOKUP(AW$10,$O65:$AQ65,#REF!)),0,(LOOKUP(AW$10,$O65:$AQ65,#REF!))) -> 0 | AX65: =IF(ISERROR(LOOKUP(AX$10,$O65:$AQ65,#REF!)),0,(LOOKUP(AX$10,$O65:$AQ65,#REF!))) -> 0 | AY65: =IF(ISERROR(LOOKUP(AY$10,$O65:$AQ65,#REF!)),0,(LOOKUP(AY$10,$O65:$AQ65,#REF!))) -> 0 | ... BB65: =IF(ISERROR(LOOKUP(BB$10,$O65:$AQ65,#REF!)),0,(LOOKUP(BB$10,$O65:$AQ65,#REF!))) -> 0
B66: MM-ZTK-1F-GEN-PIP-MR-0001 | C66: RFQ-PIP-004 | D66: Check valve (Compact) | G66: 4-41 | H66: PI | I66: N | J66: L2 | K66: LB | M66: SH | N66: A | O66: 46174 | P66: 46148 | Q66: 46165 | R66: 46174 | S66: 46174 | T66: 46188 | U66: 46213 | AR66: =IF(ISERROR(LOOKUP(AR$10,$O66:$AQ66,#REF!)),0,(LOOKUP(AR$10,$O66:$AQ66,#REF!))) -> 0 | AS66: =IF(ISERROR(LOOKUP(AS$10,$O66:$AQ66,#REF!)),0,(LOOKUP(AS$10,$O66:$AQ66,#REF!))) -> 0 | AT66: =IF(ISERROR(LOOKUP(AT$10,$O66:$AQ66,#REF!)),0,(LOOKUP(AT$10,$O66:$AQ66,#REF!))) -> 0 | AU66: =IF(ISERROR(LOOKUP(AU$10,$O66:$AQ66,#REF!)),0,(LOOKUP(AU$10,$O66:$AQ66,#REF!))) -> 0 | AV66: =IF(ISERROR(LOOKUP(AV$10,$O66:$AQ66,#REF!)),0,(LOOKUP(AV$10,$O66:$AQ66,#REF!))) -> 0 | AW66: =IF(ISERROR(LOOKUP(AW$10,$O66:$AQ66,#REF!)),0,(LOOKUP(AW$10,$O66:$AQ66,#REF!))) -> 0 | AX66: =IF(ISERROR(LOOKUP(AX$10,$O66:$AQ66,#REF!)),0,(LOOKUP(AX$10,$O66:$AQ66,#REF!))) -> 0 | AY66: =IF(ISERROR(LOOKUP(AY$10,$O66:$AQ66,#REF!)),0,(LOOKUP(AY$10,$O66:$AQ66,#REF!))) -> 0 | ... BB66: =IF(ISERROR(LOOKUP(BB$10,$O66:$AQ66,#REF!)),0,(LOOKUP(BB$10,$O66:$AQ66,#REF!))) -> 0
A67: =A64+1 -> 17 | B67: MM-ZTK-1F-GEN-PIP-MR-0001 | C67: RFQ-PIP-020 | D67: ButterflyValve | F67: 1*4 | G67: 4-22 | H67: PI | I67: N | J67: L3 | K67: LC | L67: Combined with Globe valve | M67: SH | N67: P | O67: 46174 | P67: 46177 | Q67: 46184 | R67: 46185 | S67: 46192 | T67: 46206 | U67: 46227 | V67: 46234 | X67: 46248 | Y67: 46252 | Z67: 46259 | AA67: 46280 | AB67: 46294 | AC67: 46324 | AD67: 46327 | AE67: 46330 | AF67: 46422 | AG67: 46437 | AH67: 46444 | AI67: 46447 | AJ67: 46474 | AK67: 28 | AL67: 196 | AM67: 46444 | AN67: 46476 | AO67: =AN67-AM68 -> 32 | AP67: Liu Lei | AQ67: 2026.6.8 Short bidder list to CPY for approval | AR67: =IF(ISERROR(LOOKUP(AR$10,$O67:$AQ67,#REF!)),0,(LOOKUP(AR$10,$O67:$AQ67,#REF!))) -> 0 | AS67: =IF(ISERROR(LOOKUP(AS$10,$O67:$AQ67,#REF!)),0,(LOOKUP(AS$10,$O67:$AQ67,#REF!))) -> 0 | AT67: =IF(ISERROR(LOOKUP(AT$10,$O67:$AQ67,#REF!)),0,(LOOKUP(AT$10,$O67:$AQ67,#REF!))) -> 0 | AU67: =IF(ISERROR(LOOKUP(AU$10,$O67:$AQ67,#REF!)),0,(LOOKUP(AU$10,$O67:$AQ67,#REF!))) -> 0 | AV67: =IF(ISERROR(LOOKUP(AV$10,$O67:$AQ67,#REF!)),0,(LOOKUP(AV$10,$O67:$AQ67,#REF!))) -> 0 | AW67: =IF(ISERROR(LOOKUP(AW$10,$O67:$AQ67,#REF!)),0,(LOOKUP(AW$10,$O67:$AQ67,#REF!))) -> 0 | AX67: =IF(ISERROR(LOOKUP(AX$10,$O67:$AQ67,#REF!)),0,(LOOKUP(AX$10,$O67:$AQ67,#REF!))) -> 0 | AY67: =IF(ISERROR(LOOKUP(AY$10,$O67:$AQ67,#REF!)),0,(LOOKUP(AY$10,$O67:$AQ67,#REF!))) -> 0 | ... BB67: =IF(ISERROR(LOOKUP(BB$10,$O67:$AQ67,#REF!)),0,(LOOKUP(BB$10,$O67:$AQ67,#REF!))) -> 0 | BC67: Bidder1 | BD67: 24 weeks after PO
B68: MM-ZTK-1F-GEN-PIP-MR-0001 | C68: RFQ-PIP-020 | D68: ButterflyValve | G68: 4-22 | H68: PI | I68: N | J68: L3 | K68: LC | M68: SH | N68: F | X68: =X67 -> 46248 | Y68: =WORKDAY(X68,Y8,IF(Y12="China",'China Holidays'!$A$2:$A$84,'Thai Holidays'!$A$2:$A$65)) -> 46252 | Z68: =WORKDAY(Y68,Z8,IF(Z12="China",'China Holidays'!$A$2:$A$84,'Thai Holidays'!$A$2:$A$65)) -> 46259 | AA68: =WORKDAY(Z68,AA8,IF(AA12="China",'China Holidays'!$A$2:$A$84,'Thai Holidays'!$A$2:$A$65)) -> 46280 | AB68: =WORKDAY(AA68,AB8,IF(AB12="China",'China Holidays'!$A$2:$A$84,'Thai Holidays'!$A$2:$A$65)) -> 46294 | AC68: =AB68+30 -> 46324 | AD68: =AC68+3 -> 46327 | AE68: =AD68+3 -> 46330 | AF68: =AG68-10 -> 46427 | AG68: =AH68-7 -> 46437 | AH68: =AM68 -> 46444 | AI68: =AM67+3 -> 46447 | AJ68: =AM67+30 -> 46474 | AM68: =X68+AL67 -> 46444 | AR68: =IF(ISERROR(LOOKUP(AR$10,$O68:$AQ68,#REF!)),0,(LOOKUP(AR$10,$O68:$AQ68,#REF!))) -> 0 | AS68: =IF(ISERROR(LOOKUP(AS$10,$O68:$AQ68,#REF!)),0,(LOOKUP(AS$10,$O68:$AQ68,#REF!))) -> 0 | AT68: =IF(ISERROR(LOOKUP(AT$10,$O68:$AQ68,#REF!)),0,(LOOKUP(AT$10,$O68:$AQ68,#REF!))) -> 0 | AU68: =IF(ISERROR(LOOKUP(AU$10,$O68:$AQ68,#REF!)),0,(LOOKUP(AU$10,$O68:$AQ68,#REF!))) -> 0 | AV68: =IF(ISERROR(LOOKUP(AV$10,$O68:$AQ68,#REF!)),0,(LOOKUP(AV$10,$O68:$AQ68,#REF!))) -> 0 | AW68: =IF(ISERROR(LOOKUP(AW$10,$O68:$AQ68,#REF!)),0,(LOOKUP(AW$10,$O68:$AQ68,#REF!))) -> 0 | AX68: =IF(ISERROR(LOOKUP(AX$10,$O68:$AQ68,#REF!)),0,(LOOKUP(AX$10,$O68:$AQ68,#REF!))) -> 0 | AY68: =IF(ISERROR(LOOKUP(AY$10,$O68:$AQ68,#REF!)),0,(LOOKUP(AY$10,$O68:$AQ68,#REF!))) -> 0 | ... BB68: =IF(ISERROR(LOOKUP(BB$10,$O68:$AQ68,#REF!)),0,(LOOKUP(BB$10,$O68:$AQ68,#REF!))) -> 0 | BC68: Bidder2 | BD68: 16-20 weeks after drawing approve
B69: MM-ZTK-1F-GEN-PIP-MR-0001 | C69: RFQ-PIP-020 | D69: ButterflyValve | G69: 4-22 | H69: PI | I69: N | J69: L3 | K69: LC | M69: SH | N69: A | O69: 46183 | P69: 46148 | Q69: 46165 | R69: 46182 | S69: 46182 | T69: 46202 | U69: 46219 | V69: 46233 | AR69: =IF(ISERROR(LOOKUP(AR$10,$O69:$AQ69,#REF!)),0,(LOOKUP(AR$10,$O69:$AQ69,#REF!))) -> 0 | AS69: =IF(ISERROR(LOOKUP(AS$10,$O69:$AQ69,#REF!)),0,(LOOKUP(AS$10,$O69:$AQ69,#REF!))) -> 0 | AT69: =IF(ISERROR(LOOKUP(AT$10,$O69:$AQ69,#REF!)),0,(LOOKUP(AT$10,$O69:$AQ69,#REF!))) -> 0 | AU69: =IF(ISERROR(LOOKUP(AU$10,$O69:$AQ69,#REF!)),0,(LOOKUP(AU$10,$O69:$AQ69,#REF!))) -> 0 | AV69: =IF(ISERROR(LOOKUP(AV$10,$O69:$AQ69,#REF!)),0,(LOOKUP(AV$10,$O69:$AQ69,#REF!))) -> 0 | AW69: =IF(ISERROR(LOOKUP(AW$10,$O69:$AQ69,#REF!)),0,(LOOKUP(AW$10,$O69:$AQ69,#REF!))) -> 0 | AX69: =IF(ISERROR(LOOKUP(AX$10,$O69:$AQ69,#REF!)),0,(LOOKUP(AX$10,$O69:$AQ69,#REF!))) -> 0 | AY69: =IF(ISERROR(LOOKUP(AY$10,$O69:$AQ69,#REF!)),0,(LOOKUP(AY$10,$O69:$AQ69,#REF!))) -> 0 | ... BB69: =IF(ISERROR(LOOKUP(BB$10,$O69:$AQ69,#REF!)),0,(LOOKUP(BB$10,$O69:$AQ69,#REF!))) -> 0 | BC69: Bidder3 | BD69: 20-24 weeks after PO
A70: =A67+1 -> 18 | B70: MM-ZTK-1F-GEN-PIP-MR-0003 | C70: RFQ-PIP-006 | D70: Special items-Chemical Injection Quill | E70: SP-01B/C | F70: 2*4 | G70: 5-5 | H70: PI | I70: N | J70: L3 | K70: LA | M70: SH | N70: P | O70: 46174 | P70: 46177 | Q70: 46184 | R70: 46185 | S70: 46192 | T70: 46206 | U70: 46227 | V70: 46234 | X70: 46248 | Y70: 46252 | Z70: 46259 | AA70: 46280 | AB70: 46294 | AC70: 46324 | AD70: 46327 | AE70: 46330 | AF70: 46401 | AG70: 46411 | AH70: 46416 | AI70: 46419 | AJ70: 46446 | AK70: 24 | AL70: 168 | AM70: 46416 | AN70: 46485 | AO70: =AN70-AM71 -> 59 | AP70: Liu Lei | AR70: =IF(ISERROR(LOOKUP(AR$10,$O70:$AQ70,#REF!)),0,(LOOKUP(AR$10,$O70:$AQ70,#REF!))) -> 0 | AS70: =IF(ISERROR(LOOKUP(AS$10,$O70:$AQ70,#REF!)),0,(LOOKUP(AS$10,$O70:$AQ70,#REF!))) -> 0 | AT70: =IF(ISERROR(LOOKUP(AT$10,$O70:$AQ70,#REF!)),0,(LOOKUP(AT$10,$O70:$AQ70,#REF!))) -> 0 | AU70: =IF(ISERROR(LOOKUP(AU$10,$O70:$AQ70,#REF!)),0,(LOOKUP(AU$10,$O70:$AQ70,#REF!))) -> 0 | AV70: =IF(ISERROR(LOOKUP(AV$10,$O70:$AQ70,#REF!)),0,(LOOKUP(AV$10,$O70:$AQ70,#REF!))) -> 0 | AW70: =IF(ISERROR(LOOKUP(AW$10,$O70:$AQ70,#REF!)),0,(LOOKUP(AW$10,$O70:$AQ70,#REF!))) -> 0 | AX70: =IF(ISERROR(LOOKUP(AX$10,$O70:$AQ70,#REF!)),0,(LOOKUP(AX$10,$O70:$AQ70,#REF!))) -> 0 | AY70: =IF(ISERROR(LOOKUP(AY$10,$O70:$AQ70,#REF!)),0,(LOOKUP(AY$10,$O70:$AQ70,#REF!))) -> 0 | ... BB70: =IF(ISERROR(LOOKUP(BB$10,$O70:$AQ70,#REF!)),0,(LOOKUP(BB$10,$O70:$AQ70,#REF!))) -> 0
B71: MM-ZTK-1F-GEN-PIP-MR-0003 | C71: RFQ-PIP-006 | D71: Special items-Chemical Injection Quill | E71: SP-02B/C | F71: 2*4 | G71: 5-5 | H71: PI | I71: N | J71: L3 | K71: LA | M71: SH | N71: F | U71: 46241 | V71: =WORKDAY(U71,V6,IF(V12="China",'China Holidays'!$A$2:$A$84,'Thai Holidays'!$A$2:$A$65)) -> 46258 | X71: =V71 -> 46258 | Y71: =WORKDAY(X71,Y6,IF(Y12="China",'China Holidays'!$A$2:$A$84,'Thai Holidays'!$A$2:$A$65)) -> 46260 | Z71: =WORKDAY(Y71,Z6,IF(Z12="China",'China Holidays'!$A$2:$A$84,'Thai Holidays'!$A$2:$A$65)) -> 46267 | AA71: =WORKDAY(Z71,AA6,IF(AA12="China",'China Holidays'!$A$2:$A$84,'Thai Holidays'!$A$2:$A$65)) -> 46303 | AB71: =WORKDAY(AA71,AB6,IF(AB12="China",'China Holidays'!$A$2:$A$84,'Thai Holidays'!$A$2:$A$65)) -> 46321 | AC71: =AB71+23 -> 46344 | AD71: =AC71 -> 46344 | AE71: =AD71+3 -> 46347 | AF71: =AG71-10 -> 46411 | AG71: =AH71-5 -> 46421 | AH71: =AM71 -> 46426 | AI71: =AM70+3 -> 46419 | AJ71: =AM70+30 -> 46446 | AM71: =X71+AL70 -> 46426 | AR71: =IF(ISERROR(LOOKUP(AR$10,$O71:$AQ71,#REF!)),0,(LOOKUP(AR$10,$O71:$AQ71,#REF!))) -> 0 | AS71: =IF(ISERROR(LOOKUP(AS$10,$O71:$AQ71,#REF!)),0,(LOOKUP(AS$10,$O71:$AQ71,#REF!))) -> 0 | AT71: =IF(ISERROR(LOOKUP(AT$10,$O71:$AQ71,#REF!)),0,(LOOKUP(AT$10,$O71:$AQ71,#REF!))) -> 0 | AU71: =IF(ISERROR(LOOKUP(AU$10,$O71:$AQ71,#REF!)),0,(LOOKUP(AU$10,$O71:$AQ71,#REF!))) -> 0 | AV71: =IF(ISERROR(LOOKUP(AV$10,$O71:$AQ71,#REF!)),0,(LOOKUP(AV$10,$O71:$AQ71,#REF!))) -> 0 | AW71: =IF(ISERROR(LOOKUP(AW$10,$O71:$AQ71,#REF!)),0,(LOOKUP(AW$10,$O71:$AQ71,#REF!))) -> 0 | AX71: =IF(ISERROR(LOOKUP(AX$10,$O71:$AQ71,#REF!)),0,(LOOKUP(AX$10,$O71:$AQ71,#REF!))) -> 0 | AY71: =IF(ISERROR(LOOKUP(AY$10,$O71:$AQ71,#REF!)),0,(LOOKUP(AY$10,$O71:$AQ71,#REF!))) -> 0 | ... BB71: =IF(ISERROR(LOOKUP(BB$10,$O71:$AQ71,#REF!)),0,(LOOKUP(BB$10,$O71:$AQ71,#REF!))) -> 0
B72: MM-ZTK-1F-GEN-PIP-MR-0003 | C72: RFQ-PIP-006 | D72: Special items-Chemical Injection Quill | E72: SP-13A/B | F72: 2*4 | G72: 5-5 | H72: PI | I72: N | J72: L3 | K72: LA | M72: SH | N72: A | O72: 46174 | P72: 46148 | Q72: 46166 | R72: 46182 | S72: 46185 | T72: 46224 | AR72: =IF(ISERROR(LOOKUP(AR$10,$O72:$AQ72,#REF!)),0,(LOOKUP(AR$10,$O72:$AQ72,#REF!))) -> 0 | AS72: =IF(ISERROR(LOOKUP(AS$10,$O72:$AQ72,#REF!)),0,(LOOKUP(AS$10,$O72:$AQ72,#REF!))) -> 0 | AT72: =IF(ISERROR(LOOKUP(AT$10,$O72:$AQ72,#REF!)),0,(LOOKUP(AT$10,$O72:$AQ72,#REF!))) -> 0 | AU72: =IF(ISERROR(LOOKUP(AU$10,$O72:$AQ72,#REF!)),0,(LOOKUP(AU$10,$O72:$AQ72,#REF!))) -> 0 | AV72: =IF(ISERROR(LOOKUP(AV$10,$O72:$AQ72,#REF!)),0,(LOOKUP(AV$10,$O72:$AQ72,#REF!))) -> 0 | AW72: =IF(ISERROR(LOOKUP(AW$10,$O72:$AQ72,#REF!)),0,(LOOKUP(AW$10,$O72:$AQ72,#REF!))) -> 0 | AX72: =IF(ISERROR(LOOKUP(AX$10,$O72:$AQ72,#REF!)),0,(LOOKUP(AX$10,$O72:$AQ72,#REF!))) -> 0 | AY72: =IF(ISERROR(LOOKUP(AY$10,$O72:$AQ72,#REF!)),0,(LOOKUP(AY$10,$O72:$AQ72,#REF!))) -> 0 | ... BB72: =IF(ISERROR(LOOKUP(BB$10,$O72:$AQ72,#REF!)),0,(LOOKUP(BB$10,$O72:$AQ72,#REF!))) -> 0
A73: =A70+1 -> 19 | B73: MM-ZTK-1F-GEN-PIP-MR-0003 | C73: RFQ-PIP-023 | D73: Special items-Hoses and Connections | E73: SP-41/42 | F73: 2 | G73: 5-5 | H73: PI | I73: N | J73: L3 | K73: LA | M73: SH | N73: P | O73: 46164 | P73: 46167 | Q73: 46175 | R73: 46176 | S73: 46183 | T73: 46198 | U73: 46226 | V73: 46233 | X73: 46247 | Y73: 46251 | Z73: 46258 | AA73: 46286 | AB73: 46300 | AC73: 46330 | AD73: 46330 | AE73: 46332 | AF73: 46421 | AG73: 46441 | AH73: 46471 | AI73: 46474 | AJ73: 46501 | AK73: 24 | AL73: =AK73*7 -> 168 | AM73: 46471 | AN73: 46485 | AO73: =AN73-AM74 -> 59 | AP73: Liu Lei | AQ73: 2026.6.10 Short bidder list to CPY for approval
B74: MM-ZTK-1F-GEN-PIP-MR-0003 | C74: RFQ-PIP-023 | D74: Special items-Hoses and Connections | E74: SP-43(Future) | G74: 5-5 | H74: PI | I74: N | J74: L3 | K74: LA | M74: SH | N74: F | U74: 46241 | V74: =WORKDAY(U74,V6,IF(V12="China",'China Holidays'!$A$2:$A$84,'Thai Holidays'!$A$2:$A$65)) -> 46258 | X74: =V74 -> 46258 | Y74: =WORKDAY(X74,Y6,IF(Y12="China",'China Holidays'!$A$2:$A$84,'Thai Holidays'!$A$2:$A$65)) -> 46260 | Z74: =WORKDAY(Y74,Z6,IF(Z12="China",'China Holidays'!$A$2:$A$84,'Thai Holidays'!$A$2:$A$65)) -> 46267 | AA74: =WORKDAY(Z74,AA6,IF(AA12="China",'China Holidays'!$A$2:$A$84,'Thai Holidays'!$A$2:$A$65)) -> 46303 | AB74: =WORKDAY(AA74,AB6,IF(AB12="China",'China Holidays'!$A$2:$A$84,'Thai Holidays'!$A$2:$A$65)) -> 46321 | AC74: =AB74+30 -> 46351 | AD74: =WORKDAY(AC74,AD9,IF(AD15="China",'China Holidays'!$A$2:$A$84,'Thai Holidays'!$A$2:$A$65)) -> 46351 | AE74: =WORKDAY(AD74,AE9,IF(AE15="China",'China Holidays'!$A$2:$A$84,'Thai Holidays'!$A$2:$A$65)) -> 46351 | AF74: =AG74-20 -> 46376 | AG74: =AH74-30 -> 46396 | AH74: =AM74 -> 46426 | AI74: =AM73+3 -> 46474 | AJ74: =AM73+30 -> 46501 | AM74: =X74+AL73 -> 46426
B75: MM-ZTK-1F-GEN-PIP-MR-0003 | C75: RFQ-PIP-023 | D75: Special items-Hoses and Connections | G75: 5-5 | H75: PI | I75: N | J75: L3 | K75: LA | M75: SH | N75: A | O75: 46184 | P75: 46148 | Q75: 46166 | R75: 46185 | S75: 46185 | T75: 46199
A76: =A73+1 -> 20 | B76: MM-ZTK-1F-GEN-PIP-MR-0003 | C76: RFQ-PIP-022 | D76: Special items-Liquid trap | E76: SP-70 | F76: 1 | G76: 5-5 | H76: PI | I76: N | J76: L3 | K76: LA | M76: SH | N76: P | O76: 46164 | P76: 46167 | Q76: 46175 | R76: 46176 | S76: 46183 | T76: 46198 | U76: 46226 | V76: 46233 | X76: 46247 | Y76: 46251 | Z76: 46258 | AA76: 46286 | AB76: 46300 | AC76: 46330 | AD76: 46330 | AE76: 46332 | AF76: 46421 | AG76: 46441 | AH76: 46471 | AI76: 46474 | AJ76: 46501 | AK76: 24 | AL76: =AK76*7 -> 168 | AM76: 46471 | AN76: 46485 | AO76: =AN76-AM77 -> 59 | AP76: Liu Lei
B77: MM-ZTK-1F-GEN-PIP-MR-0003 | C77: RFQ-PIP-022 | D77: Special items-Liquid trap | E77: SP-71 | F77: 1 | G77: 5-5 | H77: PI | I77: N | J77: L3 | K77: LA | M77: SH | N77: F | U77: 46241 | V77: =WORKDAY(U77,V6,IF(V12="China",'China Holidays'!$A$2:$A$84,'Thai Holidays'!$A$2:$A$65)) -> 46258 | X77: =V77 -> 46258 | Y77: =WORKDAY(X77,Y6,IF(Y12="China",'China Holidays'!$A$2:$A$84,'Thai Holidays'!$A$2:$A$65)) -> 46260 | Z77: =WORKDAY(Y77,Z6,IF(Z12="China",'China Holidays'!$A$2:$A$84,'Thai Holidays'!$A$2:$A$65)) -> 46267 | AA77: =WORKDAY(Z77,AA6,IF(AA12="China",'China Holidays'!$A$2:$A$84,'Thai Holidays'!$A$2:$A$65)) -> 46303 | AB77: =WORKDAY(AA77,AB6,IF(AB12="China",'China Holidays'!$A$2:$A$84,'Thai Holidays'!$A$2:$A$65)) -> 46321 | AC77: =AB77+30 -> 46351 | AD77: =WORKDAY(AC77,AD6,IF(AD12="China",'China Holidays'!$A$2:$A$84,'Thai Holidays'!$A$2:$A$65)) -> 46351 | AE77: =WORKDAY(AD77,AE6,IF(AE12="China",'China Holidays'!$A$2:$A$84,'Thai Holidays'!$A$2:$A$65)) -> 46351 | AF77: =AG77-20 -> 46376 | AG77: =AH77-30 -> 46396 | AH77: =AM77 -> 46426 | AI77: =AM76+3 -> 46474 | AJ77: =AM76+30 -> 46501 | AM77: =X77+AL76 -> 46426
B78: MM-ZTK-1F-GEN-PIP-MR-0003 | C78: RFQ-PIP-022 | D78: Special items-Liquid trap | G78: 5-5 | H78: PI | I78: N | J78: L3 | K78: LA | M78: SH | N78: A | O78: 46174 | P78: 46148 | Q78: 46166 | R78: 46183 | S78: 46183 | T78: 46199
A79: =A76+1 -> 21 | B79: MM-ZTK-1F-GEN-PIP-MR-0003 | C79: RFQ-PIP-032 | D79: Special items-Clamp Type Connector and Target Tee with Clamp Type Connector | E79: SP-*A002/A001 | F79: 32+32 | G79: 5-5 | H79: PI | I79: N | J79: L3 | K79: LA | M79: SH | N79: P | O79: 46164 | P79: 46167 | Q79: 46175 | R79: 46176 | S79: 46183 | T79: 46198 | U79: 46226 | V79: 46233 | X79: 46247 | Y79: 46251 | Z79: 46258 | AA79: 46286 | AB79: 46300 | AC79: 46330 | AD79: 46330 | AE79: 46332 | AF79: 46421 | AG79: 46441 | AH79: 46471 | AI79: 46474 | AJ79: 46501 | AK79: 24 | AL79: =AK79*7 -> 168 | AM79: 46471 | AN79: 46485 | AO79: =AN79-AM80 -> 59 | AP79: Liu Lei | AQ79: 2026.6.10 Short bidder list to CPY for approval
B80: MM-ZTK-1F-GEN-PIP-MR-0003 | C80: RFQ-PIP-032 | D80: Special items-Clamp Type Connector and Target Tee with Clamp Type Connector | E80: SP-*A003/004 | F80: 32+32 | G80: 5-5 | H80: PI | I80: N | J80: L3 | K80: LA | M80: SH | N80: F | U80: 46241 | V80: =WORKDAY(U80,V6,IF(V12="China",'China Holidays'!$A$2:$A$84,'Thai Holidays'!$A$2:$A$65)) -> 46258 | X80: =V80 -> 46258 | Y80: =WORKDAY(X80,Y6,IF(Y12="China",'China Holidays'!$A$2:$A$84,'Thai Holidays'!$A$2:$A$65)) -> 46260 | Z80: =WORKDAY(Y80,Z6,IF(Z12="China",'China Holidays'!$A$2:$A$84,'Thai Holidays'!$A$2:$A$65)) -> 46267 | AA80: =WORKDAY(Z80,AA6,IF(AA12="China",'China Holidays'!$A$2:$A$84,'Thai Holidays'!$A$2:$A$65)) -> 46303 | AB80: =WORKDAY(AA80,AB6,IF(AB12="China",'China Holidays'!$A$2:$A$84,'Thai Holidays'!$A$2:$A$65)) -> 46321 | AC80: =WORKDAY(AB80,AC9,IF(AC15="China",'China Holidays'!$A$2:$A$84,'Thai Holidays'!$A$2:$A$65)) -> 46321 | AD80: =WORKDAY(AC80,AD9,IF(AD15="China",'China Holidays'!$A$2:$A$84,'Thai Holidays'!$A$2:$A$65)) -> 46321 | AE80: =WORKDAY(AD80,AE9,IF(AE15="China",'China Holidays'!$A$2:$A$84,'Thai Holidays'!$A$2:$A$65)) -> 46321 | AF80: =AG80-20 -> 46376 | AG80: =AH80-30 -> 46396 | AH80: =AM80 -> 46426 | AI80: =AM79+3 -> 46474 | AJ80: =AM79+30 -> 46501 | AM80: =X80+AL79 -> 46426
B81: MM-ZTK-1F-GEN-PIP-MR-0003 | C81: RFQ-PIP-032 | D81: Special items-Clamp Type Connector and Target Tee with Clamp Type Connector | G81: 5-5 | H81: PI | I81: N | J81: L3 | K81: LA | M81: SH | N81: A | O81: 46184 | P81: 46148 | Q81: 46166 | R81: 46185 | S81: 46185 | T81: 46224
A82: =A79+1 -> 22 | B82: MM-ZTK-1F-GEN-PIP-MR-0003 | C82: RFQ-PIP-031 | D82: Special items-Corrosion Probe & Coupon | E82: SP-21/31/32 | F82: 4+1+2 | G82: 5-5 | H82: PI | I82: N | J82: L3 | K82: LA | L82: Combine with chemical Injection quill | M82: SH | N82: P | O82: 46164 | P82: 46167 | Q82: 46175 | R82: 46176 | S82: 46183 | T82: 46198 | U82: 46226 | V82: 46233 | X82: 46247 | Y82: 46251 | Z82: 46258 | AA82: 46286 | AB82: 46300 | AC82: 46330 | AD82: 46330 | AE82: 46332 | AF82: 46421 | AG82: 46441 | AH82: 46471 | AI82: 46474 | AJ82: 46501 | AK82: 24 | AL82: =AK82*7 -> 168 | AM82: 46471 | AN82: 46485 | AO82: =AN82-AM83 -> 59 | AP82: Liu Lei
B83: MM-ZTK-1F-GEN-PIP-MR-0003 | C83: RFQ-PIP-031 | D83: Special items-Corrosion Probe & Coupon | E83: SP-31(Future) | G83: 5-5 | H83: PI | I83: N | J83: L3 | K83: LA | M83: SH | N83: F | U83: 46241 | V83: =WORKDAY(U83,V6,IF(V12="China",'China Holidays'!$A$2:$A$84,'Thai Holidays'!$A$2:$A$65)) -> 46258 | X83: =V83 -> 46258 | Y83: =WORKDAY(X83,Y6,IF(Y12="China",'China Holidays'!$A$2:$A$84,'Thai Holidays'!$A$2:$A$65)) -> 46260 | Z83: =WORKDAY(Y83,Z6,IF(Z12="China",'China Holidays'!$A$2:$A$84,'Thai Holidays'!$A$2:$A$65)) -> 46267 | AA83: =WORKDAY(Z83,AA6,IF(AA12="China",'China Holidays'!$A$2:$A$84,'Thai Holidays'!$A$2:$A$65)) -> 46303 | AB83: =WORKDAY(AA83,AB6,IF(AB12="China",'China Holidays'!$A$2:$A$84,'Thai Holidays'!$A$2:$A$65)) -> 46321 | AC83: =AB83+30 -> 46351 | AD83: =AC83 -> 46351 | AE83: =AD83+2 -> 46353 | AF83: =AG83-20 -> 46376 | AG83: =AH83-30 -> 46396 | AH83: =AM83 -> 46426 | AI83: =AM82+3 -> 46474 | AJ83: =AM82+30 -> 46501 | AM83: =X83+AL82 -> 46426
B84: MM-ZTK-1F-GEN-PIP-MR-0003 | C84: RFQ-PIP-031 | D84: Special items-Corrosion Probe & Coupon | G84: 5-5 | H84: PI | I84: N | J84: L3 | K84: LA | M84: SH | N84: A | O84: 46174 | P84: 46148 | Q84: 46166 | R84: 46185 | S84: 46185 | T84: 46225
A85: =A82+1 -> 23 | B85: MM-ZTK-1F-GEN-PIP-MR-0003 | C85: RFQ-PIP-024 | D85: Special items-Portable Valve Actuator | F85: 2 | G85: 5-5 | H85: PI | I85: N | J85: L3 | K85: LA | M85: SH | N85: P | O85: 46164 | P85: 46167 | Q85: 46175 | R85: 46176 | S85: 46183 | T85: 46198 | U85: 46286 | V85: 46293 | X85: 46307 | Y85: 46311 | Z85: 46318 | AA85: 46346 | AB85: 46360 | AC85: 46390 | AD85: 46390 | AE85: 46392 | AF85: 46481 | AG85: 46501 | AH85: 46531 | AI85: 46534 | AJ85: 46561 | AK85: 24 | AL85: 168 | AM85: 46471 | AN85: 46568 | AO85: =AN85-AM86 -> 93 | AP85: Liu Lei
B86: MM-ZTK-1F-GEN-PIP-MR-0003 | C86: RFQ-PIP-024 | D86: Special items-Portable Valve Actuator | G86: 5-5 | H86: PI | I86: N | J86: L3 | K86: LA | M86: SH | N86: F | O86: 46238 | R86: 46238 | S86: =WORKDAY(R86,S6,IF(S12="China",'China Holidays'!$A$2:$A$84,'Thai Holidays'!$A$2:$A$65)) -> 46238 | T86: 46244 | U86: 46286 | V86: 46293 | X86: 46307 | Y86: 46311 | Z86: 46318 | AA86: 46346 | AB86: 46360 | AC86: 46390 | AD86: 46390 | AE86: 46392 | AF86: 46481 | AG86: 46501 | AH86: 46531 | AI86: 46534 | AJ86: 46561 | AM86: =X86+AL85 -> 46475
B87: MM-ZTK-1F-GEN-PIP-MR-0003 | C87: RFQ-PIP-024 | D87: Special items-Portable Valve Actuator | G87: 5-5 | H87: PI | I87: N | J87: L3 | K87: LA | M87: SH | N87: A | P87: 46148 | Q87: 46166
A88: =A85+1 -> 24 | B88: MM-ZTK-1F-GEN-PIP-MR-0003 | C88: RFQ-PIP-019 | D88: Special items-Strainers | E88: SP-50 | F88: 1 | G88: 5-5 | H88: PI | I88: N | J88: L3 | K88: LA | M88: SH | N88: P | O88: 46164 | P88: 46167 | Q88: 46175 | R88: 46176 | S88: 46183 | T88: 46198 | U88: 46226 | V88: 46233 | X88: 46247 | Y88: 46251 | Z88: 46258 | AA88: 46286 | AB88: 46300 | AC88: 46330 | AD88: 46330 | AE88: 46332 | AF88: 46421 | AG88: 46441 | AH88: 46471 | AI88: 46474 | AJ88: 46501 | AK88: 32 | AL88: 224 | AM88: 46471 | AN88: 46485 | AO88: =AN88-AM89 -> -5 | AP88: Liu Lei | BC88: 16 weeks
B89: MM-ZTK-1F-GEN-PIP-MR-0003 | C89: RFQ-PIP-019 | D89: Special items-Strainers | E89: SP-11 | F89: 1 | G89: 5-5 | H89: PI | I89: N | J89: L3 | K89: LA | M89: SH | N89: F | U89: =WORKDAY(T90,U6,IF(U12="China",'China Holidays'!$A$2:$A$84,'Thai Holidays'!$A$2:$A$65)) -> 46253 | V89: =U89 -> 46253 | X89: =WORKDAY(V89,X6,IF(X12="China",'China Holidays'!$A$2:$A$84,'Thai Holidays'!$A$2:$A$65)) -> 46266 | Y89: =WORKDAY(X89,Y6,IF(Y12="China",'China Holidays'!$A$2:$A$84,'Thai Holidays'!$A$2:$A$65)) -> 46268 | Z89: =WORKDAY(Y89,Z6,IF(Z12="China",'China Holidays'!$A$2:$A$84,'Thai Holidays'!$A$2:$A$65)) -> 46275 | AA89: =WORKDAY(Z89,AA6,IF(AA12="China",'China Holidays'!$A$2:$A$84,'Thai Holidays'!$A$2:$A$65)) -> 46311 | AB89: =WORKDAY(AA89,AB6,IF(AB12="China",'China Holidays'!$A$2:$A$84,'Thai Holidays'!$A$2:$A$65)) -> 46328 | AC89: =AB89+30 -> 46358 | AD89: =AC89 -> 46358 | AE89: =AD89+2 -> 46360 | AF89: =AG89-20 -> 46440 | AG89: =AH89-30 -> 46460 | AH89: =AM89 -> 46490 | AI89: =AM88+3 -> 46474 | AJ89: =AM88+30 -> 46501 | AM89: =X89+AL88 -> 46490
B90: MM-ZTK-1F-GEN-PIP-MR-0003 | C90: RFQ-PIP-019 | D90: Special items-Strainers | G90: 5-5 | H90: PI | I90: N | J90: L3 | K90: LA | M90: SH | N90: A | O90: 46174 | P90: 46148 | Q90: 46166 | R90: 46183 | S90: 46183 | T90: 46225
A91: =A88+1 -> 25 | B91: MM-ZTK-1F-GEN-PIP-MR-0003 | C91: RFQ-PIP-025 | D91: Special items-Barred Tees | E91: SP-05/06 | F91: 2 | G91: 5-5 | H91: PI | I91: N | J91: L3 | K91: LA | M91: SH | N91: P | O91: 46220 | P91: 46223 | Q91: 46230 | R91: 46231 | S91: 46239 | T91: 46253 | U91: 46281 | V91: 46286 | X91: 46308 | Y91: 46310 | Z91: 46317 | AA91: 46345 | AB91: 46359 | AC91: 46389 | AD91: 46389 | AE91: 46391 | AF91: 46454 | AG91: 46474 | AH91: 46504 | AI91: 46507 | AJ91: 46534 | AK91: 28 | AL91: 196 | AM91: 46504 | AN91: 46515 | AO91: =AN91-AM92 -> 11 | AP91: Liu Lei | AQ91: 2026.6.8 Short bidder list to CPY for approval | AR91: =IF(ISERROR(LOOKUP(AR$10,$O91:$AQ91,#REF!)),0,(LOOKUP(AR$10,$O91:$AQ91,#REF!))) -> 0 | AS91: =IF(ISERROR(LOOKUP(AS$10,$O91:$AQ91,#REF!)),0,(LOOKUP(AS$10,$O91:$AQ91,#REF!))) -> 0 | AT91: =IF(ISERROR(LOOKUP(AT$10,$O91:$AQ91,#REF!)),0,(LOOKUP(AT$10,$O91:$AQ91,#REF!))) -> 0 | AU91: =IF(ISERROR(LOOKUP(AU$10,$O91:$AQ91,#REF!)),0,(LOOKUP(AU$10,$O91:$AQ91,#REF!))) -> 0 | AV91: =IF(ISERROR(LOOKUP(AV$10,$O91:$AQ91,#REF!)),0,(LOOKUP(AV$10,$O91:$AQ91,#REF!))) -> 0 | AW91: =IF(ISERROR(LOOKUP(AW$10,$O91:$AQ91,#REF!)),0,(LOOKUP(AW$10,$O91:$AQ91,#REF!))) -> 0 | AX91: =IF(ISERROR(LOOKUP(AX$10,$O91:$AQ91,#REF!)),0,(LOOKUP(AX$10,$O91:$AQ91,#REF!))) -> 0 | AY91: =IF(ISERROR(LOOKUP(AY$10,$O91:$AQ91,#REF!)),0,(LOOKUP(AY$10,$O91:$AQ91,#REF!))) -> 0 | ... BB91: =IF(ISERROR(LOOKUP(BB$10,$O91:$AQ91,#REF!)),0,(LOOKUP(BB$10,$O91:$AQ91,#REF!))) -> 0
B92: MM-ZTK-1F-GEN-PIP-MR-0003 | C92: RFQ-PIP-025 | D92: Special items-Barred Tees | E92: SP-07/08 | F92: 2 | G92: 5-5 | H92: PI | I92: N | J92: L3 | K92: LA | M92: SH | N92: F | U92: =U91 -> 46281 | V92: =WORKDAY(U92,V6,IF(V12="China",'China Holidays'!$A$2:$A$84,'Thai Holidays'!$A$2:$A$65)) -> 46295 | X92: =X91 -> 46308 | Y92: =WORKDAY(X92,Y6,IF(Y12="China",'China Holidays'!$A$2:$A$84,'Thai Holidays'!$A$2:$A$65)) -> 46310 | Z92: =WORKDAY(Y92,Z6,IF(Z12="China",'China Holidays'!$A$2:$A$84,'Thai Holidays'!$A$2:$A$65)) -> 46317 | AA92: =WORKDAY(Z92,AA6,IF(AA12="China",'China Holidays'!$A$2:$A$84,'Thai Holidays'!$A$2:$A$65)) -> 46345 | AB92: =WORKDAY(AA92,AB6,IF(AB12="China",'China Holidays'!$A$2:$A$84,'Thai Holidays'!$A$2:$A$65)) -> 46359 | AC92: =AB92+30 -> 46389 | AD92: =AC92 -> 46389 | AE92: =AD92+2 -> 46391 | AF92: =AG92-15 -> 46459 | AG92: =AH92-30 -> 46474 | AH92: =AM92 -> 46504 | AI92: =AM91+3 -> 46507 | AJ92: =AM91+30 -> 46534 | AM92: =X92+AL91 -> 46504 | AR92: =IF(ISERROR(LOOKUP(AR$10,$O92:$AQ92,#REF!)),0,(LOOKUP(AR$10,$O92:$AQ92,#REF!))) -> 0 | AS92: =IF(ISERROR(LOOKUP(AS$10,$O92:$AQ92,#REF!)),0,(LOOKUP(AS$10,$O92:$AQ92,#REF!))) -> 0 | AT92: =IF(ISERROR(LOOKUP(AT$10,$O92:$AQ92,#REF!)),0,(LOOKUP(AT$10,$O92:$AQ92,#REF!))) -> 0 | AU92: =IF(ISERROR(LOOKUP(AU$10,$O92:$AQ92,#REF!)),0,(LOOKUP(AU$10,$O92:$AQ92,#REF!))) -> 0 | AV92: =IF(ISERROR(LOOKUP(AV$10,$O92:$AQ92,#REF!)),0,(LOOKUP(AV$10,$O92:$AQ92,#REF!))) -> 0 | AW92: =IF(ISERROR(LOOKUP(AW$10,$O92:$AQ92,#REF!)),0,(LOOKUP(AW$10,$O92:$AQ92,#REF!))) -> 0 | AX92: =IF(ISERROR(LOOKUP(AX$10,$O92:$AQ92,#REF!)),0,(LOOKUP(AX$10,$O92:$AQ92,#REF!))) -> 0 | AY92: =IF(ISERROR(LOOKUP(AY$10,$O92:$AQ92,#REF!)),0,(LOOKUP(AY$10,$O92:$AQ92,#REF!))) -> 0 | ... BB92: =IF(ISERROR(LOOKUP(BB$10,$O92:$AQ92,#REF!)),0,(LOOKUP(BB$10,$O92:$AQ92,#REF!))) -> 0
B93: MM-ZTK-1F-GEN-PIP-MR-0003 | C93: RFQ-PIP-025 | D93: Special items-Barred Tees | E93: SP-09 | F93: 1 | G93: 5-5 | H93: PI | I93: N | J93: L3 | K93: LA | M93: SH | N93: A | O93: 46184 | P93: 46148 | Q93: 46166 | R93: 46184 | S93: 46184 | T93: 46195 | AR93: =IF(ISERROR(LOOKUP(AR$10,$O93:$AQ93,#REF!)),0,(LOOKUP(AR$10,$O93:$AQ93,#REF!))) -> 0 | AS93: =IF(ISERROR(LOOKUP(AS$10,$O93:$AQ93,#REF!)),0,(LOOKUP(AS$10,$O93:$AQ93,#REF!))) -> 0 | AT93: =IF(ISERROR(LOOKUP(AT$10,$O93:$AQ93,#REF!)),0,(LOOKUP(AT$10,$O93:$AQ93,#REF!))) -> 0 | AU93: =IF(ISERROR(LOOKUP(AU$10,$O93:$AQ93,#REF!)),0,(LOOKUP(AU$10,$O93:$AQ93,#REF!))) -> 0 | AV93: =IF(ISERROR(LOOKUP(AV$10,$O93:$AQ93,#REF!)),0,(LOOKUP(AV$10,$O93:$AQ93,#REF!))) -> 0 | AW93: =IF(ISERROR(LOOKUP(AW$10,$O93:$AQ93,#REF!)),0,(LOOKUP(AW$10,$O93:$AQ93,#REF!))) -> 0 | AX93: =IF(ISERROR(LOOKUP(AX$10,$O93:$AQ93,#REF!)),0,(LOOKUP(AX$10,$O93:$AQ93,#REF!))) -> 0 | AY93: =IF(ISERROR(LOOKUP(AY$10,$O93:$AQ93,#REF!)),0,(LOOKUP(AY$10,$O93:$AQ93,#REF!))) -> 0 | ... BB93: =IF(ISERROR(LOOKUP(BB$10,$O93:$AQ93,#REF!)),0,(LOOKUP(BB$10,$O93:$AQ93,#REF!))) -> 0
A94: =A91+1 -> 26 | B94: MM-ZTK-1F-GEN-PIP-MR-0003 | C94: RFQ-PIP-025 | D94: Special items-Barrel Reducer (For PIG L&R) | E94: SP-12 | F94: 4 | G94: 5-5 | H94: PI | I94: N | J94: L3 | K94: LA | L94: Combine with Barred tee | M94: SH | N94: P | O94: 46220 | P94: 46223 | Q94: 46230 | R94: 46231 | S94: 46239 | T94: 46253 | U94: 46281 | V94: 46286 | X94: 46308 | Y94: 46310 | Z94: 46317 | AA94: 46345 | AB94: 46359 | AC94: 46389 | AD94: 46389 | AE94: 46391 | AF94: 46454 | AG94: 46474 | AH94: 46504 | AI94: 46507 | AJ94: 46534 | AK94: 28 | AL94: 196 | AM94: 46504 | AN94: 46515 | AO94: =AN94-AM95 -> 11 | AR94: =IF(ISERROR(LOOKUP(AR$10,$O94:$AQ94,#REF!)),0,(LOOKUP(AR$10,$O94:$AQ94,#REF!))) -> 0 | AS94: =IF(ISERROR(LOOKUP(AS$10,$O94:$AQ94,#REF!)),0,(LOOKUP(AS$10,$O94:$AQ94,#REF!))) -> 0 | AT94: =IF(ISERROR(LOOKUP(AT$10,$O94:$AQ94,#REF!)),0,(LOOKUP(AT$10,$O94:$AQ94,#REF!))) -> 0 | AU94: =IF(ISERROR(LOOKUP(AU$10,$O94:$AQ94,#REF!)),0,(LOOKUP(AU$10,$O94:$AQ94,#REF!))) -> 0 | AV94: =IF(ISERROR(LOOKUP(AV$10,$O94:$AQ94,#REF!)),0,(LOOKUP(AV$10,$O94:$AQ94,#REF!))) -> 0 | AW94: =IF(ISERROR(LOOKUP(AW$10,$O94:$AQ94,#REF!)),0,(LOOKUP(AW$10,$O94:$AQ94,#REF!))) -> 0 | AX94: =IF(ISERROR(LOOKUP(AX$10,$O94:$AQ94,#REF!)),0,(LOOKUP(AX$10,$O94:$AQ94,#REF!))) -> 0 | AY94: =IF(ISERROR(LOOKUP(AY$10,$O94:$AQ94,#REF!)),0,(LOOKUP(AY$10,$O94:$AQ94,#REF!))) -> 0 | ... BB94: =IF(ISERROR(LOOKUP(BB$10,$O94:$AQ94,#REF!)),0,(LOOKUP(BB$10,$O94:$AQ94,#REF!))) -> 0
B95: MM-ZTK-1F-GEN-PIP-MR-0003 | C95: RFQ-PIP-025 | D95: Special items-Barrel Reducer (For PIG L&R) | E95: SP-13 | F95: 1 | G95: 5-5 | H95: PI | I95: N | J95: L3 | K95: LA | M95: SH | N95: F | U95: =U94 -> 46281 | V95: =WORKDAY(U95,V6,IF(V12="China",'China Holidays'!$A$2:$A$84,'Thai Holidays'!$A$2:$A$65)) -> 46295 | X95: =X94 -> 46308 | Y95: =WORKDAY(X95,Y6,IF(Y12="China",'China Holidays'!$A$2:$A$84,'Thai Holidays'!$A$2:$A$65)) -> 46310 | Z95: =WORKDAY(Y95,Z6,IF(Z12="China",'China Holidays'!$A$2:$A$84,'Thai Holidays'!$A$2:$A$65)) -> 46317 | AA95: =WORKDAY(Z95,AA6,IF(AA12="China",'China Holidays'!$A$2:$A$84,'Thai Holidays'!$A$2:$A$65)) -> 46345 | AB95: =WORKDAY(AA95,AB6,IF(AB12="China",'China Holidays'!$A$2:$A$84,'Thai Holidays'!$A$2:$A$65)) -> 46359 | AC95: =AB95+30 -> 46389 | AD95: =AC95 -> 46389 | AE95: =AD95+2 -> 46391 | AF95: =AG95-15 -> 46459 | AG95: =AH95-30 -> 46474 | AH95: =AM95 -> 46504 | AI95: =AM94+3 -> 46507 | AJ95: =AM94+30 -> 46534 | AM95: =X95+AL94 -> 46504 | AR95: =IF(ISERROR(LOOKUP(AR$10,$O95:$AQ95,#REF!)),0,(LOOKUP(AR$10,$O95:$AQ95,#REF!))) -> 0 | AS95: =IF(ISERROR(LOOKUP(AS$10,$O95:$AQ95,#REF!)),0,(LOOKUP(AS$10,$O95:$AQ95,#REF!))) -> 0 | AT95: =IF(ISERROR(LOOKUP(AT$10,$O95:$AQ95,#REF!)),0,(LOOKUP(AT$10,$O95:$AQ95,#REF!))) -> 0 | AU95: =IF(ISERROR(LOOKUP(AU$10,$O95:$AQ95,#REF!)),0,(LOOKUP(AU$10,$O95:$AQ95,#REF!))) -> 0 | AV95: =IF(ISERROR(LOOKUP(AV$10,$O95:$AQ95,#REF!)),0,(LOOKUP(AV$10,$O95:$AQ95,#REF!))) -> 0 | AW95: =IF(ISERROR(LOOKUP(AW$10,$O95:$AQ95,#REF!)),0,(LOOKUP(AW$10,$O95:$AQ95,#REF!))) -> 0 | AX95: =IF(ISERROR(LOOKUP(AX$10,$O95:$AQ95,#REF!)),0,(LOOKUP(AX$10,$O95:$AQ95,#REF!))) -> 0 | AY95: =IF(ISERROR(LOOKUP(AY$10,$O95:$AQ95,#REF!)),0,(LOOKUP(AY$10,$O95:$AQ95,#REF!))) -> 0 | ... BB95: =IF(ISERROR(LOOKUP(BB$10,$O95:$AQ95,#REF!)),0,(LOOKUP(BB$10,$O95:$AQ95,#REF!))) -> 0
B96: MM-ZTK-1F-GEN-PIP-MR-0003 | C96: RFQ-PIP-025 | D96: Special items-Barrel Reducer (For PIG L&R) | E96: SP-14 | F96: 2 | G96: 5-5 | H96: PI | I96: N | J96: L3 | K96: LA | M96: SH | N96: A | O96: 46184 | P96: 46148 | Q96: 46166 | R96: 46184 | S96: 46184 | T96: 46195 | AR96: =IF(ISERROR(LOOKUP(AR$10,$O96:$AQ96,#REF!)),0,(LOOKUP(AR$10,$O96:$AQ96,#REF!))) -> 0 | AS96: =IF(ISERROR(LOOKUP(AS$10,$O96:$AQ96,#REF!)),0,(LOOKUP(AS$10,$O96:$AQ96,#REF!))) -> 0 | AT96: =IF(ISERROR(LOOKUP(AT$10,$O96:$AQ96,#REF!)),0,(LOOKUP(AT$10,$O96:$AQ96,#REF!))) -> 0 | AU96: =IF(ISERROR(LOOKUP(AU$10,$O96:$AQ96,#REF!)),0,(LOOKUP(AU$10,$O96:$AQ96,#REF!))) -> 0 | AV96: =IF(ISERROR(LOOKUP(AV$10,$O96:$AQ96,#REF!)),0,(LOOKUP(AV$10,$O96:$AQ96,#REF!))) -> 0 | AW96: =IF(ISERROR(LOOKUP(AW$10,$O96:$AQ96,#REF!)),0,(LOOKUP(AW$10,$O96:$AQ96,#REF!))) -> 0 | AX96: =IF(ISERROR(LOOKUP(AX$10,$O96:$AQ96,#REF!)),0,(LOOKUP(AX$10,$O96:$AQ96,#REF!))) -> 0 | AY96: =IF(ISERROR(LOOKUP(AY$10,$O96:$AQ96,#REF!)),0,(LOOKUP(AY$10,$O96:$AQ96,#REF!))) -> 0 | ... BB96: =IF(ISERROR(LOOKUP(BB$10,$O96:$AQ96,#REF!)),0,(LOOKUP(BB$10,$O96:$AQ96,#REF!))) -> 0
A97: =A94+1 -> 27 | B97: MM-ZTK-1F-GEN-PIP-MR-0004 | C97: RFQ-PIP-026 | D97: PIPELINE BULK (B31.8)-3D Bend | E97: Export line | F97: 24 | G97: 5-5 | H97: PI | I97: N | J97: L2 | K97: LA | M97: SH | N97: P | O97: 46220 | P97: 46223 | Q97: 46230 | R97: 46231 | S97: 46239 | T97: 46253 | U97: 46281 | V97: 46286 | X97: 46308 | Y97: 46310 | Z97: 46317 | AA97: 46345 | AB97: 46359 | AC97: 46389 | AD97: 46389 | AE97: 46391 | AF97: 46454 | AG97: 46474 | AH97: 46504 | AI97: 46507 | AJ97: 46534 | AK97: 28 | AL97: 196 | AM97: 46504 | AN97: 46515 | AO97: =AN97-AM98 -> 11 | AR97: =IF(ISERROR(LOOKUP(AR$10,$O97:$AQ97,#REF!)),0,(LOOKUP(AR$10,$O97:$AQ97,#REF!))) -> 0 | AS97: =IF(ISERROR(LOOKUP(AS$10,$O97:$AQ97,#REF!)),0,(LOOKUP(AS$10,$O97:$AQ97,#REF!))) -> 0 | AT97: =IF(ISERROR(LOOKUP(AT$10,$O97:$AQ97,#REF!)),0,(LOOKUP(AT$10,$O97:$AQ97,#REF!))) -> 0 | AU97: =IF(ISERROR(LOOKUP(AU$10,$O97:$AQ97,#REF!)),0,(LOOKUP(AU$10,$O97:$AQ97,#REF!))) -> 0 | AV97: =IF(ISERROR(LOOKUP(AV$10,$O97:$AQ97,#REF!)),0,(LOOKUP(AV$10,$O97:$AQ97,#REF!))) -> 0 | AW97: =IF(ISERROR(LOOKUP(AW$10,$O97:$AQ97,#REF!)),0,(LOOKUP(AW$10,$O97:$AQ97,#REF!))) -> 0 | AX97: =IF(ISERROR(LOOKUP(AX$10,$O97:$AQ97,#REF!)),0,(LOOKUP(AX$10,$O97:$AQ97,#REF!))) -> 0 | AY97: =IF(ISERROR(LOOKUP(AY$10,$O97:$AQ97,#REF!)),0,(LOOKUP(AY$10,$O97:$AQ97,#REF!))) -> 0 | ... BB97: =IF(ISERROR(LOOKUP(BB$10,$O97:$AQ97,#REF!)),0,(LOOKUP(BB$10,$O97:$AQ97,#REF!))) -> 0
B98: MM-ZTK-1F-GEN-PIP-MR-0004 | C98: RFQ-PIP-026 | D98: PIPELINE BULK (B31.8)-3D Bend | E98: Import line | F98: =23-5 -> 18 | G98: 5-5 | H98: PI | I98: N | J98: L2 | K98: LA | M98: SH | N98: F | O98: 46231 | T98: 46253 | U98: =U97 -> 46281 | V98: 46286 | X98: 46308 | Y98: 46310 | Z98: 46317 | AA98: 46345 | AB98: 46359 | AC98: 46389 | AD98: 46389 | AE98: 46391 | AF98: 46454 | AG98: 46474 | AH98: 46504 | AI98: 46507 | AJ98: 46534 | AM98: =X98+AL97 -> 46504 | AR98: =IF(ISERROR(LOOKUP(AR$10,$O98:$AQ98,#REF!)),0,(LOOKUP(AR$10,$O98:$AQ98,#REF!))) -> 0 | AS98: =IF(ISERROR(LOOKUP(AS$10,$O98:$AQ98,#REF!)),0,(LOOKUP(AS$10,$O98:$AQ98,#REF!))) -> 0 | AT98: =IF(ISERROR(LOOKUP(AT$10,$O98:$AQ98,#REF!)),0,(LOOKUP(AT$10,$O98:$AQ98,#REF!))) -> 0 | AU98: =IF(ISERROR(LOOKUP(AU$10,$O98:$AQ98,#REF!)),0,(LOOKUP(AU$10,$O98:$AQ98,#REF!))) -> 0 | AV98: =IF(ISERROR(LOOKUP(AV$10,$O98:$AQ98,#REF!)),0,(LOOKUP(AV$10,$O98:$AQ98,#REF!))) -> 0 | AW98: =IF(ISERROR(LOOKUP(AW$10,$O98:$AQ98,#REF!)),0,(LOOKUP(AW$10,$O98:$AQ98,#REF!))) -> 0 | AX98: =IF(ISERROR(LOOKUP(AX$10,$O98:$AQ98,#REF!)),0,(LOOKUP(AX$10,$O98:$AQ98,#REF!))) -> 0 | AY98: =IF(ISERROR(LOOKUP(AY$10,$O98:$AQ98,#REF!)),0,(LOOKUP(AY$10,$O98:$AQ98,#REF!))) -> 0 | ... BB98: =IF(ISERROR(LOOKUP(BB$10,$O98:$AQ98,#REF!)),0,(LOOKUP(BB$10,$O98:$AQ98,#REF!))) -> 0
B99: MM-ZTK-1F-GEN-PIP-MR-0004 | C99: RFQ-PIP-026 | D99: PIPELINE BULK (B31.8)-3D Bend | G99: 5-5 | H99: PI | I99: N | J99: L2 | K99: LA | M99: SH | N99: A | P99: 46217 | Q99: 46231 | R99: 46230 | S99: 46230 | AR99: =IF(ISERROR(LOOKUP(AR$10,$O99:$AQ99,#REF!)),0,(LOOKUP(AR$10,$O99:$AQ99,#REF!))) -> 0 | AS99: =IF(ISERROR(LOOKUP(AS$10,$O99:$AQ99,#REF!)),0,(LOOKUP(AS$10,$O99:$AQ99,#REF!))) -> 0 | AT99: =IF(ISERROR(LOOKUP(AT$10,$O99:$AQ99,#REF!)),0,(LOOKUP(AT$10,$O99:$AQ99,#REF!))) -> 0 | AU99: =IF(ISERROR(LOOKUP(AU$10,$O99:$AQ99,#REF!)),0,(LOOKUP(AU$10,$O99:$AQ99,#REF!))) -> 0 | AV99: =IF(ISERROR(LOOKUP(AV$10,$O99:$AQ99,#REF!)),0,(LOOKUP(AV$10,$O99:$AQ99,#REF!))) -> 0 | AW99: =IF(ISERROR(LOOKUP(AW$10,$O99:$AQ99,#REF!)),0,(LOOKUP(AW$10,$O99:$AQ99,#REF!))) -> 0 | AX99: =IF(ISERROR(LOOKUP(AX$10,$O99:$AQ99,#REF!)),0,(LOOKUP(AX$10,$O99:$AQ99,#REF!))) -> 0 | AY99: =IF(ISERROR(LOOKUP(AY$10,$O99:$AQ99,#REF!)),0,(LOOKUP(AY$10,$O99:$AQ99,#REF!))) -> 0 | ... BB99: =IF(ISERROR(LOOKUP(BB$10,$O99:$AQ99,#REF!)),0,(LOOKUP(BB$10,$O99:$AQ99,#REF!))) -> 0
A100: 27 | B100: MM-ZTK-1F-GEN-PIP-MR-0004 | C100: RFQ-PIP-033 | D100: PIPELINE BULK (B31.8) | G100: 5-5 | H100: PI | I100: N | J100: L2 | K100: LA | M100: ZH | N100: P | O100: 46220 | P100: 46223 | Q100: 46230 | R100: 46231 | S100: 46239 | T100: 46253 | U100: 46281 | V100: 46286 | X100: 46308 | Y100: 46310 | Z100: 46317 | AA100: 46345 | AB100: 46359 | AC100: 46389 | AD100: 46389 | AE100: 46391 | AF100: 46454 | AG100: 46474 | AH100: 46504 | AI100: 46507 | AJ100: 46534 | AK100: 28 | AL100: 196 | AM100: 46504 | AN100: 46515 | AO100: 26
B101: MM-ZTK-1F-GEN-PIP-MR-0004 | C101: RFQ-PIP-033 | D101: PIPELINE BULK (B31.8) | G101: 5-5 | H101: PI | I101: N | J101: L2 | K101: LA | M101: ZH | N101: F | O101: 46231 | T101: =T100 -> 46253 | U101: =U100 -> 46281 | V101: 46286 | X101: =X100 -> 46308 | Y101: =Y100 -> 46310 | Z101: =Z100 -> 46317 | AA101: =AA100 -> 46345 | AB101: =AB100 -> 46359 | AC101: =AC100 -> 46389 | AD101: =AD100 -> 46389 | AE101: =AE100 -> 46391 | AF101: 46454 | AG101: 46474 | AH101: 46504 | AI101: 46507 | AJ101: 46534 | AM101: =X101+AL100 -> 46504
B102: MM-ZTK-1F-GEN-PIP-MR-0004 | C102: RFQ-PIP-033 | D102: PIPELINE BULK (B31.8) | G102: 5-5 | H102: PI | I102: N | J102: L2 | K102: LA | M102: ZH | N102: A | P102: 46217 | Q102: 46231 | R102: 46230 | S102: 46230
C103: RFQ-PIP-007 | D103: SPECIAL PIPE SUPPORT | G103: 5-5 | H103: PI | I103: N | J103: L4 | K103: LC | L103: As dicussed with ENG, it mabe has no special support. So it will confirm later | M103: SH | N103: P | O103: 46174 | P103: 46177 | Q103: 46184 | R103: 46185 | S103: 46192 | T103: 46206 | U103: 46227 | V103: 46234 | X103: 46248 | Y103: 46252 | Z103: 46259 | AA103: 46280 | AB103: 46294 | AC103: 46324 | AD103: 46324 | AE103: 46327 | AF103: 46399 | AG103: 46409 | AH103: 46416 | AI103: 46419 | AJ103: 46446 | AK103: 24 | AL103: 168 | AR103: =IF(ISERROR(LOOKUP(AR$10,$O103:$AQ103,#REF!)),0,(LOOKUP(AR$10,$O103:$AQ103,#REF!))) -> 0 | AS103: =IF(ISERROR(LOOKUP(AS$10,$O103:$AQ103,#REF!)),0,(LOOKUP(AS$10,$O103:$AQ103,#REF!))) -> 0 | AT103: =IF(ISERROR(LOOKUP(AT$10,$O103:$AQ103,#REF!)),0,(LOOKUP(AT$10,$O103:$AQ103,#REF!))) -> 0 | AU103: =IF(ISERROR(LOOKUP(AU$10,$O103:$AQ103,#REF!)),0,(LOOKUP(AU$10,$O103:$AQ103,#REF!))) -> 0 | AV103: =IF(ISERROR(LOOKUP(AV$10,$O103:$AQ103,#REF!)),0,(LOOKUP(AV$10,$O103:$AQ103,#REF!))) -> 0 | AW103: =IF(ISERROR(LOOKUP(AW$10,$O103:$AQ103,#REF!)),0,(LOOKUP(AW$10,$O103:$AQ103,#REF!))) -> 0 | AX103: =IF(ISERROR(LOOKUP(AX$10,$O103:$AQ103,#REF!)),0,(LOOKUP(AX$10,$O103:$AQ103,#REF!))) -> 0 | AY103: =IF(ISERROR(LOOKUP(AY$10,$O103:$AQ103,#REF!)),0,(LOOKUP(AY$10,$O103:$AQ103,#REF!))) -> 0 | ... BB103: =IF(ISERROR(LOOKUP(BB$10,$O103:$AQ103,#REF!)),0,(LOOKUP(BB$10,$O103:$AQ103,#REF!))) -> 0
...

Sheet Thai Holidays
A1: Date | B1: Holiday Name
A2: 45996 | B2: Father's Day
A3: 46001 | B3: Constitution Day
A4: 46020 | B4: New Year's Day
A5: 46021 | B5: New Year's Day
A6: 46022 | B6: New Year's Day
A7: 46023 | B7: New Year's Day
A8: 46024 | B8: New Year's Day
A9: 46065 | B9: The Buddha Day
A10: 46118 | B10: Kutkuri Dynasty Memorial Day
A11: 46125 | B11: Songkran Festival
A12: 46126 | B12: Songkran Festival
A13: 46127 | B13: Songkran Festival
... A17: 46146 | B17: The anniversary of the King's accession to the throne
A18: 46174
A19: 46176
A20: 46231
A21: 46232
A22: 46246 | B22: Mother's Day
A23: 46308 | B23: The anniversary of the death of the 9th King
A24: 46318 | B24: The anniversary of the death of the 5th King Father's Day
A25: 46363 | B25: Father's Day
A26: 46387 | B26: New Year's Day
A27: 46388 | B27: New Year's Day | C27: 佛历节日，日期为预测
A28: 46389
A29: 46439 | B29: The Buddha Day
A30: 46440
A31: 46483 | B31: Kutkuri Dynasty Memorial Day
A32: 46490 | B32: Songkran Festival
A33: 46491 | B33: Songkran Festival
A34: 46492 | B34: Songkran Festival | C34: 佛历节日，日期为预测
A35: 46508 | B35: International Workers' Day
A36: 46511 | B36: The anniversary of the King's accession to the throne
A37: 46527 | B37: Vesak Festival
A38: 46541 | B38: The Birthday Anniversary of the Queen
A39: 46611 | B39: Mother's Day | C39: 佛历节日，日期为预测
A40: 46673 | B40: The anniversary of the death of the 9th King
A41: 46683 | B41: The anniversary of the death of the 5th King Father's Day | D41: The anniversary of the death of the 5th King Father's Day
A42: 46685
A43: 46726 | B43: Father's Day
A44: 46727
A45: 46731 | B45: 宪法纪念日
A46: 46752 | B46: New Year's Day
A47: 46753 | B47: New Year's Day | C47: 佛历节日，日期为预测
A48: 46791 | B48: 万佛节
A49: 46849 | B49: 却克里王朝纪念日
A50: 46856 | B50: Songkran Festival
A51: 46857 | B51: Songkran Festival
A52: 46858 | B52: Songkran Festival
A53: 46874 | B53: International Workers' Day
A54: 46878 | B54: The anniversary of the King's accession to the throne | C54: 佛历节日，日期为预测
A55: 46912 | B55: 卫塞节
A56: 46907 | B56: The Birthday Anniversary of the Queen | C56: 佛历节日，日期为预测
A57: 46958 | B57: 守夏节
A58: 46977 | B58: Mother's Day
A59: 47039 | B59: The anniversary of the death of the 9th King
A60: 47049 | B60: The anniversary of the death of the 5th King Father's Day
A61: 47092 | B61: Father's Day
A62: 47097 | B62: 宪法纪念日
A63: 47118 | B63: New Year's Day

Sheet China Holidays
A1: Date | B1: Holiday Name
A2: 46023 | B2: New Year's Day
A3: 46024 | B3: New Year's Day
A4: 46025 | B4: New Year's Day
A5: 46068 | B5: Spring Festival
A6: 46069 | B6: Spring Festival
A7: 46070 | B7: Spring Festival
A8: 46071 | B8: Spring Festival
A9: 46072 | B9: Spring Festival
A10: 46073 | B10: Spring Festival
A11: 46074 | B11: Spring Festival
A12: 46116 | B12: Qingming Festival
A13: 46117 | B13: Qingming Festival
... A84: 47033 | B84: National Day

Sheet STR MR
A1: Document No. | B1: Document Title | E1: Rev. | F1: Document Status Code | G1: Distribution Date | H1: Approver Actual Finish | I1: Return Status Name
A2: MM-ZTK-1F-GEN-STR-MR-1021 | B2: MATERIAL REQUISITION FOR TOPSIDES HIGH STRENGTH STEEL PLATES | C2: RFQ-STR-001 | D2: Topside Primary Steel- Plate | E2: A1 | F2: IFR | G2: 20-May-2026 18:20:49 | H2: 22-May-2026 01:16:45 | I2: Approved with Comment (Proceed to Rev.C)
A3: MM-ZTK-1F-GEN-STR-MR-1011 | B3: MATERIAL REǪUISITION FOR TOPSIDES HIGH STRENGTH HOT-ROLLED STEEL SECTIONS (SHAPE | C3: RFQ-STR-002 | D3: Topside Primary Steel-Beam | E3: A1 | F3: IFR | G3: 08-May-2026 13:17:04 | H3: 15-May-2026 23:34:18 | I3: Approved with Comment (Proceed to Rev.C)
A4: MM-ZTK-1F-GEN-STR-MR-1001 | B4: MATERIAL REǪUISITION FOR TOPSIDES HIGH STRENGTH TUBULAR STEEL | C4: RFQ-STR-003 RFQ-STR-016 | D4: Topside Primary Steel- Tubular TUBULARS (SAW + SEAMLESS) | E4: A1 | F4: IFR | G4: 04-May-2026 13:07:12 | H4: 15-May-2026 23:30:40 | I4: Approved with Comment (Proceed to Rev.C)
A5: MM-ZTK-1F-GEN-STR-MR-1012 | B5: MATERIAL REQUISITION FOR TOPSIDES SECONDARY AND TERTIARY HOT-ROLLED STEEL | C5: RFQ-STR-004 RFQ-STR-005 | D5: Topside Secondary and Tertiary Steel BEAMS | E5: A1 | F5: IFR | G5: 23-May-2026 09:31:31 | H5: 25-May-2026 20:37:08 | I5: Approved with Comment (Proceed to Rev.C)
A6: MM-ZTK-1F-GEN-STR-MR-1002 | B6: MATERIAL REQUISITION FOR TOPSIDES SECONDARY AND TERTIARY TUBULAR STEEL | C6: RFQ-STR-004 RFQ-STR-005 | D6: Topside Secondary and Tertiary Steel TUBULARS (SEAMLESS) | E6: A1 | F6: IFR | G6: 23-May-2026 08:52:07 | H6: 25-May-2026 20:36:04 | I6: Approved with Comment (Proceed to Rev.C)
A7: MM-ZTK-1F-GEN-STR-MR-1022 | B7: MATERIAL REQUISITION FOR TOPSIDE LOW STRENGTH STEEL PLATE | C7: RFQ-STR-005 | D7: Topside Tertiary Steel-Plate | E7: A1 | F7: IFR | G7: 29-May-2026 19:06:31 | H7: 01-Jun-2026 09:19:45 | I7: Approved with Comment (Proceed to Rev.C)
A8: MM-ZTK-1F-ZWP20-STR-MR-2002 | B8: MATERIAL REǪUISITION FOR ZWP20 JACKET PRIMARY STEEL (PLATE) | C8: RFQ-STR-006 | D8: Jacket Primary Steel-Plate | E8: A1 | F8: IFR | G8: 06-May-2026 10:31:53 | H8: 15-May-2026 23:20:12 | I8: Approved with Comment (Proceed to Rev.C)
A9: MM-ZTK-1F-ZWP21-STR-MR-2002 | B9: MATERIAL REǪUISITION FOR ZWP21 JACKET PRIMARY STEEL (PLATE) | C9: RFQ-STR-006 | D9: Jacket Primary Steel-Plate | E9: A1 | F9: IFR | G9: 06-May-2026 10:32:08 | H9: 15-May-2026 23:33:14 | I9: Approved with Comment (Proceed to Rev.C)
A10: MM-ZTK-1F-ZWP22-STR-MR-2002 | B10: MATERIAL REǪUISITION FOR ZWP22 JACKET PRIMARY STEEL (PLATE) | C10: RFQ-STR-006 | D10: Jacket Primary Steel-Plate | E10: A1 | F10: IFR | G10: 06-May-2026 10:32:27 | H10: 15-May-2026 23:22:53 | I10: Approved with Comment (Proceed to Rev.C)
A11: MM-ZTK-1F-ZWP23-STR-MR-2002 | B11: MATERIAL REǪUISITION FOR ZWP23 JACKET PRIMARY STEEL (PLATE) | C11: RFQ-STR-006 | D11: Jacket Primary Steel-Plate | E11: A1 | F11: IFR | G11: 06-May-2026 10:32:43 | H11: 15-May-2026 23:25:28 | I11: Approved with Comment (Proceed to Rev.C)
A12: MM-ZTK-1F-ZWP20-STR-MR-2001 | B12: MATERIAL REǪUISITION FOR ZWP20 JACKET PRIMARY TUBULAR STEEL | C12: RFQ-STR-007 | D12: Jacket Primary Steel-Tubular TUBULARS - SAW PIPE | E12: A1 | F12: IFR | G12: 04-May-2026 13:11:09 | H12: 15-May-2026 22:45:39 | I12: Approved with Comment
A13: MM-ZTK-1F-ZWP21-STR-MR-2001 | B13: MATERIAL REǪUISITION FOR ZWP21 JACKET PRIMARY TUBULAR STEEL | C13: RFQ-STR-007 | D13: Jacket Primary Steel-Tubular TUBULARS - SAW PIPE | E13: A1 | F13: IFR | G13: 04-May-2026 13:11:25 | H13: 15-May-2026 23:19:31 | I13: Approved with Comment (Proceed to Rev.C)
... A15: MM-ZTK-1F-ZWP23-STR-MR-2001 | B15: MATERIAL REǪUISITION FOR ZWP23 JACKET PRIMARY TUBULAR STEEL | C15: RFQ-STR-007 | D15: Jacket Primary Steel-Tubular TUBULARS - SAW PIPE | E15: A1 | F15: IFR | G15: 04-May-2026 13:11:55 | H15: 15-May-2026 23:33:47 | I15: Approved with Comment (Proceed to Rev.C)

Sheet Primary steel-plate
A1: Plateform | B1: Drawing No. | C1: REV | D1: Drawing Name | E1: Vendor | F1: Weight (T) | G1: Ordered(T) | H1: Rest | I1: Order No. | J1: Order Date | K1: Remark
A2: ZWP21 | B2: ZM169-SE-ST-ML-004 | C2: REV. 4 | D2: Steel Plate for ZWP21 Launch Cradle and Vertical Framing Internal Ring Stiffener | E2: XISC | F2: 420.97 | G2: =225296/1000 -> 225.296 | H2: =F2-G2-G3 -> -2.14316 | I2: ZH26FA001(02) | J2: 46195
A3: ZWP21 | B3: ZM169-SE-ST-ML-004 | C3: REV. 5 | D3: Steel Plate for ZWP22 Launch Cradle and Vertical Framing Internal Ring Stiffener | E3: XISC | G3: =197817.16/1000 -> 197.81716 | I3: ZH26FA001(19) | J3: 46205
A4: ZWP21 | B4: ZM169-ZWP21-ST-ML-001 | C4: REV. 4 | D4: ZWP21 Jacket Primary, TRB Rolling Plate | E4: XISC | F4: 1877.39 | G4: =1296894.01/1000 -> 1296.894 | H4: =F4-G4-G5 -> 13.64197 | I4: ZH26FA001(03) | J4: 46195
A5: ZWP21 | B5: ZM169-ZWP21-ST-ML-001 | C5: REV. 5 | D5: ZWP21 Jacket Primary, TRB Rolling Plate | E5: XISC | G5: =566854.02/1000 -> 566.85402 | I5: ZH26FA001(16) | J5: 46204
A6: ZWP21 | B6: ZM169-ZWP21-ST-ML-002 | C6: REV. 2 | D6: ZWP21 Jacket Primary, JCOE Rolling Plate | E6: XISC | F6: 1581.53 | G6: =1049591.95/1000 -> 1049.5919 | H6: =F6-G6-G7-G8 -> -14.13334 | I6: ZH26FA001(04) | J6: 46195
A7: ZWP21 | B7: ZM169-ZWP21-ST-ML-002 | C7: REV. 3 | D7: ZWP21 Jacket Primary, JCOE Rolling Plate | E7: XISC | G7: =530026.49/1000 -> 530.02649 | I7: ZH26FA001(21) | J7: 46205
A8: ZWP21 | B8: ZM169-ZWP21-ST-ML-002 | C8: REV. 4 | D8: ZWP21 Jacket Primary, JCOE Rolling Plate | E8: XISC | G8: =16044.9/1000 -> 16.0449 | I8: ZH26FA001(40) | J8: 46230
A9: ZWP21 | B9: ZM169-ZWP21-ST-ML-007 | C9: REV. 2 | D9: ZWP21 Jacket Primary, Cone Plate | E9: XISC | F9: 65 | G9: =55551.55/1000 -> 55.55155 | H9: =F9-G9-G11 -> -27.34156 | I9: ZH26FA001(05) | J9: 46195
A10: ZWP21 | B10: ZM169-ZWP21-ST-ML-007 | C10: REV.1 | D10: ZWP21 Jacket Primary, Cone Plate | E10: XISC
A11: ZWP21 | B11: ZM169-ZWP21-ST-ML-007 | C11: REV. 3 | D11: ZWP21 Jacket Primary, Cone Plate | E11: XISC | G11: =36790.01/1000 -> 36.79001 | I11: ZH26FA001(14) | J11: 46204
A12: ZWP21 | B12: ZM169-ZWP21-ST-ML-008 | D12: ZWP21 Jacket Hydro static Ring Stiff Plates | E12: XISC | F12: 25.756 | G12: =9397.71/1000 -> 9.39771 | H12: =F12-G12-G13 -> -20.22544 | I12: ZH26FA001(10) | J12: 46195
A13: ZWP21 | B13: ZM169-ZWP21-ST-ML-008 | C13: REV.1 | D13: ZWP21 Jacket Hydro static Ring Stiff Plates | E13: XISC | G13: =36583.73/1000 -> 36.58373 | I13: ZH26FA001(20) | J13: 46205
A14: ZWP21 | B14: ZM169-ZWP21-ST-ML-009 | C14: REV.0 | D14: ZWP21 Jacket Leg Partition/Closure Plates | E14: XISC | F14: 17.117 | G14: =47355.14/1000 -> 47.35514 | H14: =F14-G14 -> -30.23814 | I14: ZH26FA001(24) | J14: 46209
A15: ZWP21 | B15: ZM169-ZWP21-ST-ML-010 | C15: REV.0 | D15: ZWP21 Jacket Piles Sleeve Plate | E15: XISC | F15: 437.539 | G15: =271819.08/1000 -> 271.81908 | H15: =F15-G15 -> 165.71992 | I15: ZH26FA001(07) | J15: 46195
F16: =SUM(F2:F15) -> 4425.302 | G16: =SUM(G2:G15) -> 4340.0217 | H16: =F16-G16 -> 85.28025
A17: ZWP23 | B17: ZM169-ZWP23-ST-ML-001 | C17: REV.0 | D17: ZWP23 Jacket Primary, TRB Rolling Plate | E17: XISC | F17: 1761 | G17: =1316780.78/1000 -> 1316.7808 | H17: =F17-G17-G18 -> -67.38582 | I17: ZH26FA001(13) | J17: 46199
A18: ZWP23 | B18: ZM169-ZWP23-ST-ML-001 | C18: REV.1 | D18: ZWP23 Jacket Primary, TRB Rolling Plate | E18: XISC | G18: =511605.04/1000 -> 511.60504 | I18: ZH26FA001(23) | J18: 46206
A19: ZWP23 | B19: ZM169-ZWP23-ST-ML-002 | C19: REV.0 | D19: ZWP23 Jacket Primary, JCOE Rolling Plate | E19: XISC | F19: 1514 | G19: =1555768.28/1000 -> 1555.7683 | H19: =F19-G19-G20 -> -57.81318 | I19: ZH26FA001(22) | J19: 46206
A20: ZWP23 | B20: ZM169-ZWP23-ST-ML-002 | C20: REV.1 | D20: ZWP23 Jacket Primary, JCOE Rolling Plate | E20: XISC | G20: =16044.9/1000 -> 16.0449 | I20: ZH26FA001(41) | J20: 46230
A21: ZWP23 | B21: ZM169-ZWP23-ST-ML-007 | C21: REV.1 | D21: ZWP23 Jacket Primary, Cone Plate | E21: XISC | F21: 65 | G21: =22701.82/1000 -> 22.70182 | H21: =F21-G21-G22 -> -27.34156 | I21: ZH26FA001(06) | J21: 46183
A22: ZWP23 | B22: ZM169-ZWP23-ST-ML-007 | C22: REV.2 | D22: ZWP23 Jacket Primary, Cone Plate | E22: XISC | G22: =69639.74/1000 -> 69.63974 | I22: ZH26FA001(15) | J22: 46204
A23: ZWP23 | B23: ZM169-ZWP23-ST-ML-008 | C23: REV.0 | D23: ZWP23 Jacket Hydro static Ring Stiff Plates | E23: XISC | G23: =49730.22/1000 -> 49.73022 | H23: =F23-G23 -> -49.73022 | I23: ZH26FA001(18) | J23: 46205
A24: ZWP23 | B24: ZM169-ZWP23-ST-ML-009 | C24: REV.0 | D24: ZWP23 Jacket Leg Partition/Closure Plates | E24: XISC | F24: 17.117 | G24: =47403.05/1000 -> 47.40305 | H24: =F24-G24 -> -30.28605 | I24: ZH26FA001(42) | J24: 46230
A25: ZWP23 | B25: ZM169-ZWP23-ST-ML-010 | C25: REV.0 | D25: ZWP23 Jacket Piles Sleeve Plate | E25: XISC | F25: 437.539 | G25: =271857.2161/1000 -> 271.85722 | H25: =F25-G25-G26 -> -116.69586 | I25: ZH26FA001(28) | J25: 46217
A26: ZWP23 | B26: ZM169-ZWP23-ST-ML-010 | C26: REV.1 | D26: ZWP23 Jacket Piles Sleeve Plate | E26: XISC | G26: =282377.64/1000 -> 282.37764 | I26: ZH26FA001(37) | J26: 46223
A27: ZWP23 | B27: ZM169-ZWP23-ST-ML-011 | C27: REV.0 | D27: ZWP23 Jacket Launch Cradle Plates+Ring Stiff Plates | E27: XISC | F27: 427.221 | G27: =274628/1000 -> 274.628 | H27: =F27-G27-G28 -> 24.51883 | I27: ZH26FA001(12) | J27: 46199
A28: ZWP23 | B28: ZM169-ZWP23-ST-ML-011 | C28: REV.1 | D28: ZWP23 Jacket Launch Cradle Plates+Ring Stiff Plates | E28: XISC | G28: =128074.17/1000 -> 128.07417 | I28: ZH26FA001(17) | J28: 46205
F29: =SUM(F17:F28) -> 4221.877 | G29: =SUM(G17:G28) -> 4546.6109 | H29: =F29-G29 -> -324.73386
A30: ZWP20 | B30: ZM169-ZWP20-ST-ML-001 | C30: Rev.0 | D30: ZWP20 Jacket Primary, TRB Rolling Plate | E30: XISC | F30: 1641 | G30: =1359541.23/1000 -> 1359.5412 | H30: =F30-G30 -> 281.45877 | I30: ZH26FA006 (34) | J30: 46223
A31: ZWP20 | B31: ZM169-ZWP20-ST-ML-002 | C31: Rev.0 | D31: ZWP20 Jacket Primary, JCOE Rolling Plate | E31: XISC | F31: 1439 | G31: =1031183.39/1000 -> 1031.1834 | H31: =F31-G31 -> 407.81661 | I31: ZH26FA006 (33) | J31: 46223
A32: ZWP20 | B32: ZM169-ZWP20-ST-ML-007 | C32: Rev.0 | D32: ZWP20 Jacket Primary, Cone Plate | E32: XISC | F32: 65 | G32: =76812.9879/1000 -> 76.812988 | H32: =F32-G32 -> -11.812988 | I32: ZH26FA006 (31) | J32: 46219
A33: ZWP20 | B33: ZM169-ZWP20-ST-ML-008 | D33: ZWP20 Jacket Hydro static Ring Stiff Plates | E33: XISC | K33: No drawing to SE
A34: ZWP20 | B34: ZM169-ZWP20-ST-ML-009 | D34: ZWP20 Jacket Leg Partition/Closure Plates | E34: XISC | F34: 17.117
A35: ZWP20 | B35: ZM169-ZWP20-ST-ML-010 | D35: ZWP20 Jacket Piles Sleeve Plate | E35: XISC | F35: 465.604
A36: ZWP20 | B36: ZM169-ZWP20-ST-ML-011 | D36: ZWP20 Jacket Launch Cradle Plates+Ring Stiff Plates | E36: XISC | F36: 393.737
A37: ZWP20 | B37: ZM169-ZWP20-ST-ML-012 | C37: Rev.0 | E37: XISC | G37: =23566.05/1000 -> 23.56605 | I37: ZH26FA006 (36) | J37: 46223
G38: =SUM(G30:G37) -> 2491.1037
A39: ZWP22 | B39: ZM169-ZWP22-ST-ML-001 | C39: Rev.0 | D39: ZWP22 Jacket Primary, TRB Rolling Plate | E39: XISC | F39: 1696 | G39: =1359541.23/1000 -> 1359.5412 | H39: =F39-G39 -> 336.45877 | I39: ZH26FA006 (27) | J39: 46216
A40: ZWP22 | B40: ZM169-ZWP22-ST-ML-002 | C40: Rev.0 | D40: ZWP22 Jacket Primary, JCOE Rolling Plate | E40: XISC | F40: 1425 | G40: =1031183.393/1000 -> 1031.1834 | H40: =F40-G40 -> 393.81661 | I40: ZH26FA006 (29) | J40: 46216
A41: ZWP22 | B41: ZM169-ZWP22-ST-ML-007 | C41: Rev.0 | D41: ZWP22 Jacket Primary, Cone Plate | E41: XISC | F41: 65 | G41: =76812.99/1000 -> 76.81299 | H41: =F41-G41 -> -11.81299 | I41: ZH26FA006 (26) | J41: 46213
A42: ZWP22 | B42: ZM169-ZWP22-ST-ML-008 | D42: ZWP22 Jacket Hydro static Ring Stiff Plates | E42: XISC | K42: No drawing to SE
A43: ZWP22 | B43: ZM169-ZWP22-ST-ML-009 | D43: ZWP22 Jacket Leg Partition/Closure Plates | E43: XISC | F43: 17.117
A44: ZWP22 | B44: ZM169-ZWP22-ST-ML-010 | D44: ZWP22 Jacket Piles Sleeve Plate | E44: XISC | F44: 456.604
A45: ZWP22 | B45: ZM169-ZWP22-ST-ML-011 | C45: Rev.1 | D45: ZWP22 Jacket Launch Cradle Plates+Ring Stiff Plates | E45: XISC | F45: 410.177 | G45: =349405.45/1000 -> 349.40545 | H45: =F45-G45 -> 60.77155 | I45: ZH26FA006 (39) | J45: 46230
A46: ZWP22 | B46: ZM169-ZWP22-ST-ML-012 | C46: Rev.0 | E46: XISC | G46: =23822.02/1000 -> 23.82202 | I46: ZH26FA006 (35) | J46: 46223
G47: =SUM(G39:G46) -> 2840.7651
A49: Plateform | B49: Drawing No. | D49: Drawing Name | E49: Vendor | F49: Weight (T) | G49: Ordered(T) | H49: Rest | I49: Order No. | J49: Order Date | K49: Remark
A50: Topside | B50: ZM169-SE-ST-ML-014 | C50: REV.0 | D50: Topside Primary-Seamless (ZWP20, 21, 22, 23) | E50: Lontrin | G50: =59989.22/1000 -> 59.98922 | I50: ZH26FA004(02) | J50: 46190
A52: Plateform | B52: Drawing No. | D52: Drawing Name | E52: Vendor | F52: Weight (T) | G52: Ordered(T) | H52: Rest | I52: Order No. | J52: Order Date | K52: Remark
A53: Topside | B53: ZM169-SE-ST-ML-013 | C53: REV.0 | D53: Topside Primary-Beam (ZWP20, 21, 22, 23) | E53: Laigang | F53: 418 | G53: =371601.6/1000 -> 371.6016 | H53: =F53-G53 -> 46.3984 | I53: ZH26FA006 (02) | J53: 46195
A55: Plateform | B55: Drawing No. | D55: Drawing Name | E55: Vendor | F55: Weight (T) | G55: Ordered(T) | H55: Rest | I55: Order No. | J55: Order Date | K55: Remark
A56: Topside | B56: ZM169-SE-ST-ML-021 | C56: REV.0 | D56: Topside Secondary Steel(W)-Beam | E56: Laigang | G56: 250 | I56: ZH26FA006 (03) | J56: 46216
