Workbook

Sheet PSR
A1: PROVISION OF ENGINEERING, PROCUREMENT, CONSTRUCTION AND COMMISSIONING FOR WELLHEAD PLATFORMS, ASSOCIATED PIPLINES AND BROWNFIELD MODIFICATIONS FOR ZAWTIKA DEVELOPMENT PROJECT PHASE 1F
A2: Procurement Plan
K6: LA | L6: Most complexity RFQ | P6: 1 | Q6: 10 | R6: 0 | S6: 0 | T6: 10 | U6: 17 | V6: 10 | W6: 9 | X6: 2 | Y6: 5 | Z6: 20 | AA6: 10 | AQ6: 3 | AS6: 10 | AT6: 2
K7: LB | L7: High complexity RFQ | P7: 1 | Q7: 10 | R7: 0 | S7: 0 | T7: 10 | U7: 17 | V7: 10 | W7: 9 | X7: 2 | Y7: 5 | Z7: 20 | AA7: 10 | AQ7: 3 | AS7: 10 | AT7: 2
K8: LC | L8: Normal complexity RFQ | P8: 1 | Q8: 10 | R8: 0 | S8: 0 | T8: 10 | U8: 13 | V8: 10 | W8: 9 | X8: 2 | Y8: 5 | Z8: 15 | AA8: 10 | AQ8: 3 | AS8: 10 | AT8: 2
A9: Contract no: MMC25-5001 | K9: LD | L9: Low complexity RFQ | P9: 1 | Q9: 10 | R9: 0 | S9: 0 | T9: 5 | U9: 7 | V9: 10 | W9: 5 | X9: 2 | Y9: 5 | Z9: 10 | AA9: 10 | AP9: Update: 3-Jul-2026 | AQ9: 2 | AS9: 5 | AT9: 2
A10: No. | B10: MR No. | C10: RFQ No. | D10: Package Name | E10: Tag No. | F10: Q'ty | G10: CODE | H10: DIS | I10: LLI (Y/N) | J10: CR | K10: Priority Level | L10: PO description | M10: Owner | N10: P/F/A | O10: Bidder list Approval | P10: MR Issued (IFR) | Q10: MR Approved | R10: RFQ Issued | S10: RFQ Approved | T10: Bid Closing Date | U10: TBE Issued | V10: TBE Approved | W10: PO Issued | X10: Vendor Acknowledgement | Y10: KOM | Z10: VDB Submission | AA10: Approval of Key VP | AB10: Main Material Arrived | AC10: PIM | AD10: Start Production | AE10: FAT | AF10: Ready for Shipment | AG10: Receipt at WORKSITE | AH10: Punch List Clearance(all punch clearance before Tag Equipment Ready for Shipping ) | AI10: Approval of Final Documentation (To be confirmed later) | AJ10: Delivery Duration (Weeks) | AK10: days | AL10: Delivery Date(1st Batch for ZWP21) | AM10: ROS Date | AN10: Float | AO10: Responder | AP10: Remarks | AQ10: 40329 | AR10: 40359 | AS10: 40390 | AT10: 40421 | AU10: 40451 | AV10: 40482 | AW10: 40512 | AX10: 40543 | AY10: 40574 | AZ10: 40602 | BA10: =TODAY() -> 46209
N11: Matrix | O11: PTTEP | P11: ENG | Q11: PTTEP | R11: TJE PRC | S11: PTTEP | T11: TJE PRC | U11: ENG | V11: PTTEP | W11: TJE PRC | X11: BIDDER | Y11: TJE PRC | Z11: Vendor | AA11: ENG | AB11: Vendor | AC11: TJE QA/QC | AD11: Vendor | AE11: TJE QA/QC | AF11: Vendor | AG11: THE Worksite | AH11: TJE QA/QC | AI11: TJE PRC | AL11: TJE PRC
N12: Holiday | O12: China | P12: Thai | Q12: Thai | R12: China | S12: Thai | T12: China | U12: Thai | V12: Thai | W12: China | X12: China | Y12: China | Z12: China | AA12: Thai | AQ12: Thai | AS12: China | AT12: China
A13: 1 | B13: MM-ZTK-1F-GEN-MEC-MR-0001 | C13: RFQ-MA-001 | D13: Offshore Pedestal Crane | E13: CR7001 | F13: 1*4 | G13: 4-2 | H13: MA | I13: Y | J13: L2 | K13: LA | M13: SH | N13: P | O13: 46133 | P13: 46133 | Q13: 46136 | R13: 46139 | S13: 46148 | T13: 46159 | U13: 46184 | V13: 46198 | W13: 46211 | X13: 46213 | Y13: 46220 | Z13: 46248 | AA13: 46262 | AB13: 46352 | AC13: 46357 | AD13: 46360 | AE13: 46501 | AF13: 46531 | AG13: 46561 | AH13: 46564 | AI13: 46591 | AJ13: 50 | AK13: 350 | AL13: 46561 | AM13: 46567 | AN13: =AM13-AL14 -> 6 | AO13: Sun liheng | AP13: 2026.4.16: Issued RFQ 2026.4.28-5.1: Received Bid 2026.5.7: TC 2026.5.19: Vendor will reply TC 2026.2.26-27 Hold TC meeting | AQ13: =IF(ISERROR(LOOKUP(AQ$10,$O13:$AP13,#REF!)),0,(LOOKUP(AQ$10,$O13:$AP13,#REF!))) -> 0 | AR13: =IF(ISERROR(LOOKUP(AR$10,$O13:$AP13,#REF!)),0,(LOOKUP(AR$10,$O13:$AP13,#REF!))) -> 0 | AS13: =IF(ISERROR(LOOKUP(AS$10,$O13:$AP13,#REF!)),0,(LOOKUP(AS$10,$O13:$AP13,#REF!))) -> 0 | AT13: =IF(ISERROR(LOOKUP(AT$10,$O13:$AP13,#REF!)),0,(LOOKUP(AT$10,$O13:$AP13,#REF!))) -> 0 | AU13: =IF(ISERROR(LOOKUP(AU$10,$O13:$AP13,#REF!)),0,(LOOKUP(AU$10,$O13:$AP13,#REF!))) -> 0 | AV13: =IF(ISERROR(LOOKUP(AV$10,$O13:$AP13,#REF!)),0,(LOOKUP(AV$10,$O13:$AP13,#REF!))) -> 0 | AW13: =IF(ISERROR(LOOKUP(AW$10,$O13:$AP13,#REF!)),0,(LOOKUP(AW$10,$O13:$AP13,#REF!))) -> 0 | AX13: =IF(ISERROR(LOOKUP(AX$10,$O13:$AP13,#REF!)),0,(LOOKUP(AX$10,$O13:$AP13,#REF!))) -> 0 | ... BA13: =IF(ISERROR(LOOKUP(BA$10,$O13:$AP13,#REF!)),0,(LOOKUP(BA$10,$O13:$AP13,#REF!))) -> 0 | BB13: Bidder1 | BC13: Ex-work: Pedestal-28 weeks | BD13: Crane:38 weeks
B14: MM-ZTK-1F-GEN-MEC-MR-0001 | C14: RFQ-MA-001 | D14: Offshore Pedestal Crane | G14: 4-2 | H14: MA | I14: Y | J14: L2 | K14: LA | M14: SH | N14: F | W14: =W13 -> 46211 | X14: =WORKDAY(W14, X6, IF(X12="China",'China Holidays'!$A$2:$A$84,'Thai Holidays'!$A$2:$A$65)) -> 46213 | Y14: =WORKDAY(X14, Y6, IF(Y12="China",'China Holidays'!$A$2:$A$84,'Thai Holidays'!$A$2:$A$65)) -> 46220 | Z14: =WORKDAY(Y14, Z6, IF(Z12="China",'China Holidays'!$A$2:$A$84,'Thai Holidays'!$A$2:$A$65)) -> 46248 | AA14: =WORKDAY(Z14, AA6, IF(AA12="China",'China Holidays'!$A$2:$A$84,'Thai Holidays'!$A$2:$A$65)) -> 46262 | AB14: =AB13 -> 46352 | AC14: 46357 | AD14: 46360 | AE14: 46501 | AF14: =AG14-30 -> 46531 | AG14: =AL13 -> 46561 | AH14: =AL13+3 -> 46564 | AI14: =AL13+30 -> 46591 | AL14: =W14+AK13 -> 46561 | AQ14: =IF(ISERROR(LOOKUP(AQ$10,$O14:$AP14,#REF!)),0,(LOOKUP(AQ$10,$O14:$AP14,#REF!))) -> 0 | AR14: =IF(ISERROR(LOOKUP(AR$10,$O14:$AP14,#REF!)),0,(LOOKUP(AR$10,$O14:$AP14,#REF!))) -> 0 | AS14: =IF(ISERROR(LOOKUP(AS$10,$O14:$AP14,#REF!)),0,(LOOKUP(AS$10,$O14:$AP14,#REF!))) -> 0 | AT14: =IF(ISERROR(LOOKUP(AT$10,$O14:$AP14,#REF!)),0,(LOOKUP(AT$10,$O14:$AP14,#REF!))) -> 0 | AU14: =IF(ISERROR(LOOKUP(AU$10,$O14:$AP14,#REF!)),0,(LOOKUP(AU$10,$O14:$AP14,#REF!))) -> 0 | AV14: =IF(ISERROR(LOOKUP(AV$10,$O14:$AP14,#REF!)),0,(LOOKUP(AV$10,$O14:$AP14,#REF!))) -> 0 | AW14: =IF(ISERROR(LOOKUP(AW$10,$O14:$AP14,#REF!)),0,(LOOKUP(AW$10,$O14:$AP14,#REF!))) -> 0 | AX14: =IF(ISERROR(LOOKUP(AX$10,$O14:$AP14,#REF!)),0,(LOOKUP(AX$10,$O14:$AP14,#REF!))) -> 0 | ... BA14: =IF(ISERROR(LOOKUP(BA$10,$O14:$AP14,#REF!)),0,(LOOKUP(BA$10,$O14:$AP14,#REF!))) -> 0 | BB14: Bidder2 | BC14: After receive dowm payment: 30 weeks FAT, CIF 39 weeks
B15: MM-ZTK-1F-GEN-MEC-MR-0001 | C15: RFQ-MA-001 | D15: Offshore Pedestal Crane | G15: 4-2 | H15: MA | I15: Y | J15: L2 | K15: LA | M15: SH | N15: A | O15: 46120 | P15: 46125 | Q15: 46135 | R15: 46136 | S15: 46136 | T15: 46143 | U15: 46192 | V15: 46201 | AQ15: =IF(ISERROR(LOOKUP(AQ$10,$O15:$AP15,#REF!)),0,(LOOKUP(AQ$10,$O15:$AP15,#REF!))) -> 0 | AR15: =IF(ISERROR(LOOKUP(AR$10,$O15:$AP15,#REF!)),0,(LOOKUP(AR$10,$O15:$AP15,#REF!))) -> 0 | AS15: =IF(ISERROR(LOOKUP(AS$10,$O15:$AP15,#REF!)),0,(LOOKUP(AS$10,$O15:$AP15,#REF!))) -> 0 | AT15: =IF(ISERROR(LOOKUP(AT$10,$O15:$AP15,#REF!)),0,(LOOKUP(AT$10,$O15:$AP15,#REF!))) -> 0 | AU15: =IF(ISERROR(LOOKUP(AU$10,$O15:$AP15,#REF!)),0,(LOOKUP(AU$10,$O15:$AP15,#REF!))) -> 0 | AV15: =IF(ISERROR(LOOKUP(AV$10,$O15:$AP15,#REF!)),0,(LOOKUP(AV$10,$O15:$AP15,#REF!))) -> 0 | AW15: =IF(ISERROR(LOOKUP(AW$10,$O15:$AP15,#REF!)),0,(LOOKUP(AW$10,$O15:$AP15,#REF!))) -> 0 | AX15: =IF(ISERROR(LOOKUP(AX$10,$O15:$AP15,#REF!)),0,(LOOKUP(AX$10,$O15:$AP15,#REF!))) -> 0 | ... BA15: =IF(ISERROR(LOOKUP(BA$10,$O15:$AP15,#REF!)),0,(LOOKUP(BA$10,$O15:$AP15,#REF!))) -> 0
A16: =A13+1 -> 2 | B16: MM-ZTK-1F-GEN-MEC-MR-0002 | C16: RFQ-MA-002-1 | D16: Closed Drain Sump Vessel | E16: V-5001 | F16: 1*4 | G16: 4-10 | H16: MA | I16: Y | J16: L3 | K16: LA | L16: Zhuhai Jutal | M16: SH | N16: P | O16: 46167 | P16: 46168 | Q16: 46177 | R16: 46178 | S16: 46185 | T16: 46197 | U16: 46197 | V16: 46211 | W16: 46218 | X16: 46220 | Y16: 46227 | Z16: 46255 | AA16: 46269 | AB16: 46329 | AC16: 46331 | AD16: 46333 | AE16: 46408 | AF16: 46423 | AG16: 46433 | AH16: 46436 | AI16: 46463 | AJ16: 26 | AK16: 182 | AL16: 46433 | AM16: 46438 | AN16: =AM16-AL17 -> 43 | AO16: HuangWei | AP16: 2026.5.6 Issued RFQ to Zhuhai yard | AQ16: =IF(ISERROR(LOOKUP(AQ$10,$O16:$AP16,#REF!)),0,(LOOKUP(AQ$10,$O16:$AP16,#REF!))) -> 0 | AR16: =IF(ISERROR(LOOKUP(AR$10,$O16:$AP16,#REF!)),0,(LOOKUP(AR$10,$O16:$AP16,#REF!))) -> 0 | AS16: =IF(ISERROR(LOOKUP(AS$10,$O16:$AP16,#REF!)),0,(LOOKUP(AS$10,$O16:$AP16,#REF!))) -> 0 | AT16: =IF(ISERROR(LOOKUP(AT$10,$O16:$AP16,#REF!)),0,(LOOKUP(AT$10,$O16:$AP16,#REF!))) -> 0 | AU16: =IF(ISERROR(LOOKUP(AU$10,$O16:$AP16,#REF!)),0,(LOOKUP(AU$10,$O16:$AP16,#REF!))) -> 0 | AV16: =IF(ISERROR(LOOKUP(AV$10,$O16:$AP16,#REF!)),0,(LOOKUP(AV$10,$O16:$AP16,#REF!))) -> 0 | AW16: =IF(ISERROR(LOOKUP(AW$10,$O16:$AP16,#REF!)),0,(LOOKUP(AW$10,$O16:$AP16,#REF!))) -> 0 | AX16: =IF(ISERROR(LOOKUP(AX$10,$O16:$AP16,#REF!)),0,(LOOKUP(AX$10,$O16:$AP16,#REF!))) -> 0 | ... BA16: =IF(ISERROR(LOOKUP(BA$10,$O16:$AP16,#REF!)),0,(LOOKUP(BA$10,$O16:$AP16,#REF!))) -> 0
B17: MM-ZTK-1F-GEN-MEC-MR-0002 | C17: RFQ-MA-002-1 | D17: Closed Drain Sump Vessel | G17: 4-10 | H17: MA | I17: Y | J17: L3 | K17: LA | M17: SH | N17: F | V17: =WORKDAY(U18, V6, IF(V12="China",'China Holidays'!$A$2:$A$84,'Thai Holidays'!$A$2:$A$65)) -> 46213 | W17: =V17 -> 46213 | X17: =W17+2 -> 46215 | Y17: =WORKDAY(X17, Y6, IF(Y12="China",'China Holidays'!$A$2:$A$84,'Thai Holidays'!$A$2:$A$65)) -> 46220 | Z17: =WORKDAY(Y17, Z6, IF(Z12="China",'China Holidays'!$A$2:$A$84,'Thai Holidays'!$A$2:$A$65)) -> 46248 | AA17: =WORKDAY(Z17, AA6, IF(AA12="China",'China Holidays'!$A$2:$A$84,'Thai Holidays'!$A$2:$A$65)) -> 46262 | AB17: =AA17+60 -> 46322 | AC17: =AB17+2 -> 46324 | AD17: =AC17+2 -> 46326 | AE17: =AF17-15 -> 46379 | AF17: =AG17-1 -> 46394 | AG17: =AL17 -> 46395 | AH17: =AL16+3 -> 46436 | AI17: =AL16+30 -> 46463 | AL17: =W17+AK16 -> 46395 | AQ17: =IF(ISERROR(LOOKUP(AQ$10,$O17:$AP17,#REF!)),0,(LOOKUP(AQ$10,$O17:$AP17,#REF!))) -> 0 | AR17: =IF(ISERROR(LOOKUP(AR$10,$O17:$AP17,#REF!)),0,(LOOKUP(AR$10,$O17:$AP17,#REF!))) -> 0 | AS17: =IF(ISERROR(LOOKUP(AS$10,$O17:$AP17,#REF!)),0,(LOOKUP(AS$10,$O17:$AP17,#REF!))) -> 0 | AT17: =IF(ISERROR(LOOKUP(AT$10,$O17:$AP17,#REF!)),0,(LOOKUP(AT$10,$O17:$AP17,#REF!))) -> 0 | AU17: =IF(ISERROR(LOOKUP(AU$10,$O17:$AP17,#REF!)),0,(LOOKUP(AU$10,$O17:$AP17,#REF!))) -> 0 | AV17: =IF(ISERROR(LOOKUP(AV$10,$O17:$AP17,#REF!)),0,(LOOKUP(AV$10,$O17:$AP17,#REF!))) -> 0 | AW17: =IF(ISERROR(LOOKUP(AW$10,$O17:$AP17,#REF!)),0,(LOOKUP(AW$10,$O17:$AP17,#REF!))) -> 0 | AX17: =IF(ISERROR(LOOKUP(AX$10,$O17:$AP17,#REF!)),0,(LOOKUP(AX$10,$O17:$AP17,#REF!))) -> 0 | ... BA17: =IF(ISERROR(LOOKUP(BA$10,$O17:$AP17,#REF!)),0,(LOOKUP(BA$10,$O17:$AP17,#REF!))) -> 0
B18: MM-ZTK-1F-GEN-MEC-MR-0002 | C18: RFQ-MA-002-1 | D18: Closed Drain Sump Vessel | G18: 4-10 | H18: MA | I18: Y | J18: L3 | K18: LA | M18: SH | N18: A | P18: 46129 | Q18: 46143 | R18: 46148 | S18: =R18 -> 46148 | T18: 46183 | U18: 46200 | AQ18: =IF(ISERROR(LOOKUP(AQ$10,$O18:$AP18,#REF!)),0,(LOOKUP(AQ$10,$O18:$AP18,#REF!))) -> 0 | AR18: =IF(ISERROR(LOOKUP(AR$10,$O18:$AP18,#REF!)),0,(LOOKUP(AR$10,$O18:$AP18,#REF!))) -> 0 | AS18: =IF(ISERROR(LOOKUP(AS$10,$O18:$AP18,#REF!)),0,(LOOKUP(AS$10,$O18:$AP18,#REF!))) -> 0 | AT18: =IF(ISERROR(LOOKUP(AT$10,$O18:$AP18,#REF!)),0,(LOOKUP(AT$10,$O18:$AP18,#REF!))) -> 0 | AU18: =IF(ISERROR(LOOKUP(AU$10,$O18:$AP18,#REF!)),0,(LOOKUP(AU$10,$O18:$AP18,#REF!))) -> 0 | AV18: =IF(ISERROR(LOOKUP(AV$10,$O18:$AP18,#REF!)),0,(LOOKUP(AV$10,$O18:$AP18,#REF!))) -> 0 | AW18: =IF(ISERROR(LOOKUP(AW$10,$O18:$AP18,#REF!)),0,(LOOKUP(AW$10,$O18:$AP18,#REF!))) -> 0 | AX18: =IF(ISERROR(LOOKUP(AX$10,$O18:$AP18,#REF!)),0,(LOOKUP(AX$10,$O18:$AP18,#REF!))) -> 0 | ... BA18: =IF(ISERROR(LOOKUP(BA$10,$O18:$AP18,#REF!)),0,(LOOKUP(BA$10,$O18:$AP18,#REF!))) -> 0
A19: =A16+1 -> 3 | B19: MM-ZTK-1F-GEN-MEC-MR-0002 | C19: RFQ-MA-002-2 | D19: Test Separator | E19: V-1001 | F19: 1*4 | G19: 4-8 | H19: MA | I19: Y | J19: L2 | K19: LA | L19: Zhuhai Jutal | M19: SH | N19: P | O19: 46135 | P19: 46136 | Q19: 46147 | R19: 46148 | S19: 46155 | T19: 46197 | U19: 46197 | V19: 46211 | W19: 46218 | X19: 46220 | Y19: 46227 | Z19: 46255 | AA19: 46269 | AB19: 46329 | AC19: 46331 | AD19: 46333 | AE19: 46429 | AF19: 46444 | AG19: 46449 | AH19: 46452 | AI19: 46479 | AJ19: 33 | AK19: 231 | AL19: 46449 | AM19: 46466 | AN19: =AM19-AL20 -> 17 | AO19: HuangWei | AP19: 2026.5.6 Issued RFQ to Zhuhai yard | AQ19: =IF(ISERROR(LOOKUP(AQ$10,$O19:$AP19,#REF!)),0,(LOOKUP(AQ$10,$O19:$AP19,#REF!))) -> 0 | AR19: =IF(ISERROR(LOOKUP(AR$10,$O19:$AP19,#REF!)),0,(LOOKUP(AR$10,$O19:$AP19,#REF!))) -> 0 | AS19: =IF(ISERROR(LOOKUP(AS$10,$O19:$AP19,#REF!)),0,(LOOKUP(AS$10,$O19:$AP19,#REF!))) -> 0 | AT19: =IF(ISERROR(LOOKUP(AT$10,$O19:$AP19,#REF!)),0,(LOOKUP(AT$10,$O19:$AP19,#REF!))) -> 0 | AU19: =IF(ISERROR(LOOKUP(AU$10,$O19:$AP19,#REF!)),0,(LOOKUP(AU$10,$O19:$AP19,#REF!))) -> 0 | AV19: =IF(ISERROR(LOOKUP(AV$10,$O19:$AP19,#REF!)),0,(LOOKUP(AV$10,$O19:$AP19,#REF!))) -> 0 | AW19: =IF(ISERROR(LOOKUP(AW$10,$O19:$AP19,#REF!)),0,(LOOKUP(AW$10,$O19:$AP19,#REF!))) -> 0 | AX19: =IF(ISERROR(LOOKUP(AX$10,$O19:$AP19,#REF!)),0,(LOOKUP(AX$10,$O19:$AP19,#REF!))) -> 0 | ... BA19: =IF(ISERROR(LOOKUP(BA$10,$O19:$AP19,#REF!)),0,(LOOKUP(BA$10,$O19:$AP19,#REF!))) -> 0
B20: MM-ZTK-1F-GEN-MEC-MR-0002 | C20: RFQ-MA-002-2 | D20: Test Separator | G20: 4-8 | H20: MA | I20: Y | J20: L2 | K20: LA | M20: SH | N20: F | V20: =WORKDAY(U21, V6, IF(V15="China",'China Holidays'!$A$2:$A$84,'Thai Holidays'!$A$2:$A$65)) -> 46213 | W20: =W19 -> 46218 | X20: =W20+2 -> 46220 | Y20: =WORKDAY(X20,Y6, IF(Y12="China",'China Holidays'!$A$2:$A$84,'Thai Holidays'!$A$2:$A$65)) -> 46227 | Z20: =WORKDAY(Y20,Z6, IF(Z12="China",'China Holidays'!$A$2:$A$84,'Thai Holidays'!$A$2:$A$65)) -> 46255 | AA20: =WORKDAY(Z20,AA6, IF(AA12="China",'China Holidays'!$A$2:$A$84,'Thai Holidays'!$A$2:$A$65)) -> 46269 | AB20: =AA20+60 -> 46329 | AC20: =AB20+2 -> 46331 | AD20: =AC20+2 -> 46333 | AE20: =AF20-15 -> 46429 | AF20: =AG20-5 -> 46444 | AG20: =AL20 -> 46449 | AH20: =AL19+3 -> 46452 | AI20: =AL19+30 -> 46479 | AL20: =W20+AK19 -> 46449 | AQ20: =IF(ISERROR(LOOKUP(AQ$10,$O20:$AP20,#REF!)),0,(LOOKUP(AQ$10,$O20:$AP20,#REF!))) -> 0 | AR20: =IF(ISERROR(LOOKUP(AR$10,$O20:$AP20,#REF!)),0,(LOOKUP(AR$10,$O20:$AP20,#REF!))) -> 0 | AS20: =IF(ISERROR(LOOKUP(AS$10,$O20:$AP20,#REF!)),0,(LOOKUP(AS$10,$O20:$AP20,#REF!))) -> 0 | AT20: =IF(ISERROR(LOOKUP(AT$10,$O20:$AP20,#REF!)),0,(LOOKUP(AT$10,$O20:$AP20,#REF!))) -> 0 | AU20: =IF(ISERROR(LOOKUP(AU$10,$O20:$AP20,#REF!)),0,(LOOKUP(AU$10,$O20:$AP20,#REF!))) -> 0 | AV20: =IF(ISERROR(LOOKUP(AV$10,$O20:$AP20,#REF!)),0,(LOOKUP(AV$10,$O20:$AP20,#REF!))) -> 0 | AW20: =IF(ISERROR(LOOKUP(AW$10,$O20:$AP20,#REF!)),0,(LOOKUP(AW$10,$O20:$AP20,#REF!))) -> 0 | AX20: =IF(ISERROR(LOOKUP(AX$10,$O20:$AP20,#REF!)),0,(LOOKUP(AX$10,$O20:$AP20,#REF!))) -> 0 | ... BA20: =IF(ISERROR(LOOKUP(BA$10,$O20:$AP20,#REF!)),0,(LOOKUP(BA$10,$O20:$AP20,#REF!))) -> 0
B21: MM-ZTK-1F-GEN-MEC-MR-0002 | C21: RFQ-MA-002-2 | D21: Test Separator | G21: 4-8 | H21: MA | I21: Y | J21: L2 | K21: LA | M21: SH | N21: A | P21: 46129 | Q21: 46143 | R21: 46148 | S21: =R21 -> 46148 | T21: 46183 | U21: 46200 | AQ21: =IF(ISERROR(LOOKUP(AQ$10,$O21:$AP21,#REF!)),0,(LOOKUP(AQ$10,$O21:$AP21,#REF!))) -> 0 | AR21: =IF(ISERROR(LOOKUP(AR$10,$O21:$AP21,#REF!)),0,(LOOKUP(AR$10,$O21:$AP21,#REF!))) -> 0 | AS21: =IF(ISERROR(LOOKUP(AS$10,$O21:$AP21,#REF!)),0,(LOOKUP(AS$10,$O21:$AP21,#REF!))) -> 0 | AT21: =IF(ISERROR(LOOKUP(AT$10,$O21:$AP21,#REF!)),0,(LOOKUP(AT$10,$O21:$AP21,#REF!))) -> 0 | AU21: =IF(ISERROR(LOOKUP(AU$10,$O21:$AP21,#REF!)),0,(LOOKUP(AU$10,$O21:$AP21,#REF!))) -> 0 | AV21: =IF(ISERROR(LOOKUP(AV$10,$O21:$AP21,#REF!)),0,(LOOKUP(AV$10,$O21:$AP21,#REF!))) -> 0 | AW21: =IF(ISERROR(LOOKUP(AW$10,$O21:$AP21,#REF!)),0,(LOOKUP(AW$10,$O21:$AP21,#REF!))) -> 0 | AX21: =IF(ISERROR(LOOKUP(AX$10,$O21:$AP21,#REF!)),0,(LOOKUP(AX$10,$O21:$AP21,#REF!))) -> 0 | ... BA21: =IF(ISERROR(LOOKUP(BA$10,$O21:$AP21,#REF!)),0,(LOOKUP(BA$10,$O21:$AP21,#REF!))) -> 0
A22: =A19+1 -> 4 | B22: MM-ZTK-1F-GEN-MEC-MR-0002 | C22: RFQ-MA-002-3 | D22: Instrument Gas Filter Coalescer | E22: V-3001 | F22: 1*4 | G22: 4-11 | H22: MA | I22: Y | J22: L2 | K22: LA | L22: Zhuhai Jutal | M22: SH | N22: P | O22: 46177 | P22: 46178 | Q22: 46185 | R22: 46188 | S22: 46195 | T22: 46197 | U22: 46197 | V22: 46211 | W22: 46218 | X22: 46220 | Y22: 46227 | Z22: 46255 | AA22: 46269 | AB22: 46329 | AC22: 46331 | AD22: 46333 | AE22: 46408 | AF22: 46423 | AG22: 46438 | AH22: 46441 | AI22: 46468 | AJ22: 26 | AK22: 180 | AL22: 46438 | AM22: 46466 | AN22: =AM22-AL23 -> 75 | AO22: HuangWei | AP22: 2026.5.6 Issued RFQ to Zhuhai yard | AQ22: =IF(ISERROR(LOOKUP(AQ$10,$O22:$AP22,#REF!)),0,(LOOKUP(AQ$10,$O22:$AP22,#REF!))) -> 0 | AR22: =IF(ISERROR(LOOKUP(AR$10,$O22:$AP22,#REF!)),0,(LOOKUP(AR$10,$O22:$AP22,#REF!))) -> 0 | AS22: =IF(ISERROR(LOOKUP(AS$10,$O22:$AP22,#REF!)),0,(LOOKUP(AS$10,$O22:$AP22,#REF!))) -> 0 | AT22: =IF(ISERROR(LOOKUP(AT$10,$O22:$AP22,#REF!)),0,(LOOKUP(AT$10,$O22:$AP22,#REF!))) -> 0 | AU22: =IF(ISERROR(LOOKUP(AU$10,$O22:$AP22,#REF!)),0,(LOOKUP(AU$10,$O22:$AP22,#REF!))) -> 0 | AV22: =IF(ISERROR(LOOKUP(AV$10,$O22:$AP22,#REF!)),0,(LOOKUP(AV$10,$O22:$AP22,#REF!))) -> 0 | AW22: =IF(ISERROR(LOOKUP(AW$10,$O22:$AP22,#REF!)),0,(LOOKUP(AW$10,$O22:$AP22,#REF!))) -> 0 | AX22: =IF(ISERROR(LOOKUP(AX$10,$O22:$AP22,#REF!)),0,(LOOKUP(AX$10,$O22:$AP22,#REF!))) -> 0 | ... BA22: =IF(ISERROR(LOOKUP(BA$10,$O22:$AP22,#REF!)),0,(LOOKUP(BA$10,$O22:$AP22,#REF!))) -> 0
B23: MM-ZTK-1F-GEN-MEC-MR-0002 | C23: RFQ-MA-002-3 | D23: Instrument Gas Filter Coalescer | G23: 4-11 | H23: MA | I23: Y | J23: L2 | K23: LA | M23: SH | N23: F | V23: =WORKDAY(U24, V6, IF(V18="China",'China Holidays'!$A$2:$A$84,'Thai Holidays'!$A$2:$A$65)) -> 46213 | W23: =V22 -> 46211 | X23: =W23+2 -> 46213 | Y23: 46227 | Z23: =WORKDAY(Y23, Z6, IF(Z12="China",'China Holidays'!$A$2:$A$84,'Thai Holidays'!$A$2:$A$65)) -> 46255 | AA23: =WORKDAY(Z23, AA6, IF(AA12="China",'China Holidays'!$A$2:$A$84,'Thai Holidays'!$A$2:$A$65)) -> 46269 | AB23: =AA23+60 -> 46329 | AC23: =AB23+2 -> 46331 | AD23: =AC23+2 -> 46333 | AE23: =AF23-15 -> 46408 | AF23: 46423 | AG23: =AL22 -> 46438 | AH23: =AL22+3 -> 46441 | AI23: =AL22+30 -> 46468 | AL23: =W23+AK22 -> 46391 | AQ23: =IF(ISERROR(LOOKUP(AQ$10,$O23:$AP23,#REF!)),0,(LOOKUP(AQ$10,$O23:$AP23,#REF!))) -> 0 | AR23: =IF(ISERROR(LOOKUP(AR$10,$O23:$AP23,#REF!)),0,(LOOKUP(AR$10,$O23:$AP23,#REF!))) -> 0 | AS23: =IF(ISERROR(LOOKUP(AS$10,$O23:$AP23,#REF!)),0,(LOOKUP(AS$10,$O23:$AP23,#REF!))) -> 0 | AT23: =IF(ISERROR(LOOKUP(AT$10,$O23:$AP23,#REF!)),0,(LOOKUP(AT$10,$O23:$AP23,#REF!))) -> 0 | AU23: =IF(ISERROR(LOOKUP(AU$10,$O23:$AP23,#REF!)),0,(LOOKUP(AU$10,$O23:$AP23,#REF!))) -> 0 | AV23: =IF(ISERROR(LOOKUP(AV$10,$O23:$AP23,#REF!)),0,(LOOKUP(AV$10,$O23:$AP23,#REF!))) -> 0 | AW23: =IF(ISERROR(LOOKUP(AW$10,$O23:$AP23,#REF!)),0,(LOOKUP(AW$10,$O23:$AP23,#REF!))) -> 0 | AX23: =IF(ISERROR(LOOKUP(AX$10,$O23:$AP23,#REF!)),0,(LOOKUP(AX$10,$O23:$AP23,#REF!))) -> 0 | ... BA23: =IF(ISERROR(LOOKUP(BA$10,$O23:$AP23,#REF!)),0,(LOOKUP(BA$10,$O23:$AP23,#REF!))) -> 0
B24: MM-ZTK-1F-GEN-MEC-MR-0002 | C24: RFQ-MA-002-3 | D24: Instrument Gas Filter Coalescer | G24: 4-11 | H24: MA | I24: Y | J24: L2 | K24: LA | M24: SH | N24: A | P24: 46141 | Q24: 46143 | R24: 46148 | S24: 46148 | T24: 46191 | U24: 46200 | AQ24: =IF(ISERROR(LOOKUP(AQ$10,$O24:$AP24,#REF!)),0,(LOOKUP(AQ$10,$O24:$AP24,#REF!))) -> 0 | AR24: =IF(ISERROR(LOOKUP(AR$10,$O24:$AP24,#REF!)),0,(LOOKUP(AR$10,$O24:$AP24,#REF!))) -> 0 | AS24: =IF(ISERROR(LOOKUP(AS$10,$O24:$AP24,#REF!)),0,(LOOKUP(AS$10,$O24:$AP24,#REF!))) -> 0 | AT24: =IF(ISERROR(LOOKUP(AT$10,$O24:$AP24,#REF!)),0,(LOOKUP(AT$10,$O24:$AP24,#REF!))) -> 0 | AU24: =IF(ISERROR(LOOKUP(AU$10,$O24:$AP24,#REF!)),0,(LOOKUP(AU$10,$O24:$AP24,#REF!))) -> 0 | AV24: =IF(ISERROR(LOOKUP(AV$10,$O24:$AP24,#REF!)),0,(LOOKUP(AV$10,$O24:$AP24,#REF!))) -> 0 | AW24: =IF(ISERROR(LOOKUP(AW$10,$O24:$AP24,#REF!)),0,(LOOKUP(AW$10,$O24:$AP24,#REF!))) -> 0 | AX24: =IF(ISERROR(LOOKUP(AX$10,$O24:$AP24,#REF!)),0,(LOOKUP(AX$10,$O24:$AP24,#REF!))) -> 0 | ... BA24: =IF(ISERROR(LOOKUP(BA$10,$O24:$AP24,#REF!)),0,(LOOKUP(BA$10,$O24:$AP24,#REF!))) -> 0
A25: =A22+1 -> 5 | B25: MM-ZTK-1F-GEN-MEC-MR-0003 | C25: RFQ-MA-003 | D25: Closed Drain Sump Pump skids | F25: 1*4 | G25: 4-18 | H25: MA | I25: Y | J25: L3 | K25: LA | M25: SH | N25: P | O25: 46140 | P25: 46141 | Q25: 46150 | R25: 46153 | S25: 46160 | T25: 46168 | U25: 46195 | V25: 46209 | W25: 46220 | X25: 46224 | Y25: 46231 | Z25: 46259 | AA25: 46273 | AB25: 46363 | AC25: 46363 | AD25: 46366 | AE25: 46401 | AF25: 46416 | AG25: 46444 | AH25: 46447 | AI25: 46474 | AJ25: 32 | AK25: 224 | AL25: 46444 | AM25: 46476 | AN25: =AM25-AL26 -> 32 | AO25: Sun liheng | AP25: 2026.5.6 Issued RFQ bid due day:22-May | AQ25: =IF(ISERROR(LOOKUP(AQ$10,$O25:$AP25,#REF!)),0,(LOOKUP(AQ$10,$O25:$AP25,#REF!))) -> 0 | AR25: =IF(ISERROR(LOOKUP(AR$10,$O25:$AP25,#REF!)),0,(LOOKUP(AR$10,$O25:$AP25,#REF!))) -> 0 | AS25: =IF(ISERROR(LOOKUP(AS$10,$O25:$AP25,#REF!)),0,(LOOKUP(AS$10,$O25:$AP25,#REF!))) -> 0 | AT25: =IF(ISERROR(LOOKUP(AT$10,$O25:$AP25,#REF!)),0,(LOOKUP(AT$10,$O25:$AP25,#REF!))) -> 0 | AU25: =IF(ISERROR(LOOKUP(AU$10,$O25:$AP25,#REF!)),0,(LOOKUP(AU$10,$O25:$AP25,#REF!))) -> 0 | AV25: =IF(ISERROR(LOOKUP(AV$10,$O25:$AP25,#REF!)),0,(LOOKUP(AV$10,$O25:$AP25,#REF!))) -> 0 | AW25: =IF(ISERROR(LOOKUP(AW$10,$O25:$AP25,#REF!)),0,(LOOKUP(AW$10,$O25:$AP25,#REF!))) -> 0 | AX25: =IF(ISERROR(LOOKUP(AX$10,$O25:$AP25,#REF!)),0,(LOOKUP(AX$10,$O25:$AP25,#REF!))) -> 0 | ... BA25: =IF(ISERROR(LOOKUP(BA$10,$O25:$AP25,#REF!)),0,(LOOKUP(BA$10,$O25:$AP25,#REF!))) -> 0 | BB25: Bidder1 | BC25: DDP: 28 weeks
B26: MM-ZTK-1F-GEN-MEC-MR-0003 | C26: RFQ-MA-003 | D26: Closed Drain Sump Pump skids | G26: 4-18 | H26: MA | I26: Y | J26: L3 | K26: LA | M26: SH | N26: F | V26: =WORKDAY(U27, V6, IF(V12="China",'China Holidays'!$A$2:$A$84,'Thai Holidays'!$A$2:$A$65)) -> 46220 | W26: =W25 -> 46220 | X26: =WORKDAY(W26, X6, IF(X12="China",'China Holidays'!$A$2:$A$84,'Thai Holidays'!$A$2:$A$65)) -> 46224 | Y26: =WORKDAY(X26, Y6, IF(Y12="China",'China Holidays'!$A$2:$A$84,'Thai Holidays'!$A$2:$A$65)) -> 46231 | Z26: =WORKDAY(Y26, Z6, IF(Z12="China",'China Holidays'!$A$2:$A$84,'Thai Holidays'!$A$2:$A$65)) -> 46259 | AA26: =WORKDAY(Z26,AA6, IF( AA12="China",'China Holidays'!$A$2:$A$84,'Thai Holidays'!$A$2:$A$65)) -> 46273 | AB26: =AA26+90 -> 46363 | AC26: =AB26 -> 46363 | AD26: =AC26+3 -> 46366 | AE26: =AF26-15 -> 46401 | AF26: =AG26-28 -> 46416 | AG26: =AL25 -> 46444 | AH26: =AL25+3 -> 46447 | AI26: =AL25+30 -> 46474 | AL26: =W26+AK25 -> 46444 | AQ26: =IF(ISERROR(LOOKUP(AQ$10,$O26:$AP26,#REF!)),0,(LOOKUP(AQ$10,$O26:$AP26,#REF!))) -> 0 | AR26: =IF(ISERROR(LOOKUP(AR$10,$O26:$AP26,#REF!)),0,(LOOKUP(AR$10,$O26:$AP26,#REF!))) -> 0 | AS26: =IF(ISERROR(LOOKUP(AS$10,$O26:$AP26,#REF!)),0,(LOOKUP(AS$10,$O26:$AP26,#REF!))) -> 0 | AT26: =IF(ISERROR(LOOKUP(AT$10,$O26:$AP26,#REF!)),0,(LOOKUP(AT$10,$O26:$AP26,#REF!))) -> 0 | AU26: =IF(ISERROR(LOOKUP(AU$10,$O26:$AP26,#REF!)),0,(LOOKUP(AU$10,$O26:$AP26,#REF!))) -> 0 | AV26: =IF(ISERROR(LOOKUP(AV$10,$O26:$AP26,#REF!)),0,(LOOKUP(AV$10,$O26:$AP26,#REF!))) -> 0 | AW26: =IF(ISERROR(LOOKUP(AW$10,$O26:$AP26,#REF!)),0,(LOOKUP(AW$10,$O26:$AP26,#REF!))) -> 0 | AX26: =IF(ISERROR(LOOKUP(AX$10,$O26:$AP26,#REF!)),0,(LOOKUP(AX$10,$O26:$AP26,#REF!))) -> 0 | ... BA26: =IF(ISERROR(LOOKUP(BA$10,$O26:$AP26,#REF!)),0,(LOOKUP(BA$10,$O26:$AP26,#REF!))) -> 0 | BB26: Bidder2 | BC26: DDP: 24-26 weeks
B27: MM-ZTK-1F-GEN-MEC-MR-0003 | C27: RFQ-MA-003 | D27: Closed Drain Sump Pump skids | G27: 4-18 | H27: MA | I27: Y | J27: L3 | K27: LA | M27: SH | N27: A | O27: 46133 | P27: 46130 | Q27: 46149 | R27: 46150 | S27: 46150 | T27: 46164 | U27: 46206 | AQ27: =IF(ISERROR(LOOKUP(AQ$10,$O27:$AP27,#REF!)),0,(LOOKUP(AQ$10,$O27:$AP27,#REF!))) -> 0 | AR27: =IF(ISERROR(LOOKUP(AR$10,$O27:$AP27,#REF!)),0,(LOOKUP(AR$10,$O27:$AP27,#REF!))) -> 0 | AS27: =IF(ISERROR(LOOKUP(AS$10,$O27:$AP27,#REF!)),0,(LOOKUP(AS$10,$O27:$AP27,#REF!))) -> 0 | AT27: =IF(ISERROR(LOOKUP(AT$10,$O27:$AP27,#REF!)),0,(LOOKUP(AT$10,$O27:$AP27,#REF!))) -> 0 | AU27: =IF(ISERROR(LOOKUP(AU$10,$O27:$AP27,#REF!)),0,(LOOKUP(AU$10,$O27:$AP27,#REF!))) -> 0 | AV27: =IF(ISERROR(LOOKUP(AV$10,$O27:$AP27,#REF!)),0,(LOOKUP(AV$10,$O27:$AP27,#REF!))) -> 0 | AW27: =IF(ISERROR(LOOKUP(AW$10,$O27:$AP27,#REF!)),0,(LOOKUP(AW$10,$O27:$AP27,#REF!))) -> 0 | AX27: =IF(ISERROR(LOOKUP(AX$10,$O27:$AP27,#REF!)),0,(LOOKUP(AX$10,$O27:$AP27,#REF!))) -> 0 | ... BA27: =IF(ISERROR(LOOKUP(BA$10,$O27:$AP27,#REF!)),0,(LOOKUP(BA$10,$O27:$AP27,#REF!))) -> 0
A28: =A25+1 -> 6 | B28: MM-ZTK-1F-GEN-MEC-MR-0004 | C28: RFQ-MA-004 | D28: Chemical injection pump skid | F28: 1*4 | G28: 4-4 | H28: MA | I28: Y | J28: L3 | K28: LA | M28: SH | N28: P | O28: 46140 | P28: 46141 | Q28: 46150 | R28: 46153 | S28: 46160 | T28: 46168 | U28: 46195 | V28: 46209 | W28: 46220 | X28: 46224 | Y28: 46231 | Z28: 46259 | AA28: 46273 | AB28: 46363 | AC28: 46363 | AD28: 46366 | AE28: 46424 | AF28: 46439 | AG28: 46444 | AH28: 46447 | AI28: 46474 | AJ28: 34 | AK28: 238 | AL28: 46458 | AM28: 46464 | AN28: =AM28-AL29 -> 6 | AO28: Sun liheng | AP28: 2026.5.6 Issued RFQ bid due day:22-May 2025.5.31-6.5 TC | AQ28: =IF(ISERROR(LOOKUP(AQ$10,$O28:$AP28,#REF!)),0,(LOOKUP(AQ$10,$O28:$AP28,#REF!))) -> 0 | AR28: =IF(ISERROR(LOOKUP(AR$10,$O28:$AP28,#REF!)),0,(LOOKUP(AR$10,$O28:$AP28,#REF!))) -> 0 | AS28: =IF(ISERROR(LOOKUP(AS$10,$O28:$AP28,#REF!)),0,(LOOKUP(AS$10,$O28:$AP28,#REF!))) -> 0 | AT28: =IF(ISERROR(LOOKUP(AT$10,$O28:$AP28,#REF!)),0,(LOOKUP(AT$10,$O28:$AP28,#REF!))) -> 0 | AU28: =IF(ISERROR(LOOKUP(AU$10,$O28:$AP28,#REF!)),0,(LOOKUP(AU$10,$O28:$AP28,#REF!))) -> 0 | AV28: =IF(ISERROR(LOOKUP(AV$10,$O28:$AP28,#REF!)),0,(LOOKUP(AV$10,$O28:$AP28,#REF!))) -> 0 | AW28: =IF(ISERROR(LOOKUP(AW$10,$O28:$AP28,#REF!)),0,(LOOKUP(AW$10,$O28:$AP28,#REF!))) -> 0 | AX28: =IF(ISERROR(LOOKUP(AX$10,$O28:$AP28,#REF!)),0,(LOOKUP(AX$10,$O28:$AP28,#REF!))) -> 0 | ... BA28: =IF(ISERROR(LOOKUP(BA$10,$O28:$AP28,#REF!)),0,(LOOKUP(BA$10,$O28:$AP28,#REF!))) -> 0 | BB28: Bidder1 | BC28: Ex-work 22 weeks
B29: MM-ZTK-1F-GEN-MEC-MR-0004 | C29: RFQ-MA-004 | D29: Chemical injection pump skid | G29: 4-4 | H29: MA | I29: Y | J29: L3 | K29: LA | M29: SH | N29: F | V29: =WORKDAY(U30, V6, IF(V12="China",'China Holidays'!$A$2:$A$84,'Thai Holidays'!$A$2:$A$65)) -> 46216 | W29: =W28 -> 46220 | X29: =WORKDAY(W29, X6, IF(X12="China",'China Holidays'!$A$2:$A$84,'Thai Holidays'!$A$2:$A$65)) -> 46224 | Y29: =WORKDAY(X29, Y6, IF(Y12="China",'China Holidays'!$A$2:$A$84,'Thai Holidays'!$A$2:$A$65)) -> 46231 | Z29: =WORKDAY(Y29, Z6, IF(Z12="China",'China Holidays'!$A$2:$A$84,'Thai Holidays'!$A$2:$A$65)) -> 46259 | AA29: =WORKDAY(Z29, AA6, IF(AA12="China",'China Holidays'!$A$2:$A$84,'Thai Holidays'!$A$2:$A$65)) -> 46273 | AB29: =AA29+90 -> 46363 | AC29: =AB29 -> 46363 | AD29: =AC29+3 -> 46366 | AE29: =AF29-15 -> 46415 | AF29: =AG29-28 -> 46430 | AG29: =AL28 -> 46458 | AH29: =AL28+3 -> 46461 | AI29: =AL28+30 -> 46488 | AL29: =W29+AK28 -> 46458 | AQ29: =IF(ISERROR(LOOKUP(AQ$10,$O29:$AP29,#REF!)),0,(LOOKUP(AQ$10,$O29:$AP29,#REF!))) -> 0 | AR29: =IF(ISERROR(LOOKUP(AR$10,$O29:$AP29,#REF!)),0,(LOOKUP(AR$10,$O29:$AP29,#REF!))) -> 0 | AS29: =IF(ISERROR(LOOKUP(AS$10,$O29:$AP29,#REF!)),0,(LOOKUP(AS$10,$O29:$AP29,#REF!))) -> 0 | AT29: =IF(ISERROR(LOOKUP(AT$10,$O29:$AP29,#REF!)),0,(LOOKUP(AT$10,$O29:$AP29,#REF!))) -> 0 | AU29: =IF(ISERROR(LOOKUP(AU$10,$O29:$AP29,#REF!)),0,(LOOKUP(AU$10,$O29:$AP29,#REF!))) -> 0 | AV29: =IF(ISERROR(LOOKUP(AV$10,$O29:$AP29,#REF!)),0,(LOOKUP(AV$10,$O29:$AP29,#REF!))) -> 0 | AW29: =IF(ISERROR(LOOKUP(AW$10,$O29:$AP29,#REF!)),0,(LOOKUP(AW$10,$O29:$AP29,#REF!))) -> 0 | AX29: =IF(ISERROR(LOOKUP(AX$10,$O29:$AP29,#REF!)),0,(LOOKUP(AX$10,$O29:$AP29,#REF!))) -> 0 | ... BA29: =IF(ISERROR(LOOKUP(BA$10,$O29:$AP29,#REF!)),0,(LOOKUP(BA$10,$O29:$AP29,#REF!))) -> 0 | BB29: Bidder2 | BC29: Ex-work 24 weeks
B30: MM-ZTK-1F-GEN-MEC-MR-0004 | C30: RFQ-MA-004 | D30: Chemical injection pump skid | G30: 4-4 | H30: MA | I30: Y | J30: L3 | K30: LA | M30: SH | N30: A | O30: 46133 | P30: 46130 | Q30: 46149 | R30: 46150 | S30: 46150 | T30: 46164 | U30: 46202 | AQ30: =IF(ISERROR(LOOKUP(AQ$10,$O30:$AP30,#REF!)),0,(LOOKUP(AQ$10,$O30:$AP30,#REF!))) -> 0 | AR30: =IF(ISERROR(LOOKUP(AR$10,$O30:$AP30,#REF!)),0,(LOOKUP(AR$10,$O30:$AP30,#REF!))) -> 0 | AS30: =IF(ISERROR(LOOKUP(AS$10,$O30:$AP30,#REF!)),0,(LOOKUP(AS$10,$O30:$AP30,#REF!))) -> 0 | AT30: =IF(ISERROR(LOOKUP(AT$10,$O30:$AP30,#REF!)),0,(LOOKUP(AT$10,$O30:$AP30,#REF!))) -> 0 | AU30: =IF(ISERROR(LOOKUP(AU$10,$O30:$AP30,#REF!)),0,(LOOKUP(AU$10,$O30:$AP30,#REF!))) -> 0 | AV30: =IF(ISERROR(LOOKUP(AV$10,$O30:$AP30,#REF!)),0,(LOOKUP(AV$10,$O30:$AP30,#REF!))) -> 0 | AW30: =IF(ISERROR(LOOKUP(AW$10,$O30:$AP30,#REF!)),0,(LOOKUP(AW$10,$O30:$AP30,#REF!))) -> 0 | AX30: =IF(ISERROR(LOOKUP(AX$10,$O30:$AP30,#REF!)),0,(LOOKUP(AX$10,$O30:$AP30,#REF!))) -> 0 | ... BA30: =IF(ISERROR(LOOKUP(BA$10,$O30:$AP30,#REF!)),0,(LOOKUP(BA$10,$O30:$AP30,#REF!))) -> 0 | BB30: Bidder3 | BC30: Ex-work 30 weeks
A31: =A28+1 -> 7 | B31: MM-ZTK-1F-GEN-MEC-MR-0005 | C31: RFQ-MA-005 | D31: Chemical storage tank | F31: 2*4 | G31: 4-39 | H31: MA | I31: Y | J31: L3 | K31: LA | L31: Zhuhai Jutal | M31: SH | N31: P | O31: 46153 | P31: 46154 | Q31: 46166 | R31: 46166 | S31: 46166 | T31: 46203 | U31: 46203 | V31: 46217 | W31: 46230 | X31: 46232 | Y31: 46239 | Z31: 46267 | AA31: 46281 | AB31: 46311 | AC31: 46314 | AD31: 46317 | AE31: 46387 | AF31: 46397 | AG31: 46398 | AH31: 46401 | AI31: 46428 | AJ31: 24 | AK31: 168 | AL31: 46398 | AM31: 46433 | AN31: =AM31-AL32 -> 35 | AO31: HuangWei | AP31: 2026.5.6 Issued RFQ to Zhuhai yard | AQ31: =IF(ISERROR(LOOKUP(AQ$10,$O31:$AP31,#REF!)),0,(LOOKUP(AQ$10,$O31:$AP31,#REF!))) -> 0 | AR31: =IF(ISERROR(LOOKUP(AR$10,$O31:$AP31,#REF!)),0,(LOOKUP(AR$10,$O31:$AP31,#REF!))) -> 0 | AS31: =IF(ISERROR(LOOKUP(AS$10,$O31:$AP31,#REF!)),0,(LOOKUP(AS$10,$O31:$AP31,#REF!))) -> 0 | AT31: =IF(ISERROR(LOOKUP(AT$10,$O31:$AP31,#REF!)),0,(LOOKUP(AT$10,$O31:$AP31,#REF!))) -> 0 | AU31: =IF(ISERROR(LOOKUP(AU$10,$O31:$AP31,#REF!)),0,(LOOKUP(AU$10,$O31:$AP31,#REF!))) -> 0 | AV31: =IF(ISERROR(LOOKUP(AV$10,$O31:$AP31,#REF!)),0,(LOOKUP(AV$10,$O31:$AP31,#REF!))) -> 0 | AW31: =IF(ISERROR(LOOKUP(AW$10,$O31:$AP31,#REF!)),0,(LOOKUP(AW$10,$O31:$AP31,#REF!))) -> 0 | AX31: =IF(ISERROR(LOOKUP(AX$10,$O31:$AP31,#REF!)),0,(LOOKUP(AX$10,$O31:$AP31,#REF!))) -> 0 | ... BA31: =IF(ISERROR(LOOKUP(BA$10,$O31:$AP31,#REF!)),0,(LOOKUP(BA$10,$O31:$AP31,#REF!))) -> 0
B32: MM-ZTK-1F-GEN-MEC-MR-0005 | C32: RFQ-MA-005 | D32: Chemical storage tank | G32: 4-39 | H32: MA | I32: Y | J32: L3 | K32: LA | M32: SH | N32: F | V32: =WORKDAY(U33, V6, IF(V12="China",'China Holidays'!$A$2:$A$84,'Thai Holidays'!$A$2:$A$65)) -> 46218 | W32: =W31 -> 46230 | X32: =W32 -> 46230 | Y32: =WORKDAY(X32, Y6, IF(Y12="China",'China Holidays'!$A$2:$A$84,'Thai Holidays'!$A$2:$A$65)) -> 46237 | Z32: =WORKDAY(Y32, Z6, IF(Z12="China",'China Holidays'!$A$2:$A$84,'Thai Holidays'!$A$2:$A$65)) -> 46265 | AA32: =WORKDAY(Z32, AA6, IF(AA12="China",'China Holidays'!$A$2:$A$84,'Thai Holidays'!$A$2:$A$65)) -> 46279 | AB32: =AA32+30 -> 46309 | AC32: =AB32+3 -> 46312 | AD32: =AC32+3 -> 46315 | AE32: =AF32-10 -> 46387 | AF32: =AG32-1 -> 46397 | AG32: =AL31 -> 46398 | AH32: =AL31+3 -> 46401 | AI32: =AL31+30 -> 46428 | AL32: =W32+AK31 -> 46398 | AQ32: =IF(ISERROR(LOOKUP(AQ$10,$O32:$AP32,#REF!)),0,(LOOKUP(AQ$10,$O32:$AP32,#REF!))) -> 0 | AR32: =IF(ISERROR(LOOKUP(AR$10,$O32:$AP32,#REF!)),0,(LOOKUP(AR$10,$O32:$AP32,#REF!))) -> 0 | AS32: =IF(ISERROR(LOOKUP(AS$10,$O32:$AP32,#REF!)),0,(LOOKUP(AS$10,$O32:$AP32,#REF!))) -> 0 | AT32: =IF(ISERROR(LOOKUP(AT$10,$O32:$AP32,#REF!)),0,(LOOKUP(AT$10,$O32:$AP32,#REF!))) -> 0 | AU32: =IF(ISERROR(LOOKUP(AU$10,$O32:$AP32,#REF!)),0,(LOOKUP(AU$10,$O32:$AP32,#REF!))) -> 0 | AV32: =IF(ISERROR(LOOKUP(AV$10,$O32:$AP32,#REF!)),0,(LOOKUP(AV$10,$O32:$AP32,#REF!))) -> 0 | AW32: =IF(ISERROR(LOOKUP(AW$10,$O32:$AP32,#REF!)),0,(LOOKUP(AW$10,$O32:$AP32,#REF!))) -> 0 | AX32: =IF(ISERROR(LOOKUP(AX$10,$O32:$AP32,#REF!)),0,(LOOKUP(AX$10,$O32:$AP32,#REF!))) -> 0 | ... BA32: =IF(ISERROR(LOOKUP(BA$10,$O32:$AP32,#REF!)),0,(LOOKUP(BA$10,$O32:$AP32,#REF!))) -> 0
B33: MM-ZTK-1F-GEN-MEC-MR-0005 | C33: RFQ-MA-005 | D33: Chemical storage tank | G33: 4-39 | H33: MA | I33: Y | J33: L3 | K33: LA | M33: SH | N33: A | P33: 46133 | Q33: 46150 | R33: 46150 | S33: 46150 | T33: 46181 | U33: 46204 | AQ33: =IF(ISERROR(LOOKUP(AQ$10,$O33:$AP33,#REF!)),0,(LOOKUP(AQ$10,$O33:$AP33,#REF!))) -> 0 | AR33: =IF(ISERROR(LOOKUP(AR$10,$O33:$AP33,#REF!)),0,(LOOKUP(AR$10,$O33:$AP33,#REF!))) -> 0 | AS33: =IF(ISERROR(LOOKUP(AS$10,$O33:$AP33,#REF!)),0,(LOOKUP(AS$10,$O33:$AP33,#REF!))) -> 0 | AT33: =IF(ISERROR(LOOKUP(AT$10,$O33:$AP33,#REF!)),0,(LOOKUP(AT$10,$O33:$AP33,#REF!))) -> 0 | AU33: =IF(ISERROR(LOOKUP(AU$10,$O33:$AP33,#REF!)),0,(LOOKUP(AU$10,$O33:$AP33,#REF!))) -> 0 | AV33: =IF(ISERROR(LOOKUP(AV$10,$O33:$AP33,#REF!)),0,(LOOKUP(AV$10,$O33:$AP33,#REF!))) -> 0 | AW33: =IF(ISERROR(LOOKUP(AW$10,$O33:$AP33,#REF!)),0,(LOOKUP(AW$10,$O33:$AP33,#REF!))) -> 0 | AX33: =IF(ISERROR(LOOKUP(AX$10,$O33:$AP33,#REF!)),0,(LOOKUP(AX$10,$O33:$AP33,#REF!))) -> 0 | ... BA33: =IF(ISERROR(LOOKUP(BA$10,$O33:$AP33,#REF!)),0,(LOOKUP(BA$10,$O33:$AP33,#REF!))) -> 0
A34: =A31+1 -> 8 | B34: MM-ZTK-1F-GEN-MEC-MR-0006 | C34: RFQ-MA-006 | D34: Material Handling Equipment | F34: 6*4 | G34: 4-7 | H34: MA | I34: N | J34: L4 | K34: LC | M34: SH | N34: P | O34: 46182 | P34: 46182 | Q34: 46196 | R34: 46196 | S34: 46196 | T34: 46203 | U34: 46212 | V34: 46226 | W34: 46259 | X34: 46261 | Y34: =X34 -> 46261 | Z34: 46275 | AA34: 46295 | AB34: 46325 | AC34: 46328 | AD34: 46331 | AE34: 46391 | AF34: 46406 | AG34: 46434 | AH34: 46437 | AI34: 46464 | AJ34: 25 | AK34: 175 | AL34: 46434 | AM34: 46469 | AN34: =AM34-AL35 -> 35 | AO34: Sun liheng | AQ34: =IF(ISERROR(LOOKUP(AQ$10,$O34:$AP34,#REF!)),0,(LOOKUP(AQ$10,$O34:$AP34,#REF!))) -> 0 | AR34: =IF(ISERROR(LOOKUP(AR$10,$O34:$AP34,#REF!)),0,(LOOKUP(AR$10,$O34:$AP34,#REF!))) -> 0 | AS34: =IF(ISERROR(LOOKUP(AS$10,$O34:$AP34,#REF!)),0,(LOOKUP(AS$10,$O34:$AP34,#REF!))) -> 0 | AT34: =IF(ISERROR(LOOKUP(AT$10,$O34:$AP34,#REF!)),0,(LOOKUP(AT$10,$O34:$AP34,#REF!))) -> 0 | AU34: =IF(ISERROR(LOOKUP(AU$10,$O34:$AP34,#REF!)),0,(LOOKUP(AU$10,$O34:$AP34,#REF!))) -> 0 | AV34: =IF(ISERROR(LOOKUP(AV$10,$O34:$AP34,#REF!)),0,(LOOKUP(AV$10,$O34:$AP34,#REF!))) -> 0 | AW34: =IF(ISERROR(LOOKUP(AW$10,$O34:$AP34,#REF!)),0,(LOOKUP(AW$10,$O34:$AP34,#REF!))) -> 0 | AX34: =IF(ISERROR(LOOKUP(AX$10,$O34:$AP34,#REF!)),0,(LOOKUP(AX$10,$O34:$AP34,#REF!))) -> 0 | ... BA34: =IF(ISERROR(LOOKUP(BA$10,$O34:$AP34,#REF!)),0,(LOOKUP(BA$10,$O34:$AP34,#REF!))) -> 0 | BB34: Bidder1 | BC34: DDP : 20 weeks
B35: MM-ZTK-1F-GEN-MEC-MR-0006 | C35: RFQ-MA-006 | D35: Material Handling Equipment | F35: 4 | G35: 4-7 | H35: MA | I35: N | J35: L4 | K35: LC | M35: SH | N35: F | T35: 46210 | U35: =WORKDAY(T35, U9, IF(U12="China",'China Holidays'!$A$2:$A$84,'Thai Holidays'!$A$2:$A$65)) -> 46219 | V35: =V34 -> 46226 | W35: =W34 -> 46259 | X35: =WORKDAY(W35, X9, IF(X12="China",'China Holidays'!$A$2:$A$84,'Thai Holidays'!$A$2:$A$65)) -> 46261 | Y35: =WORKDAY(X35, Y9, IF(Y12="China",'China Holidays'!$A$2:$A$84,'Thai Holidays'!$A$2:$A$65)) -> 46268 | Z35: =WORKDAY(Y35, Z9, IF(Z12="China",'China Holidays'!$A$2:$A$84,'Thai Holidays'!$A$2:$A$65)) -> 46282 | AA35: =WORKDAY(Z35, AA9, IF(AA12="China",'China Holidays'!$A$2:$A$84,'Thai Holidays'!$A$2:$A$65)) -> 46296 | AB35: =AA35+30 -> 46326 | AC35: =AB35+3 -> 46329 | AD35: =AC35+3 -> 46332 | AE35: =AF35-15 -> 46391 | AF35: =AG35-28 -> 46406 | AG35: =AL34 -> 46434 | AH35: =AL34+3 -> 46437 | AI35: =AL34+30 -> 46464 | AL35: =W35+AK34 -> 46434 | AQ35: =IF(ISERROR(LOOKUP(AQ$10,$O35:$AP35,#REF!)),0,(LOOKUP(AQ$10,$O35:$AP35,#REF!))) -> 0 | AR35: =IF(ISERROR(LOOKUP(AR$10,$O35:$AP35,#REF!)),0,(LOOKUP(AR$10,$O35:$AP35,#REF!))) -> 0 | AS35: =IF(ISERROR(LOOKUP(AS$10,$O35:$AP35,#REF!)),0,(LOOKUP(AS$10,$O35:$AP35,#REF!))) -> 0 | AT35: =IF(ISERROR(LOOKUP(AT$10,$O35:$AP35,#REF!)),0,(LOOKUP(AT$10,$O35:$AP35,#REF!))) -> 0 | AU35: =IF(ISERROR(LOOKUP(AU$10,$O35:$AP35,#REF!)),0,(LOOKUP(AU$10,$O35:$AP35,#REF!))) -> 0 | AV35: =IF(ISERROR(LOOKUP(AV$10,$O35:$AP35,#REF!)),0,(LOOKUP(AV$10,$O35:$AP35,#REF!))) -> 0 | AW35: =IF(ISERROR(LOOKUP(AW$10,$O35:$AP35,#REF!)),0,(LOOKUP(AW$10,$O35:$AP35,#REF!))) -> 0 | AX35: =IF(ISERROR(LOOKUP(AX$10,$O35:$AP35,#REF!)),0,(LOOKUP(AX$10,$O35:$AP35,#REF!))) -> 0 | ... BA35: =IF(ISERROR(LOOKUP(BA$10,$O35:$AP35,#REF!)),0,(LOOKUP(BA$10,$O35:$AP35,#REF!))) -> 0 | BB35: Bidder2 | BC35: DDP: 50 days after drawing approve
B36: MM-ZTK-1F-GEN-MEC-MR-0006 | C36: RFQ-MA-006 | D36: Material Handling Equipment | G36: 4-7 | H36: MA | I36: N | J36: L4 | K36: LC | M36: SH | N36: A | O36: 46192 | P36: 46154 | Q36: 46170 | R36: 46196 | S36: 46196 | AQ36: =IF(ISERROR(LOOKUP(AQ$10,$O36:$AP36,#REF!)),0,(LOOKUP(AQ$10,$O36:$AP36,#REF!))) -> 0 | AR36: =IF(ISERROR(LOOKUP(AR$10,$O36:$AP36,#REF!)),0,(LOOKUP(AR$10,$O36:$AP36,#REF!))) -> 0 | AS36: =IF(ISERROR(LOOKUP(AS$10,$O36:$AP36,#REF!)),0,(LOOKUP(AS$10,$O36:$AP36,#REF!))) -> 0 | AT36: =IF(ISERROR(LOOKUP(AT$10,$O36:$AP36,#REF!)),0,(LOOKUP(AT$10,$O36:$AP36,#REF!))) -> 0 | AU36: =IF(ISERROR(LOOKUP(AU$10,$O36:$AP36,#REF!)),0,(LOOKUP(AU$10,$O36:$AP36,#REF!))) -> 0 | AV36: =IF(ISERROR(LOOKUP(AV$10,$O36:$AP36,#REF!)),0,(LOOKUP(AV$10,$O36:$AP36,#REF!))) -> 0 | AW36: =IF(ISERROR(LOOKUP(AW$10,$O36:$AP36,#REF!)),0,(LOOKUP(AW$10,$O36:$AP36,#REF!))) -> 0 | AX36: =IF(ISERROR(LOOKUP(AX$10,$O36:$AP36,#REF!)),0,(LOOKUP(AX$10,$O36:$AP36,#REF!))) -> 0 | ... BA36: =IF(ISERROR(LOOKUP(BA$10,$O36:$AP36,#REF!)),0,(LOOKUP(BA$10,$O36:$AP36,#REF!))) -> 0
A37: =A34+1 -> 9 | B37: MM-ZTK-1F-GEN-SAF-MR-0001 | C37: RFQ-SA-001 | D37: Fire Fighting, Safety Equipment (Including Lifesaving) | G37: 4-38 | H37: SA | I37: N | J37: L3 | K37: LD | M37: SH | N37: P | O37: 46201 | P37: 46201 | Q37: 46213 | R37: 46213 | S37: 46213 | T37: 46220 | U37: 46233 | V37: 46248 | W37: 46255 | X37: 46259 | Y37: =X37 -> 46259 | Z37: 46273 | AA37: 46287 | AB37: 46347 | AC37: 46347 | AD37: 46350 | AE37: 46420 | AF37: 46435 | AG37: 46465 | AH37: 46468 | AI37: 46495 | AJ37: 30 | AK37: 210 | AL37: 46465 | AM37: 46517 | AN37: =AM37-AL38 -> 52 | AO37: Sun liheng | AQ37: =IF(ISERROR(LOOKUP(AQ$10,$O37:$AP37,#REF!)),0,(LOOKUP(AQ$10,$O37:$AP37,#REF!))) -> 0 | AR37: =IF(ISERROR(LOOKUP(AR$10,$O37:$AP37,#REF!)),0,(LOOKUP(AR$10,$O37:$AP37,#REF!))) -> 0 | AS37: =IF(ISERROR(LOOKUP(AS$10,$O37:$AP37,#REF!)),0,(LOOKUP(AS$10,$O37:$AP37,#REF!))) -> 0 | AT37: =IF(ISERROR(LOOKUP(AT$10,$O37:$AP37,#REF!)),0,(LOOKUP(AT$10,$O37:$AP37,#REF!))) -> 0 | AU37: =IF(ISERROR(LOOKUP(AU$10,$O37:$AP37,#REF!)),0,(LOOKUP(AU$10,$O37:$AP37,#REF!))) -> 0 | AV37: =IF(ISERROR(LOOKUP(AV$10,$O37:$AP37,#REF!)),0,(LOOKUP(AV$10,$O37:$AP37,#REF!))) -> 0 | AW37: =IF(ISERROR(LOOKUP(AW$10,$O37:$AP37,#REF!)),0,(LOOKUP(AW$10,$O37:$AP37,#REF!))) -> 0 | AX37: =IF(ISERROR(LOOKUP(AX$10,$O37:$AP37,#REF!)),0,(LOOKUP(AX$10,$O37:$AP37,#REF!))) -> 0 | ... BA37: =IF(ISERROR(LOOKUP(BA$10,$O37:$AP37,#REF!)),0,(LOOKUP(BA$10,$O37:$AP37,#REF!))) -> 0
B38: MM-ZTK-1F-GEN-SAF-MR-0001 | C38: RFQ-SA-001 | D38: Fire Fighting, Safety Equipment (Including Lifesaving) | G38: 4-38 | H38: SA | I38: N | J38: L3 | K38: LD | M38: SH | N38: F | O38: 46210 | R38: =R37 -> 46213 | S38: =WORKDAY(R38,S9,IF(S12="China",'China Holidays'!$A$2:$A$84,'Thai Holidays'!$A$2:$A$65)) -> 46213 | T38: =WORKDAY(S38,T9,IF(T12="China",'China Holidays'!$A$2:$A$84,'Thai Holidays'!$A$2:$A$65)) -> 46220 | U38: =WORKDAY(T38,U9,IF(U12="China",'China Holidays'!$A$2:$A$84,'Thai Holidays'!$A$2:$A$65)) -> 46233 | V38: =WORKDAY(U38,V9,IF(V12="China",'China Holidays'!$A$2:$A$84,'Thai Holidays'!$A$2:$A$65)) -> 46248 | W38: =WORKDAY(V38,W9,IF(W12="China",'China Holidays'!$A$2:$A$84,'Thai Holidays'!$A$2:$A$65)) -> 46255 | X38: =WORKDAY(W38,X9,IF(X12="China",'China Holidays'!$A$2:$A$84,'Thai Holidays'!$A$2:$A$65)) -> 46259 | Y38: =X38 -> 46259 | Z38: =WORKDAY(Y38,Z9,IF(Z12="China",'China Holidays'!$A$2:$A$84,'Thai Holidays'!$A$2:$A$65)) -> 46273 | AA38: =WORKDAY(Z38,AA9,IF(AA12="China",'China Holidays'!$A$2:$A$84,'Thai Holidays'!$A$2:$A$65)) -> 46287 | AB38: =AA38+60 -> 46347 | AC38: =AB38 -> 46347 | AD38: =AC38+3 -> 46350 | AE38: =AF38-15 -> 46420 | AF38: =AG38-30 -> 46435 | AG38: =AL37 -> 46465 | AH38: =AL37+3 -> 46468 | AI38: =AL37+30 -> 46495 | AL38: =W38+AK37 -> 46465 | AQ38: =IF(ISERROR(LOOKUP(AQ$10,$O38:$AP38,#REF!)),0,(LOOKUP(AQ$10,$O38:$AP38,#REF!))) -> 0 | AR38: =IF(ISERROR(LOOKUP(AR$10,$O38:$AP38,#REF!)),0,(LOOKUP(AR$10,$O38:$AP38,#REF!))) -> 0 | AS38: =IF(ISERROR(LOOKUP(AS$10,$O38:$AP38,#REF!)),0,(LOOKUP(AS$10,$O38:$AP38,#REF!))) -> 0 | AT38: =IF(ISERROR(LOOKUP(AT$10,$O38:$AP38,#REF!)),0,(LOOKUP(AT$10,$O38:$AP38,#REF!))) -> 0 | AU38: =IF(ISERROR(LOOKUP(AU$10,$O38:$AP38,#REF!)),0,(LOOKUP(AU$10,$O38:$AP38,#REF!))) -> 0 | AV38: =IF(ISERROR(LOOKUP(AV$10,$O38:$AP38,#REF!)),0,(LOOKUP(AV$10,$O38:$AP38,#REF!))) -> 0 | AW38: =IF(ISERROR(LOOKUP(AW$10,$O38:$AP38,#REF!)),0,(LOOKUP(AW$10,$O38:$AP38,#REF!))) -> 0 | AX38: =IF(ISERROR(LOOKUP(AX$10,$O38:$AP38,#REF!)),0,(LOOKUP(AX$10,$O38:$AP38,#REF!))) -> 0 | ... BA38: =IF(ISERROR(LOOKUP(BA$10,$O38:$AP38,#REF!)),0,(LOOKUP(BA$10,$O38:$AP38,#REF!))) -> 0
B39: MM-ZTK-1F-GEN-SAF-MR-0001 | C39: RFQ-SA-001 | D39: Fire Fighting, Safety Equipment (Including Lifesaving) | G39: 4-38 | H39: SA | I39: N | J39: L3 | K39: LD | M39: SH | N39: A | P39: 46183 | Q39: 46197 | AQ39: =IF(ISERROR(LOOKUP(AQ$10,$O39:$AP39,#REF!)),0,(LOOKUP(AQ$10,$O39:$AP39,#REF!))) -> 0 | AR39: =IF(ISERROR(LOOKUP(AR$10,$O39:$AP39,#REF!)),0,(LOOKUP(AR$10,$O39:$AP39,#REF!))) -> 0 | AS39: =IF(ISERROR(LOOKUP(AS$10,$O39:$AP39,#REF!)),0,(LOOKUP(AS$10,$O39:$AP39,#REF!))) -> 0 | AT39: =IF(ISERROR(LOOKUP(AT$10,$O39:$AP39,#REF!)),0,(LOOKUP(AT$10,$O39:$AP39,#REF!))) -> 0 | AU39: =IF(ISERROR(LOOKUP(AU$10,$O39:$AP39,#REF!)),0,(LOOKUP(AU$10,$O39:$AP39,#REF!))) -> 0 | AV39: =IF(ISERROR(LOOKUP(AV$10,$O39:$AP39,#REF!)),0,(LOOKUP(AV$10,$O39:$AP39,#REF!))) -> 0 | AW39: =IF(ISERROR(LOOKUP(AW$10,$O39:$AP39,#REF!)),0,(LOOKUP(AW$10,$O39:$AP39,#REF!))) -> 0 | AX39: =IF(ISERROR(LOOKUP(AX$10,$O39:$AP39,#REF!)),0,(LOOKUP(AX$10,$O39:$AP39,#REF!))) -> 0 | ... BA39: =IF(ISERROR(LOOKUP(BA$10,$O39:$AP39,#REF!)),0,(LOOKUP(BA$10,$O39:$AP39,#REF!))) -> 0
A40: =A37+1 -> 10 | B40: MM-ZTK-1F-GEN-SAF-MR-0002 | C40: RFQ-SA-002 | D40: Safety Signs | G40: 4-38 | H40: SA | I40: N | J40: L3 | K40: LD | M40: ZH | N40: P | O40: =P40 -> 46381 | P40: 46381 | Q40: 46399 | R40: 46399 | S40: 46399 | T40: 46406 | U40: 46415 | V40: 46429 | W40: 46437 | X40: 46441 | Y40: 46448 | Z40: 46462 | AA40: 46476 | AB40: 46491 | AC40: 46491 | AD40: 46493 | AE40: 46523 | AF40: 46525 | AG40: 46530 | AH40: 46533 | AI40: 46560 | AJ40: 5 | AK40: 35 | AL40: 46530 | AM40: 46530 | AN40: =AM40-AL41 -> 58 | AO40: Liu bin | AP40: 2026.6.10 Issued RFQ to Zhuhai yard | AQ40: =IF(ISERROR(LOOKUP(AQ$10,$O40:$AP40,#REF!)),0,(LOOKUP(AQ$10,$O40:$AP40,#REF!))) -> 0 | AR40: =IF(ISERROR(LOOKUP(AR$10,$O40:$AP40,#REF!)),0,(LOOKUP(AR$10,$O40:$AP40,#REF!))) -> 0 | AS40: =IF(ISERROR(LOOKUP(AS$10,$O40:$AP40,#REF!)),0,(LOOKUP(AS$10,$O40:$AP40,#REF!))) -> 0 | AT40: =IF(ISERROR(LOOKUP(AT$10,$O40:$AP40,#REF!)),0,(LOOKUP(AT$10,$O40:$AP40,#REF!))) -> 0 | AU40: =IF(ISERROR(LOOKUP(AU$10,$O40:$AP40,#REF!)),0,(LOOKUP(AU$10,$O40:$AP40,#REF!))) -> 0 | AV40: =IF(ISERROR(LOOKUP(AV$10,$O40:$AP40,#REF!)),0,(LOOKUP(AV$10,$O40:$AP40,#REF!))) -> 0 | AW40: =IF(ISERROR(LOOKUP(AW$10,$O40:$AP40,#REF!)),0,(LOOKUP(AW$10,$O40:$AP40,#REF!))) -> 0 | AX40: =IF(ISERROR(LOOKUP(AX$10,$O40:$AP40,#REF!)),0,(LOOKUP(AX$10,$O40:$AP40,#REF!))) -> 0 | ... BA40: =IF(ISERROR(LOOKUP(BA$10,$O40:$AP40,#REF!)),0,(LOOKUP(BA$10,$O40:$AP40,#REF!))) -> 0
B41: MM-ZTK-1F-GEN-SAF-MR-0002 | C41: RFQ-SA-002 | D41: Safety Signs | G41: 4-38 | H41: SA | I41: N | J41: L3 | K41: LD | M41: ZH | N41: F | O41: =O40 -> 46381 | R41: =R40 -> 46399 | S41: =WORKDAY(R41, S9, IF(S12="China",'China Holidays'!$A$2:$A$84,'Thai Holidays'!$A$2:$A$65)) -> 46399 | T41: =WORKDAY(S41, T9, IF(T12="China",'China Holidays'!$A$2:$A$84,'Thai Holidays'!$A$2:$A$65)) -> 46406 | U41: =WORKDAY(T41, U9, IF(U12="China",'China Holidays'!$A$2:$A$84,'Thai Holidays'!$A$2:$A$65)) -> 46415 | V41: =WORKDAY(U41, V9, IF(V12="China",'China Holidays'!$A$2:$A$84,'Thai Holidays'!$A$2:$A$65)) -> 46429 | W41: =WORKDAY(V41, W9, IF(W12="China",'China Holidays'!$A$2:$A$84,'Thai Holidays'!$A$2:$A$65)) -> 46437 | X41: =WORKDAY(W41, X9, IF(X12="China",'China Holidays'!$A$2:$A$84,'Thai Holidays'!$A$2:$A$65)) -> 46441 | Y41: =WORKDAY(X41, Y9, IF(Y12="China",'China Holidays'!$A$2:$A$84,'Thai Holidays'!$A$2:$A$65)) -> 46448 | Z41: =WORKDAY(Y41, Z9, IF(Z12="China",'China Holidays'!$A$2:$A$84,'Thai Holidays'!$A$2:$A$65)) -> 46462 | AA41: =WORKDAY(Z41, AA9, IF(AA12="China",'China Holidays'!$A$2:$A$84,'Thai Holidays'!$A$2:$A$65)) -> 46476 | AB41: =AA41+15 -> 46491 | AC41: =AB41 -> 46491 | AD41: =AC41+2 -> 46493 | AE41: =AD41+30 -> 46523 | AF41: =AE41+2 -> 46525 | AG41: =AF41+5 -> 46530 | AH41: =AL40+3 -> 46533 | AI41: =AL40+30 -> 46560 | AL41: =W41+AK40 -> 46472 | AQ41: =IF(ISERROR(LOOKUP(AQ$10,$O41:$AP41,#REF!)),0,(LOOKUP(AQ$10,$O41:$AP41,#REF!))) -> 0 | AR41: =IF(ISERROR(LOOKUP(AR$10,$O41:$AP41,#REF!)),0,(LOOKUP(AR$10,$O41:$AP41,#REF!))) -> 0 | AS41: =IF(ISERROR(LOOKUP(AS$10,$O41:$AP41,#REF!)),0,(LOOKUP(AS$10,$O41:$AP41,#REF!))) -> 0 | AT41: =IF(ISERROR(LOOKUP(AT$10,$O41:$AP41,#REF!)),0,(LOOKUP(AT$10,$O41:$AP41,#REF!))) -> 0 | AU41: =IF(ISERROR(LOOKUP(AU$10,$O41:$AP41,#REF!)),0,(LOOKUP(AU$10,$O41:$AP41,#REF!))) -> 0 | AV41: =IF(ISERROR(LOOKUP(AV$10,$O41:$AP41,#REF!)),0,(LOOKUP(AV$10,$O41:$AP41,#REF!))) -> 0 | AW41: =IF(ISERROR(LOOKUP(AW$10,$O41:$AP41,#REF!)),0,(LOOKUP(AW$10,$O41:$AP41,#REF!))) -> 0 | AX41: =IF(ISERROR(LOOKUP(AX$10,$O41:$AP41,#REF!)),0,(LOOKUP(AX$10,$O41:$AP41,#REF!))) -> 0 | ... BA41: =IF(ISERROR(LOOKUP(BA$10,$O41:$AP41,#REF!)),0,(LOOKUP(BA$10,$O41:$AP41,#REF!))) -> 0
B42: MM-ZTK-1F-GEN-SAF-MR-0002 | C42: RFQ-SA-002 | D42: Safety Signs | G42: 4-38 | H42: SA | I42: N | J42: L3 | K42: LD | M42: ZH | N42: A | P42: 46174 | Q42: 46182 | AQ42: =IF(ISERROR(LOOKUP(AQ$10,$O42:$AP42,#REF!)),0,(LOOKUP(AQ$10,$O42:$AP42,#REF!))) -> 0 | AR42: =IF(ISERROR(LOOKUP(AR$10,$O42:$AP42,#REF!)),0,(LOOKUP(AR$10,$O42:$AP42,#REF!))) -> 0 | AS42: =IF(ISERROR(LOOKUP(AS$10,$O42:$AP42,#REF!)),0,(LOOKUP(AS$10,$O42:$AP42,#REF!))) -> 0 | AT42: =IF(ISERROR(LOOKUP(AT$10,$O42:$AP42,#REF!)),0,(LOOKUP(AT$10,$O42:$AP42,#REF!))) -> 0 | AU42: =IF(ISERROR(LOOKUP(AU$10,$O42:$AP42,#REF!)),0,(LOOKUP(AU$10,$O42:$AP42,#REF!))) -> 0 | AV42: =IF(ISERROR(LOOKUP(AV$10,$O42:$AP42,#REF!)),0,(LOOKUP(AV$10,$O42:$AP42,#REF!))) -> 0 | AW42: =IF(ISERROR(LOOKUP(AW$10,$O42:$AP42,#REF!)),0,(LOOKUP(AW$10,$O42:$AP42,#REF!))) -> 0 | AX42: =IF(ISERROR(LOOKUP(AX$10,$O42:$AP42,#REF!)),0,(LOOKUP(AX$10,$O42:$AP42,#REF!))) -> 0 | ... BA42: =IF(ISERROR(LOOKUP(BA$10,$O42:$AP42,#REF!)),0,(LOOKUP(BA$10,$O42:$AP42,#REF!))) -> 0
A43: =A40+1 -> 11 | B43: MM-ZTK-1F-GEN-PIP-MR-0001 | C43: RFQ-PIP-001 | D43: Ball Valve (Flange End) | E43: 150#-148 | F43: 355 | G43: 4-19 | H43: PI | I43: N | J43: L3 | K43: LC | M43: SH | N43: P | O43: 46174 | P43: 46177 | Q43: 46185 | R43: 46185 | S43: 46185 | T43: 46202 | U43: 46219 | V43: 46237 | W43: 46248 | X43: 46252 | Y43: 46259 | Z43: 46280 | AA43: 46294 | AB43: 46324 | AC43: 46327 | AD43: 46330 | AE43: 46422 | AF43: 46437 | AG43: 46444 | AH43: 46447 | AI43: 46474 | AJ43: 28 | AK43: 196 | AL43: 46444 | AM43: 46476 | AN43: =AM43-AL44 -> 32 | AO43: Lin Yazhen | AQ43: =IF(ISERROR(LOOKUP(AQ$10,$O43:$AP43,#REF!)),0,(LOOKUP(AQ$10,$O43:$AP43,#REF!))) -> 0 | AR43: =IF(ISERROR(LOOKUP(AR$10,$O43:$AP43,#REF!)),0,(LOOKUP(AR$10,$O43:$AP43,#REF!))) -> 0 | AS43: =IF(ISERROR(LOOKUP(AS$10,$O43:$AP43,#REF!)),0,(LOOKUP(AS$10,$O43:$AP43,#REF!))) -> 0 | AT43: =IF(ISERROR(LOOKUP(AT$10,$O43:$AP43,#REF!)),0,(LOOKUP(AT$10,$O43:$AP43,#REF!))) -> 0 | AU43: =IF(ISERROR(LOOKUP(AU$10,$O43:$AP43,#REF!)),0,(LOOKUP(AU$10,$O43:$AP43,#REF!))) -> 0 | AV43: =IF(ISERROR(LOOKUP(AV$10,$O43:$AP43,#REF!)),0,(LOOKUP(AV$10,$O43:$AP43,#REF!))) -> 0 | AW43: =IF(ISERROR(LOOKUP(AW$10,$O43:$AP43,#REF!)),0,(LOOKUP(AW$10,$O43:$AP43,#REF!))) -> 0 | AX43: =IF(ISERROR(LOOKUP(AX$10,$O43:$AP43,#REF!)),0,(LOOKUP(AX$10,$O43:$AP43,#REF!))) -> 0 | ... BA43: =IF(ISERROR(LOOKUP(BA$10,$O43:$AP43,#REF!)),0,(LOOKUP(BA$10,$O43:$AP43,#REF!))) -> 0
B44: MM-ZTK-1F-GEN-PIP-MR-0001 | C44: RFQ-PIP-001 | D44: Ball Valve (Flange End) | E44: 600#-207 | G44: 4-19 | H44: PI | I44: N | J44: L3 | K44: LC | M44: SH | N44: F | U44: =U43 -> 46219 | V44: =WORKDAY(U44, V8, IF(V12="China",'China Holidays'!$A$2:$A$84,'Thai Holidays'!$A$2:$A$65)) -> 46237 | W44: =WORKDAY(V44, W8, IF(W12="China",'China Holidays'!$A$2:$A$84,'Thai Holidays'!$A$2:$A$65)) -> 46248 | X44: =WORKDAY(W44, X8, IF(X12="China",'China Holidays'!$A$2:$A$84,'Thai Holidays'!$A$2:$A$65)) -> 46252 | Y44: =WORKDAY(X44, Y8, IF(Y12="China",'China Holidays'!$A$2:$A$84,'Thai Holidays'!$A$2:$A$65)) -> 46259 | Z44: =WORKDAY(Y44, Z8, IF(Z12="China",'China Holidays'!$A$2:$A$84,'Thai Holidays'!$A$2:$A$65)) -> 46280 | AA44: =WORKDAY(Z44, AA8, IF(AA12="China",'China Holidays'!$A$2:$A$84,'Thai Holidays'!$A$2:$A$65)) -> 46294 | AB44: =AA44+40 -> 46334 | AC44: =AB44+3 -> 46337 | AD44: =AC44+3 -> 46340 | AE44: =AF44-15 -> 46422 | AF44: =AG44-7 -> 46437 | AG44: =AL44 -> 46444 | AH44: =AL43+3 -> 46447 | AI44: =AL43+30 -> 46474 | AL44: =W44+AK43 -> 46444 | AQ44: =IF(ISERROR(LOOKUP(AQ$10,$O44:$AP44,#REF!)),0,(LOOKUP(AQ$10,$O44:$AP44,#REF!))) -> 0 | AR44: =IF(ISERROR(LOOKUP(AR$10,$O44:$AP44,#REF!)),0,(LOOKUP(AR$10,$O44:$AP44,#REF!))) -> 0 | AS44: =IF(ISERROR(LOOKUP(AS$10,$O44:$AP44,#REF!)),0,(LOOKUP(AS$10,$O44:$AP44,#REF!))) -> 0 | AT44: =IF(ISERROR(LOOKUP(AT$10,$O44:$AP44,#REF!)),0,(LOOKUP(AT$10,$O44:$AP44,#REF!))) -> 0 | AU44: =IF(ISERROR(LOOKUP(AU$10,$O44:$AP44,#REF!)),0,(LOOKUP(AU$10,$O44:$AP44,#REF!))) -> 0 | AV44: =IF(ISERROR(LOOKUP(AV$10,$O44:$AP44,#REF!)),0,(LOOKUP(AV$10,$O44:$AP44,#REF!))) -> 0 | AW44: =IF(ISERROR(LOOKUP(AW$10,$O44:$AP44,#REF!)),0,(LOOKUP(AW$10,$O44:$AP44,#REF!))) -> 0 | AX44: =IF(ISERROR(LOOKUP(AX$10,$O44:$AP44,#REF!)),0,(LOOKUP(AX$10,$O44:$AP44,#REF!))) -> 0 | ... BA44: =IF(ISERROR(LOOKUP(BA$10,$O44:$AP44,#REF!)),0,(LOOKUP(BA$10,$O44:$AP44,#REF!))) -> 0
B45: MM-ZTK-1F-GEN-PIP-MR-0001 | C45: RFQ-PIP-001 | D45: Ball Valve (Flange End) | G45: 4-19 | H45: PI | I45: N | J45: L3 | K45: LC | M45: SH | N45: A | O45: 46174 | P45: 46148 | Q45: 46165 | R45: 46174 | S45: 46174 | T45: 46191 | AQ45: =IF(ISERROR(LOOKUP(AQ$10,$O45:$AP45,#REF!)),0,(LOOKUP(AQ$10,$O45:$AP45,#REF!))) -> 0 | AR45: =IF(ISERROR(LOOKUP(AR$10,$O45:$AP45,#REF!)),0,(LOOKUP(AR$10,$O45:$AP45,#REF!))) -> 0 | AS45: =IF(ISERROR(LOOKUP(AS$10,$O45:$AP45,#REF!)),0,(LOOKUP(AS$10,$O45:$AP45,#REF!))) -> 0 | AT45: =IF(ISERROR(LOOKUP(AT$10,$O45:$AP45,#REF!)),0,(LOOKUP(AT$10,$O45:$AP45,#REF!))) -> 0 | AU45: =IF(ISERROR(LOOKUP(AU$10,$O45:$AP45,#REF!)),0,(LOOKUP(AU$10,$O45:$AP45,#REF!))) -> 0 | AV45: =IF(ISERROR(LOOKUP(AV$10,$O45:$AP45,#REF!)),0,(LOOKUP(AV$10,$O45:$AP45,#REF!))) -> 0 | AW45: =IF(ISERROR(LOOKUP(AW$10,$O45:$AP45,#REF!)),0,(LOOKUP(AW$10,$O45:$AP45,#REF!))) -> 0 | AX45: =IF(ISERROR(LOOKUP(AX$10,$O45:$AP45,#REF!)),0,(LOOKUP(AX$10,$O45:$AP45,#REF!))) -> 0 | ... BA45: =IF(ISERROR(LOOKUP(BA$10,$O45:$AP45,#REF!)),0,(LOOKUP(BA$10,$O45:$AP45,#REF!))) -> 0
A46: =A43+1 -> 12 | B46: MM-ZTK-1F-GEN-PIP-MR-0001 | C46: RFQ-PIP-021 | D46: Ball Valve (Welded End) | E46: 800#-521 | F46: 649 | G46: 4-19 | H46: PI | I46: N | J46: L3 | K46: LC | L46: PIBIVIESSE-no reply | M46: SH | N46: P | O46: 46174 | P46: 46177 | Q46: 46185 | R46: 46185 | S46: 46185 | T46: 46202 | U46: 46219 | V46: 46237 | W46: 46248 | X46: 46252 | Y46: 46259 | Z46: 46280 | AA46: 46294 | AB46: 46324 | AC46: 46327 | AD46: 46330 | AE46: 46422 | AF46: 46437 | AG46: 46444 | AH46: 46447 | AI46: 46474 | AJ46: 28 | AK46: 196 | AL46: 46444 | AM46: 46476 | AN46: =AM46-AL47 -> 32 | AO46: Lin Yazhen | AQ46: =IF(ISERROR(LOOKUP(AQ$10,$O46:$AP46,#REF!)),0,(LOOKUP(AQ$10,$O46:$AP46,#REF!))) -> 0 | AR46: =IF(ISERROR(LOOKUP(AR$10,$O46:$AP46,#REF!)),0,(LOOKUP(AR$10,$O46:$AP46,#REF!))) -> 0 | AS46: =IF(ISERROR(LOOKUP(AS$10,$O46:$AP46,#REF!)),0,(LOOKUP(AS$10,$O46:$AP46,#REF!))) -> 0 | AT46: =IF(ISERROR(LOOKUP(AT$10,$O46:$AP46,#REF!)),0,(LOOKUP(AT$10,$O46:$AP46,#REF!))) -> 0 | AU46: =IF(ISERROR(LOOKUP(AU$10,$O46:$AP46,#REF!)),0,(LOOKUP(AU$10,$O46:$AP46,#REF!))) -> 0 | AV46: =IF(ISERROR(LOOKUP(AV$10,$O46:$AP46,#REF!)),0,(LOOKUP(AV$10,$O46:$AP46,#REF!))) -> 0 | AW46: =IF(ISERROR(LOOKUP(AW$10,$O46:$AP46,#REF!)),0,(LOOKUP(AW$10,$O46:$AP46,#REF!))) -> 0 | AX46: =IF(ISERROR(LOOKUP(AX$10,$O46:$AP46,#REF!)),0,(LOOKUP(AX$10,$O46:$AP46,#REF!))) -> 0 | ... BA46: =IF(ISERROR(LOOKUP(BA$10,$O46:$AP46,#REF!)),0,(LOOKUP(BA$10,$O46:$AP46,#REF!))) -> 0
B47: MM-ZTK-1F-GEN-PIP-MR-0001 | C47: RFQ-PIP-021 | D47: Ball Valve (Welded End) | E47: 2500#-128 | G47: 4-19 | H47: PI | I47: N | J47: L3 | K47: LC | L47: CAMERON & KCON-declined | M47: SH | N47: F | U47: =U46 -> 46219 | V47: =WORKDAY(U47, V8, IF(V12="China",'China Holidays'!$A$2:$A$84,'Thai Holidays'!$A$2:$A$65)) -> 46237 | W47: =WORKDAY(V47, W8, IF(W12="China",'China Holidays'!$A$2:$A$84,'Thai Holidays'!$A$2:$A$65)) -> 46248 | X47: =WORKDAY(W47, X8, IF(X12="China",'China Holidays'!$A$2:$A$84,'Thai Holidays'!$A$2:$A$65)) -> 46252 | Y47: =WORKDAY(X47, Y8, IF(Y12="China",'China Holidays'!$A$2:$A$84,'Thai Holidays'!$A$2:$A$65)) -> 46259 | Z47: =WORKDAY(Y47, Z8, IF(Z12="China",'China Holidays'!$A$2:$A$84,'Thai Holidays'!$A$2:$A$65)) -> 46280 | AA47: =WORKDAY(Z47, AA8, IF(AA12="China",'China Holidays'!$A$2:$A$84,'Thai Holidays'!$A$2:$A$65)) -> 46294 | AB47: =AA47+40 -> 46334 | AC47: =AB47+3 -> 46337 | AD47: =AC47+3 -> 46340 | AE47: =AF47-15 -> 46422 | AF47: =AG47-7 -> 46437 | AG47: =AL47 -> 46444 | AH47: =AL46+3 -> 46447 | AI47: =AL46+30 -> 46474 | AL47: =W47+AK46 -> 46444 | AQ47: =IF(ISERROR(LOOKUP(AQ$10,$O47:$AP47,#REF!)),0,(LOOKUP(AQ$10,$O47:$AP47,#REF!))) -> 0 | AR47: =IF(ISERROR(LOOKUP(AR$10,$O47:$AP47,#REF!)),0,(LOOKUP(AR$10,$O47:$AP47,#REF!))) -> 0 | AS47: =IF(ISERROR(LOOKUP(AS$10,$O47:$AP47,#REF!)),0,(LOOKUP(AS$10,$O47:$AP47,#REF!))) -> 0 | AT47: =IF(ISERROR(LOOKUP(AT$10,$O47:$AP47,#REF!)),0,(LOOKUP(AT$10,$O47:$AP47,#REF!))) -> 0 | AU47: =IF(ISERROR(LOOKUP(AU$10,$O47:$AP47,#REF!)),0,(LOOKUP(AU$10,$O47:$AP47,#REF!))) -> 0 | AV47: =IF(ISERROR(LOOKUP(AV$10,$O47:$AP47,#REF!)),0,(LOOKUP(AV$10,$O47:$AP47,#REF!))) -> 0 | AW47: =IF(ISERROR(LOOKUP(AW$10,$O47:$AP47,#REF!)),0,(LOOKUP(AW$10,$O47:$AP47,#REF!))) -> 0 | AX47: =IF(ISERROR(LOOKUP(AX$10,$O47:$AP47,#REF!)),0,(LOOKUP(AX$10,$O47:$AP47,#REF!))) -> 0 | ... BA47: =IF(ISERROR(LOOKUP(BA$10,$O47:$AP47,#REF!)),0,(LOOKUP(BA$10,$O47:$AP47,#REF!))) -> 0
B48: MM-ZTK-1F-GEN-PIP-MR-0001 | C48: RFQ-PIP-021 | D48: Ball Valve (Welded End) | G48: 4-19 | H48: PI | I48: N | J48: L3 | K48: LC | L48: VALVITALIA,STARLINE | M48: SH | N48: A | O48: 46174 | P48: 46148 | Q48: 46165 | R48: 46174 | S48: 46174 | T48: 46200 | AQ48: =IF(ISERROR(LOOKUP(AQ$10,$O48:$AP48,#REF!)),0,(LOOKUP(AQ$10,$O48:$AP48,#REF!))) -> 0 | AR48: =IF(ISERROR(LOOKUP(AR$10,$O48:$AP48,#REF!)),0,(LOOKUP(AR$10,$O48:$AP48,#REF!))) -> 0 | AS48: =IF(ISERROR(LOOKUP(AS$10,$O48:$AP48,#REF!)),0,(LOOKUP(AS$10,$O48:$AP48,#REF!))) -> 0 | AT48: =IF(ISERROR(LOOKUP(AT$10,$O48:$AP48,#REF!)),0,(LOOKUP(AT$10,$O48:$AP48,#REF!))) -> 0 | AU48: =IF(ISERROR(LOOKUP(AU$10,$O48:$AP48,#REF!)),0,(LOOKUP(AU$10,$O48:$AP48,#REF!))) -> 0 | AV48: =IF(ISERROR(LOOKUP(AV$10,$O48:$AP48,#REF!)),0,(LOOKUP(AV$10,$O48:$AP48,#REF!))) -> 0 | AW48: =IF(ISERROR(LOOKUP(AW$10,$O48:$AP48,#REF!)),0,(LOOKUP(AW$10,$O48:$AP48,#REF!))) -> 0 | AX48: =IF(ISERROR(LOOKUP(AX$10,$O48:$AP48,#REF!)),0,(LOOKUP(AX$10,$O48:$AP48,#REF!))) -> 0 | ... BA48: =IF(ISERROR(LOOKUP(BA$10,$O48:$AP48,#REF!)),0,(LOOKUP(BA$10,$O48:$AP48,#REF!))) -> 0
A49: =A46+1 -> 13 | B49: MM-ZTK-1F-GEN-PIP-MR-0001 | C49: RFQ-PIP-002 | D49: Globe Valve (Flange End) | F49: 6*4 | G49: 4-21 | H49: PI | I49: N | J49: L3 | K49: LC | L49: KCON, CAMERON declined | M49: SH | N49: P | O49: 46174 | P49: 46177 | Q49: 46185 | R49: 46185 | S49: 46185 | T49: 46202 | U49: 46219 | V49: 46237 | W49: 46248 | X49: 46252 | Y49: 46259 | Z49: 46280 | AA49: 46294 | AB49: 46324 | AC49: 46327 | AD49: 46330 | AE49: 46422 | AF49: 46437 | AG49: 46444 | AH49: 46447 | AI49: 46474 | AJ49: 28 | AK49: 196 | AL49: 46444 | AM49: 46476 | AN49: =AM49-AL50 -> 32 | AO49: Liu Lei | AQ49: =IF(ISERROR(LOOKUP(AQ$10,$O49:$AP49,#REF!)),0,(LOOKUP(AQ$10,$O49:$AP49,#REF!))) -> 0 | AR49: =IF(ISERROR(LOOKUP(AR$10,$O49:$AP49,#REF!)),0,(LOOKUP(AR$10,$O49:$AP49,#REF!))) -> 0 | AS49: =IF(ISERROR(LOOKUP(AS$10,$O49:$AP49,#REF!)),0,(LOOKUP(AS$10,$O49:$AP49,#REF!))) -> 0 | AT49: =IF(ISERROR(LOOKUP(AT$10,$O49:$AP49,#REF!)),0,(LOOKUP(AT$10,$O49:$AP49,#REF!))) -> 0 | AU49: =IF(ISERROR(LOOKUP(AU$10,$O49:$AP49,#REF!)),0,(LOOKUP(AU$10,$O49:$AP49,#REF!))) -> 0 | AV49: =IF(ISERROR(LOOKUP(AV$10,$O49:$AP49,#REF!)),0,(LOOKUP(AV$10,$O49:$AP49,#REF!))) -> 0 | AW49: =IF(ISERROR(LOOKUP(AW$10,$O49:$AP49,#REF!)),0,(LOOKUP(AW$10,$O49:$AP49,#REF!))) -> 0 | AX49: =IF(ISERROR(LOOKUP(AX$10,$O49:$AP49,#REF!)),0,(LOOKUP(AX$10,$O49:$AP49,#REF!))) -> 0 | ... BA49: =IF(ISERROR(LOOKUP(BA$10,$O49:$AP49,#REF!)),0,(LOOKUP(BA$10,$O49:$AP49,#REF!))) -> 0 | BB49: Bidder1 | BC49: 24 weeks after PO
B50: MM-ZTK-1F-GEN-PIP-MR-0001 | C50: RFQ-PIP-002 | D50: Globe Valve (Flange End) | G50: 4-21 | H50: PI | I50: N | J50: L3 | K50: LC | L50: Neway,HDV, Boteli | M50: SH | N50: F | U50: =U49 -> 46219 | V50: =WORKDAY(U50, V8, IF(V12="China",'China Holidays'!$A$2:$A$84,'Thai Holidays'!$A$2:$A$65)) -> 46237 | W50: =WORKDAY(V50, W8, IF(W12="China",'China Holidays'!$A$2:$A$84,'Thai Holidays'!$A$2:$A$65)) -> 46248 | X50: =WORKDAY(W50, X8, IF(X12="China",'China Holidays'!$A$2:$A$84,'Thai Holidays'!$A$2:$A$65)) -> 46252 | Y50: =WORKDAY(X50, Y8, IF(Y12="China",'China Holidays'!$A$2:$A$84,'Thai Holidays'!$A$2:$A$65)) -> 46259 | Z50: =WORKDAY(Y50, Z8, IF(Z12="China",'China Holidays'!$A$2:$A$84,'Thai Holidays'!$A$2:$A$65)) -> 46280 | AA50: =WORKDAY(Z50, AA8, IF(AA12="China",'China Holidays'!$A$2:$A$84,'Thai Holidays'!$A$2:$A$65)) -> 46294 | AB50: =AA50+40 -> 46334 | AC50: =AB50+3 -> 46337 | AD50: =AC50+3 -> 46340 | AE50: =AF50-15 -> 46422 | AF50: =AG50-7 -> 46437 | AG50: =AL50 -> 46444 | AH50: =AL49+3 -> 46447 | AI50: =AL49+30 -> 46474 | AL50: =W50+AK49 -> 46444 | AQ50: =IF(ISERROR(LOOKUP(AQ$10,$O50:$AP50,#REF!)),0,(LOOKUP(AQ$10,$O50:$AP50,#REF!))) -> 0 | AR50: =IF(ISERROR(LOOKUP(AR$10,$O50:$AP50,#REF!)),0,(LOOKUP(AR$10,$O50:$AP50,#REF!))) -> 0 | AS50: =IF(ISERROR(LOOKUP(AS$10,$O50:$AP50,#REF!)),0,(LOOKUP(AS$10,$O50:$AP50,#REF!))) -> 0 | AT50: =IF(ISERROR(LOOKUP(AT$10,$O50:$AP50,#REF!)),0,(LOOKUP(AT$10,$O50:$AP50,#REF!))) -> 0 | AU50: =IF(ISERROR(LOOKUP(AU$10,$O50:$AP50,#REF!)),0,(LOOKUP(AU$10,$O50:$AP50,#REF!))) -> 0 | AV50: =IF(ISERROR(LOOKUP(AV$10,$O50:$AP50,#REF!)),0,(LOOKUP(AV$10,$O50:$AP50,#REF!))) -> 0 | AW50: =IF(ISERROR(LOOKUP(AW$10,$O50:$AP50,#REF!)),0,(LOOKUP(AW$10,$O50:$AP50,#REF!))) -> 0 | AX50: =IF(ISERROR(LOOKUP(AX$10,$O50:$AP50,#REF!)),0,(LOOKUP(AX$10,$O50:$AP50,#REF!))) -> 0 | ... BA50: =IF(ISERROR(LOOKUP(BA$10,$O50:$AP50,#REF!)),0,(LOOKUP(BA$10,$O50:$AP50,#REF!))) -> 0 | BB50: Bidder2 | BC50: 16-20 weeks after drawing approve
B51: MM-ZTK-1F-GEN-PIP-MR-0001 | C51: RFQ-PIP-002 | D51: Globe Valve (Flange End) | G51: 4-21 | H51: PI | I51: N | J51: L3 | K51: LC | L51: Tyco? | M51: SH | N51: A | O51: 46174 | P51: 46148 | Q51: 46165 | R51: 46178 | S51: 46178 | T51: 46198 | AQ51: =IF(ISERROR(LOOKUP(AQ$10,$O51:$AP51,#REF!)),0,(LOOKUP(AQ$10,$O51:$AP51,#REF!))) -> 0 | AR51: =IF(ISERROR(LOOKUP(AR$10,$O51:$AP51,#REF!)),0,(LOOKUP(AR$10,$O51:$AP51,#REF!))) -> 0 | AS51: =IF(ISERROR(LOOKUP(AS$10,$O51:$AP51,#REF!)),0,(LOOKUP(AS$10,$O51:$AP51,#REF!))) -> 0 | AT51: =IF(ISERROR(LOOKUP(AT$10,$O51:$AP51,#REF!)),0,(LOOKUP(AT$10,$O51:$AP51,#REF!))) -> 0 | AU51: =IF(ISERROR(LOOKUP(AU$10,$O51:$AP51,#REF!)),0,(LOOKUP(AU$10,$O51:$AP51,#REF!))) -> 0 | AV51: =IF(ISERROR(LOOKUP(AV$10,$O51:$AP51,#REF!)),0,(LOOKUP(AV$10,$O51:$AP51,#REF!))) -> 0 | AW51: =IF(ISERROR(LOOKUP(AW$10,$O51:$AP51,#REF!)),0,(LOOKUP(AW$10,$O51:$AP51,#REF!))) -> 0 | AX51: =IF(ISERROR(LOOKUP(AX$10,$O51:$AP51,#REF!)),0,(LOOKUP(AX$10,$O51:$AP51,#REF!))) -> 0 | ... BA51: =IF(ISERROR(LOOKUP(BA$10,$O51:$AP51,#REF!)),0,(LOOKUP(BA$10,$O51:$AP51,#REF!))) -> 0 | BB51: Bidder3 | BC51: 20-24 weeks after PO
B52: MM-ZTK-1F-GEN-PIP-MR-0001 | C52: RFQ-PIP-028 | D52: Globe Valve (Welded End) | F52: 5*4 | G52: 4-21 | H52: PI | I52: N | J52: L3 | K52: LC | L52: Combine with PIP-02 | M52: SH | N52: P | O52: 46174 | P52: 46177 | Q52: 46185 | R52: 46185 | S52: 46185 | T52: 46202 | U52: 46219 | V52: 46237 | W52: 46248 | X52: 46252 | Y52: 46259 | Z52: 46280 | AA52: 46294 | AB52: 46324 | AC52: 46327 | AD52: 46330 | AE52: 46422 | AF52: 46437 | AG52: 46444 | AH52: 46447 | AI52: 46474 | AJ52: 28 | AK52: 196 | AL52: 46444 | AM52: 46476 | AN52: =AM52-AL53 -> 32 | AO52: Liu Lei | AQ52: =IF(ISERROR(LOOKUP(AQ$10,$O52:$AP52,#REF!)),0,(LOOKUP(AQ$10,$O52:$AP52,#REF!))) -> 0 | AR52: =IF(ISERROR(LOOKUP(AR$10,$O52:$AP52,#REF!)),0,(LOOKUP(AR$10,$O52:$AP52,#REF!))) -> 0 | AS52: =IF(ISERROR(LOOKUP(AS$10,$O52:$AP52,#REF!)),0,(LOOKUP(AS$10,$O52:$AP52,#REF!))) -> 0 | AT52: =IF(ISERROR(LOOKUP(AT$10,$O52:$AP52,#REF!)),0,(LOOKUP(AT$10,$O52:$AP52,#REF!))) -> 0 | AU52: =IF(ISERROR(LOOKUP(AU$10,$O52:$AP52,#REF!)),0,(LOOKUP(AU$10,$O52:$AP52,#REF!))) -> 0 | AV52: =IF(ISERROR(LOOKUP(AV$10,$O52:$AP52,#REF!)),0,(LOOKUP(AV$10,$O52:$AP52,#REF!))) -> 0 | AW52: =IF(ISERROR(LOOKUP(AW$10,$O52:$AP52,#REF!)),0,(LOOKUP(AW$10,$O52:$AP52,#REF!))) -> 0 | AX52: =IF(ISERROR(LOOKUP(AX$10,$O52:$AP52,#REF!)),0,(LOOKUP(AX$10,$O52:$AP52,#REF!))) -> 0 | ... BA52: =IF(ISERROR(LOOKUP(BA$10,$O52:$AP52,#REF!)),0,(LOOKUP(BA$10,$O52:$AP52,#REF!))) -> 0
B53: MM-ZTK-1F-GEN-PIP-MR-0001 | C53: RFQ-PIP-028 | D53: Globe Valve (Welded End) | G53: 4-21 | H53: PI | I53: N | J53: L3 | K53: LC | M53: SH | N53: F | U53: =U52 -> 46219 | V53: =WORKDAY(U53, V8, IF(V12="China",'China Holidays'!$A$2:$A$84,'Thai Holidays'!$A$2:$A$65)) -> 46237 | W53: =WORKDAY(V53, W8, IF(W12="China",'China Holidays'!$A$2:$A$84,'Thai Holidays'!$A$2:$A$65)) -> 46248 | X53: =WORKDAY(W53, X8, IF(X12="China",'China Holidays'!$A$2:$A$84,'Thai Holidays'!$A$2:$A$65)) -> 46252 | Y53: =WORKDAY(X53, Y17, IF(Y21="China",'China Holidays'!$A$2:$A$84,'Thai Holidays'!$A$2:$A$65)) -> 111002 | Z53: =WORKDAY(Y53, Z17, IF(Z21="China",'China Holidays'!$A$2:$A$84,'Thai Holidays'!$A$2:$A$65)) -> 175748 | AA53: =WORKDAY(Z53, AA17, IF(AA21="China",'China Holidays'!$A$2:$A$84,'Thai Holidays'!$A$2:$A$65)) -> 240516 | AB53: =AA53+30 -> 240546 | AC53: =AB53+3 -> 240549 | AD53: =AC53+3 -> 240552 | AE53: =AF53-15 -> 46422 | AF53: =AG53-7 -> 46437 | AG53: =AL53 -> 46444 | AH53: =AL52+3 -> 46447 | AI53: =AL52+30 -> 46474 | AL53: =W53+AK52 -> 46444 | AQ53: =IF(ISERROR(LOOKUP(AQ$10,$O53:$AP53,#REF!)),0,(LOOKUP(AQ$10,$O53:$AP53,#REF!))) -> 0 | AR53: =IF(ISERROR(LOOKUP(AR$10,$O53:$AP53,#REF!)),0,(LOOKUP(AR$10,$O53:$AP53,#REF!))) -> 0 | AS53: =IF(ISERROR(LOOKUP(AS$10,$O53:$AP53,#REF!)),0,(LOOKUP(AS$10,$O53:$AP53,#REF!))) -> 0 | AT53: =IF(ISERROR(LOOKUP(AT$10,$O53:$AP53,#REF!)),0,(LOOKUP(AT$10,$O53:$AP53,#REF!))) -> 0 | AU53: =IF(ISERROR(LOOKUP(AU$10,$O53:$AP53,#REF!)),0,(LOOKUP(AU$10,$O53:$AP53,#REF!))) -> 0 | AV53: =IF(ISERROR(LOOKUP(AV$10,$O53:$AP53,#REF!)),0,(LOOKUP(AV$10,$O53:$AP53,#REF!))) -> 0 | AW53: =IF(ISERROR(LOOKUP(AW$10,$O53:$AP53,#REF!)),0,(LOOKUP(AW$10,$O53:$AP53,#REF!))) -> 0 | AX53: =IF(ISERROR(LOOKUP(AX$10,$O53:$AP53,#REF!)),0,(LOOKUP(AX$10,$O53:$AP53,#REF!))) -> 0 | ... BA53: =IF(ISERROR(LOOKUP(BA$10,$O53:$AP53,#REF!)),0,(LOOKUP(BA$10,$O53:$AP53,#REF!))) -> 0
B54: MM-ZTK-1F-GEN-PIP-MR-0001 | C54: RFQ-PIP-028 | D54: Globe Valve (Welded End) | G54: 4-21 | H54: PI | I54: N | J54: L3 | K54: LC | M54: SH | N54: A | O54: 46174 | P54: 46148 | Q54: 46165 | R54: 46178 | S54: 46178 | T54: 46198 | AQ54: =IF(ISERROR(LOOKUP(AQ$10,$O54:$AP54,#REF!)),0,(LOOKUP(AQ$10,$O54:$AP54,#REF!))) -> 0 | AR54: =IF(ISERROR(LOOKUP(AR$10,$O54:$AP54,#REF!)),0,(LOOKUP(AR$10,$O54:$AP54,#REF!))) -> 0 | AS54: =IF(ISERROR(LOOKUP(AS$10,$O54:$AP54,#REF!)),0,(LOOKUP(AS$10,$O54:$AP54,#REF!))) -> 0 | AT54: =IF(ISERROR(LOOKUP(AT$10,$O54:$AP54,#REF!)),0,(LOOKUP(AT$10,$O54:$AP54,#REF!))) -> 0 | AU54: =IF(ISERROR(LOOKUP(AU$10,$O54:$AP54,#REF!)),0,(LOOKUP(AU$10,$O54:$AP54,#REF!))) -> 0 | AV54: =IF(ISERROR(LOOKUP(AV$10,$O54:$AP54,#REF!)),0,(LOOKUP(AV$10,$O54:$AP54,#REF!))) -> 0 | AW54: =IF(ISERROR(LOOKUP(AW$10,$O54:$AP54,#REF!)),0,(LOOKUP(AW$10,$O54:$AP54,#REF!))) -> 0 | AX54: =IF(ISERROR(LOOKUP(AX$10,$O54:$AP54,#REF!)),0,(LOOKUP(AX$10,$O54:$AP54,#REF!))) -> 0 | ... BA54: =IF(ISERROR(LOOKUP(BA$10,$O54:$AP54,#REF!)),0,(LOOKUP(BA$10,$O54:$AP54,#REF!))) -> 0
B55: MM-ZTK-1F-GEN-PIP-MR-0001 | C55: RFQ-PIP-003 | D55: Check Valve (Swing) | F55: 1*4 | G55: 4-22 | H55: PI | I55: N | J55: L3 | K55: LC | L55: Combined with Check Wafer | M55: SH | N55: P | O55: 46174 | P55: 46177 | Q55: 46185 | R55: 46185 | S55: 46185 | T55: 46202 | U55: 46219 | V55: 46237 | W55: 46248 | X55: 46252 | Y55: 46259 | Z55: 46280 | AA55: 46294 | AB55: 46324 | AC55: 46327 | AD55: 46330 | AE55: 46422 | AF55: 46437 | AG55: 46444 | AH55: 46447 | AI55: 46474 | AJ55: 28 | AK55: 196 | AL55: 46444 | AM55: 46476 | AN55: =AM55-AL56 -> 32 | AO55: Liu Lei | AQ55: =IF(ISERROR(LOOKUP(AQ$10,$O55:$AP55,#REF!)),0,(LOOKUP(AQ$10,$O55:$AP55,#REF!))) -> 0 | AR55: =IF(ISERROR(LOOKUP(AR$10,$O55:$AP55,#REF!)),0,(LOOKUP(AR$10,$O55:$AP55,#REF!))) -> 0 | AS55: =IF(ISERROR(LOOKUP(AS$10,$O55:$AP55,#REF!)),0,(LOOKUP(AS$10,$O55:$AP55,#REF!))) -> 0 | AT55: =IF(ISERROR(LOOKUP(AT$10,$O55:$AP55,#REF!)),0,(LOOKUP(AT$10,$O55:$AP55,#REF!))) -> 0 | AU55: =IF(ISERROR(LOOKUP(AU$10,$O55:$AP55,#REF!)),0,(LOOKUP(AU$10,$O55:$AP55,#REF!))) -> 0 | AV55: =IF(ISERROR(LOOKUP(AV$10,$O55:$AP55,#REF!)),0,(LOOKUP(AV$10,$O55:$AP55,#REF!))) -> 0 | AW55: =IF(ISERROR(LOOKUP(AW$10,$O55:$AP55,#REF!)),0,(LOOKUP(AW$10,$O55:$AP55,#REF!))) -> 0 | AX55: =IF(ISERROR(LOOKUP(AX$10,$O55:$AP55,#REF!)),0,(LOOKUP(AX$10,$O55:$AP55,#REF!))) -> 0 | ... BA55: =IF(ISERROR(LOOKUP(BA$10,$O55:$AP55,#REF!)),0,(LOOKUP(BA$10,$O55:$AP55,#REF!))) -> 0
B56: MM-ZTK-1F-GEN-PIP-MR-0001 | C56: RFQ-PIP-003 | D56: Check Valve (Swing) | G56: 4-22 | H56: PI | I56: N | J56: L3 | K56: LC | M56: SH | N56: F | U56: =U55 -> 46219 | V56: =WORKDAY(U56, V8, IF(V12="China",'China Holidays'!$A$2:$A$84,'Thai Holidays'!$A$2:$A$65)) -> 46237 | W56: =WORKDAY(V56, W8, IF(W12="China",'China Holidays'!$A$2:$A$84,'Thai Holidays'!$A$2:$A$65)) -> 46248 | X56: =WORKDAY(W56, X8, IF(X12="China",'China Holidays'!$A$2:$A$84,'Thai Holidays'!$A$2:$A$65)) -> 46252 | Y56: =WORKDAY(X56, Y8, IF(Y12="China",'China Holidays'!$A$2:$A$84,'Thai Holidays'!$A$2:$A$65)) -> 46259 | Z56: =WORKDAY(Y56, Z8, IF(Z12="China",'China Holidays'!$A$2:$A$84,'Thai Holidays'!$A$2:$A$65)) -> 46280 | AA56: =WORKDAY(Z56, AA8, IF(AA12="China",'China Holidays'!$A$2:$A$84,'Thai Holidays'!$A$2:$A$65)) -> 46294 | AB56: =AA56+30 -> 46324 | AC56: =AB56+3 -> 46327 | AD56: =AC56+3 -> 46330 | AE56: =AF56-15 -> 46422 | AF56: =AG56-7 -> 46437 | AG56: =AL56 -> 46444 | AH56: =AL55+3 -> 46447 | AI56: =AL55+30 -> 46474 | AL56: =W56+AK55 -> 46444 | AQ56: =IF(ISERROR(LOOKUP(AQ$10,$O56:$AP56,#REF!)),0,(LOOKUP(AQ$10,$O56:$AP56,#REF!))) -> 0 | AR56: =IF(ISERROR(LOOKUP(AR$10,$O56:$AP56,#REF!)),0,(LOOKUP(AR$10,$O56:$AP56,#REF!))) -> 0 | AS56: =IF(ISERROR(LOOKUP(AS$10,$O56:$AP56,#REF!)),0,(LOOKUP(AS$10,$O56:$AP56,#REF!))) -> 0 | AT56: =IF(ISERROR(LOOKUP(AT$10,$O56:$AP56,#REF!)),0,(LOOKUP(AT$10,$O56:$AP56,#REF!))) -> 0 | AU56: =IF(ISERROR(LOOKUP(AU$10,$O56:$AP56,#REF!)),0,(LOOKUP(AU$10,$O56:$AP56,#REF!))) -> 0 | AV56: =IF(ISERROR(LOOKUP(AV$10,$O56:$AP56,#REF!)),0,(LOOKUP(AV$10,$O56:$AP56,#REF!))) -> 0 | AW56: =IF(ISERROR(LOOKUP(AW$10,$O56:$AP56,#REF!)),0,(LOOKUP(AW$10,$O56:$AP56,#REF!))) -> 0 | AX56: =IF(ISERROR(LOOKUP(AX$10,$O56:$AP56,#REF!)),0,(LOOKUP(AX$10,$O56:$AP56,#REF!))) -> 0 | ... BA56: =IF(ISERROR(LOOKUP(BA$10,$O56:$AP56,#REF!)),0,(LOOKUP(BA$10,$O56:$AP56,#REF!))) -> 0
B57: MM-ZTK-1F-GEN-PIP-MR-0001 | C57: RFQ-PIP-003 | D57: Check Valve (Swing) | G57: 4-22 | H57: PI | I57: N | J57: L3 | K57: LC | M57: SH | N57: A | O57: 46174 | P57: 46148 | Q57: 46165 | R57: 46182 | S57: 46182 | T57: 46202 | AQ57: =IF(ISERROR(LOOKUP(AQ$10,$O57:$AP57,#REF!)),0,(LOOKUP(AQ$10,$O57:$AP57,#REF!))) -> 0 | AR57: =IF(ISERROR(LOOKUP(AR$10,$O57:$AP57,#REF!)),0,(LOOKUP(AR$10,$O57:$AP57,#REF!))) -> 0 | AS57: =IF(ISERROR(LOOKUP(AS$10,$O57:$AP57,#REF!)),0,(LOOKUP(AS$10,$O57:$AP57,#REF!))) -> 0 | AT57: =IF(ISERROR(LOOKUP(AT$10,$O57:$AP57,#REF!)),0,(LOOKUP(AT$10,$O57:$AP57,#REF!))) -> 0 | AU57: =IF(ISERROR(LOOKUP(AU$10,$O57:$AP57,#REF!)),0,(LOOKUP(AU$10,$O57:$AP57,#REF!))) -> 0 | AV57: =IF(ISERROR(LOOKUP(AV$10,$O57:$AP57,#REF!)),0,(LOOKUP(AV$10,$O57:$AP57,#REF!))) -> 0 | AW57: =IF(ISERROR(LOOKUP(AW$10,$O57:$AP57,#REF!)),0,(LOOKUP(AW$10,$O57:$AP57,#REF!))) -> 0 | AX57: =IF(ISERROR(LOOKUP(AX$10,$O57:$AP57,#REF!)),0,(LOOKUP(AX$10,$O57:$AP57,#REF!))) -> 0 | ... BA57: =IF(ISERROR(LOOKUP(BA$10,$O57:$AP57,#REF!)),0,(LOOKUP(BA$10,$O57:$AP57,#REF!))) -> 0
B58: MM-ZTK-1F-GEN-PIP-MR-0001 | C58: RFQ-PIP-029 | D58: Check Valve (Position) | F58: 1*4 | G58: 4-22 | H58: PI | I58: N | J58: L3 | K58: LC | L58: Combined with Check Wafer | M58: SH | N58: P | O58: 46174 | P58: 46177 | Q58: 46185 | R58: 46185 | S58: 46185 | T58: 46202 | U58: 46219 | V58: 46237 | W58: 46248 | X58: 46252 | Y58: 46259 | Z58: 46280 | AA58: 46294 | AB58: 46324 | AC58: 46327 | AD58: 46330 | AE58: 46422 | AF58: 46437 | AG58: 46444 | AH58: 46447 | AI58: 46474 | AJ58: 28 | AK58: 196 | AL58: 46444 | AM58: 46476 | AN58: =AM58-AL59 -> 32 | AO58: Liu Lei | AQ58: =IF(ISERROR(LOOKUP(AQ$10,$O58:$AP58,#REF!)),0,(LOOKUP(AQ$10,$O58:$AP58,#REF!))) -> 0 | AR58: =IF(ISERROR(LOOKUP(AR$10,$O58:$AP58,#REF!)),0,(LOOKUP(AR$10,$O58:$AP58,#REF!))) -> 0 | AS58: =IF(ISERROR(LOOKUP(AS$10,$O58:$AP58,#REF!)),0,(LOOKUP(AS$10,$O58:$AP58,#REF!))) -> 0 | AT58: =IF(ISERROR(LOOKUP(AT$10,$O58:$AP58,#REF!)),0,(LOOKUP(AT$10,$O58:$AP58,#REF!))) -> 0 | AU58: =IF(ISERROR(LOOKUP(AU$10,$O58:$AP58,#REF!)),0,(LOOKUP(AU$10,$O58:$AP58,#REF!))) -> 0 | AV58: =IF(ISERROR(LOOKUP(AV$10,$O58:$AP58,#REF!)),0,(LOOKUP(AV$10,$O58:$AP58,#REF!))) -> 0 | AW58: =IF(ISERROR(LOOKUP(AW$10,$O58:$AP58,#REF!)),0,(LOOKUP(AW$10,$O58:$AP58,#REF!))) -> 0 | AX58: =IF(ISERROR(LOOKUP(AX$10,$O58:$AP58,#REF!)),0,(LOOKUP(AX$10,$O58:$AP58,#REF!))) -> 0 | ... BA58: =IF(ISERROR(LOOKUP(BA$10,$O58:$AP58,#REF!)),0,(LOOKUP(BA$10,$O58:$AP58,#REF!))) -> 0
B59: MM-ZTK-1F-GEN-PIP-MR-0001 | C59: RFQ-PIP-029 | D59: Check Valve (Position) | G59: 4-22 | H59: PI | I59: N | J59: L3 | K59: LC | M59: SH | N59: F | U59: =U58 -> 46219 | V59: =WORKDAY(U59, V8, IF(V12="China",'China Holidays'!$A$2:$A$84,'Thai Holidays'!$A$2:$A$65)) -> 46237 | W59: =WORKDAY(V59, W8, IF(W12="China",'China Holidays'!$A$2:$A$84,'Thai Holidays'!$A$2:$A$65)) -> 46248 | X59: =WORKDAY(W59, X8, IF(X12="China",'China Holidays'!$A$2:$A$84,'Thai Holidays'!$A$2:$A$65)) -> 46252 | Y59: =WORKDAY(X59, Y8, IF(Y12="China",'China Holidays'!$A$2:$A$84,'Thai Holidays'!$A$2:$A$65)) -> 46259 | Z59: =WORKDAY(Y59, Z8, IF(Z12="China",'China Holidays'!$A$2:$A$84,'Thai Holidays'!$A$2:$A$65)) -> 46280 | AA59: =WORKDAY(Z59, AA8, IF(AA12="China",'China Holidays'!$A$2:$A$84,'Thai Holidays'!$A$2:$A$65)) -> 46294 | AB59: =AA59+30 -> 46324 | AC59: =AB59+3 -> 46327 | AD59: =AC59+3 -> 46330 | AE59: =AF59-15 -> 46422 | AF59: =AG59-7 -> 46437 | AG59: =AL59 -> 46444 | AH59: =AL58+3 -> 46447 | AI59: =AL58+30 -> 46474 | AL59: =W59+AK58 -> 46444 | AQ59: =IF(ISERROR(LOOKUP(AQ$10,$O59:$AP59,#REF!)),0,(LOOKUP(AQ$10,$O59:$AP59,#REF!))) -> 0 | AR59: =IF(ISERROR(LOOKUP(AR$10,$O59:$AP59,#REF!)),0,(LOOKUP(AR$10,$O59:$AP59,#REF!))) -> 0 | AS59: =IF(ISERROR(LOOKUP(AS$10,$O59:$AP59,#REF!)),0,(LOOKUP(AS$10,$O59:$AP59,#REF!))) -> 0 | AT59: =IF(ISERROR(LOOKUP(AT$10,$O59:$AP59,#REF!)),0,(LOOKUP(AT$10,$O59:$AP59,#REF!))) -> 0 | AU59: =IF(ISERROR(LOOKUP(AU$10,$O59:$AP59,#REF!)),0,(LOOKUP(AU$10,$O59:$AP59,#REF!))) -> 0 | AV59: =IF(ISERROR(LOOKUP(AV$10,$O59:$AP59,#REF!)),0,(LOOKUP(AV$10,$O59:$AP59,#REF!))) -> 0 | AW59: =IF(ISERROR(LOOKUP(AW$10,$O59:$AP59,#REF!)),0,(LOOKUP(AW$10,$O59:$AP59,#REF!))) -> 0 | AX59: =IF(ISERROR(LOOKUP(AX$10,$O59:$AP59,#REF!)),0,(LOOKUP(AX$10,$O59:$AP59,#REF!))) -> 0 | ... BA59: =IF(ISERROR(LOOKUP(BA$10,$O59:$AP59,#REF!)),0,(LOOKUP(BA$10,$O59:$AP59,#REF!))) -> 0
B60: MM-ZTK-1F-GEN-PIP-MR-0001 | C60: RFQ-PIP-029 | D60: Check Valve (Position) | G60: 4-22 | H60: PI | I60: N | J60: L3 | K60: LC | M60: SH | N60: A | O60: 46174 | P60: 46148 | Q60: 46165 | R60: 46182 | S60: 46182 | T60: 46202 | AQ60: =IF(ISERROR(LOOKUP(AQ$10,$O60:$AP60,#REF!)),0,(LOOKUP(AQ$10,$O60:$AP60,#REF!))) -> 0 | AR60: =IF(ISERROR(LOOKUP(AR$10,$O60:$AP60,#REF!)),0,(LOOKUP(AR$10,$O60:$AP60,#REF!))) -> 0 | AS60: =IF(ISERROR(LOOKUP(AS$10,$O60:$AP60,#REF!)),0,(LOOKUP(AS$10,$O60:$AP60,#REF!))) -> 0 | AT60: =IF(ISERROR(LOOKUP(AT$10,$O60:$AP60,#REF!)),0,(LOOKUP(AT$10,$O60:$AP60,#REF!))) -> 0 | AU60: =IF(ISERROR(LOOKUP(AU$10,$O60:$AP60,#REF!)),0,(LOOKUP(AU$10,$O60:$AP60,#REF!))) -> 0 | AV60: =IF(ISERROR(LOOKUP(AV$10,$O60:$AP60,#REF!)),0,(LOOKUP(AV$10,$O60:$AP60,#REF!))) -> 0 | AW60: =IF(ISERROR(LOOKUP(AW$10,$O60:$AP60,#REF!)),0,(LOOKUP(AW$10,$O60:$AP60,#REF!))) -> 0 | AX60: =IF(ISERROR(LOOKUP(AX$10,$O60:$AP60,#REF!)),0,(LOOKUP(AX$10,$O60:$AP60,#REF!))) -> 0 | ... BA60: =IF(ISERROR(LOOKUP(BA$10,$O60:$AP60,#REF!)),0,(LOOKUP(BA$10,$O60:$AP60,#REF!))) -> 0
A61: =A49+1 -> 14 | B61: MM-ZTK-1F-GEN-PIP-MR-0001 | C61: RFQ-PIP-030 | D61: Check Valve (Wafer) | F61: 7*4 | G61: 4-22 | H61: PI | I61: N | J61: L3 | K61: LC | L61: DHV,Huaying, Newway | M61: SH | N61: P | O61: 46174 | P61: 46177 | Q61: 46185 | R61: 46185 | S61: 46185 | T61: 46202 | U61: 46219 | V61: 46237 | W61: 46248 | X61: 46252 | Y61: 46259 | Z61: 46280 | AA61: 46294 | AB61: 46324 | AC61: 46327 | AD61: 46330 | AE61: 46422 | AF61: 46437 | AG61: 46444 | AH61: 46447 | AI61: 46474 | AJ61: 28 | AK61: 196 | AL61: 46444 | AM61: 46476 | AN61: =AM61-AL62 -> 32 | AO61: Liu Lei | AQ61: =IF(ISERROR(LOOKUP(AQ$10,$O61:$AP61,#REF!)),0,(LOOKUP(AQ$10,$O61:$AP61,#REF!))) -> 0 | AR61: =IF(ISERROR(LOOKUP(AR$10,$O61:$AP61,#REF!)),0,(LOOKUP(AR$10,$O61:$AP61,#REF!))) -> 0 | AS61: =IF(ISERROR(LOOKUP(AS$10,$O61:$AP61,#REF!)),0,(LOOKUP(AS$10,$O61:$AP61,#REF!))) -> 0 | AT61: =IF(ISERROR(LOOKUP(AT$10,$O61:$AP61,#REF!)),0,(LOOKUP(AT$10,$O61:$AP61,#REF!))) -> 0 | AU61: =IF(ISERROR(LOOKUP(AU$10,$O61:$AP61,#REF!)),0,(LOOKUP(AU$10,$O61:$AP61,#REF!))) -> 0 | AV61: =IF(ISERROR(LOOKUP(AV$10,$O61:$AP61,#REF!)),0,(LOOKUP(AV$10,$O61:$AP61,#REF!))) -> 0 | AW61: =IF(ISERROR(LOOKUP(AW$10,$O61:$AP61,#REF!)),0,(LOOKUP(AW$10,$O61:$AP61,#REF!))) -> 0 | AX61: =IF(ISERROR(LOOKUP(AX$10,$O61:$AP61,#REF!)),0,(LOOKUP(AX$10,$O61:$AP61,#REF!))) -> 0 | ... BA61: =IF(ISERROR(LOOKUP(BA$10,$O61:$AP61,#REF!)),0,(LOOKUP(BA$10,$O61:$AP61,#REF!))) -> 0 | BB61: Bidder1 | BC61: 24 weeks after PO
B62: MM-ZTK-1F-GEN-PIP-MR-0001 | C62: RFQ-PIP-030 | D62: Check Valve (Wafer) | G62: 4-22 | H62: PI | I62: N | J62: L3 | K62: LC | L62: Emerson | M62: SH | N62: F | U62: =U61 -> 46219 | V62: =WORKDAY(U62, V8, IF(V12="China",'China Holidays'!$A$2:$A$84,'Thai Holidays'!$A$2:$A$65)) -> 46237 | W62: =WORKDAY(V62, W8, IF(W12="China",'China Holidays'!$A$2:$A$84,'Thai Holidays'!$A$2:$A$65)) -> 46248 | X62: =WORKDAY(W62, X8, IF(X12="China",'China Holidays'!$A$2:$A$84,'Thai Holidays'!$A$2:$A$65)) -> 46252 | Y62: =WORKDAY(X62, Y8, IF(Y12="China",'China Holidays'!$A$2:$A$84,'Thai Holidays'!$A$2:$A$65)) -> 46259 | Z62: =WORKDAY(Y62, Z8, IF(Z12="China",'China Holidays'!$A$2:$A$84,'Thai Holidays'!$A$2:$A$65)) -> 46280 | AA62: =WORKDAY(Z62, AA8, IF(AA12="China",'China Holidays'!$A$2:$A$84,'Thai Holidays'!$A$2:$A$65)) -> 46294 | AB62: =AA62+30 -> 46324 | AC62: =AB62+3 -> 46327 | AD62: =AC62+3 -> 46330 | AE62: =AF62-15 -> 46422 | AF62: =AG62-7 -> 46437 | AG62: =AL62 -> 46444 | AH62: =AL61+3 -> 46447 | AI62: =AL61+30 -> 46474 | AL62: =W62+AK61 -> 46444 | AQ62: =IF(ISERROR(LOOKUP(AQ$10,$O62:$AP62,#REF!)),0,(LOOKUP(AQ$10,$O62:$AP62,#REF!))) -> 0 | AR62: =IF(ISERROR(LOOKUP(AR$10,$O62:$AP62,#REF!)),0,(LOOKUP(AR$10,$O62:$AP62,#REF!))) -> 0 | AS62: =IF(ISERROR(LOOKUP(AS$10,$O62:$AP62,#REF!)),0,(LOOKUP(AS$10,$O62:$AP62,#REF!))) -> 0 | AT62: =IF(ISERROR(LOOKUP(AT$10,$O62:$AP62,#REF!)),0,(LOOKUP(AT$10,$O62:$AP62,#REF!))) -> 0 | AU62: =IF(ISERROR(LOOKUP(AU$10,$O62:$AP62,#REF!)),0,(LOOKUP(AU$10,$O62:$AP62,#REF!))) -> 0 | AV62: =IF(ISERROR(LOOKUP(AV$10,$O62:$AP62,#REF!)),0,(LOOKUP(AV$10,$O62:$AP62,#REF!))) -> 0 | AW62: =IF(ISERROR(LOOKUP(AW$10,$O62:$AP62,#REF!)),0,(LOOKUP(AW$10,$O62:$AP62,#REF!))) -> 0 | AX62: =IF(ISERROR(LOOKUP(AX$10,$O62:$AP62,#REF!)),0,(LOOKUP(AX$10,$O62:$AP62,#REF!))) -> 0 | ... BA62: =IF(ISERROR(LOOKUP(BA$10,$O62:$AP62,#REF!)),0,(LOOKUP(BA$10,$O62:$AP62,#REF!))) -> 0 | BB62: Bidder2 | BC62: 16-20 weeks after drawing approve
B63: MM-ZTK-1F-GEN-PIP-MR-0001 | C63: RFQ-PIP-030 | D63: Check Valve (Wafer) | G63: 4-22 | H63: PI | I63: N | J63: L3 | K63: LC | M63: SH | N63: A | O63: 46174 | P63: 46148 | Q63: 46165 | R63: 46182 | S63: 46182 | T63: 46202 | AQ63: =IF(ISERROR(LOOKUP(AQ$10,$O63:$AP63,#REF!)),0,(LOOKUP(AQ$10,$O63:$AP63,#REF!))) -> 0 | AR63: =IF(ISERROR(LOOKUP(AR$10,$O63:$AP63,#REF!)),0,(LOOKUP(AR$10,$O63:$AP63,#REF!))) -> 0 | AS63: =IF(ISERROR(LOOKUP(AS$10,$O63:$AP63,#REF!)),0,(LOOKUP(AS$10,$O63:$AP63,#REF!))) -> 0 | AT63: =IF(ISERROR(LOOKUP(AT$10,$O63:$AP63,#REF!)),0,(LOOKUP(AT$10,$O63:$AP63,#REF!))) -> 0 | AU63: =IF(ISERROR(LOOKUP(AU$10,$O63:$AP63,#REF!)),0,(LOOKUP(AU$10,$O63:$AP63,#REF!))) -> 0 | AV63: =IF(ISERROR(LOOKUP(AV$10,$O63:$AP63,#REF!)),0,(LOOKUP(AV$10,$O63:$AP63,#REF!))) -> 0 | AW63: =IF(ISERROR(LOOKUP(AW$10,$O63:$AP63,#REF!)),0,(LOOKUP(AW$10,$O63:$AP63,#REF!))) -> 0 | AX63: =IF(ISERROR(LOOKUP(AX$10,$O63:$AP63,#REF!)),0,(LOOKUP(AX$10,$O63:$AP63,#REF!))) -> 0 | ... BA63: =IF(ISERROR(LOOKUP(BA$10,$O63:$AP63,#REF!)),0,(LOOKUP(BA$10,$O63:$AP63,#REF!))) -> 0 | BB63: Bidder3 | BC63: 20-24 weeks after PO
A64: =A61+1 -> 15 | B64: MM-ZTK-1F-GEN-PIP-MR-0001 | C64: RFQ-PIP-004 | D64: Check valve (Compact) | F64: 16*4 | G64: 4-41 | H64: PI | I64: N | J64: L2 | K64: LB | L64: FMC,COMBET | M64: SH | N64: P | O64: 46174 | P64: 46177 | Q64: 46185 | R64: 46185 | S64: 46177 | T64: 46191 | U64: 46216 | V64: 46230 | W64: 46244 | X64: 46246 | Y64: 46253 | Z64: 46281 | AA64: 46295 | AB64: 46325 | AC64: 46328 | AD64: 46331 | AE64: 46420 | AF64: 46435 | AG64: 46440 | AH64: 46443 | AI64: 46470 | AJ64: 28 | AK64: 196 | AL64: 46440 | AM64: 46466 | AN64: =AM64-AL65 -> 26 | AO64: Lin Yazhen | AQ64: =IF(ISERROR(LOOKUP(AQ$10,$O64:$AP64,#REF!)),0,(LOOKUP(AQ$10,$O64:$AP64,#REF!))) -> 0 | AR64: =IF(ISERROR(LOOKUP(AR$10,$O64:$AP64,#REF!)),0,(LOOKUP(AR$10,$O64:$AP64,#REF!))) -> 0 | AS64: =IF(ISERROR(LOOKUP(AS$10,$O64:$AP64,#REF!)),0,(LOOKUP(AS$10,$O64:$AP64,#REF!))) -> 0 | AT64: =IF(ISERROR(LOOKUP(AT$10,$O64:$AP64,#REF!)),0,(LOOKUP(AT$10,$O64:$AP64,#REF!))) -> 0 | AU64: =IF(ISERROR(LOOKUP(AU$10,$O64:$AP64,#REF!)),0,(LOOKUP(AU$10,$O64:$AP64,#REF!))) -> 0 | AV64: =IF(ISERROR(LOOKUP(AV$10,$O64:$AP64,#REF!)),0,(LOOKUP(AV$10,$O64:$AP64,#REF!))) -> 0 | AW64: =IF(ISERROR(LOOKUP(AW$10,$O64:$AP64,#REF!)),0,(LOOKUP(AW$10,$O64:$AP64,#REF!))) -> 0 | AX64: =IF(ISERROR(LOOKUP(AX$10,$O64:$AP64,#REF!)),0,(LOOKUP(AX$10,$O64:$AP64,#REF!))) -> 0 | ... BA64: =IF(ISERROR(LOOKUP(BA$10,$O64:$AP64,#REF!)),0,(LOOKUP(BA$10,$O64:$AP64,#REF!))) -> 0
B65: MM-ZTK-1F-GEN-PIP-MR-0001 | C65: RFQ-PIP-004 | D65: Check valve (Compact) | G65: 4-41 | H65: PI | I65: N | J65: L2 | K65: LB | L65: PIPER VALVE | M65: SH | N65: F | U65: =U64 -> 46216 | V65: =WORKDAY(U65, V7, IF(V12="China",'China Holidays'!$A$2:$A$84,'Thai Holidays'!$A$2:$A$65)) -> 46230 | W65: =W64 -> 46244 | X65: =WORKDAY(W65, X7, IF(X12="China",'China Holidays'!$A$2:$A$84,'Thai Holidays'!$A$2:$A$65)) -> 46246 | Y65: =WORKDAY(X65, Y7, IF(Y12="China",'China Holidays'!$A$2:$A$84,'Thai Holidays'!$A$2:$A$65)) -> 46253 | Z65: =WORKDAY(Y65, Z7, IF(Z12="China",'China Holidays'!$A$2:$A$84,'Thai Holidays'!$A$2:$A$65)) -> 46281 | AA65: =WORKDAY(Z65, AA7, IF(AA12="China",'China Holidays'!$A$2:$A$84,'Thai Holidays'!$A$2:$A$65)) -> 46295 | AB65: =AA65+30 -> 46325 | AC65: =AB65+3 -> 46328 | AD65: =AC65+3 -> 46331 | AE65: =AF65-10 -> 46425 | AF65: =AG65-5 -> 46435 | AG65: =AL65 -> 46440 | AH65: =AL64+3 -> 46443 | AI65: =AL64+30 -> 46470 | AL65: =W65+AK64 -> 46440 | AQ65: =IF(ISERROR(LOOKUP(AQ$10,$O65:$AP65,#REF!)),0,(LOOKUP(AQ$10,$O65:$AP65,#REF!))) -> 0 | AR65: =IF(ISERROR(LOOKUP(AR$10,$O65:$AP65,#REF!)),0,(LOOKUP(AR$10,$O65:$AP65,#REF!))) -> 0 | AS65: =IF(ISERROR(LOOKUP(AS$10,$O65:$AP65,#REF!)),0,(LOOKUP(AS$10,$O65:$AP65,#REF!))) -> 0 | AT65: =IF(ISERROR(LOOKUP(AT$10,$O65:$AP65,#REF!)),0,(LOOKUP(AT$10,$O65:$AP65,#REF!))) -> 0 | AU65: =IF(ISERROR(LOOKUP(AU$10,$O65:$AP65,#REF!)),0,(LOOKUP(AU$10,$O65:$AP65,#REF!))) -> 0 | AV65: =IF(ISERROR(LOOKUP(AV$10,$O65:$AP65,#REF!)),0,(LOOKUP(AV$10,$O65:$AP65,#REF!))) -> 0 | AW65: =IF(ISERROR(LOOKUP(AW$10,$O65:$AP65,#REF!)),0,(LOOKUP(AW$10,$O65:$AP65,#REF!))) -> 0 | AX65: =IF(ISERROR(LOOKUP(AX$10,$O65:$AP65,#REF!)),0,(LOOKUP(AX$10,$O65:$AP65,#REF!))) -> 0 | ... BA65: =IF(ISERROR(LOOKUP(BA$10,$O65:$AP65,#REF!)),0,(LOOKUP(BA$10,$O65:$AP65,#REF!))) -> 0
B66: MM-ZTK-1F-GEN-PIP-MR-0001 | C66: RFQ-PIP-004 | D66: Check valve (Compact) | G66: 4-41 | H66: PI | I66: N | J66: L2 | K66: LB | L66: KCON | M66: SH | N66: A | O66: 46174 | P66: 46148 | Q66: 46165 | R66: 46174 | S66: 46174 | T66: 46188 | AQ66: =IF(ISERROR(LOOKUP(AQ$10,$O66:$AP66,#REF!)),0,(LOOKUP(AQ$10,$O66:$AP66,#REF!))) -> 0 | AR66: =IF(ISERROR(LOOKUP(AR$10,$O66:$AP66,#REF!)),0,(LOOKUP(AR$10,$O66:$AP66,#REF!))) -> 0 | AS66: =IF(ISERROR(LOOKUP(AS$10,$O66:$AP66,#REF!)),0,(LOOKUP(AS$10,$O66:$AP66,#REF!))) -> 0 | AT66: =IF(ISERROR(LOOKUP(AT$10,$O66:$AP66,#REF!)),0,(LOOKUP(AT$10,$O66:$AP66,#REF!))) -> 0 | AU66: =IF(ISERROR(LOOKUP(AU$10,$O66:$AP66,#REF!)),0,(LOOKUP(AU$10,$O66:$AP66,#REF!))) -> 0 | AV66: =IF(ISERROR(LOOKUP(AV$10,$O66:$AP66,#REF!)),0,(LOOKUP(AV$10,$O66:$AP66,#REF!))) -> 0 | AW66: =IF(ISERROR(LOOKUP(AW$10,$O66:$AP66,#REF!)),0,(LOOKUP(AW$10,$O66:$AP66,#REF!))) -> 0 | AX66: =IF(ISERROR(LOOKUP(AX$10,$O66:$AP66,#REF!)),0,(LOOKUP(AX$10,$O66:$AP66,#REF!))) -> 0 | ... BA66: =IF(ISERROR(LOOKUP(BA$10,$O66:$AP66,#REF!)),0,(LOOKUP(BA$10,$O66:$AP66,#REF!))) -> 0
A67: =A64+1 -> 16 | B67: MM-ZTK-1F-GEN-PIP-MR-0001 | C67: RFQ-PIP-020 | D67: ButterflyValve | F67: 1*4 | G67: 4-22 | H67: PI | I67: N | J67: L3 | K67: LC | L67: Combined with Globe valve | M67: SH | N67: P | O67: 46174 | P67: 46177 | Q67: 46184 | R67: 46185 | S67: 46192 | T67: 46206 | U67: 46227 | V67: 46234 | W67: 46248 | X67: 46252 | Y67: 46259 | Z67: 46280 | AA67: 46294 | AB67: 46324 | AC67: 46327 | AD67: 46330 | AE67: 46422 | AF67: 46437 | AG67: 46444 | AH67: 46447 | AI67: 46474 | AJ67: 28 | AK67: 196 | AL67: 46444 | AM67: 46476 | AN67: =AM67-AL68 -> 32 | AO67: Liu Lei | AP67: 2026.6.8 Short bidder list to CPY for approval | AQ67: =IF(ISERROR(LOOKUP(AQ$10,$O67:$AP67,#REF!)),0,(LOOKUP(AQ$10,$O67:$AP67,#REF!))) -> 0 | AR67: =IF(ISERROR(LOOKUP(AR$10,$O67:$AP67,#REF!)),0,(LOOKUP(AR$10,$O67:$AP67,#REF!))) -> 0 | AS67: =IF(ISERROR(LOOKUP(AS$10,$O67:$AP67,#REF!)),0,(LOOKUP(AS$10,$O67:$AP67,#REF!))) -> 0 | AT67: =IF(ISERROR(LOOKUP(AT$10,$O67:$AP67,#REF!)),0,(LOOKUP(AT$10,$O67:$AP67,#REF!))) -> 0 | AU67: =IF(ISERROR(LOOKUP(AU$10,$O67:$AP67,#REF!)),0,(LOOKUP(AU$10,$O67:$AP67,#REF!))) -> 0 | AV67: =IF(ISERROR(LOOKUP(AV$10,$O67:$AP67,#REF!)),0,(LOOKUP(AV$10,$O67:$AP67,#REF!))) -> 0 | AW67: =IF(ISERROR(LOOKUP(AW$10,$O67:$AP67,#REF!)),0,(LOOKUP(AW$10,$O67:$AP67,#REF!))) -> 0 | AX67: =IF(ISERROR(LOOKUP(AX$10,$O67:$AP67,#REF!)),0,(LOOKUP(AX$10,$O67:$AP67,#REF!))) -> 0 | ... BA67: =IF(ISERROR(LOOKUP(BA$10,$O67:$AP67,#REF!)),0,(LOOKUP(BA$10,$O67:$AP67,#REF!))) -> 0 | BB67: Bidder1 | BC67: 24 weeks after PO
B68: MM-ZTK-1F-GEN-PIP-MR-0001 | C68: RFQ-PIP-020 | D68: ButterflyValve | G68: 4-22 | H68: PI | I68: N | J68: L3 | K68: LC | M68: SH | N68: F | O68: 46183 | U68: 46219 | V68: =WORKDAY(U68,V8, IF(V12="China",'China Holidays'!$A$2:$A$84,'Thai Holidays'!$A$2:$A$65)) -> 46237 | W68: =W67 -> 46248 | X68: =WORKDAY(W68,X8, IF(X12="China",'China Holidays'!$A$2:$A$84,'Thai Holidays'!$A$2:$A$65)) -> 46252 | Y68: =WORKDAY(X68,Y8, IF(Y12="China",'China Holidays'!$A$2:$A$84,'Thai Holidays'!$A$2:$A$65)) -> 46259 | Z68: =WORKDAY(Y68,Z8, IF(Z12="China",'China Holidays'!$A$2:$A$84,'Thai Holidays'!$A$2:$A$65)) -> 46280 | AA68: =WORKDAY(Z68,AA8, IF(AA12="China",'China Holidays'!$A$2:$A$84,'Thai Holidays'!$A$2:$A$65)) -> 46294 | AB68: =AA68+30 -> 46324 | AC68: =AB68+3 -> 46327 | AD68: =AC68+3 -> 46330 | AE68: =AF68-10 -> 46427 | AF68: =AG68-7 -> 46437 | AG68: =AL68 -> 46444 | AH68: =AL67+3 -> 46447 | AI68: =AL67+30 -> 46474 | AL68: =W68+AK67 -> 46444 | AQ68: =IF(ISERROR(LOOKUP(AQ$10,$O68:$AP68,#REF!)),0,(LOOKUP(AQ$10,$O68:$AP68,#REF!))) -> 0 | AR68: =IF(ISERROR(LOOKUP(AR$10,$O68:$AP68,#REF!)),0,(LOOKUP(AR$10,$O68:$AP68,#REF!))) -> 0 | AS68: =IF(ISERROR(LOOKUP(AS$10,$O68:$AP68,#REF!)),0,(LOOKUP(AS$10,$O68:$AP68,#REF!))) -> 0 | AT68: =IF(ISERROR(LOOKUP(AT$10,$O68:$AP68,#REF!)),0,(LOOKUP(AT$10,$O68:$AP68,#REF!))) -> 0 | AU68: =IF(ISERROR(LOOKUP(AU$10,$O68:$AP68,#REF!)),0,(LOOKUP(AU$10,$O68:$AP68,#REF!))) -> 0 | AV68: =IF(ISERROR(LOOKUP(AV$10,$O68:$AP68,#REF!)),0,(LOOKUP(AV$10,$O68:$AP68,#REF!))) -> 0 | AW68: =IF(ISERROR(LOOKUP(AW$10,$O68:$AP68,#REF!)),0,(LOOKUP(AW$10,$O68:$AP68,#REF!))) -> 0 | AX68: =IF(ISERROR(LOOKUP(AX$10,$O68:$AP68,#REF!)),0,(LOOKUP(AX$10,$O68:$AP68,#REF!))) -> 0 | ... BA68: =IF(ISERROR(LOOKUP(BA$10,$O68:$AP68,#REF!)),0,(LOOKUP(BA$10,$O68:$AP68,#REF!))) -> 0 | BB68: Bidder2 | BC68: 16-20 weeks after drawing approve
B69: MM-ZTK-1F-GEN-PIP-MR-0001 | C69: RFQ-PIP-020 | D69: ButterflyValve | G69: 4-22 | H69: PI | I69: N | J69: L3 | K69: LC | M69: SH | N69: A | P69: 46148 | Q69: 46165 | R69: 46182 | S69: 46182 | T69: 46202 | AQ69: =IF(ISERROR(LOOKUP(AQ$10,$O69:$AP69,#REF!)),0,(LOOKUP(AQ$10,$O69:$AP69,#REF!))) -> 0 | AR69: =IF(ISERROR(LOOKUP(AR$10,$O69:$AP69,#REF!)),0,(LOOKUP(AR$10,$O69:$AP69,#REF!))) -> 0 | AS69: =IF(ISERROR(LOOKUP(AS$10,$O69:$AP69,#REF!)),0,(LOOKUP(AS$10,$O69:$AP69,#REF!))) -> 0 | AT69: =IF(ISERROR(LOOKUP(AT$10,$O69:$AP69,#REF!)),0,(LOOKUP(AT$10,$O69:$AP69,#REF!))) -> 0 | AU69: =IF(ISERROR(LOOKUP(AU$10,$O69:$AP69,#REF!)),0,(LOOKUP(AU$10,$O69:$AP69,#REF!))) -> 0 | AV69: =IF(ISERROR(LOOKUP(AV$10,$O69:$AP69,#REF!)),0,(LOOKUP(AV$10,$O69:$AP69,#REF!))) -> 0 | AW69: =IF(ISERROR(LOOKUP(AW$10,$O69:$AP69,#REF!)),0,(LOOKUP(AW$10,$O69:$AP69,#REF!))) -> 0 | AX69: =IF(ISERROR(LOOKUP(AX$10,$O69:$AP69,#REF!)),0,(LOOKUP(AX$10,$O69:$AP69,#REF!))) -> 0 | ... BA69: =IF(ISERROR(LOOKUP(BA$10,$O69:$AP69,#REF!)),0,(LOOKUP(BA$10,$O69:$AP69,#REF!))) -> 0 | BB69: Bidder3 | BC69: 20-24 weeks after PO
A70: =A67+1 -> 17 | B70: MM-ZTK-1F-GEN-PIP-MR-0003 | C70: RFQ-PIP-006 | D70: Special items-Chemical Injection Quill | E70: SP-01B/C | F70: 2*4 | G70: 5-5 | H70: PI | I70: N | J70: L3 | K70: LA | M70: SH | N70: P | O70: 46174 | P70: 46177 | Q70: 46184 | R70: 46185 | S70: 46192 | T70: 46206 | U70: 46227 | V70: 46234 | W70: 46248 | X70: 46252 | Y70: 46259 | Z70: 46280 | AA70: 46294 | AB70: 46324 | AC70: 46327 | AD70: 46330 | AE70: 46401 | AF70: 46411 | AG70: 46416 | AH70: 46419 | AI70: 46446 | AJ70: 24 | AK70: 168 | AL70: 46416 | AM70: 46485 | AN70: =AM70-AL71 -> 56 | AO70: Liu Lei | AQ70: =IF(ISERROR(LOOKUP(AQ$10,$O70:$AP70,#REF!)),0,(LOOKUP(AQ$10,$O70:$AP70,#REF!))) -> 0 | AR70: =IF(ISERROR(LOOKUP(AR$10,$O70:$AP70,#REF!)),0,(LOOKUP(AR$10,$O70:$AP70,#REF!))) -> 0 | AS70: =IF(ISERROR(LOOKUP(AS$10,$O70:$AP70,#REF!)),0,(LOOKUP(AS$10,$O70:$AP70,#REF!))) -> 0 | AT70: =IF(ISERROR(LOOKUP(AT$10,$O70:$AP70,#REF!)),0,(LOOKUP(AT$10,$O70:$AP70,#REF!))) -> 0 | AU70: =IF(ISERROR(LOOKUP(AU$10,$O70:$AP70,#REF!)),0,(LOOKUP(AU$10,$O70:$AP70,#REF!))) -> 0 | AV70: =IF(ISERROR(LOOKUP(AV$10,$O70:$AP70,#REF!)),0,(LOOKUP(AV$10,$O70:$AP70,#REF!))) -> 0 | AW70: =IF(ISERROR(LOOKUP(AW$10,$O70:$AP70,#REF!)),0,(LOOKUP(AW$10,$O70:$AP70,#REF!))) -> 0 | AX70: =IF(ISERROR(LOOKUP(AX$10,$O70:$AP70,#REF!)),0,(LOOKUP(AX$10,$O70:$AP70,#REF!))) -> 0 | ... BA70: =IF(ISERROR(LOOKUP(BA$10,$O70:$AP70,#REF!)),0,(LOOKUP(BA$10,$O70:$AP70,#REF!))) -> 0
B71: MM-ZTK-1F-GEN-PIP-MR-0003 | C71: RFQ-PIP-006 | D71: Special items-Chemical Injection Quill | E71: SP-02B/C | F71: 2*4 | G71: 5-5 | H71: PI | I71: N | J71: L3 | K71: LA | M71: SH | N71: F | T71: 46219 | U71: =WORKDAY(T71, U6, IF(U12="China",'China Holidays'!$A$2:$A$84,'Thai Holidays'!$A$2:$A$65)) -> 46247 | V71: =WORKDAY(U71, V6, IF(V12="China",'China Holidays'!$A$2:$A$84,'Thai Holidays'!$A$2:$A$65)) -> 46261 | W71: =V71 -> 46261 | X71: =WORKDAY(W71, X6, IF(X12="China",'China Holidays'!$A$2:$A$84,'Thai Holidays'!$A$2:$A$65)) -> 46265 | Y71: =WORKDAY(X71, Y6, IF(Y12="China",'China Holidays'!$A$2:$A$84,'Thai Holidays'!$A$2:$A$65)) -> 46272 | Z71: =WORKDAY(Y71, Z6, IF(Z12="China",'China Holidays'!$A$2:$A$84,'Thai Holidays'!$A$2:$A$65)) -> 46308 | AA71: =WORKDAY(Z71, AA6, IF(AA12="China",'China Holidays'!$A$2:$A$84,'Thai Holidays'!$A$2:$A$65)) -> 46323 | AB71: =AA71+23 -> 46346 | AC71: =AB71 -> 46346 | AD71: =AC71+3 -> 46349 | AE71: =AF71-10 -> 46414 | AF71: =AG71-5 -> 46424 | AG71: =AL71 -> 46429 | AH71: =AL70+3 -> 46419 | AI71: =AL70+30 -> 46446 | AL71: =W71+AK70 -> 46429 | AQ71: =IF(ISERROR(LOOKUP(AQ$10,$O71:$AP71,#REF!)),0,(LOOKUP(AQ$10,$O71:$AP71,#REF!))) -> 0 | AR71: =IF(ISERROR(LOOKUP(AR$10,$O71:$AP71,#REF!)),0,(LOOKUP(AR$10,$O71:$AP71,#REF!))) -> 0 | AS71: =IF(ISERROR(LOOKUP(AS$10,$O71:$AP71,#REF!)),0,(LOOKUP(AS$10,$O71:$AP71,#REF!))) -> 0 | AT71: =IF(ISERROR(LOOKUP(AT$10,$O71:$AP71,#REF!)),0,(LOOKUP(AT$10,$O71:$AP71,#REF!))) -> 0 | AU71: =IF(ISERROR(LOOKUP(AU$10,$O71:$AP71,#REF!)),0,(LOOKUP(AU$10,$O71:$AP71,#REF!))) -> 0 | AV71: =IF(ISERROR(LOOKUP(AV$10,$O71:$AP71,#REF!)),0,(LOOKUP(AV$10,$O71:$AP71,#REF!))) -> 0 | AW71: =IF(ISERROR(LOOKUP(AW$10,$O71:$AP71,#REF!)),0,(LOOKUP(AW$10,$O71:$AP71,#REF!))) -> 0 | AX71: =IF(ISERROR(LOOKUP(AX$10,$O71:$AP71,#REF!)),0,(LOOKUP(AX$10,$O71:$AP71,#REF!))) -> 0 | ... BA71: =IF(ISERROR(LOOKUP(BA$10,$O71:$AP71,#REF!)),0,(LOOKUP(BA$10,$O71:$AP71,#REF!))) -> 0
B72: MM-ZTK-1F-GEN-PIP-MR-0003 | C72: RFQ-PIP-006 | D72: Special items-Chemical Injection Quill | E72: SP-13A/B | F72: 2*4 | G72: 5-5 | H72: PI | I72: N | J72: L3 | K72: LA | M72: SH | N72: A | O72: 46174 | P72: 46148 | Q72: 46166 | R72: 46182 | S72: 46185 | AQ72: =IF(ISERROR(LOOKUP(AQ$10,$O72:$AP72,#REF!)),0,(LOOKUP(AQ$10,$O72:$AP72,#REF!))) -> 0 | AR72: =IF(ISERROR(LOOKUP(AR$10,$O72:$AP72,#REF!)),0,(LOOKUP(AR$10,$O72:$AP72,#REF!))) -> 0 | AS72: =IF(ISERROR(LOOKUP(AS$10,$O72:$AP72,#REF!)),0,(LOOKUP(AS$10,$O72:$AP72,#REF!))) -> 0 | AT72: =IF(ISERROR(LOOKUP(AT$10,$O72:$AP72,#REF!)),0,(LOOKUP(AT$10,$O72:$AP72,#REF!))) -> 0 | AU72: =IF(ISERROR(LOOKUP(AU$10,$O72:$AP72,#REF!)),0,(LOOKUP(AU$10,$O72:$AP72,#REF!))) -> 0 | AV72: =IF(ISERROR(LOOKUP(AV$10,$O72:$AP72,#REF!)),0,(LOOKUP(AV$10,$O72:$AP72,#REF!))) -> 0 | AW72: =IF(ISERROR(LOOKUP(AW$10,$O72:$AP72,#REF!)),0,(LOOKUP(AW$10,$O72:$AP72,#REF!))) -> 0 | AX72: =IF(ISERROR(LOOKUP(AX$10,$O72:$AP72,#REF!)),0,(LOOKUP(AX$10,$O72:$AP72,#REF!))) -> 0 | ... BA72: =IF(ISERROR(LOOKUP(BA$10,$O72:$AP72,#REF!)),0,(LOOKUP(BA$10,$O72:$AP72,#REF!))) -> 0
A73: =A70+1 -> 18 | B73: MM-ZTK-1F-GEN-PIP-MR-0003 | C73: RFQ-PIP-023 | D73: Special items-Hoses and Connections | E73: SP-41/42 | F73: 2 | G73: 5-5 | H73: PI | I73: N | J73: L3 | K73: LA | M73: SH | N73: P | O73: 46164 | P73: 46167 | Q73: 46175 | R73: 46176 | S73: 46183 | T73: 46198 | U73: 46226 | V73: 46233 | W73: 46247 | X73: 46251 | Y73: 46258 | Z73: 46286 | AA73: 46300 | AB73: 46330 | AC73: 46330 | AD73: 46332 | AE73: 46421 | AF73: 46441 | AG73: 46471 | AH73: 46474 | AI73: 46501 | AJ73: 24 | AK73: =AJ73*7 -> 168 | AL73: 46471 | AM73: 46485 | AN73: =AM73-AL74 -> 70 | AO73: Liu Lei | AP73: 2026.6.10 Short bidder list to CPY for approval
B74: MM-ZTK-1F-GEN-PIP-MR-0003 | C74: RFQ-PIP-023 | D74: Special items-Hoses and Connections | E74: SP-43(Future) | G74: 5-5 | H74: PI | I74: N | J74: L3 | K74: LA | M74: SH | N74: F | U74: =U73 -> 46226 | V74: =WORKDAY(U74, V6, IF(V12="China",'China Holidays'!$A$2:$A$84,'Thai Holidays'!$A$2:$A$65)) -> 46244 | W74: 46247 | X74: =WORKDAY(W74, X6, IF(X12="China",'China Holidays'!$A$2:$A$84,'Thai Holidays'!$A$2:$A$65)) -> 46251 | Y74: =WORKDAY(X74, Y6, IF(Y12="China",'China Holidays'!$A$2:$A$84,'Thai Holidays'!$A$2:$A$65)) -> 46258 | Z74: =WORKDAY(Y74, Z6, IF(Z12="China",'China Holidays'!$A$2:$A$84,'Thai Holidays'!$A$2:$A$65)) -> 46286 | AA74: =WORKDAY(Z74, AA6, IF(AA12="China",'China Holidays'!$A$2:$A$84,'Thai Holidays'!$A$2:$A$65)) -> 46300 | AB74: =AA74+30 -> 46330 | AC74: =WORKDAY(AB74, AC9, IF(AC15="China",'China Holidays'!$A$2:$A$84,'Thai Holidays'!$A$2:$A$65)) -> 46330 | AD74: =WORKDAY(AC74, AD9, IF(AD15="China",'China Holidays'!$A$2:$A$84,'Thai Holidays'!$A$2:$A$65)) -> 46330 | AE74: =AF74-20 -> 46365 | AF74: =AG74-30 -> 46385 | AG74: =AL74 -> 46415 | AH74: =AL73+3 -> 46474 | AI74: =AL73+30 -> 46501 | AL74: =W74+AK73 -> 46415
B75: MM-ZTK-1F-GEN-PIP-MR-0003 | C75: RFQ-PIP-023 | D75: Special items-Hoses and Connections | G75: 5-5 | H75: PI | I75: N | J75: L3 | K75: LA | M75: SH | N75: A | O75: 46184 | P75: 46148 | Q75: 46166 | R75: 46185 | S75: 46185 | T75: 46199
A76: =A73+1 -> 19 | B76: MM-ZTK-1F-GEN-PIP-MR-0003 | C76: RFQ-PIP-022 | D76: Special items-Liquid trap | E76: SP-70 | F76: 1 | G76: 5-5 | H76: PI | I76: N | J76: L3 | K76: LA | M76: SH | N76: P | O76: 46164 | P76: 46167 | Q76: 46175 | R76: 46176 | S76: 46183 | T76: 46198 | U76: 46226 | V76: 46233 | W76: 46247 | X76: 46251 | Y76: 46258 | Z76: 46286 | AA76: 46300 | AB76: 46330 | AC76: 46330 | AD76: 46332 | AE76: 46421 | AF76: 46441 | AG76: 46471 | AH76: 46474 | AI76: 46501 | AJ76: 24 | AK76: =AJ76*7 -> 168 | AL76: 46471 | AM76: 46485 | AN76: =AM76-AL77 -> 70 | AO76: Liu Lei
B77: MM-ZTK-1F-GEN-PIP-MR-0003 | C77: RFQ-PIP-022 | D77: Special items-Liquid trap | E77: SP-71 | F77: 1 | G77: 5-5 | H77: PI | I77: N | J77: L3 | K77: LA | M77: SH | N77: F | U77: =U76 -> 46226 | V77: =WORKDAY(U77, V6, IF(V12="China",'China Holidays'!$A$2:$A$84,'Thai Holidays'!$A$2:$A$65)) -> 46244 | W77: 46247 | X77: =WORKDAY(W77, X6, IF(X12="China",'China Holidays'!$A$2:$A$84,'Thai Holidays'!$A$2:$A$65)) -> 46251 | Y77: =WORKDAY(X77, Y6, IF(Y12="China",'China Holidays'!$A$2:$A$84,'Thai Holidays'!$A$2:$A$65)) -> 46258 | Z77: =WORKDAY(Y77, Z6, IF(Z12="China",'China Holidays'!$A$2:$A$84,'Thai Holidays'!$A$2:$A$65)) -> 46286 | AA77: =WORKDAY(Z77, AA6, IF(AA12="China",'China Holidays'!$A$2:$A$84,'Thai Holidays'!$A$2:$A$65)) -> 46300 | AB77: =AA77+30 -> 46330 | AC77: =WORKDAY(AB77, AC6, IF(AC12="China",'China Holidays'!$A$2:$A$84,'Thai Holidays'!$A$2:$A$65)) -> 46330 | AD77: =WORKDAY(AC77, AD6, IF(AD12="China",'China Holidays'!$A$2:$A$84,'Thai Holidays'!$A$2:$A$65)) -> 46330 | AE77: =AF77-20 -> 46365 | AF77: =AG77-30 -> 46385 | AG77: =AL77 -> 46415 | AH77: =AL76+3 -> 46474 | AI77: =AL76+30 -> 46501 | AL77: =W77+AK76 -> 46415
B78: MM-ZTK-1F-GEN-PIP-MR-0003 | C78: RFQ-PIP-022 | D78: Special items-Liquid trap | G78: 5-5 | H78: PI | I78: N | J78: L3 | K78: LA | M78: SH | N78: A | O78: 46174 | P78: 46148 | Q78: 46166 | R78: 46183 | S78: 46183 | T78: 46199
A79: =A76+1 -> 20 | B79: MM-ZTK-1F-GEN-PIP-MR-0003 | C79: RFQ-PIP-032 | D79: Special items-Clamp Type Connector and Target Tee with Clamp Type Connector | E79: SP-*A002/A001 | F79: 32+32 | G79: 5-5 | H79: PI | I79: N | J79: L3 | K79: LA | M79: SH | N79: P | O79: 46164 | P79: 46167 | Q79: 46175 | R79: 46176 | S79: 46183 | T79: 46198 | U79: 46226 | V79: 46233 | W79: 46247 | X79: 46251 | Y79: 46258 | Z79: 46286 | AA79: 46300 | AB79: 46330 | AC79: 46330 | AD79: 46332 | AE79: 46421 | AF79: 46441 | AG79: 46471 | AH79: 46474 | AI79: 46501 | AJ79: 24 | AK79: =AJ79*7 -> 168 | AL79: 46471 | AM79: 46485 | AN79: =AM79-AL80 -> 56 | AO79: Liu Lei | AP79: 2026.6.10 Short bidder list to CPY for approval
B80: MM-ZTK-1F-GEN-PIP-MR-0003 | C80: RFQ-PIP-032 | D80: Special items-Clamp Type Connector and Target Tee with Clamp Type Connector | E80: SP-*A003/004 | F80: 32+32 | G80: 5-5 | H80: PI | I80: N | J80: L3 | K80: LA | M80: SH | N80: F | T80: 46219 | U80: =WORKDAY(T80, U6, IF(U12="China",'China Holidays'!$A$2:$A$84,'Thai Holidays'!$A$2:$A$65)) -> 46247 | V80: =WORKDAY(U80, V6, IF(V12="China",'China Holidays'!$A$2:$A$84,'Thai Holidays'!$A$2:$A$65)) -> 46261 | W80: =V80 -> 46261 | X80: =WORKDAY(W80, X6, IF(X12="China",'China Holidays'!$A$2:$A$84,'Thai Holidays'!$A$2:$A$65)) -> 46265 | Y80: =WORKDAY(X80, Y6, IF(Y12="China",'China Holidays'!$A$2:$A$84,'Thai Holidays'!$A$2:$A$65)) -> 46272 | Z80: =WORKDAY(Y80, Z6, IF(Z12="China",'China Holidays'!$A$2:$A$84,'Thai Holidays'!$A$2:$A$65)) -> 46308 | AA80: =WORKDAY(Z80, AA6, IF(AA12="China",'China Holidays'!$A$2:$A$84,'Thai Holidays'!$A$2:$A$65)) -> 46323 | AB80: =WORKDAY(AA80, AB9, IF(AB15="China",'China Holidays'!$A$2:$A$84,'Thai Holidays'!$A$2:$A$65)) -> 46323 | AC80: =WORKDAY(AB80, AC9, IF(AC15="China",'China Holidays'!$A$2:$A$84,'Thai Holidays'!$A$2:$A$65)) -> 46323 | AD80: =WORKDAY(AC80, AD9, IF(AD15="China",'China Holidays'!$A$2:$A$84,'Thai Holidays'!$A$2:$A$65)) -> 46323 | AE80: =AF80-20 -> 46379 | AF80: =AG80-30 -> 46399 | AG80: =AL80 -> 46429 | AH80: =AL79+3 -> 46474 | AI80: =AL79+30 -> 46501 | AL80: =W80+AK79 -> 46429
B81: MM-ZTK-1F-GEN-PIP-MR-0003 | C81: RFQ-PIP-032 | D81: Special items-Clamp Type Connector and Target Tee with Clamp Type Connector | G81: 5-5 | H81: PI | I81: N | J81: L3 | K81: LA | M81: SH | N81: A | O81: 46184 | P81: 46148 | Q81: 46166 | R81: 46185 | S81: 46185
A82: =A79+1 -> 21 | B82: MM-ZTK-1F-GEN-PIP-MR-0003 | C82: RFQ-PIP-031 | D82: Special items-Corrosion Probe & Coupon | E82: SP-21/31/32 | F82: 4+1+2 | G82: 5-5 | H82: PI | I82: N | J82: L3 | K82: LA | L82: Combine with chemical Injection quill | M82: SH | N82: P | O82: 46164 | P82: 46167 | Q82: 46175 | R82: 46176 | S82: 46183 | T82: 46198 | U82: 46226 | V82: 46233 | W82: 46247 | X82: 46251 | Y82: 46258 | Z82: 46286 | AA82: 46300 | AB82: 46330 | AC82: 46330 | AD82: 46332 | AE82: 46421 | AF82: 46441 | AG82: 46471 | AH82: 46474 | AI82: 46501 | AJ82: 24 | AK82: =AJ82*7 -> 168 | AL82: 46471 | AM82: 46485 | AN82: =AM82-AL83 -> 56 | AO82: Liu Lei
B83: MM-ZTK-1F-GEN-PIP-MR-0003 | C83: RFQ-PIP-031 | D83: Special items-Corrosion Probe & Coupon | E83: SP-31(Future) | G83: 5-5 | H83: PI | I83: N | J83: L3 | K83: LA | M83: SH | N83: F | T83: 46219 | U83: =WORKDAY(T83, U6, IF(U12="China",'China Holidays'!$A$2:$A$84,'Thai Holidays'!$A$2:$A$65)) -> 46247 | V83: =WORKDAY(U83, V6, IF(V12="China",'China Holidays'!$A$2:$A$84,'Thai Holidays'!$A$2:$A$65)) -> 46261 | W83: =V83 -> 46261 | X83: =WORKDAY(W83, X6, IF(X12="China",'China Holidays'!$A$2:$A$84,'Thai Holidays'!$A$2:$A$65)) -> 46265 | Y83: =WORKDAY(X83, Y6, IF(Y12="China",'China Holidays'!$A$2:$A$84,'Thai Holidays'!$A$2:$A$65)) -> 46272 | Z83: =WORKDAY(Y83, Z6, IF(Z12="China",'China Holidays'!$A$2:$A$84,'Thai Holidays'!$A$2:$A$65)) -> 46308 | AA83: =WORKDAY(Z83, AA6, IF(AA12="China",'China Holidays'!$A$2:$A$84,'Thai Holidays'!$A$2:$A$65)) -> 46323 | AB83: =AA83+30 -> 46353 | AC83: =AB83 -> 46353 | AD83: =AC83+2 -> 46355 | AE83: =AF83-20 -> 46379 | AF83: =AG83-30 -> 46399 | AG83: =AL83 -> 46429 | AH83: =AL82+3 -> 46474 | AI83: =AL82+30 -> 46501 | AL83: =W83+AK82 -> 46429
B84: MM-ZTK-1F-GEN-PIP-MR-0003 | C84: RFQ-PIP-031 | D84: Special items-Corrosion Probe & Coupon | G84: 5-5 | H84: PI | I84: N | J84: L3 | K84: LA | M84: SH | N84: A | O84: 46174 | P84: 46148 | Q84: 46166 | R84: 46185 | S84: 46185
A85: =A82+1 -> 22 | B85: MM-ZTK-1F-GEN-PIP-MR-0003 | C85: RFQ-PIP-024 | D85: Special items-Portable Valve Actuator | F85: 2 | G85: 5-5 | H85: PI | I85: N | J85: L3 | K85: LA | M85: SH | N85: P | O85: 46164 | P85: 46167 | Q85: 46175 | R85: 46176 | S85: 46183 | T85: 46198 | U85: 46226 | V85: 46233 | W85: 46247 | X85: 46251 | Y85: 46258 | Z85: 46286 | AA85: 46300 | AB85: 46330 | AC85: 46330 | AD85: 46332 | AE85: 46421 | AF85: 46441 | AG85: 46471 | AH85: 46474 | AI85: 46501 | AJ85: 24 | AK85: =AJ85*7 -> 168 | AL85: 46471 | AM85: 46485 | AN85: =AM85-AL86 -> 70 | AO85: Liu Lei
B86: MM-ZTK-1F-GEN-PIP-MR-0003 | C86: RFQ-PIP-024 | D86: Special items-Portable Valve Actuator | G86: 5-5 | H86: PI | I86: N | J86: L3 | K86: LA | M86: SH | N86: F | O86: 46213 | R86: 46213 | S86: =WORKDAY(R86, S6, IF(S12="China",'China Holidays'!$A$2:$A$84,'Thai Holidays'!$A$2:$A$65)) -> 46213 | T86: 46220 | U86: =WORKDAY(T86, U6, IF(U12="China",'China Holidays'!$A$2:$A$84,'Thai Holidays'!$A$2:$A$65)) -> 46248 | V86: =WORKDAY(T86, V6, IF(V12="China",'China Holidays'!$A$2:$A$84,'Thai Holidays'!$A$2:$A$65)) -> 46238 | W86: =W85 -> 46247 | X86: =WORKDAY(W86, X6, IF(X12="China",'China Holidays'!$A$2:$A$84,'Thai Holidays'!$A$2:$A$65)) -> 46251 | Y86: =WORKDAY(X86, Y6, IF(Y12="China",'China Holidays'!$A$2:$A$84,'Thai Holidays'!$A$2:$A$65)) -> 46258 | Z86: =WORKDAY(Y86, Z6, IF(Z12="China",'China Holidays'!$A$2:$A$84,'Thai Holidays'!$A$2:$A$65)) -> 46286 | AA86: =WORKDAY(Z86, AA6, IF(AA12="China",'China Holidays'!$A$2:$A$84,'Thai Holidays'!$A$2:$A$65)) -> 46300 | AB86: =AA86+30 -> 46330 | AC86: =WORKDAY(AB86, AC6, IF(AC12="China",'China Holidays'!$A$2:$A$84,'Thai Holidays'!$A$2:$A$65)) -> 46330 | AD86: =WORKDAY(AC86, AD6, IF(AD12="China",'China Holidays'!$A$2:$A$84,'Thai Holidays'!$A$2:$A$65)) -> 46330 | AE86: =AF86-20 -> 46365 | AF86: =AG86-30 -> 46385 | AG86: =AL86 -> 46415 | AH86: =AL85+3 -> 46474 | AI86: =AL85+30 -> 46501 | AL86: =W86+AK85 -> 46415
B87: MM-ZTK-1F-GEN-PIP-MR-0003 | C87: RFQ-PIP-024 | D87: Special items-Portable Valve Actuator | G87: 5-5 | H87: PI | I87: N | J87: L3 | K87: LA | M87: SH | N87: A | P87: 46148 | Q87: 46166
A88: =A85+1 -> 23 | B88: MM-ZTK-1F-GEN-PIP-MR-0003 | C88: RFQ-PIP-019 | D88: Special items-Strainers | E88: SP-50 | F88: 1 | G88: 5-5 | H88: PI | I88: N | J88: L3 | K88: LA | M88: SH | N88: P | O88: 46164 | P88: 46167 | Q88: 46175 | R88: 46176 | S88: 46183 | T88: 46198 | U88: 46226 | V88: 46233 | W88: 46247 | X88: 46251 | Y88: 46258 | Z88: 46286 | AA88: 46300 | AB88: 46330 | AC88: 46330 | AD88: 46332 | AE88: 46421 | AF88: 46441 | AG88: 46471 | AH88: 46474 | AI88: 46501 | AJ88: 32 | AK88: 224 | AL88: 46471 | AM88: 46485 | AN88: =AM88-AL89 -> -13 | AO88: Liu Lei
B89: MM-ZTK-1F-GEN-PIP-MR-0003 | C89: RFQ-PIP-019 | D89: Special items-Strainers | E89: SP-11 | F89: 1 | G89: 5-5 | H89: PI | I89: N | J89: L3 | K89: LA | M89: SH | N89: F | T89: 46219 | U89: =WORKDAY(T89, U6, IF(U12="China",'China Holidays'!$A$2:$A$84,'Thai Holidays'!$A$2:$A$65)) -> 46247 | V89: =WORKDAY(U89, V6, IF(V12="China",'China Holidays'!$A$2:$A$84,'Thai Holidays'!$A$2:$A$65)) -> 46261 | W89: =WORKDAY(V89, W6, IF(W12="China",'China Holidays'!$A$2:$A$84,'Thai Holidays'!$A$2:$A$65)) -> 46274 | X89: =WORKDAY(W89, X6, IF(X12="China",'China Holidays'!$A$2:$A$84,'Thai Holidays'!$A$2:$A$65)) -> 46276 | Y89: =WORKDAY(X89, Y6, IF(Y12="China",'China Holidays'!$A$2:$A$84,'Thai Holidays'!$A$2:$A$65)) -> 46283 | Z89: =WORKDAY(Y89, Z6, IF(Z12="China",'China Holidays'!$A$2:$A$84,'Thai Holidays'!$A$2:$A$65)) -> 46321 | AA89: =WORKDAY(Z89, AA6, IF(AA12="China",'China Holidays'!$A$2:$A$84,'Thai Holidays'!$A$2:$A$65)) -> 46335 | AB89: =AA89+30 -> 46365 | AC89: =AB89 -> 46365 | AD89: =AC89+2 -> 46367 | AE89: =AF89-20 -> 46448 | AF89: =AG89-30 -> 46468 | AG89: =AL89 -> 46498 | AH89: =AL88+3 -> 46474 | AI89: =AL88+30 -> 46501 | AL89: =W89+AK88 -> 46498
B90: MM-ZTK-1F-GEN-PIP-MR-0003 | C90: RFQ-PIP-019 | D90: Special items-Strainers | G90: 5-5 | H90: PI | I90: N | J90: L3 | K90: LA | M90: SH | N90: A | O90: 46174 | P90: 46148 | Q90: 46166 | R90: 46183 | S90: 46183
A91: =A88+1 -> 24 | B91: MM-ZTK-1F-GEN-PIP-MR-0003 | C91: RFQ-PIP-025 | D91: Special items-Barred Tees | E91: SP-05/06 | F91: 2 | G91: 5-5 | H91: PI | I91: N | J91: L3 | K91: LA | M91: SH | N91: P | O91: 46220 | P91: 46223 | Q91: 46230 | R91: 46231 | S91: 46239 | T91: 46253 | U91: 46281 | V91: 46286 | W91: 46308 | X91: 46310 | Y91: 46317 | Z91: 46345 | AA91: 46359 | AB91: 46389 | AC91: 46389 | AD91: 46391 | AE91: 46454 | AF91: 46474 | AG91: 46504 | AH91: 46507 | AI91: 46534 | AJ91: 28 | AK91: 196 | AL91: 46504 | AM91: 46515 | AN91: =AM91-AL92 -> 11 | AO91: Liu Lei | AP91: 2026.6.8 Short bidder list to CPY for approval | AQ91: =IF(ISERROR(LOOKUP(AQ$10,$O91:$AP91,#REF!)),0,(LOOKUP(AQ$10,$O91:$AP91,#REF!))) -> 0 | AR91: =IF(ISERROR(LOOKUP(AR$10,$O91:$AP91,#REF!)),0,(LOOKUP(AR$10,$O91:$AP91,#REF!))) -> 0 | AS91: =IF(ISERROR(LOOKUP(AS$10,$O91:$AP91,#REF!)),0,(LOOKUP(AS$10,$O91:$AP91,#REF!))) -> 0 | AT91: =IF(ISERROR(LOOKUP(AT$10,$O91:$AP91,#REF!)),0,(LOOKUP(AT$10,$O91:$AP91,#REF!))) -> 0 | AU91: =IF(ISERROR(LOOKUP(AU$10,$O91:$AP91,#REF!)),0,(LOOKUP(AU$10,$O91:$AP91,#REF!))) -> 0 | AV91: =IF(ISERROR(LOOKUP(AV$10,$O91:$AP91,#REF!)),0,(LOOKUP(AV$10,$O91:$AP91,#REF!))) -> 0 | AW91: =IF(ISERROR(LOOKUP(AW$10,$O91:$AP91,#REF!)),0,(LOOKUP(AW$10,$O91:$AP91,#REF!))) -> 0 | AX91: =IF(ISERROR(LOOKUP(AX$10,$O91:$AP91,#REF!)),0,(LOOKUP(AX$10,$O91:$AP91,#REF!))) -> 0 | ... BA91: =IF(ISERROR(LOOKUP(BA$10,$O91:$AP91,#REF!)),0,(LOOKUP(BA$10,$O91:$AP91,#REF!))) -> 0
B92: MM-ZTK-1F-GEN-PIP-MR-0003 | C92: RFQ-PIP-025 | D92: Special items-Barred Tees | E92: SP-07/08 | F92: 2 | G92: 5-5 | H92: PI | I92: N | J92: L3 | K92: LA | M92: SH | N92: F | U92: =U91 -> 46281 | V92: =WORKDAY(U92, V6, IF(V12="China",'China Holidays'!$A$2:$A$84,'Thai Holidays'!$A$2:$A$65)) -> 46295 | W92: =W91 -> 46308 | X92: =WORKDAY(W92, X6, IF(X12="China",'China Holidays'!$A$2:$A$84,'Thai Holidays'!$A$2:$A$65)) -> 46310 | Y92: =WORKDAY(X92, Y6, IF(Y12="China",'China Holidays'!$A$2:$A$84,'Thai Holidays'!$A$2:$A$65)) -> 46317 | Z92: =WORKDAY(Y92, Z6, IF(Z12="China",'China Holidays'!$A$2:$A$84,'Thai Holidays'!$A$2:$A$65)) -> 46345 | AA92: =WORKDAY(Z92, AA6, IF(AA12="China",'China Holidays'!$A$2:$A$84,'Thai Holidays'!$A$2:$A$65)) -> 46359 | AB92: =AA92+30 -> 46389 | AC92: =AB92 -> 46389 | AD92: =AC92+2 -> 46391 | AE92: =AF92-15 -> 46459 | AF92: =AG92-30 -> 46474 | AG92: =AL92 -> 46504 | AH92: =AL91+3 -> 46507 | AI92: =AL91+30 -> 46534 | AL92: =W92+AK91 -> 46504 | AQ92: =IF(ISERROR(LOOKUP(AQ$10,$O92:$AP92,#REF!)),0,(LOOKUP(AQ$10,$O92:$AP92,#REF!))) -> 0 | AR92: =IF(ISERROR(LOOKUP(AR$10,$O92:$AP92,#REF!)),0,(LOOKUP(AR$10,$O92:$AP92,#REF!))) -> 0 | AS92: =IF(ISERROR(LOOKUP(AS$10,$O92:$AP92,#REF!)),0,(LOOKUP(AS$10,$O92:$AP92,#REF!))) -> 0 | AT92: =IF(ISERROR(LOOKUP(AT$10,$O92:$AP92,#REF!)),0,(LOOKUP(AT$10,$O92:$AP92,#REF!))) -> 0 | AU92: =IF(ISERROR(LOOKUP(AU$10,$O92:$AP92,#REF!)),0,(LOOKUP(AU$10,$O92:$AP92,#REF!))) -> 0 | AV92: =IF(ISERROR(LOOKUP(AV$10,$O92:$AP92,#REF!)),0,(LOOKUP(AV$10,$O92:$AP92,#REF!))) -> 0 | AW92: =IF(ISERROR(LOOKUP(AW$10,$O92:$AP92,#REF!)),0,(LOOKUP(AW$10,$O92:$AP92,#REF!))) -> 0 | AX92: =IF(ISERROR(LOOKUP(AX$10,$O92:$AP92,#REF!)),0,(LOOKUP(AX$10,$O92:$AP92,#REF!))) -> 0 | ... BA92: =IF(ISERROR(LOOKUP(BA$10,$O92:$AP92,#REF!)),0,(LOOKUP(BA$10,$O92:$AP92,#REF!))) -> 0
B93: MM-ZTK-1F-GEN-PIP-MR-0003 | C93: RFQ-PIP-025 | D93: Special items-Barred Tees | E93: SP-09 | F93: 1 | G93: 5-5 | H93: PI | I93: N | J93: L3 | K93: LA | M93: SH | N93: A | O93: 46184 | P93: 46148 | Q93: 46166 | R93: 46184 | S93: 46184 | T93: 46195 | AQ93: =IF(ISERROR(LOOKUP(AQ$10,$O93:$AP93,#REF!)),0,(LOOKUP(AQ$10,$O93:$AP93,#REF!))) -> 0 | AR93: =IF(ISERROR(LOOKUP(AR$10,$O93:$AP93,#REF!)),0,(LOOKUP(AR$10,$O93:$AP93,#REF!))) -> 0 | AS93: =IF(ISERROR(LOOKUP(AS$10,$O93:$AP93,#REF!)),0,(LOOKUP(AS$10,$O93:$AP93,#REF!))) -> 0 | AT93: =IF(ISERROR(LOOKUP(AT$10,$O93:$AP93,#REF!)),0,(LOOKUP(AT$10,$O93:$AP93,#REF!))) -> 0 | AU93: =IF(ISERROR(LOOKUP(AU$10,$O93:$AP93,#REF!)),0,(LOOKUP(AU$10,$O93:$AP93,#REF!))) -> 0 | AV93: =IF(ISERROR(LOOKUP(AV$10,$O93:$AP93,#REF!)),0,(LOOKUP(AV$10,$O93:$AP93,#REF!))) -> 0 | AW93: =IF(ISERROR(LOOKUP(AW$10,$O93:$AP93,#REF!)),0,(LOOKUP(AW$10,$O93:$AP93,#REF!))) -> 0 | AX93: =IF(ISERROR(LOOKUP(AX$10,$O93:$AP93,#REF!)),0,(LOOKUP(AX$10,$O93:$AP93,#REF!))) -> 0 | ... BA93: =IF(ISERROR(LOOKUP(BA$10,$O93:$AP93,#REF!)),0,(LOOKUP(BA$10,$O93:$AP93,#REF!))) -> 0
A94: =A91+1 -> 25 | B94: MM-ZTK-1F-GEN-PIP-MR-0003 | C94: RFQ-PIP-026 | D94: Special items-Barrel Reducer (For PIG L&R) | E94: SP-12 | F94: 4 | G94: 5-5 | H94: PI | I94: N | J94: L3 | K94: LA | L94: Combine with Barred tee | M94: SH | N94: P | O94: 46220 | P94: 46223 | Q94: 46230 | R94: 46231 | S94: 46239 | T94: 46253 | U94: 46281 | V94: 46286 | W94: 46308 | X94: 46310 | Y94: 46317 | Z94: 46345 | AA94: 46359 | AB94: 46389 | AC94: 46389 | AD94: 46391 | AE94: 46454 | AF94: 46474 | AG94: 46504 | AH94: 46507 | AI94: 46534 | AJ94: 28 | AK94: 196 | AL94: 46504 | AM94: 46515 | AN94: =AM94-AL95 -> 11 | AQ94: =IF(ISERROR(LOOKUP(AQ$10,$O94:$AP94,#REF!)),0,(LOOKUP(AQ$10,$O94:$AP94,#REF!))) -> 0 | AR94: =IF(ISERROR(LOOKUP(AR$10,$O94:$AP94,#REF!)),0,(LOOKUP(AR$10,$O94:$AP94,#REF!))) -> 0 | AS94: =IF(ISERROR(LOOKUP(AS$10,$O94:$AP94,#REF!)),0,(LOOKUP(AS$10,$O94:$AP94,#REF!))) -> 0 | AT94: =IF(ISERROR(LOOKUP(AT$10,$O94:$AP94,#REF!)),0,(LOOKUP(AT$10,$O94:$AP94,#REF!))) -> 0 | AU94: =IF(ISERROR(LOOKUP(AU$10,$O94:$AP94,#REF!)),0,(LOOKUP(AU$10,$O94:$AP94,#REF!))) -> 0 | AV94: =IF(ISERROR(LOOKUP(AV$10,$O94:$AP94,#REF!)),0,(LOOKUP(AV$10,$O94:$AP94,#REF!))) -> 0 | AW94: =IF(ISERROR(LOOKUP(AW$10,$O94:$AP94,#REF!)),0,(LOOKUP(AW$10,$O94:$AP94,#REF!))) -> 0 | AX94: =IF(ISERROR(LOOKUP(AX$10,$O94:$AP94,#REF!)),0,(LOOKUP(AX$10,$O94:$AP94,#REF!))) -> 0 | ... BA94: =IF(ISERROR(LOOKUP(BA$10,$O94:$AP94,#REF!)),0,(LOOKUP(BA$10,$O94:$AP94,#REF!))) -> 0
B95: MM-ZTK-1F-GEN-PIP-MR-0003 | C95: RFQ-PIP-026 | D95: Special items-Barrel Reducer (For PIG L&R) | E95: SP-13 | F95: 1 | G95: 5-5 | H95: PI | I95: N | J95: L3 | K95: LA | M95: SH | N95: F | O95: 46202 | R95: =R94 -> 46231 | S95: =WORKDAY(R95, S6, IF(S12="China",'China Holidays'!$A$2:$A$84,'Thai Holidays'!$A$2:$A$65)) -> 46231 | T95: =WORKDAY(S95, T6, IF(T12="China",'China Holidays'!$A$2:$A$84,'Thai Holidays'!$A$2:$A$65)) -> 46245 | U95: =WORKDAY(T95, U6, IF(U12="China",'China Holidays'!$A$2:$A$84,'Thai Holidays'!$A$2:$A$65)) -> 46269 | V95: =WORKDAY(U95, V6, IF(V12="China",'China Holidays'!$A$2:$A$84,'Thai Holidays'!$A$2:$A$65)) -> 46283 | W95: =W94 -> 46308 | X95: =WORKDAY(W95, X6, IF(X12="China",'China Holidays'!$A$2:$A$84,'Thai Holidays'!$A$2:$A$65)) -> 46310 | Y95: =WORKDAY(X95, Y6, IF(Y12="China",'China Holidays'!$A$2:$A$84,'Thai Holidays'!$A$2:$A$65)) -> 46317 | Z95: =WORKDAY(Y95, Z6, IF(Z12="China",'China Holidays'!$A$2:$A$84,'Thai Holidays'!$A$2:$A$65)) -> 46345 | AA95: =WORKDAY(Z95, AA6, IF(AA12="China",'China Holidays'!$A$2:$A$84,'Thai Holidays'!$A$2:$A$65)) -> 46359 | AB95: =AA95+30 -> 46389 | AC95: =AB95 -> 46389 | AD95: =AC95+2 -> 46391 | AE95: =AF95-15 -> 46459 | AF95: =AG95-30 -> 46474 | AG95: =AL95 -> 46504 | AH95: =AL94+3 -> 46507 | AI95: =AL94+30 -> 46534 | AL95: =W95+AK94 -> 46504 | AQ95: =IF(ISERROR(LOOKUP(AQ$10,$O95:$AP95,#REF!)),0,(LOOKUP(AQ$10,$O95:$AP95,#REF!))) -> 0 | AR95: =IF(ISERROR(LOOKUP(AR$10,$O95:$AP95,#REF!)),0,(LOOKUP(AR$10,$O95:$AP95,#REF!))) -> 0 | AS95: =IF(ISERROR(LOOKUP(AS$10,$O95:$AP95,#REF!)),0,(LOOKUP(AS$10,$O95:$AP95,#REF!))) -> 0 | AT95: =IF(ISERROR(LOOKUP(AT$10,$O95:$AP95,#REF!)),0,(LOOKUP(AT$10,$O95:$AP95,#REF!))) -> 0 | AU95: =IF(ISERROR(LOOKUP(AU$10,$O95:$AP95,#REF!)),0,(LOOKUP(AU$10,$O95:$AP95,#REF!))) -> 0 | AV95: =IF(ISERROR(LOOKUP(AV$10,$O95:$AP95,#REF!)),0,(LOOKUP(AV$10,$O95:$AP95,#REF!))) -> 0 | AW95: =IF(ISERROR(LOOKUP(AW$10,$O95:$AP95,#REF!)),0,(LOOKUP(AW$10,$O95:$AP95,#REF!))) -> 0 | AX95: =IF(ISERROR(LOOKUP(AX$10,$O95:$AP95,#REF!)),0,(LOOKUP(AX$10,$O95:$AP95,#REF!))) -> 0 | ... BA95: =IF(ISERROR(LOOKUP(BA$10,$O95:$AP95,#REF!)),0,(LOOKUP(BA$10,$O95:$AP95,#REF!))) -> 0
B96: MM-ZTK-1F-GEN-PIP-MR-0003 | C96: RFQ-PIP-026 | D96: Special items-Barrel Reducer (For PIG L&R) | E96: SP-14 | F96: 2 | G96: 5-5 | H96: PI | I96: N | J96: L3 | K96: LA | M96: SH | N96: A | P96: 46148 | Q96: 46166 | AQ96: =IF(ISERROR(LOOKUP(AQ$10,$O96:$AP96,#REF!)),0,(LOOKUP(AQ$10,$O96:$AP96,#REF!))) -> 0 | AR96: =IF(ISERROR(LOOKUP(AR$10,$O96:$AP96,#REF!)),0,(LOOKUP(AR$10,$O96:$AP96,#REF!))) -> 0 | AS96: =IF(ISERROR(LOOKUP(AS$10,$O96:$AP96,#REF!)),0,(LOOKUP(AS$10,$O96:$AP96,#REF!))) -> 0 | AT96: =IF(ISERROR(LOOKUP(AT$10,$O96:$AP96,#REF!)),0,(LOOKUP(AT$10,$O96:$AP96,#REF!))) -> 0 | AU96: =IF(ISERROR(LOOKUP(AU$10,$O96:$AP96,#REF!)),0,(LOOKUP(AU$10,$O96:$AP96,#REF!))) -> 0 | AV96: =IF(ISERROR(LOOKUP(AV$10,$O96:$AP96,#REF!)),0,(LOOKUP(AV$10,$O96:$AP96,#REF!))) -> 0 | AW96: =IF(ISERROR(LOOKUP(AW$10,$O96:$AP96,#REF!)),0,(LOOKUP(AW$10,$O96:$AP96,#REF!))) -> 0 | AX96: =IF(ISERROR(LOOKUP(AX$10,$O96:$AP96,#REF!)),0,(LOOKUP(AX$10,$O96:$AP96,#REF!))) -> 0 | ... BA96: =IF(ISERROR(LOOKUP(BA$10,$O96:$AP96,#REF!)),0,(LOOKUP(BA$10,$O96:$AP96,#REF!))) -> 0
A97: =A94+1 -> 26 | B97: MM-ZTK-1F-GEN-PIP-MR-0003 | C97: RFQ-PIP-026 | D97: Special items-3D Bend | E97: SP-12 | F97: 4 | G97: 5-5 | H97: PI | I97: N | J97: L3 | K97: LA | M97: SH | N97: P | O97: 46220 | P97: 46223 | Q97: 46230 | R97: 46231 | S97: 46239 | T97: 46253 | U97: 46281 | V97: 46286 | W97: 46308 | X97: 46310 | Y97: 46317 | Z97: 46345 | AA97: 46359 | AB97: 46389 | AC97: 46389 | AD97: 46391 | AE97: 46454 | AF97: 46474 | AG97: 46504 | AH97: 46507 | AI97: 46534 | AJ97: 28 | AK97: 196 | AL97: 46504 | AM97: 46515 | AN97: =AM97-AL98 -> 26 | AQ97: =IF(ISERROR(LOOKUP(AQ$10,$O97:$AP97,#REF!)),0,(LOOKUP(AQ$10,$O97:$AP97,#REF!))) -> 0 | AR97: =IF(ISERROR(LOOKUP(AR$10,$O97:$AP97,#REF!)),0,(LOOKUP(AR$10,$O97:$AP97,#REF!))) -> 0 | AS97: =IF(ISERROR(LOOKUP(AS$10,$O97:$AP97,#REF!)),0,(LOOKUP(AS$10,$O97:$AP97,#REF!))) -> 0 | AT97: =IF(ISERROR(LOOKUP(AT$10,$O97:$AP97,#REF!)),0,(LOOKUP(AT$10,$O97:$AP97,#REF!))) -> 0 | AU97: =IF(ISERROR(LOOKUP(AU$10,$O97:$AP97,#REF!)),0,(LOOKUP(AU$10,$O97:$AP97,#REF!))) -> 0 | AV97: =IF(ISERROR(LOOKUP(AV$10,$O97:$AP97,#REF!)),0,(LOOKUP(AV$10,$O97:$AP97,#REF!))) -> 0 | AW97: =IF(ISERROR(LOOKUP(AW$10,$O97:$AP97,#REF!)),0,(LOOKUP(AW$10,$O97:$AP97,#REF!))) -> 0 | AX97: =IF(ISERROR(LOOKUP(AX$10,$O97:$AP97,#REF!)),0,(LOOKUP(AX$10,$O97:$AP97,#REF!))) -> 0 | ... BA97: =IF(ISERROR(LOOKUP(BA$10,$O97:$AP97,#REF!)),0,(LOOKUP(BA$10,$O97:$AP97,#REF!))) -> 0
B98: MM-ZTK-1F-GEN-PIP-MR-0003 | C98: RFQ-PIP-026 | D98: Special items-3D Bend | E98: SP-13 | F98: 1 | G98: 5-5 | H98: PI | I98: N | J98: L3 | K98: LA | M98: SH | N98: F | O98: =O97 -> 46220 | R98: =R97 -> 46231 | S98: =WORKDAY(R98, S9, IF(S15="China",'China Holidays'!$A$2:$A$84,'Thai Holidays'!$A$2:$A$65)) -> 46231 | T98: =WORKDAY(S98, T9, IF(T15="China",'China Holidays'!$A$2:$A$84,'Thai Holidays'!$A$2:$A$65)) -> 46239 | U98: 46272 | V98: =WORKDAY(U98, V9, IF(V15="China",'China Holidays'!$A$2:$A$84,'Thai Holidays'!$A$2:$A$65)) -> 46286 | W98: =WORKDAY(V98, W9, IF(W15="China",'China Holidays'!$A$2:$A$84,'Thai Holidays'!$A$2:$A$65)) -> 46293 | X98: =WORKDAY(W98, X9, IF(X15="China",'China Holidays'!$A$2:$A$84,'Thai Holidays'!$A$2:$A$65)) -> 46295 | Y98: =WORKDAY(X98, Y9, IF(Y15="China",'China Holidays'!$A$2:$A$84,'Thai Holidays'!$A$2:$A$65)) -> 46302 | Z98: =WORKDAY(Y98, Z9, IF(Z15="China",'China Holidays'!$A$2:$A$84,'Thai Holidays'!$A$2:$A$65)) -> 46317 | AA98: =WORKDAY(Z98, AA9, IF(AA15="China",'China Holidays'!$A$2:$A$84,'Thai Holidays'!$A$2:$A$65)) -> 46332 | AB98: =AA98+30 -> 46362 | AC98: =AB98 -> 46362 | AD98: =AC98+2 -> 46364 | AE98: =AF98-15 -> 46444 | AF98: =AG98-30 -> 46459 | AG98: =AL98 -> 46489 | AH98: =AL97+3 -> 46507 | AI98: =AL97+30 -> 46534 | AL98: =W98+AK97 -> 46489 | AQ98: =IF(ISERROR(LOOKUP(AQ$10,$O98:$AP98,#REF!)),0,(LOOKUP(AQ$10,$O98:$AP98,#REF!))) -> 0 | AR98: =IF(ISERROR(LOOKUP(AR$10,$O98:$AP98,#REF!)),0,(LOOKUP(AR$10,$O98:$AP98,#REF!))) -> 0 | AS98: =IF(ISERROR(LOOKUP(AS$10,$O98:$AP98,#REF!)),0,(LOOKUP(AS$10,$O98:$AP98,#REF!))) -> 0 | AT98: =IF(ISERROR(LOOKUP(AT$10,$O98:$AP98,#REF!)),0,(LOOKUP(AT$10,$O98:$AP98,#REF!))) -> 0 | AU98: =IF(ISERROR(LOOKUP(AU$10,$O98:$AP98,#REF!)),0,(LOOKUP(AU$10,$O98:$AP98,#REF!))) -> 0 | AV98: =IF(ISERROR(LOOKUP(AV$10,$O98:$AP98,#REF!)),0,(LOOKUP(AV$10,$O98:$AP98,#REF!))) -> 0 | AW98: =IF(ISERROR(LOOKUP(AW$10,$O98:$AP98,#REF!)),0,(LOOKUP(AW$10,$O98:$AP98,#REF!))) -> 0 | AX98: =IF(ISERROR(LOOKUP(AX$10,$O98:$AP98,#REF!)),0,(LOOKUP(AX$10,$O98:$AP98,#REF!))) -> 0 | ... BA98: =IF(ISERROR(LOOKUP(BA$10,$O98:$AP98,#REF!)),0,(LOOKUP(BA$10,$O98:$AP98,#REF!))) -> 0
B99: MM-ZTK-1F-GEN-PIP-MR-0003 | C99: RFQ-PIP-026 | D99: Special items-3D Bend | E99: SP-14 | F99: 2 | G99: 5-5 | H99: PI | I99: N | J99: L3 | K99: LA | M99: SH | N99: A | P99: 46148 | Q99: 46166 | AQ99: =IF(ISERROR(LOOKUP(AQ$10,$O99:$AP99,#REF!)),0,(LOOKUP(AQ$10,$O99:$AP99,#REF!))) -> 0 | AR99: =IF(ISERROR(LOOKUP(AR$10,$O99:$AP99,#REF!)),0,(LOOKUP(AR$10,$O99:$AP99,#REF!))) -> 0 | AS99: =IF(ISERROR(LOOKUP(AS$10,$O99:$AP99,#REF!)),0,(LOOKUP(AS$10,$O99:$AP99,#REF!))) -> 0 | AT99: =IF(ISERROR(LOOKUP(AT$10,$O99:$AP99,#REF!)),0,(LOOKUP(AT$10,$O99:$AP99,#REF!))) -> 0 | AU99: =IF(ISERROR(LOOKUP(AU$10,$O99:$AP99,#REF!)),0,(LOOKUP(AU$10,$O99:$AP99,#REF!))) -> 0 | AV99: =IF(ISERROR(LOOKUP(AV$10,$O99:$AP99,#REF!)),0,(LOOKUP(AV$10,$O99:$AP99,#REF!))) -> 0 | AW99: =IF(ISERROR(LOOKUP(AW$10,$O99:$AP99,#REF!)),0,(LOOKUP(AW$10,$O99:$AP99,#REF!))) -> 0 | AX99: =IF(ISERROR(LOOKUP(AX$10,$O99:$AP99,#REF!)),0,(LOOKUP(AX$10,$O99:$AP99,#REF!))) -> 0 | ... BA99: =IF(ISERROR(LOOKUP(BA$10,$O99:$AP99,#REF!)),0,(LOOKUP(BA$10,$O99:$AP99,#REF!))) -> 0
C100: RFQ-PIP-007 | D100: SPECIAL PIPE SUPPORT | G100: 5-5 | H100: PI | I100: N | J100: L4 | K100: LC | L100: As dicussed with ENG, it mabe has no special support. So it will confirm later | M100: SH | N100: P | O100: 46174 | P100: 46177 | Q100: 46184 | R100: 46185 | S100: 46192 | T100: 46206 | U100: 46227 | V100: 46234 | W100: 46248 | X100: 46252 | Y100: 46259 | Z100: 46280 | AA100: 46294 | AB100: 46324 | AC100: 46324 | AD100: 46327 | AE100: 46399 | AF100: 46409 | AG100: 46416 | AH100: 46419 | AI100: 46446 | AJ100: 24 | AK100: 168 | AQ100: =IF(ISERROR(LOOKUP(AQ$10,$O100:$AP100,#REF!)),0,(LOOKUP(AQ$10,$O100:$AP100,#REF!))) -> 0 | AR100: =IF(ISERROR(LOOKUP(AR$10,$O100:$AP100,#REF!)),0,(LOOKUP(AR$10,$O100:$AP100,#REF!))) -> 0 | AS100: =IF(ISERROR(LOOKUP(AS$10,$O100:$AP100,#REF!)),0,(LOOKUP(AS$10,$O100:$AP100,#REF!))) -> 0 | AT100: =IF(ISERROR(LOOKUP(AT$10,$O100:$AP100,#REF!)),0,(LOOKUP(AT$10,$O100:$AP100,#REF!))) -> 0 | AU100: =IF(ISERROR(LOOKUP(AU$10,$O100:$AP100,#REF!)),0,(LOOKUP(AU$10,$O100:$AP100,#REF!))) -> 0 | AV100: =IF(ISERROR(LOOKUP(AV$10,$O100:$AP100,#REF!)),0,(LOOKUP(AV$10,$O100:$AP100,#REF!))) -> 0 | AW100: =IF(ISERROR(LOOKUP(AW$10,$O100:$AP100,#REF!)),0,(LOOKUP(AW$10,$O100:$AP100,#REF!))) -> 0 | AX100: =IF(ISERROR(LOOKUP(AX$10,$O100:$AP100,#REF!)),0,(LOOKUP(AX$10,$O100:$AP100,#REF!))) -> 0 | ... BA100: =IF(ISERROR(LOOKUP(BA$10,$O100:$AP100,#REF!)),0,(LOOKUP(BA$10,$O100:$AP100,#REF!))) -> 0
C101: RFQ-PIP-007 | D101: SPECIAL PIPE SUPPORT | G101: 5-5 | H101: PI | I101: N | J101: L4 | K101: LC | M101: SH | N101: F | O101: 46193 | P101: 46183 | Q101: =WORKDAY(P101, Q9, IF(S12="China",'[1]China Holidays'!$A$2:$A$84,'[1]Thai Holidays'!$A$2:$A$65)) -> 46197 | R101: =WORKDAY(Q101, R9, IF(T12="China",'[1]China Holidays'!$A$2:$A$84,'[1]Thai Holidays'!$A$2:$A$65)) -> 46197 | S101: =WORKDAY(R101, S9, IF(U12="China",'[1]China Holidays'!$A$2:$A$84,'[1]Thai Holidays'!$A$2:$A$65)) -> 46197 | T101: =WORKDAY(S101, T9, IF(V12="China",'[1]China Holidays'!$A$2:$A$84,'[1]Thai Holidays'!$A$2:$A$65)) -> 46204 | U101: =WORKDAY(T101, U9, IF(W12="China",'[1]China Holidays'!$A$2:$A$84,'[1]Thai Holidays'!$A$2:$A$65)) -> 46213 | V101: =WORKDAY(U101, V9, IF(X12="China",'[1]China Holidays'!$A$2:$A$84,'[1]Thai Holidays'!$A$2:$A$65)) -> 46227 | W101: =WORKDAY(V101, W9, IF(Y12="China",'[1]China Holidays'!$A$2:$A$84,'[1]Thai Holidays'!$A$2:$A$65)) -> 46234 | X101: =WORKDAY(W101, X9, IF(Z12="China",'[1]China Holidays'!$A$2:$A$84,'[1]Thai Holidays'!$A$2:$A$65)) -> 46238 | ... AA101: =WORKDAY(Z101, AA9, IF(AC12="China",'[1]China Holidays'!$A$2:$A$84,'[1]Thai Holidays'!$A$2:$A$65)) -> 46274 | AB101: =AA101+30 -> 46304 | AC101: =AB101 -> 46304 | AD101: =AC101+3 -> 46307 | AE101: =AF101-10 -> -17 | AF101: =AG101-7 -> -7 | AG101: =AL101 -> 0 | AH101: =AL100+3 -> 3 | AI101: =AL100+30 -> 30 | AQ101: =IF(ISERROR(LOOKUP(AQ$10,$O101:$AP101,#REF!)),0,(LOOKUP(AQ$10,$O101:$AP101,#REF!))) -> 0 | AR101: =IF(ISERROR(LOOKUP(AR$10,$O101:$AP101,#REF!)),0,(LOOKUP(AR$10,$O101:$AP101,#REF!))) -> 0 | AS101: =IF(ISERROR(LOOKUP(AS$10,$O101:$AP101,#REF!)),0,(LOOKUP(AS$10,$O101:$AP101,#REF!))) -> 0 | AT101: =IF(ISERROR(LOOKUP(AT$10,$O101:$AP101,#REF!)),0,(LOOKUP(AT$10,$O101:$AP101,#REF!))) -> 0 | AU101: =IF(ISERROR(LOOKUP(AU$10,$O101:$AP101,#REF!)),0,(LOOKUP(AU$10,$O101:$AP101,#REF!))) -> 0 | AV101: =IF(ISERROR(LOOKUP(AV$10,$O101:$AP101,#REF!)),0,(LOOKUP(AV$10,$O101:$AP101,#REF!))) -> 0 | AW101: =IF(ISERROR(LOOKUP(AW$10,$O101:$AP101,#REF!)),0,(LOOKUP(AW$10,$O101:$AP101,#REF!))) -> 0 | AX101: =IF(ISERROR(LOOKUP(AX$10,$O101:$AP101,#REF!)),0,(LOOKUP(AX$10,$O101:$AP101,#REF!))) -> 0 | ... BA101: =IF(ISERROR(LOOKUP(BA$10,$O101:$AP101,#REF!)),0,(LOOKUP(BA$10,$O101:$AP101,#REF!))) -> 0
C102: RFQ-PIP-007 | D102: SPECIAL PIPE SUPPORT | G102: 5-5 | H102: PI | I102: N | J102: L4 | K102: LC | M102: SH | N102: A | AQ102: =IF(ISERROR(LOOKUP(AQ$10,$O102:$AP102,#REF!)),0,(LOOKUP(AQ$10,$O102:$AP102,#REF!))) -> 0 | AR102: =IF(ISERROR(LOOKUP(AR$10,$O102:$AP102,#REF!)),0,(LOOKUP(AR$10,$O102:$AP102,#REF!))) -> 0 | AS102: =IF(ISERROR(LOOKUP(AS$10,$O102:$AP102,#REF!)),0,(LOOKUP(AS$10,$O102:$AP102,#REF!))) -> 0 | AT102: =IF(ISERROR(LOOKUP(AT$10,$O102:$AP102,#REF!)),0,(LOOKUP(AT$10,$O102:$AP102,#REF!))) -> 0 | AU102: =IF(ISERROR(LOOKUP(AU$10,$O102:$AP102,#REF!)),0,(LOOKUP(AU$10,$O102:$AP102,#REF!))) -> 0 | AV102: =IF(ISERROR(LOOKUP(AV$10,$O102:$AP102,#REF!)),0,(LOOKUP(AV$10,$O102:$AP102,#REF!))) -> 0 | AW102: =IF(ISERROR(LOOKUP(AW$10,$O102:$AP102,#REF!)),0,(LOOKUP(AW$10,$O102:$AP102,#REF!))) -> 0 | AX102: =IF(ISERROR(LOOKUP(AX$10,$O102:$AP102,#REF!)),0,(LOOKUP(AX$10,$O102:$AP102,#REF!))) -> 0 | ... BA102: =IF(ISERROR(LOOKUP(BA$10,$O102:$AP102,#REF!)),0,(LOOKUP(BA$10,$O102:$AP102,#REF!))) -> 0
A103: =A97+1 -> 27 | B103: MM-ZTK-1F-GEN-PIP-MR-0002 | C103: RFQ-PIP-008 | D103: CS Fitting | G103: 5-5 | H103: PI | I103: N | J103: L3 | K103: LD | M103: ZH | N103: P | O103: 46189 | P103: 46192 | Q103: 46199 | R103: 46202 | S103: 46205 | T103: 46212 | U103: 46223 | V103: 46225 | W103: 46232 | X103: 46234 | Y103: 46241 | Z103: 46255 | AA103: 46269 | AB103: 46276 | AC103: 46276 | AD103: 46278 | AE103: 46312 | AF103: 46317 | AG103: 46322 | AH103: 46325 | AI103: 46352 | AJ103: 12.857143 | AK103: 90 | AL103: 46322 | AM103: 46364 | AN103: =AM103-AL104 -> 37 | AQ103: =IF(ISERROR(LOOKUP(AQ$10,$O103:$AP103,#REF!)),0,(LOOKUP(AQ$10,$O103:$AP103,#REF!))) -> 0 | AR103: =IF(ISERROR(LOOKUP(AR$10,$O103:$AP103,#REF!)),0,(LOOKUP(AR$10,$O103:$AP103,#REF!))) -> 0 | AS103: =IF(ISERROR(LOOKUP(AS$10,$O103:$AP103,#REF!)),0,(LOOKUP(AS$10,$O103:$AP103,#REF!))) -> 0 | AT103: =IF(ISERROR(LOOKUP(AT$10,$O103:$AP103,#REF!)),0,(LOOKUP(AT$10,$O103:$AP103,#REF!))) -> 0 | AU103: =IF(ISERROR(LOOKUP(AU$10,$O103:$AP103,#REF!)),0,(LOOKUP(AU$10,$O103:$AP103,#REF!))) -> 0 | AV103: =IF(ISERROR(LOOKUP(AV$10,$O103:$AP103,#REF!)),0,(LOOKUP(AV$10,$O103:$AP103,#REF!))) -> 0 | AW103: =IF(ISERROR(LOOKUP(AW$10,$O103:$AP103,#REF!)),0,(LOOKUP(AW$10,$O103:$AP103,#REF!))) -> 0 | AX103: =IF(ISERROR(LOOKUP(AX$10,$O103:$AP103,#REF!)),0,(LOOKUP(AX$10,$O103:$AP103,#REF!))) -> 0 | ... BA103: =IF(ISERROR(LOOKUP(BA$10,$O103:$AP103,#REF!)),0,(LOOKUP(BA$10,$O103:$AP103,#REF!))) -> 0
...

Sheet Thai Holidays
A1: Date | B1: Holiday Name
A2: 45996 | B2: Father's Day
A3: 46001 | B3: Constitution Day
A4: 46020 | B4: New Year's Day
A5: 46021 | B5: New Year's Day
A6: 46022 | B6: New Year's Day
A7: 46023 | B7: New Year's Day
A8: 46024 | B8: New Year's Day
A9: 46065 | B9: The Buddha Day
A10: 46118 | B10: Kutkuri Dynasty Memorial Day
A11: 46125 | B11: Songkran Festival
A12: 46126 | B12: Songkran Festival
A13: 46127 | B13: Songkran Festival
... A17: 46146 | B17: The anniversary of the King's accession to the throne
A18: 46174
A19: 46176
A20: 46231
A21: 46232
A22: 46246 | B22: Mother's Day
A23: 46308 | B23: The anniversary of the death of the 9th King
A24: 46318 | B24: The anniversary of the death of the 5th King Father's Day
A25: 46363 | B25: Father's Day
A26: 46387 | B26: New Year's Day
A27: 46388 | B27: New Year's Day | C27: 佛历节日，日期为预测
A28: 46389
A29: 46439 | B29: The Buddha Day
A30: 46440
A31: 46483 | B31: Kutkuri Dynasty Memorial Day
A32: 46490 | B32: Songkran Festival
A33: 46491 | B33: Songkran Festival
A34: 46492 | B34: Songkran Festival | C34: 佛历节日，日期为预测
A35: 46508 | B35: International Workers' Day
A36: 46511 | B36: The anniversary of the King's accession to the throne
A37: 46527 | B37: Vesak Festival
A38: 46541 | B38: The Birthday Anniversary of the Queen
A39: 46611 | B39: Mother's Day | C39: 佛历节日，日期为预测
A40: 46673 | B40: The anniversary of the death of the 9th King
A41: 46683 | B41: The anniversary of the death of the 5th King Father's Day | D41: The anniversary of the death of the 5th King Father's Day
A42: 46685
A43: 46726 | B43: Father's Day
A44: 46727
A45: 46731 | B45: 宪法纪念日
A46: 46752 | B46: New Year's Day
A47: 46753 | B47: New Year's Day | C47: 佛历节日，日期为预测
A48: 46791 | B48: 万佛节
A49: 46849 | B49: 却克里王朝纪念日
A50: 46856 | B50: Songkran Festival
A51: 46857 | B51: Songkran Festival
A52: 46858 | B52: Songkran Festival
A53: 46874 | B53: International Workers' Day
A54: 46878 | B54: The anniversary of the King's accession to the throne | C54: 佛历节日，日期为预测
A55: 46912 | B55: 卫塞节
A56: 46907 | B56: The Birthday Anniversary of the Queen | C56: 佛历节日，日期为预测
A57: 46958 | B57: 守夏节
A58: 46977 | B58: Mother's Day
A59: 47039 | B59: The anniversary of the death of the 9th King
A60: 47049 | B60: The anniversary of the death of the 5th King Father's Day
A61: 47092 | B61: Father's Day
A62: 47097 | B62: 宪法纪念日
A63: 47118 | B63: New Year's Day

Sheet China Holidays
A1: Date | B1: Holiday Name
A2: 46023 | B2: New Year's Day
A3: 46024 | B3: New Year's Day
A4: 46025 | B4: New Year's Day
A5: 46068 | B5: Spring Festival
A6: 46069 | B6: Spring Festival
A7: 46070 | B7: Spring Festival
A8: 46071 | B8: Spring Festival
A9: 46072 | B9: Spring Festival
A10: 46073 | B10: Spring Festival
A11: 46074 | B11: Spring Festival
A12: 46116 | B12: Qingming Festival
A13: 46117 | B13: Qingming Festival
... A84: 47033 | B84: National Day

Sheet STR MR
A1: Document No. | B1: Document Title | E1: Rev. | F1: Document Status Code | G1: Distribution Date | H1: Approver Actual Finish | I1: Return Status Name
A2: MM-ZTK-1F-GEN-STR-MR-1021 | B2: MATERIAL REQUISITION FOR TOPSIDES HIGH STRENGTH STEEL PLATES | C2: RFQ-STR-001 | D2: Topside Primary Steel- Plate | E2: A1 | F2: IFR | G2: 20-May-2026 18:20:49 | H2: 22-May-2026 01:16:45 | I2: Approved with Comment (Proceed to Rev.C)
A3: MM-ZTK-1F-GEN-STR-MR-1011 | B3: MATERIAL REǪUISITION FOR TOPSIDES HIGH STRENGTH HOT-ROLLED STEEL SECTIONS (SHAPE | C3: RFQ-STR-002 | D3: Topside Primary Steel-Beam | E3: A1 | F3: IFR | G3: 08-May-2026 13:17:04 | H3: 15-May-2026 23:34:18 | I3: Approved with Comment (Proceed to Rev.C)
A4: MM-ZTK-1F-GEN-STR-MR-1001 | B4: MATERIAL REǪUISITION FOR TOPSIDES HIGH STRENGTH TUBULAR STEEL | C4: RFQ-STR-003 RFQ-STR-016 | D4: Topside Primary Steel- Tubular TUBULARS (SAW + SEAMLESS) | E4: A1 | F4: IFR | G4: 04-May-2026 13:07:12 | H4: 15-May-2026 23:30:40 | I4: Approved with Comment (Proceed to Rev.C)
A5: MM-ZTK-1F-GEN-STR-MR-1012 | B5: MATERIAL REQUISITION FOR TOPSIDES SECONDARY AND TERTIARY HOT-ROLLED STEEL | C5: RFQ-STR-004 RFQ-STR-005 | D5: Topside Secondary and Tertiary Steel BEAMS | E5: A1 | F5: IFR | G5: 23-May-2026 09:31:31 | H5: 25-May-2026 20:37:08 | I5: Approved with Comment (Proceed to Rev.C)
A6: MM-ZTK-1F-GEN-STR-MR-1002 | B6: MATERIAL REQUISITION FOR TOPSIDES SECONDARY AND TERTIARY TUBULAR STEEL | C6: RFQ-STR-004 RFQ-STR-005 | D6: Topside Secondary and Tertiary Steel TUBULARS (SEAMLESS) | E6: A1 | F6: IFR | G6: 23-May-2026 08:52:07 | H6: 25-May-2026 20:36:04 | I6: Approved with Comment (Proceed to Rev.C)
A7: MM-ZTK-1F-GEN-STR-MR-1022 | B7: MATERIAL REQUISITION FOR TOPSIDE LOW STRENGTH STEEL PLATE | C7: RFQ-STR-005 | D7: Topside Tertiary Steel-Plate | E7: A1 | F7: IFR | G7: 29-May-2026 19:06:31 | H7: 01-Jun-2026 09:19:45 | I7: Approved with Comment (Proceed to Rev.C)
A8: MM-ZTK-1F-ZWP20-STR-MR-2002 | B8: MATERIAL REǪUISITION FOR ZWP20 JACKET PRIMARY STEEL (PLATE) | C8: RFQ-STR-006 | D8: Jacket Primary Steel-Plate | E8: A1 | F8: IFR | G8: 06-May-2026 10:31:53 | H8: 15-May-2026 23:20:12 | I8: Approved with Comment (Proceed to Rev.C)
A9: MM-ZTK-1F-ZWP21-STR-MR-2002 | B9: MATERIAL REǪUISITION FOR ZWP21 JACKET PRIMARY STEEL (PLATE) | C9: RFQ-STR-006 | D9: Jacket Primary Steel-Plate | E9: A1 | F9: IFR | G9: 06-May-2026 10:32:08 | H9: 15-May-2026 23:33:14 | I9: Approved with Comment (Proceed to Rev.C)
A10: MM-ZTK-1F-ZWP22-STR-MR-2002 | B10: MATERIAL REǪUISITION FOR ZWP22 JACKET PRIMARY STEEL (PLATE) | C10: RFQ-STR-006 | D10: Jacket Primary Steel-Plate | E10: A1 | F10: IFR | G10: 06-May-2026 10:32:27 | H10: 15-May-2026 23:22:53 | I10: Approved with Comment (Proceed to Rev.C)
A11: MM-ZTK-1F-ZWP23-STR-MR-2002 | B11: MATERIAL REǪUISITION FOR ZWP23 JACKET PRIMARY STEEL (PLATE) | C11: RFQ-STR-006 | D11: Jacket Primary Steel-Plate | E11: A1 | F11: IFR | G11: 06-May-2026 10:32:43 | H11: 15-May-2026 23:25:28 | I11: Approved with Comment (Proceed to Rev.C)
A12: MM-ZTK-1F-ZWP20-STR-MR-2001 | B12: MATERIAL REǪUISITION FOR ZWP20 JACKET PRIMARY TUBULAR STEEL | C12: RFQ-STR-007 | D12: Jacket Primary Steel-Tubular TUBULARS - SAW PIPE | E12: A1 | F12: IFR | G12: 04-May-2026 13:11:09 | H12: 15-May-2026 22:45:39 | I12: Approved with Comment
A13: MM-ZTK-1F-ZWP21-STR-MR-2001 | B13: MATERIAL REǪUISITION FOR ZWP21 JACKET PRIMARY TUBULAR STEEL | C13: RFQ-STR-007 | D13: Jacket Primary Steel-Tubular TUBULARS - SAW PIPE | E13: A1 | F13: IFR | G13: 04-May-2026 13:11:25 | H13: 15-May-2026 23:19:31 | I13: Approved with Comment (Proceed to Rev.C)
... A15: MM-ZTK-1F-ZWP23-STR-MR-2001 | B15: MATERIAL REǪUISITION FOR ZWP23 JACKET PRIMARY TUBULAR STEEL | C15: RFQ-STR-007 | D15: Jacket Primary Steel-Tubular TUBULARS - SAW PIPE | E15: A1 | F15: IFR | G15: 04-May-2026 13:11:55 | H15: 15-May-2026 23:33:47 | I15: Approved with Comment (Proceed to Rev.C)

Sheet Primary steel-plate
A1: Plateform | B1: Drawing No. | C1: REV | D1: Drawing Name | E1: Vendor | F1: Weight (T) | G1: Ordered(T) | H1: Rest | I1: Order No. | J1: Order Date | K1: Remark
A2: ZWP21 | B2: ZM169-SE-ST-ML-004 | C2: REV. 4 | D2: Steel Plate for ZWP21 Launch Cradle and Vertical Framing Internal Ring Stiffener | E2: XISC | F2: 420.97 | G2: =225296/1000 -> 225.296 | H2: =F2-G2 -> 195.674 | I2: ZH26FA001(02) | J2: 46195
A3: ZWP21 | B3: ZM169-ZWP21-ST-ML-001 | C3: REV. 4 | D3: ZWP21 Jacket Primary, TRB Rolling Plate | E3: XISC | F3: 1877.39 | G3: =1296894.01/1000 -> 1296.894 | H3: =F3-G3-G4 -> 13.64197 | I3: ZH26FA001(03) | J3: 46195
A4: ZWP21 | B4: ZM169-ZWP21-ST-ML-001 | C4: REV. 5 | D4: ZWP22 Jacket Primary, TRB Rolling Plate | E4: XISC | G4: =566854.02/1000 -> 566.85402 | I4: ZH26FA001(16) | J4: 46204
A5: ZWP21 | B5: ZM169-ZWP21-ST-ML-002 | C5: REV. 2 | D5: ZWP21 Jacket Primary, JCOE Rolling Plate | E5: XISC | F5: 1581.53 | G5: =1049591.95/1000 -> 1049.5919 | H5: =F5-G5 -> 531.93805 | I5: ZH26FA001(04) | J5: 46195
A6: ZWP21 | B6: ZM169-ZWP21-ST-ML-007 | C6: REV. 2 | D6: ZWP21 Jacket Primary, Cone Plate | E6: XISC | F6: 65 | G6: =55551.55/1000 -> 55.55155 | H6: =F6-G6 -> 9.44845 | I6: ZH26FA001(05) | J6: 46195
A7: ZWP21 | B7: ZM169-ZWP21-ST-ML-007 | C7: Rev.1 | D7: ZWP21 Jacket Primary, Cone Plate | E7: XISC
A8: ZWP21 | B8: ZM169-ZWP21-ST-ML-007 | C8: REV. 3 | D8: ZWP22 Jacket Primary, Cone Plate | E8: XISC | G8: =36790.01/1000 -> 36.79001 | I8: ZH26FA001(14) | J8: 46204
A9: ZWP21 | B9: ZM169-ZWP21-ST-ML-008 | D9: ZWP21 Jacket Hydro static Ring Stiff Plates | E9: XISC | F9: 25.756 | G9: =9397.71/1000 -> 9.39771 | H9: =F9-G9 -> 16.35829 | I9: ZH26FA001(10) | J9: 46195
A10: ZWP21 | B10: ZM169-ZWP21-ST-ML-009 | D10: ZWP21 Jacket Leg Partition/Closure Plates | E10: XISC | F10: 17.117 | H10: =F10-G10 -> 17.117
A11: ZWP21 | B11: ZM169-ZWP21-ST-ML-010 | D11: ZWP21 Jacket Piles Sleeve Plate | E11: XISC | F11: 437.539 | G11: =271819.08/1000 -> 271.81908 | H11: =F11-G11 -> 165.71992 | I11: ZH26FA001(07) | J11: 46195
F12: =SUM(F2:F11) -> 4425.302 | G12: =SUM(G2:G11) -> 3512.1943 | H12: =F12-G12 -> 913.10767
A13: ZWP23 | B13: ZM169-ZWP23-ST-ML-001 | D13: ZWP23 Jacket Primary, TRB Rolling Plate | E13: XISC | F13: 1761
A14: ZWP23 | B14: ZM169-ZWP23-ST-ML-002 | D14: ZWP23 Jacket Primary, JCOE Rolling Plate | E14: XISC | F14: 1514
A15: ZWP23 | B15: ZM169-ZWP23-ST-ML-007 | D15: ZWP23 Jacket Primary, Cone Plate | E15: XISC | F15: 65 | G15: =22701.82/1000 -> 22.70182 | H15: =F15-G15 -> 42.29818 | I15: ZH26FA001(06) | J15: 46183
A16: ZWP23 | B16: ZM169-ZWP23-ST-ML-008 | D16: ZWP23 Jacket Hydro static Ring Stiff Plates | E16: XISC | K16: No drawing to SE
A17: ZWP23 | B17: ZM169-ZWP23-ST-ML-009 | D17: ZWP23 Jacket Leg Partition/Closure Plates | E17: XISC | F17: 17.117
A18: ZWP23 | B18: ZM169-ZWP23-ST-ML-010 | D18: ZWP23 Jacket Piles Sleeve Plate | E18: XISC | F18: 437.539
A19: ZWP23 | B19: ZM169-ZWP23-ST-ML-011 | D19: ZWP23 Jacket Launch Cradle Plates+Ring Stiff Plates | E19: XISC | F19: 427.221
A21: ZWP20 | B21: ZM169-ZWP20-ST-ML-001 | D21: ZWP20 Jacket Primary, TRB Rolling Plate | E21: XISC | F21: 1641
A22: ZWP20 | B22: ZM169-ZWP20-ST-ML-002 | D22: ZWP20 Jacket Primary, JCOE Rolling Plate | E22: XISC | F22: 1439
A23: ZWP20 | B23: ZM169-ZWP20-ST-ML-007 | D23: ZWP20 Jacket Primary, Cone Plate | E23: XISC | F23: 65
A24: ZWP20 | B24: ZM169-ZWP20-ST-ML-008 | D24: ZWP20 Jacket Hydro static Ring Stiff Plates | E24: XISC | K24: No drawing to SE
A25: ZWP20 | B25: ZM169-ZWP20-ST-ML-009 | D25: ZWP20 Jacket Leg Partition/Closure Plates | E25: XISC | F25: 17.117
A26: ZWP20 | B26: ZM169-ZWP20-ST-ML-010 | D26: ZWP20 Jacket Piles Sleeve Plate | E26: XISC | F26: 465.604
A27: ZWP20 | B27: ZM169-ZWP20-ST-ML-011 | D27: ZWP20 Jacket Launch Cradle Plates+Ring Stiff Plates | E27: XISC | F27: 393.737
A29: ZWP22 | B29: ZM169-ZWP22-ST-ML-001 | D29: ZWP22 Jacket Primary, TRB Rolling Plate | E29: XISC | F29: 1696
A30: ZWP22 | B30: ZM169-ZWP22-ST-ML-002 | D30: ZWP22 Jacket Primary, JCOE Rolling Plate | E30: XISC | F30: 1425
A31: ZWP22 | B31: ZM169-ZWP22-ST-ML-007 | D31: ZWP22 Jacket Primary, Cone Plate | E31: XISC | F31: 65
A32: ZWP22 | B32: ZM169-ZWP22-ST-ML-008 | D32: ZWP22 Jacket Hydro static Ring Stiff Plates | E32: XISC | K32: No drawing to SE
A33: ZWP22 | B33: ZM169-ZWP22-ST-ML-009 | D33: ZWP22 Jacket Leg Partition/Closure Plates | E33: XISC | F33: 17.117
A34: ZWP22 | B34: ZM169-ZWP22-ST-ML-010 | D34: ZWP22 Jacket Piles Sleeve Plate | E34: XISC | F34: 456.604
A35: ZWP22 | B35: ZM169-ZWP22-ST-ML-011 | D35: ZWP22 Jacket Launch Cradle Plates+Ring Stiff Plates | E35: XISC | F35: 410.177
A40: Plateform | B40: Drawing No. | D40: Drawing Name | E40: Vendor | F40: Weight (T) | G40: Ordered(T) | H40: Rest | I40: Order No. | J40: Order Date | K40: Remark
A41: Topside | B41: ZM169-SE-ST-ML-010 | D41: Topside Primary, TRB Rolling Plate (ZWP20, 21, 22, 23) | E41: XISC | F41: 260.332 | G41: =310332.39/1000 -> 310.33239 | H41: =F41-G41 -> -50.00039 | I41: ZH26FA001(09) | J41: 46189
A42: Topside | B42: ZM169-SE-ST-ML-011 | D42: Topside Primary, JCOE Rolling Plate (ZWP20, 21, 22, 23) | E42: XISC | F42: 349.148 | G42: =90494.53/1000 -> 90.49453 | H42: =F42-G42 -> 258.65347 | I42: ZH26FA001(08) | J42: 46189
A43: Topside | B43: ZM169-SE-ST-ML-012 | D43: Topside Primary, Plate (ZWP20, 21, 22, 23) | E43: XISC | F43: 458.056 | G43: =660782.29/1000 -> 660.78229 | H43: =F43-G43 -> -202.72629 | I43: ZH26FA001(11)
F44: =SUM(F41:F43) -> 1067.536 | G44: =SUM(G41:G43) -> 1061.6092

Sheet Sheet3
A1: RFQ No. | B1: Package Name | C1: PO No. | D1: TBE Issued
A2: RFQ-MA-002-1 | B2: Closed Drain Sump Vessel | D2: 46197
A3: RFQ-MA-002-2 | B3: Test Separator | D3: 46197
A4: RFQ-MA-002-3 | B4: Instrument Gas Filter Coalescer | D4: 46197
A5: RFQ-MA-003 | B5: Closed Drain Sump Pump skids | D5: 46195
A6: RFQ-MA-004 | B6: Chemical injection pump skid | D6: 46195
A7: RFQ-MA-005 | B7: Chemical storage tank | D7: 46203
A8: RFQ-MA-006 | B8: Material Handling Equipment | D8: 46212
A9: RFQ-SA-001 | B9: Fire Fighting, Safety Equipment (Including Lifesaving) | D9: 46233
A10: RFQ-SA-002 | B10: Safety Signs | D10: 46415
A11: RFQ-PIP-001 | B11: Ball Valve (Flange End) | D11: 46219
A12: RFQ-PIP-021 | B12: Ball Valve (Welded End) | D12: 46219
A13: RFQ-PIP-002 | B13: Globe Valve (Flange End) | D13: 46219
... A37: RFQ-PIP-026 | B37: Special items-3D Bend | D37: 46281
A38: RFQ-PIPL-004 | B38: Pipes, Fittings and Flanges (B31.8)
A39: RFQ-EL-001 | B39: Solar Power System | D39: 46202
A40: RFQ-EL-002 | B40: DC Distribution Boards | D40: 46202
A41: RFQ-EL-003 | B41: AC Distribution Boards | D41: 46202
A42: RFQ-EL-004 | B42: Navigation Aid, Red Lantern, Flashing Beacon, Warning Siren and Fog Horn | D42: 46209
A43: RFQ-EL-005 | B43: EL Cable | D43: 46288
A44: RFQ-EL-006 | B44: E&I Cable Gland | D44: 46288
A45: RFQ-EL-007 | B45: Electrical Lighting Fixtures | D45: 46204
A46: RFQ-EL-008 | B46: E&I Cable Tray | D46: 46288
A47: RFQ-EL-009 | B47: E&I Multi-Cable Transits (MCT) | D47: 46269
A48: RFQ-EL-010 | B48: Power Socket/Plug, Junction Boxes and Earh Bar | D48: 46269
A49: RFQ-IN-002 | B49: Acutated ball valve | D49: 46204
A50: RFQ-IN-003 | B50: Actuated Compact Ball Valve | D50: 46203
... A80: RFQ-TEL-006 | B80: VHF Radio System | D80: 46266
