Workbook
Name \c: #N/A
Name \i: #N/A
Name \z: #N/A
Name __material_he_tubes_alternative: #REF!
Name __sf400: '[7]Pull-Down Menus'!$J$2486:$J$2491
Name __sf404: '[7]Pull-Down Menus'!$J$699:$J$701
Name _bal11: [10]bal11!$B$1:$AV$66
Name _bal12: [10]bal12!$B$1:$AU$66
Name _bal6: [10]bal6!$B$1:$CN$66
Name _DESIGN_MAT_SHELL: #REF!
Name _DESIGN_MAT_TUBES: #REF!
Name _DESIGN_TEMP_MAX_1: #REF!
Name _DESIGN_TEMP_MAX_2: #REF!
Name _DESIGN_TEMP_MIN_1: #REF!
Name _DESIGN_TEMP_MIN_2: #REF!
Name _DIMENSIONS_BOT: #REF!
Name _DIMENSIONS_MID: #REF!
Name _DIMENSIONS_PIPE_SHELL: #REF!
Name _DIMENSIONS_PIPE_TUBE: #REF!
Name _DIMENSIONS_TOP_MAIN: #REF!
Name _din24420: #REF!
Name _din28005: #REF!
Name _din28006: #REF!
Name _din28007: #REF!
Name _din28008: #REF!
Name _din28015: #REF!
Name _din28017: #REF!
Name _din28083: #REF!
Name _din28084: #REF!
Name _din28105: #REF!
Name _din28161: #REF!
Name _din28182: #REF!
Name _din4119: #REF!
Name _doc_foundation_plan_loads_digital: #REF!
Name _doc_foundation_plan_loads_paper: #REF!
Name _doc_foundation_plan_loads_week: #REF!
Name _installed_area_per_unit: #REF!
Name _Jos2: #REF!
Name _mat1: #REF!
Name _mat2: #REF!
Name _mat3: #REF!
Name _mat4: #REF!
Name _material_he_tubes: #REF!
Name _mc230: #REF!
Name _mc240: #REF!
Name _mc245: #REF!
Name _mc250: #REF!
Name _mc251: #REF!
Name _mc252: #REF!
Name _mc253: #REF!
Name _mc254: #REF!
Name _mc255: #REF!
Name _mc260: #REF!
Name _mc310: #REF!
Name _mc311: #REF!
Name _mc335: #REF!
Name _mc336: #REF!
Name _mc337: #REF!
Name _mc338: #REF!
Name _mc339: #REF!

Sheet PSR Overall Cycle
B2: Note: | C2: 1. All MR Issuance with Attached File to be used IFR version, some long lead item to be used FEED document as MR Issuance basis which listed in Remark
C3: 2. In principle, Datasheet - IFA version shall be issued before TBE issuance as much as possible to avoid the big gap of changes.
C4: 3.TBE- AFC and MR-AFC should be issued before PO issuance.
C5: 4.For the Steel Structural, TJE will sign the frame agreement with alternative vendors firstly, once the MTO&IFA drawing issuance, TJE will purchase order promptly
C6: 5.The 3rd line of Each procuremnt package with "Proposal from TJE" in column N , has been aligned with GCME about date of MR issuance with atteched relative documents, then forward schedule in procurement and leadtime to ETA, this line is the basis for schedule developing.
L8: LA | O8: 1 | P8: 10 | Q8: 0 | R8: 0 | S8: 0 | T8: 10 | U8: 17 | V8: 10 | X8: 9
L9: LB | O9: 1 | P9: 10 | Q9: 0 | R9: 0 | S9: 0 | T9: 10 | U9: 17 | V9: 10 | X9: 9
L10: LC | O10: 1 | P10: 10 | Q10: 0 | R10: 0 | S10: 0 | T10: 10 | U10: 13 | V10: 10 | X10: 9
L11: LD | O11: 1 | P11: 10 | Q11: 0 | R11: 0 | S11: 0 | T11: 5 | U11: 7 | V11: 10 | X11: 5
B12: ZM167 PTTEPI ASK Procurement Plan | L12: LA | O12: 1 | P12: 5 | Q12: 1 | R12: 5 | T12: 10 | U12: 20 | V12: 3 | X12: 10 | Y12: 2 | Z12: 5 | AA12: 20 | AB12: 10 | AF12: 5 | AG12: 5
L13: LB | O13: 1 | P13: 5 | Q13: 1 | R13: 5 | T13: 10 | U13: 20 | V13: 3 | X13: 10 | Y13: 2 | Z13: 5 | AA13: 20 | AB13: 10 | AF13: 5 | AG13: 5
L14: LC | O14: 3 | P14: 5 | Q14: 1 | R14: 5 | T14: 10 | U14: 15 | V14: 3 | X14: 10 | Y14: 2 | Z14: 5 | AA14: 15 | AB14: 10 | AF14: 5 | AG14: 5
L15: LD | O15: 3 | P15: 5 | Q15: 1 | R15: 3 | T15: 5 | U15: 7 | V15: 2 | X15: 5 | Y15: 2 | Z15: 5 | AA15: 10 | AB15: 10 | AF15: 5 | AG15: 5
A16: No. | B16: RFQ No. | C16: Package Name | D16: Actual Lead Time | E16: Delivery Duration (Weeks) | F16: Deviation | G16: Total Weight | H16: CODE | I16: Discripline | J16: Long Lead Item (Y/N) | K16: Criticality Rating | L16: Priority Level | N16: Bidder List Approval | O16: MR Issued | P16: MR Approved | Q16: RFQ Issued | R16: RFQ Approved | S16: CFT Issuance | T16: Bid Closing Date | U16: TBE Issued | V16: TBE Approved | W16: LOA SIGN | X16: PO Issued | Y16: Vendor Acknowledgement | Z16: KOM | AA16: VD Submission | AB16: Approval of Key Vendor Documents | AC16: Delivery of Major Materials | AD16: PIM | AE16: Start Production | AF16: FAT | AG16: Ready for Shipment | AH16: Receipt at WORKSITE | AI16: Punch List Clearance | AJ16: Approval of Final Documentation (To be confirmed later) | AK16: Delivery Duration (Weeks) | AL16: Lead Time | AM16: ETA date | AN16: ROS date | AO16: Float | AR16: Remark | AS16: Remark2
M17: Matrix | AR17: Installation
M18: Holiday | N18: China | O18: Thai | P18: Thai | Q18: China | R18: Thai | T18: China | U18: Thai | V18: Thai | W18: China | X18: China | Y18: China | Z18: China | AA18: China | AB18: Thai
A19: 1 | B19: RFQ-MEC-001 | C19: Offshore Pedestal Crane | I19: Mechanical | L19: LA | M19: New Plan | O19: 46122 | P19: 46142 | Q19: 46142 | R19: 46142 | S19: 46145 | T19: 46157 | U19: 46184 | V19: 46198 | X19: 46211 | Y19: 46213 | Z19: 46220 | AA19: 46248 | AB19: 46262 | AC19: 46307 | AD19: 46310 | AE19: 46313 | AF19: 46496 | AG19: 46526 | AH19: 46540 | AI19: 46554 | AJ19: 46570 | AK19: 47 | AL19: =AK19*7 -> 329 | AM19: =X19+AL19 -> 46540 | AN19: =AN20 -> 46540 | AO19: =AN20-AM19 -> 0 | AP19: Long Lead | AQ19: WPA-01 | AR19: 46543
B20: RFQ-MEC-001 | C20: Offshore Pedestal Crane | H20: 4-2.1 | I20: Mechanical | J20: Y | K20: 2 | L20: LA | M20: Forecast | AB20: 46331 | AC20: 46300 | AD20: 46258 | AE20: 46301 | AF20: 46497 | AG20: 46521 | AH20: 46533 | AI20: 46547 | AJ20: 46563 | AK20: 47 | AL20: 329 | AM20: 46533 | AN20: =AR19-3 -> 46540 | AO20: =AN20-AM20 -> 7 | AP20: =AP19 -> Long Lead | AQ20: WPA-02 | AR20: 46553
B21: RFQ-MEC-001 | C21: Offshore Pedestal Crane | I21: Mechanical | J21: Y | K21: 2 | L21: LA | M21: Actual | N21: 46120 | O21: 46122 | P21: 46139 | Q21: =P21 -> 46139 | R21: =Q21 -> 46139 | S21: =R21 -> 46139 | T21: 46143 | U21: 46185 | V21: 46190 | W21: 46204 | X21: 46240 | Y21: 46240 | Z21: 46213 | AA21: =Z21+1 -> 46214 | AP21: =AP19 -> Long Lead | AR21: UPO-0003 | AS21: Upper Deck
A22: 2 | B22: RFQ-MEC-002 | C22: Material Handling Equipment | I22: Mechanical | L22: LC | M22: New Plan | O22: 46203 | P22: 46217 | Q22: 46217 | R22: 46217 | S22: 46217 | T22: 46231 | U22: 46252 | V22: 46266 | X22: 46279 | Y22: 46281 | Z22: 46288 | AA22: 46317 | AB22: 46332 | AC22: 46377 | AD22: 46380 | AE22: 46381 | AF22: 46410 | AG22: 46440 | AH22: 46454 | AI22: 46468 | AJ22: 46484 | AK22: 25 | AL22: =AK22*7 -> 175 | AM22: =X22+AL22 -> 46454 | AN22: =AN23 -> 46459 | AO22: =AN23-AM22 -> 5 | AQ22: WPA-01 | AR22: 46462
B23: RFQ-MEC-002 | C23: Material Handling Equipment | H23: 4-2.2 | I23: Mechanical | J23: N | K23: 4 | L23: LC | M23: Forecast | X23: 46279 | Z23: 46288 | AA23: 46317 | AB23: 46332 | AC23: 46377 | AD23: 46380 | AE23: 46381 | AF23: 46391 | AG23: 46421 | AH23: 46435 | AI23: 46449 | AJ23: 46465 | AK23: 25 | AL23: 175 | AM23: 46435 | AN23: =AR22-3 -> 46459 | AO23: =AN23-AM23 -> 24 | AQ23: WPA-02 | AR23: 46490 | AS23: check Location
B24: RFQ-MEC-002 | C24: Material Handling Equipment | I24: Mechanical | J24: N | K24: 4 | L24: LC | M24: Actual | O24: 46170 | P24: 46188 | Q24: 46188 | R24: 46188 | S24: 46191 | T24: 46204 | U24: 46242 | V24: 46255 | W24: 46260 | Y24: 46260 | AR24: UPO-0025
A25: 3 | B25: RFQ-MEC-003 | C25: Instrument Gas Filter Coalescer | I25: Mechanical | L25: LA | M25: New Plan | O25: 46170 | P25: 46182 | Q25: 46182 | R25: 46182 | S25: 46190 | T25: 46204 | U25: 46224 | V25: 46240 | X25: 46253 | Y25: 46255 | Z25: 46262 | AA25: 46293 | AB25: 46307 | AC25: 46367 | AD25: 46370 | AE25: 46371 | AF25: 46402 | AG25: 46432 | AH25: 46433 | AI25: 46447 | AJ25: 46463 | AK25: 25.714286 | AL25: =AK25*7 -> 180 | AM25: =X25+AL25 -> 46433 | AN25: =AN26 -> 46444 | AO25: =AN26-AM25 -> 11 | AQ25: WPA-01 | AR25: 46447
B26: RFQ-MEC-003 | C26: Instrument Gas Filter Coalescer | H26: 4-2.4 | I26: Mechanical | J26: Y | K26: 3 | L26: LA | M26: Forecast | AB26: 46336 | AC26: 46345 | AD26: 46346 | AE26: 46347 | AF26: 46415 | AG26: 46417 | AH26: 46417 | AI26: 46431 | AJ26: 46447 | AK26: 28.285714 | AL26: 198 | AM26: 46417 | AN26: =AR25-3 -> 46444 | AO26: =AN26-AM26 -> 27 | AQ26: WPA-02 | AR26: 46472
B27: RFQ-MEC-003 | C27: Instrument Gas Filter Coalescer | I27: Mechanical | J27: Y | K27: 3 | L27: LA | M27: Actual | N27: 46136 | O27: 46165 | P27: 46183 | Q27: 46183 | R27: 46183 | S27: 46183 | T27: 46192 | U27: 46220 | V27: 46224 | W27: 46219 | X27: 46219 | Y27: 46219 | Z27: 46226 | AA27: =Z27+1 -> 46227 | AR27: UPO-0004 | AS27: Lower Deck
A28: 4 | B28: RFQ-MEC-004 | C28: TEST AND PRODUCTION SEPARATOR | I28: Mechanical | L28: LA | M28: New Plan | O28: 46154 | P28: 46162 | Q28: 46162 | R28: 46162 | S28: 46170 | T28: 46183 | U28: 46211 | V28: 46216 | X28: 46230 | Y28: 46232 | Z28: 46239 | AA28: 46267 | AB28: 46281 | AC28: 46341 | AD28: 46344 | AE28: 46345 | AF28: 46430 | AG28: 46433 | AH28: 46440 | AI28: 46454 | AJ28: 46470 | AK28: 30 | AL28: =AK28*7 -> 210 | AM28: =X28+AL28 -> 46440 | AN28: =AN29 -> 46448 | AO28: =AN29-AM28 -> 8 | AP28: Long Lead | AQ28: WPA-01 | AR28: 46451
B29: RFQ-MEC-004 | C29: TEST AND PRODUCTION SEPARATOR | H29: 4-2.3 | I29: Mechanical | J29: Y | K29: 2 | L29: LA | M29: Forecast | AB29: 46336 | AC29: 46343 | AD29: 46344 | AE29: 46345 | AF29: 46430 | AG29: 46433 | AH29: 46433 | AI29: 46447 | AJ29: 46463 | AK29: 30.571429 | AL29: 214 | AM29: 46433 | AN29: =AR28-3 -> 46448 | AO29: =AN29-AM29 -> 15 | AP29: =AP28 -> Long Lead | AQ29: WPA-02 | AR29: 46472
B30: RFQ-MEC-004 | C30: TEST AND PRODUCTION SEPARATOR | I30: Mechanical | J30: Y | K30: 2 | L30: LA | M30: Actual | N30: 46136 | O30: 46157 | P30: 46182 | Q30: 46182 | R30: 46182 | S30: 46182 | T30: 46190 | U30: 46206 | V30: 46210 | W30: 46219 | X30: 46219 | Y30: 46219 | Z30: 46226 | AA30: 46260 | AP30: =AP28 -> Long Lead | AR30: UPO-0004 | AS30: Lower Deck
A31: 5 | B31: RFQ-PIP-005 | C31: QUICK OPENING CLOSURE | I31: Piping | L31: LA | M31: New Plan | O31: 46157 | P31: 46175 | Q31: 46175 | R31: 46175 | S31: 46176 | T31: 46189 | U31: 46217 | V31: 46227 | X31: 46234 | Y31: 46238 | Z31: 46245 | AA31: 46273 | AB31: 46287 | AC31: 46347 | AD31: 46350 | AE31: 46351 | AF31: 46427 | AG31: 46457 | AH31: 46458 | AI31: 46472 | AJ31: 46488 | AK31: 32 | AL31: =AK31*7 -> 224 | AM31: =X31+AL31 -> 46458 | AN31: =AN32 -> 46466 | AO31: =AN32-AM31 -> 8 | AQ31: WPA-01 | AR31: 46469
B32: RFQ-PIP-005 | C32: QUICK OPENING CLOSURE | H32: 4-2.6 | I32: Piping | J32: Y | K32: 2 | L32: LA | M32: Forecast | AB32: 46290 | AC32: 46350 | AD32: 46353 | AE32: 46354 | AF32: 46350 | AG32: 46380 | AH32: 46381 | AI32: 46395 | AJ32: 46411 | AK32: 20 | AL32: 140 | AM32: =W33+AL32 -> 46381 | AN32: =AR31-3 -> 46466 | AO32: =AN32-AM32 -> 85 | AQ32: WPA-02 | AR32: 46472 | AS32: Lower Deck
B33: RFQ-PIP-005 | C33: QUICK OPENING CLOSURE | I33: Piping | J33: Y | K33: 2 | L33: LA | M33: Actual | N33: 46136 | O33: 46163 | P33: 46182 | Q33: 46182 | R33: 46182 | S33: 46182 | T33: 46199 | U33: 46225 | V33: 46240 | W33: 46241 | Y33: 46241 | Z33: 46248 | AA33: =Z33+1 -> 46249 | AR33: UPO-0020
A34: 6 | B34: RFQ-MEC-006 | C34: CHEMICAL INJECTION PUMPS PACKAGE | I34: Mechanical | L34: LA | M34: New Plan | O34: 46153 | P34: 46182 | Q34: 46182 | R34: 46182 | S34: 46169 | T34: 46183 | U34: 46210 | V34: 46213 | X34: 46227 | Y34: 46231 | Z34: 46238 | AA34: 46266 | AB34: 46280 | AC34: 46392 | AD34: 46395 | AE34: 46396 | AF34: 46421 | AG34: 46437 | AH34: 46451 | AI34: 46465 | AJ34: 46481 | AK34: 32 | AL34: =AK34*7 -> 224 | AM34: =X34+AL34 -> 46451 | AN34: =AN35 -> 46451 | AO34: =AN35-AM34 -> 0 | AP34: Long Lead | AQ34: WPA-01 | AR34: 46454
B35: RFQ-MEC-006 | C35: CHEMICAL INJECTION PUMPS PACKAGE | H35: 4-2.8 | I35: Mechanical | J35: Y | K35: 3 | L35: LA | M35: Forecast | AB35: 46339 | AC35: 46366 | AD35: 46366 | AE35: 46366 | AF35: 46469 | AG35: 46471 | AH35: 46476 | AI35: 46490 | AJ35: 46506 | AK35: 35.142857 | AL35: 246 | AM35: 46476 | AN35: =AR34-3 -> 46451 | AO35: =AN35-AM35 -> -25 | AP35: =AP34 -> Long Lead | AQ35: WPA-02 | AR35: 46472
B36: RFQ-MEC-006 | C36: CHEMICAL INJECTION PUMPS PACKAGE | I36: Mechanical | J36: Y | K36: 3 | L36: LA | M36: Actual | N36: 46133 | O36: 46157 | P36: 46182 | Q36: 46182 | R36: 46182 | S36: 46182 | T36: 46183 | U36: 46206 | V36: 46210 | W36: 46230 | Y36: 46230 | Z36: 46237 | AA36: 46262 | AP36: =AP34 -> Long Lead | AR36: UPO-0008，RFQ-007 De-mulsifier / Water Clarifier Injection Pump & RFQ-044 Flow switch combined with RFQ-006 | AS36: Lower Deck
A37: 8 | B37: RFQ-MEC-008 | C37: DEOILER HYDRO CYCLONE PACKAGE | I37: Mechanical | L37: LA | M37: New Plan | O37: 46141 | P37: 46153 | Q37: 46153 | R37: 46161 | S37: 46161 | T37: 46183 | U37: 46203 | V37: 46206 | X37: 46220 | Y37: 46224 | Z37: 46231 | AA37: 46259 | AB37: 46273 | AC37: 46340 | AD37: 46340 | AE37: 46340 | AF37: 46457 | AG37: 46461 | AH37: =AG37+3 -> 46464 | AI37: =AH37+14 -> 46478 | AJ37: =AM37+30 -> 46494 | AK37: 34 | AL37: =AK37*7 -> 238 | AM37: =AH37 -> 46464 | AN37: =AN38 -> 46469 | AO37: =AN38-AM37 -> 5 | AQ37: WPA-01 | AR37: NA
B38: RFQ-MEC-008 | C38: DEOILER HYDRO CYCLONE PACKAGE | H38: 4-2.10 | I38: Mechanical | J38: Y | K38: 2 | L38: LA | M38: Forecast | AB38: 46380 | AC38: 46329 | AD38: 46329 | AE38: 46340 | AF38: 46461 | AG38: 46461 | AH38: 46461 | AI38: 46475 | AJ38: 46491 | AK38: 34.571429 | AL38: 242 | AM38: 46461 | AN38: =AR38-3 -> 46469 | AO38: =AN38-AM38 -> 8 | AQ38: WPA-02 | AR38: 46472 | AS38: only WPA02
B39: RFQ-MEC-008 | C39: DEOILER HYDRO CYCLONE PACKAGE | I39: Mechanical | J39: Y | K39: 2 | L39: LA | M39: Actual | N39: 46136 | O39: 46139 | P39: 46153 | Q39: 46153 | R39: =P39 -> 46153 | S39: =P39 -> 46153 | T39: 46182 | U39: 46200 | V39: 46202 | W39: 46219 | X39: 46219 | Y39: 46219 | Z39: 46226 | AA39: 46260 | AR39: UPO-0004 | AS39: Lower Deck
A40: 9 | B40: RFQ-MEC-009 | C40: DEGASSER DRUM | I40: Mechanical | L40: LA | M40: New Plan | O40: 46134 | P40: 46153 | Q40: 46153 | R40: 46153 | S40: 46154 | T40: 46167 | U40: 46197 | V40: 46202 | X40: 46216 | Y40: 46218 | Z40: 46225 | AA40: 46253 | AB40: 46267 | AC40: 46340 | AD40: 46340 | AE40: 46343 | AF40: 46453 | AG40: 46456 | AH40: =AG40+3 -> 46459 | AI40: =AH40+14 -> 46473 | AJ40: =AM40+30 -> 46489 | AK40: 34 | AL40: =AK40*7 -> 238 | AM40: =AH40 -> 46459 | AN40: =AN41 -> 46470 | AO40: =AN41-AM40 -> 11 | AQ40: WPA-01 | AR40: NA
B41: RFQ-MEC-009 | C41: DEGASSER DRUM | H41: 4-2.11 | I41: Mechanical | J41: Y | K41: 2 | L41: LA | M41: Forecast | AB41: 46380 | AC41: 46280 | AD41: 46281 | AE41: 46282 | AF41: 46451 | AG41: 46456 | AH41: 46456 | AI41: 46470 | AJ41: 46486 | AK41: 33.857143 | AL41: 237 | AM41: 46456 | AN41: =AR41-3 -> 46470 | AO41: =AN41-AM41 -> 14 | AQ41: WPA-02 | AR41: 46473 | AS41: only WPA02
B42: RFQ-MEC-009 | C42: DEGASSER DRUM | I42: Mechanical | J42: Y | K42: 2 | L42: LA | M42: Actual | N42: 46135 | O42: 46135 | P42: 46151 | Q42: 46151 | R42: =P42 -> 46151 | S42: =P42 -> 46151 | T42: 46181 | U42: 46202 | V42: 46204 | W42: 46219 | X42: 46219 | Y42: 46219 | Z42: 46226 | AA42: 46260 | AR42: UPO-0004 | AS42: Lower Deck
A43: 10 | B43: RFQ-MEC-010 | C43: Skim Tank Vessel | I43: Mechanical | L43: LA | M43: New Plan | O43: 46147 | P43: 46167 | Q43: 46167 | R43: 46167 | S43: 46163 | T43: 46190 | U43: 46204 | V43: 46209 | X43: 46223 | Y43: 46225 | Z43: 46232 | AA43: 46260 | AB43: 46274 | AC43: 46334 | AD43: 46337 | AE43: 46338 | AF43: 46374 | AG43: 46446 | AH43: 46447 | AI43: 46461 | AJ43: 46477 | AK43: 32 | AL43: =AK43*7 -> 224 | AM43: =X43+AL43 -> 46447 | AN43: =AN44 -> 46469 | AO43: =AN44-AM43 -> 22 | AQ43: WPA-01 | AR43: NA
B44: RFQ-MEC-010 | C44: Skim Tank Vessel | H44: 4-2.13 | I44: Mechanical | J44: Y | K44: 2 | L44: LA | M44: Forecast | AB44: 46336 | AC44: 46345 | AD44: 46346 | AE44: 46347 | AF44: 46454 | AG44: 46446 | AH44: 46446 | AI44: 46460 | AJ44: 46476 | AK44: 32.428571 | AL44: 227 | AM44: 46446 | AN44: =AR44-3 -> 46469 | AO44: =AN44-AM44 -> 23 | AQ44: WPA-02 | AR44: 46472 | AS44: only WPA02
B45: RFQ-MEC-010 | C45: Skim Tank Vessel | I45: Mechanical | J45: Y | K45: 2 | L45: LA | M45: Actual | N45: 46136 | O45: 46150 | P45: 46167 | Q45: 46167 | R45: 46167 | S45: 46167 | T45: 46190 | U45: 46206 | V45: 46210 | W45: 46219 | X45: 46219 | Y45: 46219 | Z45: 46226 | AA45: 46260 | AR45: UPO-0004 | AS45: Lower Deck
A46: 11 | B46: RFQ-MEC-011 | C46: Closed Drain Sump Vessel | I46: Mechanical | L46: LA | M46: New Plan | O46: 46155 | P46: 46182 | Q46: 46182 | R46: 46182 | S46: 46171 | T46: 46185 | U46: 46212 | V46: 46217 | X46: 46231 | Y46: 46233 | Z46: 46240 | AA46: 46268 | AB46: 46282 | AC46: 46342 | AD46: 46345 | AE46: 46346 | AF46: 46382 | AG46: 46412 | AH46: 46413 | AI46: 46427 | AJ46: 46443 | AK46: 26 | AL46: =AK46*7 -> 182 | AM46: =X46+AL46 -> 46413 | AN46: =AN47 -> 46430 | AO46: =AN47-AM46 -> 17 | AP46: Long Lead | AQ46: WPA-01 | AR46: 46433
B47: RFQ-MEC-011 | C47: Closed Drain Sump Vessel | H47: 4-2.12 | I47: Mechanical | J47: Y | K47: 3 | L47: LA | M47: Forecast | AB47: 46336 | AC47: 46336 | AD47: 46336 | AE47: 46337 | AF47: 46403 | AG47: 46406 | AH47: 46406 | AI47: 46420 | AJ47: 46436 | AK47: 26.714286 | AL47: 187 | AM47: 46406 | AN47: =AR46-3 -> 46430 | AO47: =AN47-AM47 -> 24 | AP47: =AP46 -> Long Lead | AQ47: WPA-02 | AR47: 46450
B48: RFQ-MEC-011 | C48: Closed Drain Sump Vessel | I48: Mechanical | J48: Y | K48: 3 | L48: LA | M48: Actual | N48: 46136 | O48: 46157 | P48: 46182 | Q48: 46182 | R48: 46182 | S48: 46182 | T48: 46185 | U48: 46206 | V48: 46210 | W48: 46219 | X48: 46219 | Y48: 46219 | Z48: 46226 | AA48: 46260 | AP48: =AP46 -> Long Lead | AR48: UPO-0004 | AS48: Sump Deck
A49: 13 | B49: RFQ-MEC-013 | C49: Storage Tank | I49: Mechanical | L49: LA | M49: New Plan | O49: 46164 | P49: 46183 | Q49: 46183 | R49: 46183 | S49: 46183 | T49: 46183 | U49: 46225 | V49: 46241 | X49: 46254 | Y49: 46258 | Z49: 46265 | AA49: 46294 | AB49: 46309 | AC49: 46369 | AD49: 46372 | AE49: 46377 | AF49: 46391 | AG49: 46421 | AH49: 46422 | AI49: 46436 | AJ49: 46452 | AK49: 24 | AL49: =AK49*7 -> 168 | AM49: =X49+AL49 -> 46422 | AN49: =AN50 -> 46470 | AO49: =AN50-AM49 -> 48 | AQ49: WPA-01 | AR49: 46473
B50: RFQ-MEC-013 | C50: Storage Tank | H50: 4-2.17 | I50: Mechanical | J50: Y | K50: 3 | L50: LA | M50: Forecast | AB50: 46336 | AC50: 46336 | AD50: 46376 | AE50: 46377 | AF50: 46443 | AG50: 46444 | AH50: 46444 | AI50: 46458 | AJ50: 46474 | AK50: 32.142857 | AL50: 225 | AM50: 46444 | AN50: =AR49-3 -> 46470 | AO50: =AN50-AM50 -> 26 | AQ50: WPA-02 | AR50: 46501
B51: RFQ-MEC-013 | C51: Storage Tank | I51: Mechanical | J51: Y | K51: 3 | L51: LA | M51: Actual | N51: 46136 | O51: 46164 | P51: 46183 | Q51: 46183 | R51: 46183 | S51: 46183 | T51: 46183 | U51: 46212 | V51: 46219 | W51: 46219 | X51: 46219 | Y51: 46219 | Z51: 46226 | AA51: 46260 | AR51: UPO-0004 | AS51: Mezz & Lower
A52: 14 | B52: RFQ-MEC-014 | C52: CLOSED DRAIN SUMP PUMP AND RECOVERY WATER PUMP PACKAGE | I52: Mechanical | L52: LA | M52: New Plan | O52: 46155 | P52: 46182 | Q52: 46182 | R52: 46182 | S52: 46171 | T52: 46185 | U52: 46212 | V52: 46217 | X52: 46231 | Y52: 46233 | Z52: 46240 | AA52: 46268 | AB52: 46282 | AC52: 46394 | AD52: 46397 | AE52: 46398 | AF52: 46411 | AG52: 46441 | AH52: 46455 | AI52: 46469 | AJ52: 46485 | AK52: 32 | AL52: =AK52*7 -> 224 | AM52: =X52+AL52 -> 46455 | AN52: =AN53 -> 46474 | AO52: =AN53-AM52 -> 19 | AP52: Long Lead | AQ52: WPA-01 | AR52: 46477
B53: RFQ-MEC-014 | C53: CLOSED DRAIN SUMP PUMP AND RECOVERY WATER PUMP PACKAGE | H53: 4-2.21 | I53: Mechanical | J53: Y | K53: 3 | L53: LA | M53: Forecast | AB53: 46312 | AC53: 46387 | AD53: 46387 | AE53: 46388 | AF53: 46392 | AG53: 46399 | AH53: 46434 | AI53: 46448 | AJ53: 46464 | AK53: 29.142857 | AL53: 204 | AM53: 46434 | AN53: =AR52-3 -> 46474 | AO53: =AN53-AM53 -> 40 | AP53: =AP52 -> Long Lead | AQ53: WPA-02 | AR53: 46477
B54: RFQ-MEC-014 | C54: CLOSED DRAIN SUMP PUMP AND RECOVERY WATER PUMP PACKAGE | I54: Mechanical | J54: Y | K54: 3 | L54: LA | M54: Actual | N54: 46133 | O54: 46157 | P54: 46182 | Q54: 46182 | R54: 46182 | S54: 46182 | T54: 46178 | U54: 46206 | V54: 46211 | W54: 46230 | Y54: 46230 | Z54: 46240 | AA54: 46262 | AP54: =AP52 -> Long Lead | AR54: UPO-0010 | AS54: Sump Deck
A55: 15 | B55: RFQ-MEC-015 | C55: DIESEL TRANSFER PUMP PACKAGE | I55: Mechanical | L55: LA | M55: New Plan | O55: 46177 | P55: 46185 | Q55: 46185 | R55: 46185 | S55: 46193 | T55: 46195 | U55: 46238 | V55: 46241 | X55: 46255 | Y55: 46259 | Z55: 46266 | AA55: 46295 | AB55: 46310 | AC55: 46421 | AD55: 46424 | AE55: 46425 | AF55: 46435 | AG55: 46465 | AH55: 46479 | AI55: 46493 | AJ55: 46509 | AK55: 32 | AL55: =AK55*7 -> 224 | AM55: =X55+AL55 -> 46479 | AN55: =AN56 -> 46483 | AO55: =AN56-AM55 -> 4 | AQ55: WPA-01 | AR55: 46486
B56: RFQ-MEC-015 | C56: DIESEL TRANSFER PUMP PACKAGE | H56: 4-2.23 | I56: Mechanical | J56: Y | K56: 3 | L56: LA | M56: Forecast | AB56: 46323 | AC56: 46380 | AD56: 46381 | AE56: 46382 | AF56: 46392 | AG56: 46399 | AH56: 46434 | AI56: 46448 | AJ56: 46464 | AK56: 29.142857 | AL56: 204 | AM56: 46434 | AN56: =AR55-3 -> 46483 | AO56: =AN56-AM56 -> 49 | AQ56: WPA-02 | AR56: 46487
B57: RFQ-MEC-015 | C57: DIESEL TRANSFER PUMP PACKAGE | I57: Mechanical | J57: Y | K57: 3 | L57: LA | M57: Actual | O57: 46170 | P57: 46188 | Q57: 46188 | R57: 46188 | S57: 46188 | T57: 46191 | U57: 46213 | V57: 46217 | W57: 46230 | Y57: 46230 | Z57: 46240 | AA57: 46262 | AR57: UPO-0010 | AS57: Lower Deck
A58: 16 | B58: RFQ-MEC-016 | C58: OPEN DRAIN CAISSON PUMP PACKAGE | I58: Mechanical | L58: LA | M58: New Plan | O58: 46150 | P58: 46167 | Q58: 46167 | R58: 46167 | S58: 46168 | T58: 46184 | U58: 46223 | V58: 46239 | X58: 46252 | Y58: 46254 | Z58: 46261 | AA58: 46289 | AB58: 46303 | AC58: 46415 | AD58: =AC58+3 -> 46418 | AE58: =AD58+1 -> 46419 | AF58: 46445 | AG58: 46475 | AH58: 46476 | AI58: 46490 | AJ58: 46506 | AK58: 32 | AL58: =AK58*7 -> 224 | AM58: =X58+AL58 -> 46476 | AN58: =AN59 -> 46494 | AO58: =AN59-AM58 -> 18 | AQ58: WPA-01 | AR58: NA
B59: RFQ-MEC-016 | C59: OPEN DRAIN CAISSON PUMP PACKAGE | H59: 4-2.24 | I59: Mechanical | J59: Y | K59: 2 | L59: LA | M59: Forecast | AB59: 46323 | AC59: 46380 | AD59: 46381 | AE59: 46382 | AF59: 46392 | AG59: 46399 | AH59: 46434 | AI59: 46448 | AJ59: 46464 | AK59: 29.142857 | AL59: 204 | AM59: 46434 | AN59: =AR59-3 -> 46494 | AO59: =AN59-AM59 -> 60 | AQ59: WPA-02 | AR59: 46497
B60: RFQ-MEC-016 | C60: OPEN DRAIN CAISSON PUMP PACKAGE | I60: Mechanical | J60: Y | K60: 2 | L60: LA | M60: Actual | N60: 46133 | O60: 46152 | P60: 46167 | Q60: 46167 | R60: 46167 | S60: 46167 | T60: 46184 | U60: 46213 | V60: 46219 | W60: 46230 | Y60: 46230 | Z60: 46240 | AA60: 46262 | AR60: UPO-0010 | AS60: check Location
A61: 17 | B61: RFQ-ELE-017 | C61: AC/DC Distribution Board | I61: Electrical | L61: LB | M61: New Plan | O61: 46139 | P61: 46156 | Q61: 46156 | R61: 46156 | S61: 46155 | T61: 46164 | U61: 46199 | V61: 46213 | X61: 46226 | Y61: 46230 | Z61: 46237 | AA61: 46265 | AB61: 46300 | AC61: 46320 | AD61: =AC61+3 -> 46323 | AE61: =AD61+1 -> 46324 | AF61: 46458 | AG61: 46478 | AH61: 46485 | AI61: 46499 | AJ61: 46515 | AK61: 36 | AL61: =AK61*7 -> 252 | AM61: =X61+AL61 -> 46478 | AN61: =AN62 -> 46467 | AO61: =AN62-AM61 -> -11 | AP61: Long Lead | AQ61: WPA-01 | AR61: 46470
B62: RFQ-ELE-017 | C62: AC/DC Distribution Board | H62: 4-3.1 | I62: Electrical | J62: Y | K62: 3 | L62: LB | M62: Forecast | AB62: 46325 | AC62: 46335 | AD62: 46335 | AE62: 46336 | AF62: 46359 | AG62: 46374 | AH62: 46422 | AI62: 46479 | AJ62: 46495 | AK62: 32.428571 | AL62: 227 | AM62: 46465 | AN62: =AR61-3 -> 46467 | AO62: =AN62-AM62 -> 2 | AP62: =AP61 -> Long Lead | AQ62: WPA-02 | AR62: 46505
B63: RFQ-ELE-017 | C63: AC/DC Distribution Board | I63: Electrical | J63: Y | K63: 3 | L63: LB | M63: Actual | N63: 46133 | O63: 46139 | P63: 46156 | Q63: 46156 | R63: 46156 | S63: 46156 | T63: 46164 | U63: 46206 | V63: 46213 | W63: 46238 | Y63: 46238 | Z63: 46241 | AA63: =Z63+1 -> 46242 | AP63: =AP61 -> Long Lead | AR63: UPO-0011
A64: 18 | B64: RFQ-ELE-018 | C64: Solar Power System | I64: Electrical | L64: LA | M64: New Plan | O64: 46139 | P64: 46156 | Q64: 46156 | R64: 46156 | S64: 46155 | T64: 46164 | U64: 46199 | V64: 46213 | X64: 46226 | Y64: 46230 | Z64: 46237 | AA64: 46265 | AB64: 46300 | AC64: 46320 | AD64: =AC64+3 -> 46323 | AE64: =AD64+1 -> 46324 | AF64: 46458 | AG64: 46478 | AH64: 46485 | AI64: 46499 | AJ64: 46515 | AK64: 37 | AL64: =AK64*7 -> 259 | AM64: =X64+AL64 -> 46485 | AN64: =AN65 -> 46561 | AO64: =AN65-AM64 -> 76 | AP64: Long Lead | AQ64: WPA-01 | AR64: 46568
B65: RFQ-ELE-018 | C65: Solar Power System | H65: 4-3.3 | I65: Electrical | J65: Y | K65: 2 | L65: LA | M65: Forecast | AB65: 46325 | AC65: 46335 | AD65: 46335 | AE65: 46336 | AF65: 46359 | AG65: 46374 | AH65: 46422 | AI65: 46479 | AJ65: 46495 | AK65: 32.428571 | AL65: 227 | AM65: 46465 | AN65: =AR64-7 -> 46561 | AO65: =AN65-AM65 -> 96 | AP65: =AP64 -> Long Lead | AQ65: WPA-02 | AR65: 46568
B66: RFQ-ELE-018 | C66: Solar Power System | I66: Electrical | J66: Y | K66: 2 | L66: LA | M66: Actual | N66: 46133 | O66: 46139 | P66: 46156 | Q66: 46156 | R66: 46156 | S66: 46156 | T66: 46164 | U66: 46206 | V66: 46213 | W66: 46238 | Y66: 46238 | Z66: 46241 | AA66: =Z66+1 -> 46242 | AP66: =AP64 -> Long Lead | AR66: UPO-0011
A67: 19 | B67: RFQ-ELE-019 | C67: Navigation Aid System | I67: Electrical | L67: LB | M67: New Plan | O67: 46150 | P67: 46170 | Q67: 46170 | R67: 46170 | S67: 46164 | T67: 46171 | U67: 46218 | V67: 46234 | X67: 46247 | Y67: 46251 | Z67: 46258 | AA67: 46286 | AB67: 46300 | AC67: 46320 | AD67: =AC67+3 -> 46323 | AE67: =AD67+1 -> 46324 | AF67: 46472 | AG67: 46492 | AH67: 46499 | AI67: 46513 | AJ67: 46529 | AK67: 36 | AL67: =AK67*7 -> 252 | AM67: =X67+AL67 -> 46499 | AN67: =AN68 -> 46500 | AO67: =AN68-AM67 -> 1 | AP67: Long Lead | AQ67: WPA-01 | AR67: 46507
B68: RFQ-ELE-019 | C68: Navigation Aid System | H68: 4-3.2 | I68: Electrical | J68: Y | K68: 4 | L68: LB | M68: Forecast | AB68: 46325 | AC68: 46399 | AD68: 46335 | AE68: 46378 | AF68: 46434 | AG68: 46454 | AH68: 46465 | AI68: 46479 | AJ68: 46495 | AK68: 32.428571 | AL68: 227 | AM68: 46465 | AN68: =AR67-7 -> 46500 | AO68: =AN68-AM68 -> 35 | AP68: =AP67 -> Long Lead | AQ68: WPA-02 | AR68: 46507
B69: RFQ-ELE-019 | C69: Navigation Aid System | I69: Electrical | J69: Y | K69: 4 | L69: LB | M69: Actual | N69: 46133 | O69: 46150 | P69: 46170 | Q69: 46170 | R69: 46170 | S69: 46170 | T69: 46171 | U69: 46215 | V69: 46224 | W69: 46238 | Y69: 46238 | Z69: 46241 | AA69: =Z69+1 -> 46242 | AP69: =AP67 -> Long Lead | AR69: UPO-0011
A70: 20 | B70: RFQ-ELE-020 | C70: External Battery Charger | I70: Electrical | L70: LC | M70: New Plan | O70: 46136 | P70: 46148 | Q70: 46149 | R70: 46156 | S70: 46156 | T70: 46169 | U70: 46199 | V70: 46213 | X70: 46226 | Y70: 46230 | Z70: 46237 | AA70: 46265 | AB70: 46300 | AC70: 46320 | AD70: =AC70+3 -> 46323 | AE70: =AD70+1 -> 46324 | AF70: 46458 | AG70: 46478 | AH70: 46485 | AI70: 46499 | AJ70: 46515 | AK70: 37 | AL70: =AK70*7 -> 259 | AM70: =X70+AL70 -> 46485 | AN70: =AN71 -> 46480 | AO70: =AN71-AM70 -> -5 | AP70: Long Lead | AQ70: WPA-01 | AR70: 46487
B71: RFQ-ELE-020 | C71: External Battery Charger | H71: 4-3.3 | I71: Electrical | J71: N | K71: 3 | L71: LC | M71: Forecast | AB71: 46325 | AC71: 46335 | AD71: 46335 | AE71: 46336 | AF71: 46359 | AG71: 46374 | AH71: 46422 | AI71: 46479 | AJ71: 46495 | AK71: 32.428571 | AL71: 227 | AM71: 46465 | AN71: =AR70-7 -> 46480 | AO71: =AN71-AM71 -> 15 | AP71: =AP70 -> Long Lead | AQ71: WPA-02 | AR71: 46505
B72: RFQ-ELE-020 | C72: External Battery Charger | I72: Electrical | J72: N | K72: 3 | L72: LC | M72: Actual | N72: 46133 | O72: 46139 | P72: 46156 | Q72: 46156 | R72: 46156 | S72: 46156 | T72: 46164 | U72: 46210 | V72: 46219 | W72: 46238 | Y72: 46238 | Z72: 46241 | AA72: =Z72+1 -> 46242 | AP72: =AP70 -> Long Lead | AR72: UPO-0011
A73: 21 | B73: RFQ-INS-021 | C73: Control Valve | I73: Instrument | L73: LB | M73: New Plan | O73: 46164 | P73: 46182 | Q73: 46182 | R73: 46182 | S73: 46183 | T73: 46191 | U73: 46225 | V73: 46241 | X73: 46254 | Y73: 46258 | Z73: 46265 | AA73: 46294 | AB73: 46309 | AC73: 46369 | AD73: 46372 | AE73: 46373 | AF73: 46443 | AG73: 46457 | AH73: 46464 | AI73: 46478 | AJ73: 46494 | AK73: 30 | AL73: =AK73*7 -> 210 | AM73: =X73+AL73 -> 46464 | AN73: =AN74 -> 46485 | AO73: =AN74-AM73 -> 21 | AQ73: WPA-01 | AR73: 46492
B74: RFQ-INS-021 | C74: Control Valve | H74: 4-4.5 | I74: Instrument | J74: N | K74: 2 | L74: LB | M74: Forecast | X74: 46280 | AB74: 46330 | AC74: 46390 | AD74: 46393 | AE74: 46394 | AF74: 46455 | AG74: 46469 | AH74: 46475 | AI74: =AM74+14 -> 46489 | AJ74: =AM74+30 -> 46505 | AK74: =AL74/7 -> 28.428571 | AL74: 199 | AM74: 46475 | AN74: =AR73-7 -> 46485 | AO74: =AN74-AM74 -> 10 | AQ74: WPA-02 | AR74: 46492 | AS74: installation during Reinstatement
B75: RFQ-INS-021 | C75: Control Valve | I75: Instrument | J75: N | K75: 2 | L75: LB | M75: Actual | N75: 46133 | O75: 46165 | P75: 46182 | Q75: 46182 | R75: 46182 | S75: 46182 | T75: 46188 | U75: 46248 | V75: 46252 | W75: 46276 | Y75: 46276 | Z75: 46283 | AA75: =Z75+1 -> 46284 | AR75: UPO-0030
A76: 22 | B76: RFQ-INS-022 | C76: Self Regulator Valve | I76: Instrument | L76: LB | M76: New Plan | O76: 46164 | P76: 46182 | Q76: 46182 | R76: 46182 | S76: 46183 | T76: 46188 | U76: 46225 | V76: 46241 | X76: 46254 | Y76: 46258 | Z76: 46265 | AA76: 46294 | AB76: 46309 | AC76: 46369 | AD76: 46372 | AE76: 46373 | AF76: 46457 | AG76: 46471 | AH76: 46478 | AI76: 46492 | AJ76: 46508 | AK76: 32 | AL76: =AK76*7 -> 224 | AM76: =X76+AL76 -> 46478 | AN76: =AN77 -> 46485 | AO76: =AN77-AM76 -> 7 | AQ76: WPA-01 | AR76: 46492
B77: RFQ-INS-022 | C77: Self Regulator Valve | H77: 4-4.6 | I77: Instrument | J77: N | K77: 4 | L77: LB | M77: Forecast | AB77: 46330 | AC77: 46390 | AD77: 46393 | AE77: 46394 | AF77: 46451 | AG77: 46465 | AH77: 46475 | AI77: =AM77+14 -> 46489 | AJ77: =AM77+30 -> 46505 | AK77: =AL77/7 -> 28.428571 | AL77: 199 | AM77: 46475 | AN77: =AR76-7 -> 46485 | AO77: =AN77-AM77 -> 10 | AQ77: WPA-02 | AR77: 46492 | AS77: installation during Reinstatement
B78: RFQ-INS-022 | C78: Self Regulator Valve | I78: Instrument | J78: N | K78: 4 | L78: LB | M78: Actual | N78: 46133 | O78: 46165 | P78: 46182 | Q78: 46182 | R78: 46182 | S78: 46182 | T78: 46188 | U78: 46227 | V78: 46233 | W78: 46276 | Y78: 46276 | Z78: 46283 | AA78: =Z78+1 -> 46284 | AR78: UPO-0030
A79: 23 | B79: RFQ-INS-023 | C79: Actuated Choke Valve | I79: Instrument | L79: LA | M79: New Plan | O79: 46164 | P79: 46182 | Q79: 46182 | R79: 46182 | S79: 46183 | T79: 46191 | U79: 46225 | V79: 46241 | X79: 46254 | Y79: 46258 | Z79: 46265 | AA79: 46294 | AB79: 46309 | AC79: 46369 | AD79: 46372 | AE79: 46373 | AF79: 46490 | AG79: 46504 | AH79: 46534 | AI79: 46548 | AJ79: 46564 | AK79: 40 | AL79: =AK79*7 -> 280 | AM79: =X79+AL79 -> 46534 | AN79: =AN80 -> 46489 | AO79: =AN80-AM79 -> -45 | AP79: Long Lead | AQ79: WPA-01 | AR79: 46492
B80: RFQ-INS-023 | C80: Actuated Choke Valve | H80: 4-4.3 | I80: Instrument | J80: Y | K80: 2 | L80: LA | M80: Forecast | AB80: 46325 | AC80: 46409 | AD80: 46044 | AE80: 46410 | AF80: 46077 | AG80: 46079 | AH80: 46485 | AI80: 46499 | AJ80: 46515 | AK80: 34 | AL80: 238 | AM80: 46485 | AN80: =AR79-3 -> 46489 | AO80: =AN80-AM80 -> 4 | AP80: =AP79 -> Long Lead | AQ80: WPA-02 | AR80: 46492 | AS80: installation during Reinstatement
B81: RFQ-INS-023 | C81: Actuated Choke Valve | I81: Instrument | J81: Y | K81: 2 | L81: LA | M81: Actual | N81: 46133 | O81: 46165 | P81: 46182 | Q81: 46182 | R81: 46182 | S81: 46182 | T81: 46191 | U81: 46227 | V81: 46236 | W81: 46247 | Y81: 46247 | Z81: 46255 | AA81: =Z81+1 -> 46256 | AP81: =AP79 -> Long Lead | AR81: UPO-0019
A82: 24 | B82: RFQ-INS-024 | C82: Actuated Ball Valve | I82: Instrument | L82: LB | M82: New Plan | O82: 46178 | P82: 46185 | Q82: 46188 | R82: 46188 | S82: 46188 | T82: 46190 | U82: 46239 | V82: 46254 | X82: 46267 | Y82: 46269 | Z82: 46276 | AA82: 46314 | AB82: 46329 | AC82: 46389 | AD82: 46392 | AE82: 46393 | AF82: 46475 | AG82: 46489 | AH82: 46519 | AI82: 46533 | AJ82: 46549 | AK82: 36 | AL82: =AK82*7 -> 252 | AM82: =X82+AL82 -> 46519 | AN82: =AN83 -> 46485 | AO82: =AN83-AM82 -> -34 | AP82: Long Lead | AQ82: WPA-01 | AR82: 46492
B83: RFQ-INS-024 | C83: Actuated Ball Valve | H83: 4-4.4 | I83: Instrument | J83: N | K83: 2 | L83: LB | M83: Forecast | AB83: 46321 | AC83: 46352 | AD83: 46355 | AE83: 46356 | AF83: 46068 | AG83: 46465 | AH83: 46470 | AI83: 46484 | AJ83: 46500 | AK83: 31 | AL83: 217 | AM83: 46470 | AN83: =AR82-7 -> 46485 | AO83: =AN83-AM83 -> 15 | AP83: =AP82 -> Long Lead | AQ83: WPA-02 | AR83: 46492 | AS83: installation during Reinstatement
B84: RFQ-INS-024 | C84: Actuated Ball Valve | I84: Instrument | J84: N | K84: 2 | L84: LB | M84: Actual | O84: 46178 | P84: 46186 | Q84: 46186 | R84: 46186 | S84: 46186 | T84: 46196 | U84: 46251 | V84: 46254 | W84: 46253 | Y84: 46253 | Z84: 46269 | AA84: =Z84+1 -> 46270 | AP84: =AP82 -> Long Lead | AR84: UPO-0021
A85: 25 | B85: RFQ-INS-025 | C85: Actuated Compact Ball Valve | I85: Instrument | L85: LB | M85: New Plan | O85: 46162 | P85: 46182 | Q85: 46183 | R85: 46183 | S85: 46183 | T85: 46188 | U85: 46224 | V85: 46230 | X85: 46241 | Y85: 46245 | Z85: 46252 | AA85: 46280 | AB85: 46294 | AC85: 46354 | AD85: 46357 | AE85: 46358 | AF85: 46477 | AG85: 46491 | AH85: 46521 | AI85: 46535 | AJ85: 46551 | AK85: 40 | AL85: =AK85*7 -> 280 | AM85: =X85+AL85 -> 46521 | AN85: =AN86 -> 46485 | AO85: =AN86-AM85 -> -36 | AP85: Long Lead | AQ85: WPA-01 | AR85: 46492
B86: RFQ-INS-025 | C86: Actuated Compact Ball Valve | H86: 4-4.4 | I86: Instrument | J86: Y | K86: 2 | L86: LB | M86: Forecast | AB86: 46321 | AC86: 46352 | AD86: 46355 | AE86: 46356 | AF86: 46068 | AG86: 46465 | AH86: 46470 | AI86: 46484 | AJ86: 46500 | AK86: 31 | AL86: 217 | AM86: 46470 | AN86: =AR85-7 -> 46485 | AO86: =AN86-AM86 -> 15 | AP86: =AP85 -> Long Lead | AQ86: WPA-02 | AR86: 46492 | AS86: installation during Reinstatement
B87: RFQ-INS-025 | C87: Actuated Compact Ball Valve | I87: Instrument | J87: Y | K87: 2 | L87: LB | M87: Actual | N87: 46133 | O87: 46169 | P87: 46183 | Q87: 46183 | R87: 46183 | S87: 46183 | T87: 46191 | U87: 46248 | V87: 46251 | W87: 46253 | Y87: 46253 | Z87: 46269 | AA87: =Z87+1 -> 46270 | AP87: =AP85 -> Long Lead | AR87: UPO-0021
A88: 26 | B88: RFQ-INS-026 | C88: Safety Relief Valves | I88: Instrument | L88: LB | M88: New Plan | O88: 46185 | P88: 46192 | Q88: 46195 | R88: 46195 | S88: 46203 | T88: 46199 | U88: 46247 | V88: 46261 | X88: 46274 | Y88: 46276 | Z88: 46283 | AA88: 46321 | AB88: 46335 | AC88: 46395 | AD88: 46398 | AE88: 46399 | AF88: 46477 | AG88: 46491 | AH88: 46498 | AI88: 46512 | AJ88: 46528 | AK88: 32 | AL88: =AK88*7 -> 224 | AM88: =X88+AL88 -> 46498 | AN88: =AN89 -> 46504 | AO88: =AN89-AM88 -> 6 | AQ88: WPA-01 | AR88: 46507
B89: RFQ-INS-026 | C89: Safety Relief Valves | H89: 4-4.7 | I89: Instrument | J89: N | K89: 2 | L89: LB | M89: Forecast | X89: 46274 | AB89: 46325 | AC89: 46385 | AD89: 46388 | AE89: 46389 | AF89: 46477 | AG89: 46491 | AH89: 46498 | AI89: 46512 | AJ89: 46528 | AK89: 32 | AL89: 224 | AM89: 46498 | AN89: =AR88-3 -> 46504 | AO89: =AN89-AM89 -> 6 | AQ89: WPA-02 | AR89: 46507 | AS89: installation during Reinstatement
B90: RFQ-INS-026 | C90: Safety Relief Valves | I90: Instrument | J90: N | K90: 2 | L90: LB | M90: Actual | O90: 46189 | P90: 46203 | Q90: 46203 | R90: 46203 | S90: 46203 | T90: =S90+1 -> 46204 | U90: 46255 | V90: 46260 | W90: 46274 | Y90: 46274 | Z90: 46283 | AA90: =Z90+1 -> 46284 | AR90: UPO-0028
A91: 27 | B91: RFQ-INS-027 | C91: Coriolis Flow Meters | I91: Instrument | L91: LC | M91: New Plan | O91: 46227 | P91: 46209 | Q91: 46209 | R91: 46245 | S91: 46245 | T91: 46259 | U91: 46276 | V91: 46290 | X91: 46310 | Y91: 46314 | Z91: 46321 | AA91: 46342 | AB91: 46356 | AC91: 46371 | AD91: =AC91+3 -> 46374 | AE91: =AD91+1 -> 46375 | AF91: 46434 | AG91: 46448 | AH91: 46455 | AI91: 46469 | AJ91: 46485 | AK91: 20.714286 | AL91: =AK91*7 -> 145 | AM91: =X91+AL91 -> 46455 | AN91: =AN92 -> 46469 | AO91: =AN92-AM91 -> 14 | AQ91: WPA-01 | AR91: 46476
B92: RFQ-INS-027 | C92: Coriolis Flow Meters | H92: 4-4.9 | I92: Instrument | J92: N | K92: 3 | L92: LC | M92: Forecast | U92: 46290 | V92: =WORKDAY.INTL(U92,INDEX(V$8:V$11,MATCH($L92,$L$8:$L$11,0)),1,IF(V$18="China",'China Holidays'!$A$2:$A$82,'Thai Holidays'!$A$2:$A$63)) -> 46304 | X92: 46310 | Y92: 46314 | Z92: 46321 | AA92: 46342 | AB92: 46356 | AC92: 46371 | AD92: 46371 | AE92: 46373 | AF92: 46434 | AG92: 46448 | AH92: 46455 | AI92: 46469 | AJ92: 46485 | AK92: 20.714286 | AL92: 145 | AM92: =IF(X92<>"",X92+AL92,X93+AL92) -> 46455 | AN92: =AR91-7 -> 46469 | AO92: =AN92-AM92 -> 14 | AQ92: WPA-02 | AR92: 46479 | AS92: installation during Reinstatement
B93: RFQ-INS-027 | C93: Coriolis Flow Meters | I93: Instrument | J93: N | K93: 3 | L93: LC | M93: Actual | O93: 46198 | P93: 46219 | Q93: 46219 | R93: =Q93 -> 46219 | S93: 46241 | T93: 46260
A94: 28 | B94: RFQ-INS-028 | C94: WELLHEAD CONTROL PANEL (WHCP) | I94: Instrument | L94: LA | M94: New Plan | O94: 46136 | P94: 46148 | Q94: 46148 | R94: 46155 | S94: 46156 | T94: 46162 | U94: 46199 | V94: 46204 | X94: 46218 | Y94: 46220 | Z94: 46227 | AA94: 46255 | AB94: 46269 | AC94: 46387 | AD94: 46296 | AE94: 46387 | AF94: 46433 | AG94: 46463 | AH94: 46470 | AI94: 46484 | AJ94: 46500 | AK94: 36 | AL94: =AK94*7 -> 252 | AM94: =X94+AL94 -> 46470 | AN94: =AN95 -> 46468 | AO94: =AN95-AM94 -> -2 | AP94: Long Lead | AQ94: WPA-01 | AR94: 46471
B95: RFQ-INS-028 | C95: WELLHEAD CONTROL PANEL (WHCP) | H95: 4-4.2 | I95: Instrument | J95: Y | K95: 2 | L95: LA | M95: Forecast | AB95: 46325 | AC95: 46387 | AD95: 46296 | AE95: 46388 | AF95: 46443 | AG95: 46450 | AH95: 46466 | AI95: 46480 | AJ95: 46496 | AK95: 34 | AL95: 238 | AM95: 46466 | AN95: =AR94-3 -> 46468 | AO95: =AN95-AM95 -> 2 | AP95: =AP94 -> Long Lead | AQ95: WPA-02 | AR95: 46496 | AS95: installation during Reinstatement
B96: RFQ-INS-028 | C96: WELLHEAD CONTROL PANEL (WHCP) | I96: Instrument | J96: Y | K96: 2 | L96: LA | M96: Actual | N96: 46133 | O96: 46140 | P96: 46157 | Q96: 46157 | R96: 46157 | S96: 46157 | T96: 46162 | U96: 46206 | V96: 46210 | W96: 46226 | X96: 46261 | Y96: 46226 | Z96: 46234 | AA96: 46251 | AP96: =AP94 -> Long Lead | AR96: UPO-0009
A97: 29 | B97: RFQ-INS-029 | C97: Pressure Gauge | I97: Instrument | L97: LC | M97: New Plan | O97: 46239 | P97: 46254 | Q97: 46254 | R97: 46254 | S97: 46254 | T97: 46268 | U97: 46287 | V97: 46301 | X97: 46316 | Y97: 46318 | Z97: 46325 | AA97: 46346 | AB97: 46360 | AC97: 46375 | AD97: 46375 | AE97: 46377 | AF97: 46421 | AG97: 46435 | AH97: 46442 | AI97: 46456 | AJ97: 46472 | AK97: 18 | AL97: =AK97*7 -> 126 | AM97: =X97+AL97 -> 46442 | AN97: =AN98 -> 46469 | AO97: =AN98-AM97 -> 27 | AQ97: WPA-01 | AR97: 46476
B98: RFQ-INS-029 | C98: Pressure Gauge | H98: 4-4.12 | I98: Instrument | J98: N | K98: 4 | L98: LC | M98: Forecast | U98: 46290 | V98: =WORKDAY.INTL(U98,INDEX(V$8:V$11,MATCH($L98,$L$8:$L$11,0)),1,IF(V$18="China",'China Holidays'!$A$2:$A$82,'Thai Holidays'!$A$2:$A$63)) -> 46304 | X98: 46315 | Y98: 46317 | Z98: 46324 | AA98: 46345 | AB98: 46359 | AC98: 46374 | AD98: 46374 | AE98: 46376 | AF98: 46420 | AG98: 46434 | AH98: 46441 | AI98: 46455 | AJ98: 46471 | AK98: 18 | AL98: 126 | AM98: =IF(X98<>"",X98+AL98,X99+AL98) -> 46441 | AN98: =AR97-7 -> 46469 | AO98: =AN98-AM98 -> 28 | AQ98: WPA-02 | AR98: 46476 | AS98: installation during Reinstatement
B99: RFQ-INS-029 | C99: Pressure Gauge | I99: Instrument | J99: N | K99: 4 | L99: LC | M99: Actual | O99: 46233 | P99: 46237 | Q99: 46237 | R99: =Q99 -> 46237 | S99: 46244 | T99: 46262
A100: 30 | B100: RFQ-INS-030 | C100: Pressure Transmitter | I100: Instrument | L100: LC | M100: New Plan | O100: 46239 | P100: 46254 | Q100: 46254 | R100: 46254 | S100: 46254 | T100: 46268 | U100: 46287 | V100: 46301 | X100: 46316 | Y100: 46318 | Z100: 46325 | AA100: 46346 | AB100: 46360 | AC100: 46375 | AD100: 46375 | AE100: 46377 | AF100: 46421 | AG100: 46435 | AH100: 46442 | AI100: 46456 | AJ100: 46472 | AK100: 18 | AL100: =AK100*7 -> 126 | AM100: =X100+AL100 -> 46442 | AN100: =AN101 -> 46469 | AO100: =AN101-AM100 -> 27 | AQ100: WPA-01 | AR100: 46476
B101: RFQ-INS-030 | C101: Pressure Transmitter | H101: 4-4.12 | I101: Instrument | J101: N | K101: 4 | L101: LC | M101: Forecast | T101: 46293 | U101: =WORKDAY.INTL(T101,INDEX(U$8:U$11,MATCH($L101,$L$8:$L$11,0)),1,IF(U$18="China",'China Holidays'!$A$2:$A$82,'Thai Holidays'!$A$2:$A$63)) -> 46311 | V101: =WORKDAY.INTL(U101,INDEX(V$8:V$11,MATCH($L101,$L$8:$L$11,0)),1,IF(V$18="China",'China Holidays'!$A$2:$A$82,'Thai Holidays'!$A$2:$A$63)) -> 46328 | X101: 46315 | Y101: 46317 | Z101: 46324 | AA101: 46345 | AB101: 46359 | AC101: 46374 | AD101: 46374 | AE101: 46376 | AF101: 46420 | AG101: 46434 | AH101: 46441 | AI101: 46455 | AJ101: 46471 | AK101: 18 | AL101: 126 | AM101: =IF(X101<>"",X101+AL101,X102+AL101) -> 46441 | AN101: =AR100-7 -> 46469 | AO101: =AN101-AM101 -> 28 | AQ101: WPA-02 | AR101: 46476 | AS101: installation during Reinstatement
B102: RFQ-INS-030 | C102: Pressure Transmitter | I102: Instrument | J102: N | K102: 4 | L102: LC | M102: Actual | O102: 46239 | P102: 46251 | Q102: 46251 | R102: =Q102 -> 46251 | S102: =R102 -> 46251
...

Sheet frmASKCons_0820
AM1: A | AV1: B=A-4 | AW1: C=B-10 | AX1: D=C-E | AY1: E
B3: JACKET FABRICATION | H3: MAIN STRUCTURE OF JACKET | L3: ERECT | M3: 片吊装焊接 | P3: QTY Proposal | R3: 接长 | S3: 组片 | T3: 总装 | U3: 接长 | V3: 组片 | W3: 总装 | X3: COAT | Y3: 片体涂装 | AA3: ASSY | AB3: 片预制 | AE3: QTY Proposal | AG3: FAB/SPL | AH3: 片体管接长 | AK3: QTY Proposal | AM3: CAN | AN3: 下料、卷制 | AP3: QTY Proposal | AS3: 3 | AT3: 60 | AU3: 15 | AV3: 4 | AW3: 10 | AX3: Dur for SD | AY3: DETAIL DESIGN WP01&WP02
B4: UNIT | C4: WF | D4: IWP | E4: PHASE | F4: CWP | H4: N° | I4: Task /Activity Group | J4: W-T | L4: P Start | M4: P Finish | N4: Dur | O4: 焊口(W) | P4: 填充量 | Q4: 管径范围 | X4: P Start | Y4: P Finish | Z4: Dur | AA4: P Start | AB4: P Finish | AC4: Dur | AD4: 焊口(W) | AE4: 填充量 | AF4: 管径范围 | AG4: P Start | AH4: P Finish | AI4: Dur | AJ4: 焊口(W) | AK4: 填充量 | AL4: 管径范围 | AM4: P Start | AN4: P Finish | AO4: Dur | AP4: 管段数 | AQ4: 管径范围 | AR4: PR-ID | AS4: ETA | AT4: PO | AU4: MTO | AV4: IWP | AW4: CPY | AX4: SD | AY4: AFC | AZ4: EN-ID | BA4: DWG DESC
B5: WPA01 | H5: WPA01 MAIN STRUCTURE OF JACKET | L5: =MIN(L6:L18) -> 46393 | M5: =MAX(M6:M18) -> 46524 | N5: =M5-L5+1 -> 132 | X5: =MIN(X6:X18) -> 46401 | Y5: =MAX(Y6:Y18) -> 46503 | Z5: =Y5-X5+1 -> 103 | AA5: =MIN(AA6:AA18) -> 46357 | AB5: =MAX(AB6:AB18) -> 46478 | AC5: =AB5-AA5+1 -> 122 | AG5: =MIN(AG6:AG18) -> 46322 | AH5: =MAX(AH6:AH18) -> 46422 | AI5: =AH5-AG5+1 -> 101 | AM5: =MIN(AM6:AM18) -> 46291 | AN5: =MAX(AN6:AN18) -> 46403 | AO5: =AN5-AM5+1 -> 113 | AS5: =MIN(AS6:AS18) -> 46288 | AT5: =MIN(AT6:AT18) -> 46228 | AU5: =MIN(AU6:AU18) -> 46213 | AV5: =MIN(AV6:AV18) -> 46287 | AW5: =MIN(AW6:AW18) -> 46277 | AY5: =MIN(AY6:AY18) -> 46269
B6: JKT | C6: S01 | D6: JKT-01 | F6: 01J | G6: =F6&C6 -> 01JS01 | H6: 1 | I6: S1 Layout Construction Support | L6: =SUMIFS('[36]frm P6'!$J:$J,'[36]frm P6'!D:D,[36]Schedule!B6,'[36]frm P6'!E:E,[36]Schedule!C6,'[36]frm P6'!F:F,[36]Schedule!D6,'[36]frm P6'!G:G,[36]Schedule!$K$3,'[36]frm P6'!H:H,[36]Schedule!F6) -> 46393 | M6: =SUMIFS('[36]frm P6'!$K:$K,'[36]frm P6'!D:D,[36]Schedule!B6,'[36]frm P6'!E:E,[36]Schedule!C6,'[36]frm P6'!F:F,[36]Schedule!D6,'[36]frm P6'!G:G,[36]Schedule!$K$3,'[36]frm P6'!H:H,[36]Schedule!F6) -> 46396 | N6: =M6-L6+1 -> 4 | X6: N/A | Y6: N/A | Z6: N/A | AA6: N/A | AB6: N/A | AC6: N/A | AD6: N/A | AE6: N/A | AF6: N/A | AG6: =SUMIFS('[36]frm P6'!$J:$J,'[36]frm P6'!D:D,[36]Schedule!B6,'[36]frm P6'!E:E,[36]Schedule!C6,'[36]frm P6'!F:F,[36]Schedule!D6,'[36]frm P6'!G:G,[36]Schedule!$AF$3,'[36]frm P6'!H:H,[36]Schedule!F6) -> 46322 | AH6: =SUMIFS('[36]frm P6'!$K:$K,'[36]frm P6'!D:D,[36]Schedule!B6,'[36]frm P6'!E:E,[36]Schedule!C6,'[36]frm P6'!F:F,[36]Schedule!D6,'[36]frm P6'!G:G,[36]Schedule!$AF$3,'[36]frm P6'!H:H,[36]Schedule!F6) -> 46358 | AI6: =AH6-AG6+1 -> 37 | AM6: N/A | AN6: N/A | AO6: N/A | AR6: N/A | AS6: N/A | AT6: N/A | AU6: N/A | AV6: N/A | AW6: N/A | AX6: N/A | AY6: N/A | AZ6: N/A | BA6: N/A
B7: JKT | C7: S02A | D7: JKT-01 | F7: 01J | G7: =F7&C7 -> 01JS02A | H7: 2 | I7: S2 1H-Panel | J7: 16.2 | K7: =L7-AB7 -> 3 | L7: =SUMIFS('[36]frm P6'!$J:$J,'[36]frm P6'!D:D,[36]Schedule!B7,'[36]frm P6'!E:E,[36]Schedule!C7,'[36]frm P6'!F:F,[36]Schedule!D7,'[36]frm P6'!G:G,[36]Schedule!$K$3,'[36]frm P6'!H:H,[36]Schedule!F7) -> 46396 | M7: =SUMIFS('[36]frm P6'!$K:$K,'[36]frm P6'!D:D,[36]Schedule!B7,'[36]frm P6'!E:E,[36]Schedule!C7,'[36]frm P6'!F:F,[36]Schedule!D7,'[36]frm P6'!G:G,[36]Schedule!$K$3,'[36]frm P6'!H:H,[36]Schedule!F7) -> 46407 | N7: =M7-L7+1 -> 12 | O7: 4 | Q7: 450-500 | R7: =VLOOKUP(Q7,[37]导管架!N$2:Q$9,2,0) -> 1.2968666 | S7: =VLOOKUP(Q7,[37]导管架!N$2:Q$9,3,0) -> 2.4732262 | T7: =VLOOKUP(Q7,[37]导管架!N$2:Q$9,4,0) -> 4.6220437 | U7: =R7*AJ7*8 -> 124.49919 | V7: =S7*AD7*8 -> 79.14324 | W7: =T7*O7*8 -> 147.9054 | X7: N/A | Y7: N/A | Z7: N/A | AA7: =SUMIFS('[36]frm P6'!$J:$J,'[36]frm P6'!D:D,[36]Schedule!B7,'[36]frm P6'!E:E,[36]Schedule!C7,'[36]frm P6'!F:F,[36]Schedule!D7,'[36]frm P6'!G:G,[36]Schedule!$Z$3,'[36]frm P6'!H:H,[36]Schedule!F7) -> 46364 | AB7: =SUMIFS('[36]frm P6'!$K:$K,'[36]frm P6'!D:D,[36]Schedule!B7,'[36]frm P6'!E:E,[36]Schedule!C7,'[36]frm P6'!F:F,[36]Schedule!D7,'[36]frm P6'!G:G,[36]Schedule!$Z$3,'[36]frm P6'!H:H,[36]Schedule!F7) -> 46393 | AC7: =AB7-AA7+1 -> 30 | AD7: 4 | AE7: 16.78 | AF7: 406.4 | AG7: =SUMIFS('[36]frm P6'!$J:$J,'[36]frm P6'!D:D,[36]Schedule!B7,'[36]frm P6'!E:E,[36]Schedule!C7,'[36]frm P6'!F:F,[36]Schedule!D7,'[36]frm P6'!G:G,[36]Schedule!$AF$3,'[36]frm P6'!H:H,[36]Schedule!F7) -> 46335 | AH7: =SUMIFS('[36]frm P6'!$K:$K,'[36]frm P6'!D:D,[36]Schedule!B7,'[36]frm P6'!E:E,[36]Schedule!C7,'[36]frm P6'!F:F,[36]Schedule!D7,'[36]frm P6'!G:G,[36]Schedule!$AF$3,'[36]frm P6'!H:H,[36]Schedule!F7) -> 46358 | AI7: =AH7-AG7+1 -> 24 | AJ7: 12 | AK7: 52.15 | AL7: 406.4-500 | AM7: =SUMIFS('[36]frm P6'!$J:$J,'[36]frm P6'!D:D,[36]Schedule!B7,'[36]frm P6'!E:E,[36]Schedule!C7,'[36]frm P6'!F:F,[36]Schedule!D7,'[36]frm P6'!G:G,[36]Schedule!$AL$3,'[36]frm P6'!H:H,[36]Schedule!F7) -> 46295 | AN7: =SUMIFS('[36]frm P6'!$K:$K,'[36]frm P6'!D:D,[36]Schedule!B7,'[36]frm P6'!E:E,[36]Schedule!C7,'[36]frm P6'!F:F,[36]Schedule!D7,'[36]frm P6'!G:G,[36]Schedule!$AL$3,'[36]frm P6'!H:H,[36]Schedule!F7) -> 46331 | AO7: =AN7-AM7+1 -> 37 | AP7: 6 | AQ7: 500 | AR7: 62 | AS7: =AM7-$AS$3 -> 46292 | AT7: =AS7-$AT$3 -> 46232 | AU7: =AT7-$AU$3 -> 46217 | AV7: =AM7-$AV$3 -> 46291 | AW7: =AV7-$AW$3 -> 46281 | AX7: =AW7-AY7 -> 7 | AY7: 46274 | AZ7: JK01-1830 | BA7: Horizontal Framing Plan
B8: JKT | C8: S04A | D8: JKT-01 | F8: 01J | G8: =F8&C8 -> 01JS04A | H8: 4 | I8: S4A Row1 | J8: 105 | K8: =L8-Y8 -> 6 | L8: =SUMIFS('[36]frm P6'!$J:$J,'[36]frm P6'!D:D,[36]Schedule!B8,'[36]frm P6'!E:E,[36]Schedule!C8,'[36]frm P6'!F:F,[36]Schedule!D8,'[36]frm P6'!G:G,[36]Schedule!$K$3,'[36]frm P6'!H:H,[36]Schedule!F8) -> 46422 | M8: =SUMIFS('[36]frm P6'!$K:$K,'[36]frm P6'!D:D,[36]Schedule!B8,'[36]frm P6'!E:E,[36]Schedule!C8,'[36]frm P6'!F:F,[36]Schedule!D8,'[36]frm P6'!G:G,[36]Schedule!$K$3,'[36]frm P6'!H:H,[36]Schedule!F8) -> 46441 | N8: =M8-L8+1 -> 20 | O8: 8 | P8: 35.37 | Q8: 406.4-500 | R8: =VLOOKUP(Q8,[37]导管架!N$2:Q$9,2,0) -> 1.2968666 | S8: =VLOOKUP(Q8,[37]导管架!N$2:Q$9,3,0) -> 2.4732262 | T8: =VLOOKUP(Q8,[37]导管架!N$2:Q$9,4,0) -> 4.6220437 | U8: =R8*AJ8*8 -> 248.99839 | V8: =S8*AD8*8 -> 672.71754 | W8: =T8*O8*8 -> 295.8108 | X8: =SUMIFS('[36]frm P6'!$J:$J,'[36]frm P6'!D:D,[36]Schedule!B8,'[36]frm P6'!E:E,[36]Schedule!C8,'[36]frm P6'!G:G,[36]Schedule!$W$3,'[36]frm P6'!H:H,[36]Schedule!F8) -> 46401 | Y8: =SUMIFS('[36]frm P6'!$K:$K,'[36]frm P6'!D:D,[36]Schedule!B8,'[36]frm P6'!E:E,[36]Schedule!C8,'[36]frm P6'!G:G,[36]Schedule!$W$3,'[36]frm P6'!H:H,[36]Schedule!F8) -> 46416 | Z8: =Y8-X8+1 -> 16 | AA8: =SUMIFS('[36]frm P6'!$J:$J,'[36]frm P6'!D:D,[36]Schedule!B8,'[36]frm P6'!E:E,[36]Schedule!C8,'[36]frm P6'!F:F,[36]Schedule!D8,'[36]frm P6'!G:G,[36]Schedule!$Z$3,'[36]frm P6'!H:H,[36]Schedule!F8) -> 46357 | AB8: =SUMIFS('[36]frm P6'!$K:$K,'[36]frm P6'!D:D,[36]Schedule!B8,'[36]frm P6'!E:E,[36]Schedule!C8,'[36]frm P6'!F:F,[36]Schedule!D8,'[36]frm P6'!G:G,[36]Schedule!$Z$3,'[36]frm P6'!H:H,[36]Schedule!F8) -> 46398 | AC8: =AB8-AA8+1 -> 42 | AD8: 34 | AE8: 359.28 | AF8: 500-1524 | AG8: =SUMIFS('[36]frm P6'!$J:$J,'[36]frm P6'!D:D,[36]Schedule!B8,'[36]frm P6'!E:E,[36]Schedule!C8,'[36]frm P6'!F:F,[36]Schedule!D8,'[36]frm P6'!G:G,[36]Schedule!$AF$3,'[36]frm P6'!H:H,[36]Schedule!F8) -> 46322 | AH8: =SUMIFS('[36]frm P6'!$K:$K,'[36]frm P6'!D:D,[36]Schedule!B8,'[36]frm P6'!E:E,[36]Schedule!C8,'[36]frm P6'!F:F,[36]Schedule!D8,'[36]frm P6'!G:G,[36]Schedule!$AF$3,'[36]frm P6'!H:H,[36]Schedule!F8) -> 46353 | AI8: =AH8-AG8+1 -> 32 | AJ8: 24 | AK8: 1101.48 | AL8: 500-1524 | AM8: =SUMIFS('[36]frm P6'!$J:$J,'[36]frm P6'!D:D,[36]Schedule!B8,'[36]frm P6'!E:E,[36]Schedule!C8,'[36]frm P6'!F:F,[36]Schedule!D8,'[36]frm P6'!G:G,[36]Schedule!$AL$3,'[36]frm P6'!H:H,[36]Schedule!F8) -> 46291 | AN8: =SUMIFS('[36]frm P6'!$K:$K,'[36]frm P6'!D:D,[36]Schedule!B8,'[36]frm P6'!E:E,[36]Schedule!C8,'[36]frm P6'!F:F,[36]Schedule!D8,'[36]frm P6'!G:G,[36]Schedule!$AL$3,'[36]frm P6'!H:H,[36]Schedule!F8) -> 46335 | AO8: =AN8-AM8+1 -> 45 | AP8: 41 | AQ8: 500-1549.4 | AR8: 62 | AS8: =AM8-$AS$3 -> 46288 | AT8: =AS8-$AT$3 -> 46228 | AU8: =AT8-$AU$3 -> 46213 | AV8: =AM8-$AV$3 -> 46287 | AW8: =AV8-$AW$3 -> 46277 | AX8: =AW8-AY8 -> 8 | AY8: 46269 | AZ8: JK01-1800 | BA8: Elevation Row A, B, 1, 2
B9: JKT | C9: S04B | D9: JKT-01 | F9: 01J | G9: =F9&C9 -> 01JS04B | H9: 5 | I9: S4B X Braces of RowA (1H~2H) | J9: 5.5 | K9: =L9-AB9 -> 30 | L9: =SUMIFS('[36]frm P6'!$J:$J,'[36]frm P6'!D:D,[36]Schedule!B9,'[36]frm P6'!E:E,[36]Schedule!C9,'[36]frm P6'!F:F,[36]Schedule!D9,'[36]frm P6'!G:G,[36]Schedule!$K$3,'[36]frm P6'!H:H,[36]Schedule!F9) -> 46445 | M9: =SUMIFS('[36]frm P6'!$K:$K,'[36]frm P6'!D:D,[36]Schedule!B9,'[36]frm P6'!E:E,[36]Schedule!C9,'[36]frm P6'!F:F,[36]Schedule!D9,'[36]frm P6'!G:G,[36]Schedule!$K$3,'[36]frm P6'!H:H,[36]Schedule!F9) -> 46449 | N9: =M9-L9+1 -> 5 | O9: 2 | P9: 21.085908 | Q9: 750 | R9: =VLOOKUP(Q9,[37]导管架!N$2:Q$9,2,0) -> 2.1138766 | S9: =VLOOKUP(Q9,[37]导管架!N$2:Q$9,3,0) -> 4.0638078 | T9: =VLOOKUP(Q9,[37]导管架!N$2:Q$9,4,0) -> 6.4396796 | U9: =R9*AJ9*8 -> 33.822026 | V9: =S9*AD9*8 -> 65.020925 | W9: =T9*O9*8 -> 103.03487 | X9: N/A | Y9: N/A | Z9: N/A | AA9: =SUMIFS('[36]frm P6'!$J:$J,'[36]frm P6'!D:D,[36]Schedule!B9,'[36]frm P6'!E:E,[36]Schedule!C9,'[36]frm P6'!F:F,[36]Schedule!D9,'[36]frm P6'!G:G,[36]Schedule!$Z$3,'[36]frm P6'!H:H,[36]Schedule!F9) -> 46399 | AB9: =SUMIFS('[36]frm P6'!$K:$K,'[36]frm P6'!D:D,[36]Schedule!B9,'[36]frm P6'!E:E,[36]Schedule!C9,'[36]frm P6'!F:F,[36]Schedule!D9,'[36]frm P6'!G:G,[36]Schedule!$Z$3,'[36]frm P6'!H:H,[36]Schedule!F9) -> 46415 | AC9: =AB9-AA9+1 -> 17 | AD9: 2 | AE9: 21.09 | AF9: 750 | AG9: =SUMIFS('[36]frm P6'!$J:$J,'[36]frm P6'!D:D,[36]Schedule!B9,'[36]frm P6'!E:E,[36]Schedule!C9,'[36]frm P6'!F:F,[36]Schedule!D9,'[36]frm P6'!G:G,[36]Schedule!$AF$3,'[36]frm P6'!H:H,[36]Schedule!F9) -> 46368 | AH9: =SUMIFS('[36]frm P6'!$K:$K,'[36]frm P6'!D:D,[36]Schedule!B9,'[36]frm P6'!E:E,[36]Schedule!C9,'[36]frm P6'!F:F,[36]Schedule!D9,'[36]frm P6'!G:G,[36]Schedule!$AF$3,'[36]frm P6'!H:H,[36]Schedule!F9) -> 46391 | AI9: =AH9-AG9+1 -> 24 | AJ9: 2 | AK9: 21.085 | AL9: 750 | AM9: =SUMIFS('[36]frm P6'!$J:$J,'[36]frm P6'!D:D,[36]Schedule!B9,'[36]frm P6'!E:E,[36]Schedule!C9,'[36]frm P6'!F:F,[36]Schedule!D9,'[36]frm P6'!G:G,[36]Schedule!$AL$3,'[36]frm P6'!H:H,[36]Schedule!F9) -> 46314 | AN9: =SUMIFS('[36]frm P6'!$K:$K,'[36]frm P6'!D:D,[36]Schedule!B9,'[36]frm P6'!E:E,[36]Schedule!C9,'[36]frm P6'!F:F,[36]Schedule!D9,'[36]frm P6'!G:G,[36]Schedule!$AL$3,'[36]frm P6'!H:H,[36]Schedule!F9) -> 46343 | AO9: =AN9-AM9+1 -> 30 | AP9: 5 | AQ9: 750 | AR9: 62 | AS9: =AM9-$AS$3 -> 46311 | AT9: =AS9-$AT$3 -> 46251 | AU9: =AT9-$AU$3 -> 46236 | AV9: =AM9-$AV$3 -> 46310 | AW9: =AV9-$AW$3 -> 46300 | AX9: =AW9-AY9 -> 31 | AY9: 46269 | AZ9: JK01-1800 | BA9: Elevation Row A, B, 1, 2
B10: JKT | C10: S04C | D10: JKT-01 | F10: 01J | H10: 6 | I10: S4C X Braces of RowB (1H~2H) | J10: 5.5 | K10: =L10-AB10 -> 14 | L10: =SUMIFS('[36]frm P6'!$J:$J,'[36]frm P6'!D:D,[36]Schedule!B10,'[36]frm P6'!E:E,[36]Schedule!C10,'[36]frm P6'!F:F,[36]Schedule!D10,'[36]frm P6'!G:G,[36]Schedule!$K$3,'[36]frm P6'!H:H,[36]Schedule!F10) -> 46449 | M10: =SUMIFS('[36]frm P6'!$K:$K,'[36]frm P6'!D:D,[36]Schedule!B10,'[36]frm P6'!E:E,[36]Schedule!C10,'[36]frm P6'!F:F,[36]Schedule!D10,'[36]frm P6'!G:G,[36]Schedule!$K$3,'[36]frm P6'!H:H,[36]Schedule!F10) -> 46454 | N10: =M10-L10+1 -> 6 | O10: 2 | P10: 21.085908 | Q10: 750 | R10: =VLOOKUP(Q10,[37]导管架!N$2:Q$9,2,0) -> 2.1138766 | S10: =VLOOKUP(Q10,[37]导管架!N$2:Q$9,3,0) -> 4.0638078 | T10: =VLOOKUP(Q10,[37]导管架!N$2:Q$9,4,0) -> 6.4396796 | U10: =R10*AJ10*8 -> 33.822026 | V10: =S10*AD10*8 -> 65.020925 | W10: =T10*O10*8 -> 103.03487 | X10: N/A | Y10: N/A | Z10: N/A | AA10: =SUMIFS('[36]frm P6'!$J:$J,'[36]frm P6'!D:D,[36]Schedule!B10,'[36]frm P6'!E:E,[36]Schedule!C10,'[36]frm P6'!F:F,[36]Schedule!D10,'[36]frm P6'!G:G,[36]Schedule!$Z$3,'[36]frm P6'!H:H,[36]Schedule!F10) -> 46409 | AB10: =SUMIFS('[36]frm P6'!$K:$K,'[36]frm P6'!D:D,[36]Schedule!B10,'[36]frm P6'!E:E,[36]Schedule!C10,'[36]frm P6'!F:F,[36]Schedule!D10,'[36]frm P6'!G:G,[36]Schedule!$Z$3,'[36]frm P6'!H:H,[36]Schedule!F10) -> 46435 | AC10: =AB10-AA10+1 -> 27 | AD10: 2 | AE10: 21.09 | AF10: 750 | AG10: =SUMIFS('[36]frm P6'!$J:$J,'[36]frm P6'!D:D,[36]Schedule!B10,'[36]frm P6'!E:E,[36]Schedule!C10,'[36]frm P6'!F:F,[36]Schedule!D10,'[36]frm P6'!G:G,[36]Schedule!$AF$3,'[36]frm P6'!H:H,[36]Schedule!F10) -> 46368 | AH10: =SUMIFS('[36]frm P6'!$K:$K,'[36]frm P6'!D:D,[36]Schedule!B10,'[36]frm P6'!E:E,[36]Schedule!C10,'[36]frm P6'!F:F,[36]Schedule!D10,'[36]frm P6'!G:G,[36]Schedule!$AF$3,'[36]frm P6'!H:H,[36]Schedule!F10) -> 46391 | AI10: =AH10-AG10+1 -> 24 | AJ10: 2 | AK10: 21.085 | AL10: 750 | AM10: =SUMIFS('[36]frm P6'!$J:$J,'[36]frm P6'!D:D,[36]Schedule!B10,'[36]frm P6'!E:E,[36]Schedule!C10,'[36]frm P6'!F:F,[36]Schedule!D10,'[36]frm P6'!G:G,[36]Schedule!$AL$3,'[36]frm P6'!H:H,[36]Schedule!F10) -> 46325 | AN10: =SUMIFS('[36]frm P6'!$K:$K,'[36]frm P6'!D:D,[36]Schedule!B10,'[36]frm P6'!E:E,[36]Schedule!C10,'[36]frm P6'!F:F,[36]Schedule!D10,'[36]frm P6'!G:G,[36]Schedule!$AL$3,'[36]frm P6'!H:H,[36]Schedule!F10) -> 46354 | AO10: =AN10-AM10+1 -> 30 | AP10: 5 | AQ10: 750 | AR10: 62 | AS10: =AM10-$AS$3 -> 46322 | AT10: =AS10-$AT$3 -> 46262 | AU10: =AT10-$AU$3 -> 46247 | AV10: =AM10-$AV$3 -> 46321 | AW10: =AV10-$AW$3 -> 46311 | AX10: =AW10-AY10 -> 42 | AY10: 46269 | AZ10: JK01-1800 | BA10: Elevation Row A, B, 1, 2
B11: JKT | C11: S05 | D11: JKT-01 | F11: 01J | H11: 7 | I11: S5 2H-Panel | J11: 18 | K11: =L11-AB11 -> 13 | L11: =SUMIFS('[36]frm P6'!$J:$J,'[36]frm P6'!D:D,[36]Schedule!B11,'[36]frm P6'!E:E,[36]Schedule!C11,'[36]frm P6'!F:F,[36]Schedule!D11,'[36]frm P6'!G:G,[36]Schedule!$K$3,'[36]frm P6'!H:H,[36]Schedule!F11) -> 46456 | M11: =SUMIFS('[36]frm P6'!$K:$K,'[36]frm P6'!D:D,[36]Schedule!B11,'[36]frm P6'!E:E,[36]Schedule!C11,'[36]frm P6'!F:F,[36]Schedule!D11,'[36]frm P6'!G:G,[36]Schedule!$K$3,'[36]frm P6'!H:H,[36]Schedule!F11) -> 46466 | N11: =M11-L11+1 -> 11 | O11: 4 | P11: 20.09 | Q11: 400-450 | R11: =VLOOKUP(Q11,[37]导管架!N$2:Q$9,2,0) -> 1.2794121 | S11: =VLOOKUP(Q11,[37]导管架!N$2:Q$9,3,0) -> 2.4401354 | T11: =VLOOKUP(Q11,[37]导管架!N$2:Q$9,4,0) -> 4.5668923 | U11: =R11*AJ11*8 -> 20.470593 | V11: =S11*AD11*8 -> 429.46383 | W11: =T11*O11*8 -> 146.14055 | X11: N/A | Y11: N/A | Z11: N/A | AA11: =SUMIFS('[36]frm P6'!$J:$J,'[36]frm P6'!D:D,[36]Schedule!B11,'[36]frm P6'!E:E,[36]Schedule!C11,'[36]frm P6'!F:F,[36]Schedule!D11,'[36]frm P6'!G:G,[36]Schedule!$Z$3,'[36]frm P6'!H:H,[36]Schedule!F11) -> 46401 | AB11: =SUMIFS('[36]frm P6'!$K:$K,'[36]frm P6'!D:D,[36]Schedule!B11,'[36]frm P6'!E:E,[36]Schedule!C11,'[36]frm P6'!F:F,[36]Schedule!D11,'[36]frm P6'!G:G,[36]Schedule!$Z$3,'[36]frm P6'!H:H,[36]Schedule!F11) -> 46443 | AC11: =AB11-AA11+1 -> 43 | AD11: 22 | AE11: 58.93 | AF11: 323.9-450 | AG11: =SUMIFS('[36]frm P6'!$J:$J,'[36]frm P6'!D:D,[36]Schedule!B11,'[36]frm P6'!E:E,[36]Schedule!C11,'[36]frm P6'!F:F,[36]Schedule!D11,'[36]frm P6'!G:G,[36]Schedule!$AF$3,'[36]frm P6'!H:H,[36]Schedule!F11) -> 46360 | AH11: =SUMIFS('[36]frm P6'!$K:$K,'[36]frm P6'!D:D,[36]Schedule!B11,'[36]frm P6'!E:E,[36]Schedule!C11,'[36]frm P6'!F:F,[36]Schedule!D11,'[36]frm P6'!G:G,[36]Schedule!$AF$3,'[36]frm P6'!H:H,[36]Schedule!F11) -> 46389 | AI11: =AH11-AG11+1 -> 30 | AJ11: 2 | AK11: 12.65 | AL11: 450 | AM11: =SUMIFS('[36]frm P6'!$J:$J,'[36]frm P6'!D:D,[36]Schedule!B11,'[36]frm P6'!E:E,[36]Schedule!C11,'[36]frm P6'!F:F,[36]Schedule!D11,'[36]frm P6'!G:G,[36]Schedule!$AL$3,'[36]frm P6'!H:H,[36]Schedule!F11) -> 46331 | AN11: =SUMIFS('[36]frm P6'!$K:$K,'[36]frm P6'!D:D,[36]Schedule!B11,'[36]frm P6'!E:E,[36]Schedule!C11,'[36]frm P6'!F:F,[36]Schedule!D11,'[36]frm P6'!G:G,[36]Schedule!$AL$3,'[36]frm P6'!H:H,[36]Schedule!F11) -> 46354 | AO11: =AN11-AM11+1 -> 24 | AP11: 7 | AQ11: 450-500 | AR11: 62 | AS11: =AM11-$AS$3 -> 46328 | AT11: =AS11-$AT$3 -> 46268 | AU11: =AT11-$AU$3 -> 46253 | AV11: =AM11-$AV$3 -> 46327 | AW11: =AV11-$AW$3 -> 46317 | AX11: =AW11-AY11 -> 43 | AY11: 46274 | AZ11: JK01-1830 | BA11: Horizontal Framing Plan
B12: JKT | C12: S06A | D12: JKT-01 | F12: 01J | H12: 8 | I12: S6A X Braces of RowA (2H~3H) | J12: 2.75 | K12: =L12-Y12 -> 0 | L12: =SUMIFS('[36]frm P6'!$J:$J,'[36]frm P6'!D:D,[36]Schedule!B12,'[36]frm P6'!E:E,[36]Schedule!C12,'[36]frm P6'!F:F,[36]Schedule!D12,'[36]frm P6'!G:G,[36]Schedule!$K$3,'[36]frm P6'!H:H,[36]Schedule!F12) -> 46468 | M12: =SUMIFS('[36]frm P6'!$K:$K,'[36]frm P6'!D:D,[36]Schedule!B12,'[36]frm P6'!E:E,[36]Schedule!C12,'[36]frm P6'!F:F,[36]Schedule!D12,'[36]frm P6'!G:G,[36]Schedule!$K$3,'[36]frm P6'!H:H,[36]Schedule!F12) -> 46471 | N12: =M12-L12+1 -> 4 | O12: 2 | P12: 10.23 | Q12: 550 | R12: =VLOOKUP(Q12,[37]导管架!N$2:Q$9,2,0) -> 1.3143211 | S12: =VLOOKUP(Q12,[37]导管架!N$2:Q$9,3,0) -> 2.5063171 | T12: =VLOOKUP(Q12,[37]导管架!N$2:Q$9,4,0) -> 4.6771951 | U12: =R12*AJ12*8 -> 31.543706 | V12: =S12*AD12*8 -> 40.101073 | W12: =T12*O12*8 -> 74.835122 | X12: =SUMIFS('[36]frm P6'!$J:$J,'[36]frm P6'!D:D,[36]Schedule!B12,'[36]frm P6'!E:E,[36]Schedule!C12,'[36]frm P6'!G:G,[36]Schedule!$W$3,'[36]frm P6'!H:H,[36]Schedule!F12) -> 46451 | Y12: =SUMIFS('[36]frm P6'!$K:$K,'[36]frm P6'!D:D,[36]Schedule!B12,'[36]frm P6'!E:E,[36]Schedule!C12,'[36]frm P6'!G:G,[36]Schedule!$W$3,'[36]frm P6'!H:H,[36]Schedule!F12) -> 46468 | Z12: =Y12-X12+1 -> 18 | AA12: =SUMIFS('[36]frm P6'!$J:$J,'[36]frm P6'!D:D,[36]Schedule!B12,'[36]frm P6'!E:E,[36]Schedule!C12,'[36]frm P6'!F:F,[36]Schedule!D12,'[36]frm P6'!G:G,[36]Schedule!$Z$3,'[36]frm P6'!H:H,[36]Schedule!F12) -> 46402 | AB12: =SUMIFS('[36]frm P6'!$K:$K,'[36]frm P6'!D:D,[36]Schedule!B12,'[36]frm P6'!E:E,[36]Schedule!C12,'[36]frm P6'!F:F,[36]Schedule!D12,'[36]frm P6'!G:G,[36]Schedule!$Z$3,'[36]frm P6'!H:H,[36]Schedule!F12) -> 46419 | AC12: =AB12-AA12+1 -> 18 | AD12: 2 | AE12: 10.23 | AF12: 550 | AG12: =SUMIFS('[36]frm P6'!$J:$J,'[36]frm P6'!D:D,[36]Schedule!B12,'[36]frm P6'!E:E,[36]Schedule!C12,'[36]frm P6'!F:F,[36]Schedule!D12,'[36]frm P6'!G:G,[36]Schedule!$AF$3,'[36]frm P6'!H:H,[36]Schedule!F12) -> 46373 | AH12: =SUMIFS('[36]frm P6'!$K:$K,'[36]frm P6'!D:D,[36]Schedule!B12,'[36]frm P6'!E:E,[36]Schedule!C12,'[36]frm P6'!F:F,[36]Schedule!D12,'[36]frm P6'!G:G,[36]Schedule!$AF$3,'[36]frm P6'!H:H,[36]Schedule!F12) -> 46395 | AI12: =AH12-AG12+1 -> 23 | AJ12: 3 | AK12: 15.34 | AL12: 550 | AM12: =SUMIFS('[36]frm P6'!$J:$J,'[36]frm P6'!D:D,[36]Schedule!B12,'[36]frm P6'!E:E,[36]Schedule!C12,'[36]frm P6'!F:F,[36]Schedule!D12,'[36]frm P6'!G:G,[36]Schedule!$AL$3,'[36]frm P6'!H:H,[36]Schedule!F12) -> 46339 | AN12: =SUMIFS('[36]frm P6'!$K:$K,'[36]frm P6'!D:D,[36]Schedule!B12,'[36]frm P6'!E:E,[36]Schedule!C12,'[36]frm P6'!F:F,[36]Schedule!D12,'[36]frm P6'!G:G,[36]Schedule!$AL$3,'[36]frm P6'!H:H,[36]Schedule!F12) -> 46365 | AO12: =AN12-AM12+1 -> 27 | AP12: 6 | AQ12: 550 | AR12: 62 | AS12: =AM12-$AS$3 -> 46336 | AT12: =AS12-$AT$3 -> 46276 | AU12: =AT12-$AU$3 -> 46261 | AV12: =AM12-$AV$3 -> 46335 | AW12: =AV12-$AW$3 -> 46325 | AX12: =AW12-AY12 -> 56 | AY12: 46269 | AZ12: JK01-1800 | BA12: Elevation Row A, B, 1, 2
B13: JKT | C13: S06B | D13: JKT-01 | F13: 01J | H13: 9 | I13: S6B X Braces of RowB (2H~3H) | J13: 2.75 | K13: =L13-Y13 -> 0 | L13: =SUMIFS('[36]frm P6'!$J:$J,'[36]frm P6'!D:D,[36]Schedule!B13,'[36]frm P6'!E:E,[36]Schedule!C13,'[36]frm P6'!F:F,[36]Schedule!D13,'[36]frm P6'!G:G,[36]Schedule!$K$3,'[36]frm P6'!H:H,[36]Schedule!F13) -> 46471 | M13: =SUMIFS('[36]frm P6'!$K:$K,'[36]frm P6'!D:D,[36]Schedule!B13,'[36]frm P6'!E:E,[36]Schedule!C13,'[36]frm P6'!F:F,[36]Schedule!D13,'[36]frm P6'!G:G,[36]Schedule!$K$3,'[36]frm P6'!H:H,[36]Schedule!F13) -> 46476 | N13: =M13-L13+1 -> 6 | O13: 2 | P13: 10.23 | Q13: 550 | R13: =VLOOKUP(Q13,[37]导管架!N$2:Q$9,2,0) -> 1.3143211 | S13: =VLOOKUP(Q13,[37]导管架!N$2:Q$9,3,0) -> 2.5063171 | T13: =VLOOKUP(Q13,[37]导管架!N$2:Q$9,4,0) -> 4.6771951 | U13: =R13*AJ13*8 -> 31.543706 | V13: =S13*AD13*8 -> 40.101073 | W13: =T13*O13*8 -> 74.835122 | X13: =SUMIFS('[36]frm P6'!$J:$J,'[36]frm P6'!D:D,[36]Schedule!B13,'[36]frm P6'!E:E,[36]Schedule!C13,'[36]frm P6'!G:G,[36]Schedule!$W$3,'[36]frm P6'!H:H,[36]Schedule!F13) -> 46455 | Y13: =SUMIFS('[36]frm P6'!$K:$K,'[36]frm P6'!D:D,[36]Schedule!B13,'[36]frm P6'!E:E,[36]Schedule!C13,'[36]frm P6'!G:G,[36]Schedule!$W$3,'[36]frm P6'!H:H,[36]Schedule!F13) -> 46471 | Z13: =Y13-X13+1 -> 17 | AA13: =SUMIFS('[36]frm P6'!$J:$J,'[36]frm P6'!D:D,[36]Schedule!B13,'[36]frm P6'!E:E,[36]Schedule!C13,'[36]frm P6'!F:F,[36]Schedule!D13,'[36]frm P6'!G:G,[36]Schedule!$Z$3,'[36]frm P6'!H:H,[36]Schedule!F13) -> 46409 | AB13: =SUMIFS('[36]frm P6'!$K:$K,'[36]frm P6'!D:D,[36]Schedule!B13,'[36]frm P6'!E:E,[36]Schedule!C13,'[36]frm P6'!F:F,[36]Schedule!D13,'[36]frm P6'!G:G,[36]Schedule!$Z$3,'[36]frm P6'!H:H,[36]Schedule!F13) -> 46437 | AC13: =AB13-AA13+1 -> 29 | AD13: 2 | AE13: 10.23 | AF13: 550 | AG13: =SUMIFS('[36]frm P6'!$J:$J,'[36]frm P6'!D:D,[36]Schedule!B13,'[36]frm P6'!E:E,[36]Schedule!C13,'[36]frm P6'!F:F,[36]Schedule!D13,'[36]frm P6'!G:G,[36]Schedule!$AF$3,'[36]frm P6'!H:H,[36]Schedule!F13) -> 46381 | AH13: =SUMIFS('[36]frm P6'!$K:$K,'[36]frm P6'!D:D,[36]Schedule!B13,'[36]frm P6'!E:E,[36]Schedule!C13,'[36]frm P6'!F:F,[36]Schedule!D13,'[36]frm P6'!G:G,[36]Schedule!$AF$3,'[36]frm P6'!H:H,[36]Schedule!F13) -> 46403 | AI13: =AH13-AG13+1 -> 23 | AJ13: 3 | AK13: 15.34 | AL13: 550 | AM13: =SUMIFS('[36]frm P6'!$J:$J,'[36]frm P6'!D:D,[36]Schedule!B13,'[36]frm P6'!E:E,[36]Schedule!C13,'[36]frm P6'!F:F,[36]Schedule!D13,'[36]frm P6'!G:G,[36]Schedule!$AL$3,'[36]frm P6'!H:H,[36]Schedule!F13) -> 46347 | AN13: =SUMIFS('[36]frm P6'!$K:$K,'[36]frm P6'!D:D,[36]Schedule!B13,'[36]frm P6'!E:E,[36]Schedule!C13,'[36]frm P6'!F:F,[36]Schedule!D13,'[36]frm P6'!G:G,[36]Schedule!$AL$3,'[36]frm P6'!H:H,[36]Schedule!F13) -> 46373 | AO13: =AN13-AM13+1 -> 27 | AP13: 6 | AQ13: 550 | AR13: 62 | AS13: =AM13-$AS$3 -> 46344 | AT13: =AS13-$AT$3 -> 46284 | AU13: =AT13-$AU$3 -> 46269 | AV13: =AM13-$AV$3 -> 46343 | AW13: =AV13-$AW$3 -> 46333 | AX13: =AW13-AY13 -> 64 | AY13: 46269 | AZ13: JK01-1800 | BA13: Elevation Row A, B, 1, 2
B14: JKT | C14: S07 | D14: JKT-01 | F14: 01J | H14: 10 | I14: S7 3H-Panel | J14: 15 | K14: =L14-Y14 -> 7 | L14: =SUMIFS('[36]frm P6'!$J:$J,'[36]frm P6'!D:D,[36]Schedule!B14,'[36]frm P6'!E:E,[36]Schedule!C14,'[36]frm P6'!F:F,[36]Schedule!D14,'[36]frm P6'!G:G,[36]Schedule!$K$3,'[36]frm P6'!H:H,[36]Schedule!F14) -> 46476 | M14: =SUMIFS('[36]frm P6'!$K:$K,'[36]frm P6'!D:D,[36]Schedule!B14,'[36]frm P6'!E:E,[36]Schedule!C14,'[36]frm P6'!F:F,[36]Schedule!D14,'[36]frm P6'!G:G,[36]Schedule!$K$3,'[36]frm P6'!H:H,[36]Schedule!F14) -> 46486 | N14: =M14-L14+1 -> 11 | O14: 4 | P14: 31.04 | Q14: 450-500 | R14: =VLOOKUP(Q14,[37]导管架!N$2:Q$9,2,0) -> 1.2968666 | S14: =VLOOKUP(Q14,[37]导管架!N$2:Q$9,3,0) -> 2.4732262 | T14: =VLOOKUP(Q14,[37]导管架!N$2:Q$9,4,0) -> 4.6220437 | U14: =R14*AJ14*8 -> 41.499731 | V14: =S14*AD14*8 -> 435.28782 | W14: =T14*O14*8 -> 147.9054 | X14: =SUMIFS('[36]frm P6'!$J:$J,'[36]frm P6'!D:D,[36]Schedule!B14,'[36]frm P6'!E:E,[36]Schedule!C14,'[36]frm P6'!G:G,[36]Schedule!$W$3,'[36]frm P6'!H:H,[36]Schedule!F14) -> 46452 | Y14: =SUMIFS('[36]frm P6'!$K:$K,'[36]frm P6'!D:D,[36]Schedule!B14,'[36]frm P6'!E:E,[36]Schedule!C14,'[36]frm P6'!G:G,[36]Schedule!$W$3,'[36]frm P6'!H:H,[36]Schedule!F14) -> 46469 | Z14: =Y14-X14+1 -> 18 | AA14: =SUMIFS('[36]frm P6'!$J:$J,'[36]frm P6'!D:D,[36]Schedule!B14,'[36]frm P6'!E:E,[36]Schedule!C14,'[36]frm P6'!F:F,[36]Schedule!D14,'[36]frm P6'!G:G,[36]Schedule!$Z$3,'[36]frm P6'!H:H,[36]Schedule!F14) -> 46406 | AB14: =SUMIFS('[36]frm P6'!$K:$K,'[36]frm P6'!D:D,[36]Schedule!B14,'[36]frm P6'!E:E,[36]Schedule!C14,'[36]frm P6'!F:F,[36]Schedule!D14,'[36]frm P6'!G:G,[36]Schedule!$Z$3,'[36]frm P6'!H:H,[36]Schedule!F14) -> 46448 | AC14: =AB14-AA14+1 -> 43 | AD14: 22 | AE14: 70.12 | AF14: 323.9-450 | AG14: =SUMIFS('[36]frm P6'!$J:$J,'[36]frm P6'!D:D,[36]Schedule!B14,'[36]frm P6'!E:E,[36]Schedule!C14,'[36]frm P6'!F:F,[36]Schedule!D14,'[36]frm P6'!G:G,[36]Schedule!$AF$3,'[36]frm P6'!H:H,[36]Schedule!F14) -> 46365 | AH14: =SUMIFS('[36]frm P6'!$K:$K,'[36]frm P6'!D:D,[36]Schedule!B14,'[36]frm P6'!E:E,[36]Schedule!C14,'[36]frm P6'!F:F,[36]Schedule!D14,'[36]frm P6'!G:G,[36]Schedule!$AF$3,'[36]frm P6'!H:H,[36]Schedule!F14) -> 46394 | AI14: =AH14-AG14+1 -> 30 | AJ14: 4 | AK14: 31.04 | AL14: 450-500 | AM14: =SUMIFS('[36]frm P6'!$J:$J,'[36]frm P6'!D:D,[36]Schedule!B14,'[36]frm P6'!E:E,[36]Schedule!C14,'[36]frm P6'!F:F,[36]Schedule!D14,'[36]frm P6'!G:G,[36]Schedule!$AL$3,'[36]frm P6'!H:H,[36]Schedule!F14) -> 46339 | AN14: =SUMIFS('[36]frm P6'!$K:$K,'[36]frm P6'!D:D,[36]Schedule!B14,'[36]frm P6'!E:E,[36]Schedule!C14,'[36]frm P6'!F:F,[36]Schedule!D14,'[36]frm P6'!G:G,[36]Schedule!$AL$3,'[36]frm P6'!H:H,[36]Schedule!F14) -> 46365 | AO14: =AN14-AM14+1 -> 27 | AP14: 9 | AQ14: 450-500 | AR14: 62 | AS14: =AM14-$AS$3 -> 46336 | AT14: =AS14-$AT$3 -> 46276 | AU14: =AT14-$AU$3 -> 46261 | AV14: =AM14-$AV$3 -> 46335 | AW14: =AV14-$AW$3 -> 46325 | AX14: =AW14-AY14 -> 51 | AY14: 46274 | AZ14: JK01-1830 | BA14: Horizontal Framing Plan
B15: JKT | C15: S08A | D15: JKT-01 | F15: 01J | H15: 11 | I15: S8A X Braces of RowA (3H~4H) | J15: 2 | K15: =L15-Y15 -> 17 | L15: =SUMIFS('[36]frm P6'!$J:$J,'[36]frm P6'!D:D,[36]Schedule!B15,'[36]frm P6'!E:E,[36]Schedule!C15,'[36]frm P6'!F:F,[36]Schedule!D15,'[36]frm P6'!G:G,[36]Schedule!$K$3,'[36]frm P6'!H:H,[36]Schedule!F15) -> 46486 | M15: =SUMIFS('[36]frm P6'!$K:$K,'[36]frm P6'!D:D,[36]Schedule!B15,'[36]frm P6'!E:E,[36]Schedule!C15,'[36]frm P6'!F:F,[36]Schedule!D15,'[36]frm P6'!G:G,[36]Schedule!$K$3,'[36]frm P6'!H:H,[36]Schedule!F15) -> 46490 | N15: =M15-L15+1 -> 5 | O15: 2 | P15: 7.33 | Q15: 550 | R15: =VLOOKUP(Q15,[37]导管架!N$2:Q$9,2,0) -> 1.3143211 | S15: =VLOOKUP(Q15,[37]导管架!N$2:Q$9,3,0) -> 2.5063171 | T15: =VLOOKUP(Q15,[37]导管架!N$2:Q$9,4,0) -> 4.6771951 | U15: =R15*AJ15*8 -> 21.029138 | V15: =S15*AD15*8 -> 40.101073 | W15: =T15*O15*8 -> 74.835122 | X15: =SUMIFS('[36]frm P6'!$J:$J,'[36]frm P6'!D:D,[36]Schedule!B15,'[36]frm P6'!E:E,[36]Schedule!C15,'[36]frm P6'!G:G,[36]Schedule!$W$3,'[36]frm P6'!H:H,[36]Schedule!F15) -> 46452 | Y15: =SUMIFS('[36]frm P6'!$K:$K,'[36]frm P6'!D:D,[36]Schedule!B15,'[36]frm P6'!E:E,[36]Schedule!C15,'[36]frm P6'!G:G,[36]Schedule!$W$3,'[36]frm P6'!H:H,[36]Schedule!F15) -> 46469 | Z15: =Y15-X15+1 -> 18 | AA15: =SUMIFS('[36]frm P6'!$J:$J,'[36]frm P6'!D:D,[36]Schedule!B15,'[36]frm P6'!E:E,[36]Schedule!C15,'[36]frm P6'!F:F,[36]Schedule!D15,'[36]frm P6'!G:G,[36]Schedule!$Z$3,'[36]frm P6'!H:H,[36]Schedule!F15) -> 46419 | AB15: =SUMIFS('[36]frm P6'!$K:$K,'[36]frm P6'!D:D,[36]Schedule!B15,'[36]frm P6'!E:E,[36]Schedule!C15,'[36]frm P6'!F:F,[36]Schedule!D15,'[36]frm P6'!G:G,[36]Schedule!$Z$3,'[36]frm P6'!H:H,[36]Schedule!F15) -> 46444 | AC15: =AB15-AA15+1 -> 26 | AD15: 2 | AE15: 7.33 | AF15: 550 | AG15: =SUMIFS('[36]frm P6'!$J:$J,'[36]frm P6'!D:D,[36]Schedule!B15,'[36]frm P6'!E:E,[36]Schedule!C15,'[36]frm P6'!F:F,[36]Schedule!D15,'[36]frm P6'!G:G,[36]Schedule!$AF$3,'[36]frm P6'!H:H,[36]Schedule!F15) -> 46385 | AH15: =SUMIFS('[36]frm P6'!$K:$K,'[36]frm P6'!D:D,[36]Schedule!B15,'[36]frm P6'!E:E,[36]Schedule!C15,'[36]frm P6'!F:F,[36]Schedule!D15,'[36]frm P6'!G:G,[36]Schedule!$AF$3,'[36]frm P6'!H:H,[36]Schedule!F15) -> 46407 | AI15: =AH15-AG15+1 -> 23 | AJ15: 2 | AK15: 7.33 | AL15: 550 | AM15: =SUMIFS('[36]frm P6'!$J:$J,'[36]frm P6'!D:D,[36]Schedule!B15,'[36]frm P6'!E:E,[36]Schedule!C15,'[36]frm P6'!F:F,[36]Schedule!D15,'[36]frm P6'!G:G,[36]Schedule!$AL$3,'[36]frm P6'!H:H,[36]Schedule!F15) -> 46347 | AN15: =SUMIFS('[36]frm P6'!$K:$K,'[36]frm P6'!D:D,[36]Schedule!B15,'[36]frm P6'!E:E,[36]Schedule!C15,'[36]frm P6'!F:F,[36]Schedule!D15,'[36]frm P6'!G:G,[36]Schedule!$AL$3,'[36]frm P6'!H:H,[36]Schedule!F15) -> 46377 | AO15: =AN15-AM15+1 -> 31 | AP15: 5 | AQ15: 550 | AR15: 62 | AS15: =AM15-$AS$3 -> 46344 | AT15: =AS15-$AT$3 -> 46284 | AU15: =AT15-$AU$3 -> 46269 | AV15: =AM15-$AV$3 -> 46343 | AW15: =AV15-$AW$3 -> 46333 | AX15: =AW15-AY15 -> 64 | AY15: 46269 | AZ15: JK01-1800 | BA15: Elevation Row A, B, 1, 2
B16: JKT | C16: S08B | D16: JKT-01 | F16: 01J | H16: 12 | I16: S8B X Braces of RowB (3H~4H) | J16: 2 | K16: =L16-Y16 -> 6 | L16: =SUMIFS('[36]frm P6'!$J:$J,'[36]frm P6'!D:D,[36]Schedule!B16,'[36]frm P6'!E:E,[36]Schedule!C16,'[36]frm P6'!F:F,[36]Schedule!D16,'[36]frm P6'!G:G,[36]Schedule!$K$3,'[36]frm P6'!H:H,[36]Schedule!F16) -> 46490 | M16: =SUMIFS('[36]frm P6'!$K:$K,'[36]frm P6'!D:D,[36]Schedule!B16,'[36]frm P6'!E:E,[36]Schedule!C16,'[36]frm P6'!F:F,[36]Schedule!D16,'[36]frm P6'!G:G,[36]Schedule!$K$3,'[36]frm P6'!H:H,[36]Schedule!F16) -> 46494 | N16: =M16-L16+1 -> 5 | O16: 2 | P16: 7.33 | Q16: 550 | R16: =VLOOKUP(Q16,[37]导管架!N$2:Q$9,2,0) -> 1.3143211 | S16: =VLOOKUP(Q16,[37]导管架!N$2:Q$9,3,0) -> 2.5063171 | T16: =VLOOKUP(Q16,[37]导管架!N$2:Q$9,4,0) -> 4.6771951 | U16: =R16*AJ16*8 -> 21.029138 | V16: =S16*AD16*8 -> 40.101073 | W16: =T16*O16*8 -> 74.835122 | X16: =SUMIFS('[36]frm P6'!$J:$J,'[36]frm P6'!D:D,[36]Schedule!B16,'[36]frm P6'!E:E,[36]Schedule!C16,'[36]frm P6'!G:G,[36]Schedule!$W$3,'[36]frm P6'!H:H,[36]Schedule!F16) -> 46466 | Y16: =SUMIFS('[36]frm P6'!$K:$K,'[36]frm P6'!D:D,[36]Schedule!B16,'[36]frm P6'!E:E,[36]Schedule!C16,'[36]frm P6'!G:G,[36]Schedule!$W$3,'[36]frm P6'!H:H,[36]Schedule!F16) -> 46484 | Z16: =Y16-X16+1 -> 19 | AA16: =SUMIFS('[36]frm P6'!$J:$J,'[36]frm P6'!D:D,[36]Schedule!B16,'[36]frm P6'!E:E,[36]Schedule!C16,'[36]frm P6'!F:F,[36]Schedule!D16,'[36]frm P6'!G:G,[36]Schedule!$Z$3,'[36]frm P6'!H:H,[36]Schedule!F16) -> 46437 | AB16: =SUMIFS('[36]frm P6'!$K:$K,'[36]frm P6'!D:D,[36]Schedule!B16,'[36]frm P6'!E:E,[36]Schedule!C16,'[36]frm P6'!F:F,[36]Schedule!D16,'[36]frm P6'!G:G,[36]Schedule!$Z$3,'[36]frm P6'!H:H,[36]Schedule!F16) -> 46458 | AC16: =AB16-AA16+1 -> 22 | AD16: 2 | AE16: 7.33 | AF16: 550 | AG16: =SUMIFS('[36]frm P6'!$J:$J,'[36]frm P6'!D:D,[36]Schedule!B16,'[36]frm P6'!E:E,[36]Schedule!C16,'[36]frm P6'!F:F,[36]Schedule!D16,'[36]frm P6'!G:G,[36]Schedule!$AF$3,'[36]frm P6'!H:H,[36]Schedule!F16) -> 46399 | AH16: =SUMIFS('[36]frm P6'!$K:$K,'[36]frm P6'!D:D,[36]Schedule!B16,'[36]frm P6'!E:E,[36]Schedule!C16,'[36]frm P6'!F:F,[36]Schedule!D16,'[36]frm P6'!G:G,[36]Schedule!$AF$3,'[36]frm P6'!H:H,[36]Schedule!F16) -> 46422 | AI16: =AH16-AG16+1 -> 24 | AJ16: 2 | AK16: 7.33 | AL16: 550 | AM16: =SUMIFS('[36]frm P6'!$J:$J,'[36]frm P6'!D:D,[36]Schedule!B16,'[36]frm P6'!E:E,[36]Schedule!C16,'[36]frm P6'!F:F,[36]Schedule!D16,'[36]frm P6'!G:G,[36]Schedule!$AL$3,'[36]frm P6'!H:H,[36]Schedule!F16) -> 46356 | AN16: =SUMIFS('[36]frm P6'!$K:$K,'[36]frm P6'!D:D,[36]Schedule!B16,'[36]frm P6'!E:E,[36]Schedule!C16,'[36]frm P6'!F:F,[36]Schedule!D16,'[36]frm P6'!G:G,[36]Schedule!$AL$3,'[36]frm P6'!H:H,[36]Schedule!F16) -> 46385 | AO16: =AN16-AM16+1 -> 30 | AP16: 5 | AQ16: 550 | AR16: 62 | AS16: =AM16-$AS$3 -> 46353 | AT16: =AS16-$AT$3 -> 46293 | AU16: =AT16-$AU$3 -> 46278 | AV16: =AM16-$AV$3 -> 46352 | AW16: =AV16-$AW$3 -> 46342 | AX16: =AW16-AY16 -> 73 | AY16: 46269 | AZ16: JK01-1800 | BA16: Elevation Row A, B, 1, 2
B17: JKT | C17: S09A | D17: JKT-01 | F17: 01J | H17: 13 | I17: S9 4H-Panel | J17: 14.7 | K17: =L17-Y17 -> 9 | L17: =SUMIFS('[36]frm P6'!$J:$J,'[36]frm P6'!D:D,[36]Schedule!B17,'[36]frm P6'!E:E,[36]Schedule!C17,'[36]frm P6'!F:F,[36]Schedule!D17,'[36]frm P6'!G:G,[36]Schedule!$K$3,'[36]frm P6'!H:H,[36]Schedule!F17) -> 46494 | M17: =SUMIFS('[36]frm P6'!$K:$K,'[36]frm P6'!D:D,[36]Schedule!B17,'[36]frm P6'!E:E,[36]Schedule!C17,'[36]frm P6'!F:F,[36]Schedule!D17,'[36]frm P6'!G:G,[36]Schedule!$K$3,'[36]frm P6'!H:H,[36]Schedule!F17) -> 46504 | N17: =M17-L17+1 -> 11 | O17: 4 | P17: 17.69 | Q17: 406.4-500 | R17: =VLOOKUP(Q17,[37]导管架!N$2:Q$9,2,0) -> 1.2968666 | S17: =VLOOKUP(Q17,[37]导管架!N$2:Q$9,3,0) -> 2.4732262 | T17: =VLOOKUP(Q17,[37]导管架!N$2:Q$9,4,0) -> 4.6220437 | U17: =R17*AJ17*8 -> 41.499731 | V17: =S17*AD17*8 -> 435.28782 | W17: =T17*O17*8 -> 147.9054 | X17: =SUMIFS('[36]frm P6'!$J:$J,'[36]frm P6'!D:D,[36]Schedule!B17,'[36]frm P6'!E:E,[36]Schedule!C17,'[36]frm P6'!G:G,[36]Schedule!$W$3,'[36]frm P6'!H:H,[36]Schedule!F17) -> 46468 | Y17: =SUMIFS('[36]frm P6'!$K:$K,'[36]frm P6'!D:D,[36]Schedule!B17,'[36]frm P6'!E:E,[36]Schedule!C17,'[36]frm P6'!G:G,[36]Schedule!$W$3,'[36]frm P6'!H:H,[36]Schedule!F17) -> 46485 | Z17: =Y17-X17+1 -> 18 | AA17: =SUMIFS('[36]frm P6'!$J:$J,'[36]frm P6'!D:D,[36]Schedule!B17,'[36]frm P6'!E:E,[36]Schedule!C17,'[36]frm P6'!F:F,[36]Schedule!D17,'[36]frm P6'!G:G,[36]Schedule!$Z$3,'[36]frm P6'!H:H,[36]Schedule!F17) -> 46421 | AB17: =SUMIFS('[36]frm P6'!$K:$K,'[36]frm P6'!D:D,[36]Schedule!B17,'[36]frm P6'!E:E,[36]Schedule!C17,'[36]frm P6'!F:F,[36]Schedule!D17,'[36]frm P6'!G:G,[36]Schedule!$Z$3,'[36]frm P6'!H:H,[36]Schedule!F17) -> 46463 | AC17: =AB17-AA17+1 -> 43 | AD17: 22 | AE17: 54.67 | AF17: 323.9-406.4 | AG17: =SUMIFS('[36]frm P6'!$J:$J,'[36]frm P6'!D:D,[36]Schedule!B17,'[36]frm P6'!E:E,[36]Schedule!C17,'[36]frm P6'!F:F,[36]Schedule!D17,'[36]frm P6'!G:G,[36]Schedule!$AF$3,'[36]frm P6'!H:H,[36]Schedule!F17) -> 46385 | AH17: =SUMIFS('[36]frm P6'!$K:$K,'[36]frm P6'!D:D,[36]Schedule!B17,'[36]frm P6'!E:E,[36]Schedule!C17,'[36]frm P6'!F:F,[36]Schedule!D17,'[36]frm P6'!G:G,[36]Schedule!$AF$3,'[36]frm P6'!H:H,[36]Schedule!F17) -> 46414 | AI17: =AH17-AG17+1 -> 30 | AJ17: 4 | AK17: 17.69 | AL17: 406.4-500 | AM17: =SUMIFS('[36]frm P6'!$J:$J,'[36]frm P6'!D:D,[36]Schedule!B17,'[36]frm P6'!E:E,[36]Schedule!C17,'[36]frm P6'!F:F,[36]Schedule!D17,'[36]frm P6'!G:G,[36]Schedule!$AL$3,'[36]frm P6'!H:H,[36]Schedule!F17) -> 46344 | AN17: =SUMIFS('[36]frm P6'!$K:$K,'[36]frm P6'!D:D,[36]Schedule!B17,'[36]frm P6'!E:E,[36]Schedule!C17,'[36]frm P6'!F:F,[36]Schedule!D17,'[36]frm P6'!G:G,[36]Schedule!$AL$3,'[36]frm P6'!H:H,[36]Schedule!F17) -> 46367 | AO17: =AN17-AM17+1 -> 24 | AP17: 4 | AQ17: 500 | AR17: 62 | AS17: =AM17-$AS$3 -> 46341 | AT17: =AS17-$AT$3 -> 46281 | AU17: =AT17-$AU$3 -> 46266 | AV17: =AM17-$AV$3 -> 46340 | AW17: =AV17-$AW$3 -> 46330 | AX17: =AW17-AY17 -> 56 | AY17: 46274 | AZ17: JK01-1830 | BA17: Horizontal Framing Plan
B18: JKT | C18: S10A | D18: JKT-01 | F18: 01J | H18: 14 | I18: S10 Row2 | J18: 115 | K18: =L18-Y18 -> 1 | L18: =SUMIFS('[36]frm P6'!$J:$J,'[36]frm P6'!D:D,[36]Schedule!B18,'[36]frm P6'!E:E,[36]Schedule!C18,'[36]frm P6'!F:F,[36]Schedule!D18,'[36]frm P6'!G:G,[36]Schedule!$K$3,'[36]frm P6'!H:H,[36]Schedule!F18) -> 46504 | M18: =SUMIFS('[36]frm P6'!$K:$K,'[36]frm P6'!D:D,[36]Schedule!B18,'[36]frm P6'!E:E,[36]Schedule!C18,'[36]frm P6'!F:F,[36]Schedule!D18,'[36]frm P6'!G:G,[36]Schedule!$K$3,'[36]frm P6'!H:H,[36]Schedule!F18) -> 46524 | N18: =M18-L18+1 -> 21 | O18: 32 | P18: 181.47 | Q18: 400-750 | R18: =VLOOKUP(Q18,[37]导管架!N$2:Q$9,2,0) -> 1.6966444 | S18: =VLOOKUP(Q18,[37]导管架!N$2:Q$9,3,0) -> 3.2519716 | T18: =VLOOKUP(Q18,[37]导管架!N$2:Q$9,4,0) -> 5.503286 | U18: =R18*AJ18*8 -> 407.19465 | V18: =S18*AD18*8 -> 884.53627 | W18: =T18*O18*8 -> 1408.8412 | X18: =SUMIFS('[36]frm P6'!$J:$J,'[36]frm P6'!D:D,[36]Schedule!B18,'[36]frm P6'!E:E,[36]Schedule!C18,'[36]frm P6'!G:G,[36]Schedule!$W$3,'[36]frm P6'!H:H,[36]Schedule!F18) -> 46486 | Y18: =SUMIFS('[36]frm P6'!$K:$K,'[36]frm P6'!D:D,[36]Schedule!B18,'[36]frm P6'!E:E,[36]Schedule!C18,'[36]frm P6'!G:G,[36]Schedule!$W$3,'[36]frm P6'!H:H,[36]Schedule!F18) -> 46503 | Z18: =Y18-X18+1 -> 18 | AA18: =SUMIFS('[36]frm P6'!$J:$J,'[36]frm P6'!D:D,[36]Schedule!B18,'[36]frm P6'!E:E,[36]Schedule!C18,'[36]frm P6'!F:F,[36]Schedule!D18,'[36]frm P6'!G:G,[36]Schedule!$Z$3,'[36]frm P6'!H:H,[36]Schedule!F18) -> 46437 | AB18: =SUMIFS('[36]frm P6'!$K:$K,'[36]frm P6'!D:D,[36]Schedule!B18,'[36]frm P6'!E:E,[36]Schedule!C18,'[36]frm P6'!F:F,[36]Schedule!D18,'[36]frm P6'!G:G,[36]Schedule!$Z$3,'[36]frm P6'!H:H,[36]Schedule!F18) -> 46478 | AC18: =AB18-AA18+1 -> 42 | AD18: 34 | AE18: 359.28 | AF18: 355.6-1524 | AG18: =SUMIFS('[36]frm P6'!$J:$J,'[36]frm P6'!D:D,[36]Schedule!B18,'[36]frm P6'!E:E,[36]Schedule!C18,'[36]frm P6'!F:F,[36]Schedule!D18,'[36]frm P6'!G:G,[36]Schedule!$AF$3,'[36]frm P6'!H:H,[36]Schedule!F18) -> 46393 | AH18: =SUMIFS('[36]frm P6'!$K:$K,'[36]frm P6'!D:D,[36]Schedule!B18,'[36]frm P6'!E:E,[36]Schedule!C18,'[36]frm P6'!F:F,[36]Schedule!D18,'[36]frm P6'!G:G,[36]Schedule!$AF$3,'[36]frm P6'!H:H,[36]Schedule!F18) -> 46422 | AI18: =AH18-AG18+1 -> 30 | AJ18: 30 | AK18: 1130.3 | AL18: 500-1524 | AM18: =SUMIFS('[36]frm P6'!$J:$J,'[36]frm P6'!D:D,[36]Schedule!B18,'[36]frm P6'!E:E,[36]Schedule!C18,'[36]frm P6'!F:F,[36]Schedule!D18,'[36]frm P6'!G:G,[36]Schedule!$AL$3,'[36]frm P6'!H:H,[36]Schedule!F18) -> 46365 | AN18: =SUMIFS('[36]frm P6'!$K:$K,'[36]frm P6'!D:D,[36]Schedule!B18,'[36]frm P6'!E:E,[36]Schedule!C18,'[36]frm P6'!F:F,[36]Schedule!D18,'[36]frm P6'!G:G,[36]Schedule!$AL$3,'[36]frm P6'!H:H,[36]Schedule!F18) -> 46403 | AO18: =AN18-AM18+1 -> 39 | AP18: 47 | AQ18: 500-1549.4 | AR18: 62 | AS18: =AM18-$AS$3 -> 46362 | AT18: =AS18-$AT$3 -> 46302 | AU18: =AT18-$AU$3 -> 46287 | AV18: =AM18-$AV$3 -> 46361 | AW18: =AV18-$AW$3 -> 46351 | AX18: =AW18-AY18 -> 82 | AY18: 46269 | AZ18: JK01-1800 | BA18: Elevation Row A, B, 1, 2
B19: WPA02 | H19: WPA02 MAIN STRUCTURE OF JACKET | L19: =MIN(L20:L33) -> 46442 | M19: =MAX(M20:M33) -> 46563 | N19: =M19-L19+1 -> 122 | X19: =MIN(X20:X32) -> 46452 | Y19: =MAX(Y20:Y33) -> 46528 | Z19: =Y19-X19+1 -> 77 | AA19: =MIN(AA20:AA33) -> 46401 | AB19: =MAX(AB20:AB33) -> 46506 | AC19: =AB19-AA19+1 -> 106 | AG19: =MIN(AG20:AG33) -> 46367 | AH19: =MAX(AH20:AH33) -> 46476 | AI19: =AH19-AG19+1 -> 110 | AM19: =MIN(AM20:AM33) -> 46332 | AN19: =MAX(AN20:AN33) -> 46417 | AO19: =AN19-AM19+1 -> 86 | AS19: =MIN(AS20:AS32) -> 46329 | AT19: =MIN(AT20:AT32) -> 46269 | AU19: =MIN(AU20:AU32) -> 46254 | AV19: =MIN(AV20:AV32) -> 46328 | AW19: =MIN(AW20:AW32) -> 46318
B20: JKT | C20: S01 | D20: JKT-01 | F20: 02J | H20: 1 | I20: S1 Layout Construction Support | L20: =SUMIFS('[36]frm P6'!$J:$J,'[36]frm P6'!D:D,[36]Schedule!B20,'[36]frm P6'!E:E,[36]Schedule!C20,'[36]frm P6'!F:F,[36]Schedule!D20,'[36]frm P6'!G:G,$L$3,'[36]frm P6'!H:H,[36]Schedule!F20) -> 46442 | M20: =SUMIFS('[36]frm P6'!$K:$K,'[36]frm P6'!D:D,[36]Schedule!B20,'[36]frm P6'!E:E,[36]Schedule!C20,'[36]frm P6'!F:F,[36]Schedule!D20,'[36]frm P6'!G:G,$L$3,'[36]frm P6'!H:H,[36]Schedule!F20) -> 46445 | N20: =M20-L20+1 -> 4 | X20: N/A | Y20: N/A | Z20: N/A | AA20: N/A | AB20: N/A | AC20: N/A | AD20: N/A | AE20: N/A | AF20: N/A | AG20: =SUMIFS('[36]frm P6'!$J:$J,'[36]frm P6'!D:D,[36]Schedule!B20,'[36]frm P6'!E:E,[36]Schedule!C20,'[36]frm P6'!F:F,[36]Schedule!D20,'[36]frm P6'!G:G,[36]Schedule!$AF$3,'[36]frm P6'!H:H,[36]Schedule!F20) -> 46384 | AH20: =SUMIFS('[36]frm P6'!$K:$K,'[36]frm P6'!D:D,[36]Schedule!B20,'[36]frm P6'!E:E,[36]Schedule!C20,'[36]frm P6'!F:F,[36]Schedule!D20,'[36]frm P6'!G:G,[36]Schedule!$AF$3,'[36]frm P6'!H:H,[36]Schedule!F20) -> 46421 | AI20: N/A | AM20: N/A | AN20: N/A | AO20: N/A | AR20: N/A | AS20: N/A | AT20: N/A | AU20: N/A | AV20: N/A | AW20: N/A | AX20: N/A | AZ20: N/A | BA20: N/A
B21: JKT | C21: S02A | D21: JKT-01 | F21: 02J | H21: 2 | I21: S2 1H-Panel | J21: 16.2 | K21: =L21-AB21 -> 3 | L21: =SUMIFS('[36]frm P6'!$J:$J,'[36]frm P6'!D:D,[36]Schedule!B21,'[36]frm P6'!E:E,[36]Schedule!C21,'[36]frm P6'!F:F,[36]Schedule!D21,'[36]frm P6'!G:G,$L$3,'[36]frm P6'!H:H,[36]Schedule!F21) -> 46445 | M21: =SUMIFS('[36]frm P6'!$K:$K,'[36]frm P6'!D:D,[36]Schedule!B21,'[36]frm P6'!E:E,[36]Schedule!C21,'[36]frm P6'!F:F,[36]Schedule!D21,'[36]frm P6'!G:G,$L$3,'[36]frm P6'!H:H,[36]Schedule!F21) -> 46456 | N21: =M21-L21+1 -> 12 | O21: 4 | Q21: 450-500 | R21: =VLOOKUP(Q21,[37]导管架!N$2:Q$9,2,0) -> 1.2968666 | S21: =VLOOKUP(Q21,[37]导管架!N$2:Q$9,3,0) -> 2.4732262 | T21: =VLOOKUP(Q21,[37]导管架!N$2:Q$9,4,0) -> 4.6220437 | U21: =R21*AJ21*8 -> 124.49919 | V21: =S21*8*AD21 -> 79.14324 | W21: =T21*O21*8 -> 147.9054 | X21: N/A | Y21: N/A | Z21: N/A | AA21: =SUMIFS('[36]frm P6'!$J:$J,'[36]frm P6'!D:D,[36]Schedule!B21,'[36]frm P6'!E:E,[36]Schedule!C21,'[36]frm P6'!F:F,[36]Schedule!D21,'[36]frm P6'!G:G,[36]Schedule!$Z$3,'[36]frm P6'!H:H,[36]Schedule!F21) -> 46405 | AB21: =SUMIFS('[36]frm P6'!$K:$K,'[36]frm P6'!D:D,[36]Schedule!B21,'[36]frm P6'!E:E,[36]Schedule!C21,'[36]frm P6'!F:F,[36]Schedule!D21,'[36]frm P6'!G:G,[36]Schedule!$Z$3,'[36]frm P6'!H:H,[36]Schedule!F21) -> 46442 | AC21: =AB21-AA21+1 -> 38 | AD21: 4 | AE21: 16.78 | AF21: 406.4 | AG21: =SUMIFS('[36]frm P6'!$J:$J,'[36]frm P6'!D:D,[36]Schedule!B21,'[36]frm P6'!E:E,[36]Schedule!C21,'[36]frm P6'!F:F,[36]Schedule!D21,'[36]frm P6'!G:G,[36]Schedule!$AF$3,'[36]frm P6'!H:H,[36]Schedule!F21) -> 46373 | AH21: =SUMIFS('[36]frm P6'!$K:$K,'[36]frm P6'!D:D,[36]Schedule!B21,'[36]frm P6'!E:E,[36]Schedule!C21,'[36]frm P6'!F:F,[36]Schedule!D21,'[36]frm P6'!G:G,[36]Schedule!$AF$3,'[36]frm P6'!H:H,[36]Schedule!F21) -> 46400 | AI21: =AH21-AG21+1 -> 28 | AJ21: 12 | AK21: 52.15 | AL21: 406.4-500 | AM21: =SUMIFS('[36]frm P6'!$J:$J,'[36]frm P6'!D:D,[36]Schedule!B21,'[36]frm P6'!E:E,[36]Schedule!C21,'[36]frm P6'!F:F,[36]Schedule!D21,'[36]frm P6'!G:G,[36]Schedule!$AL$3,'[36]frm P6'!H:H,[36]Schedule!F21) -> 46336 | AN21: =SUMIFS('[36]frm P6'!$K:$K,'[36]frm P6'!D:D,[36]Schedule!B21,'[36]frm P6'!E:E,[36]Schedule!C21,'[36]frm P6'!F:F,[36]Schedule!D21,'[36]frm P6'!G:G,[36]Schedule!$AL$3,'[36]frm P6'!H:H,[36]Schedule!F21) -> 46365 | AO21: =AN21-AM21+1 -> 30 | AP21: 6 | AQ21: 500 | AR21: 62 | AS21: =AM21-$AS$3 -> 46333 | AT21: =AS21-$AT$3 -> 46273 | AU21: =AT21-$AU$3 -> 46258 | AV21: =AM21-$AV$3 -> 46332 | AW21: =AV21-$AW$3 -> 46322 | AX21: =AW21-AY21 -> 48 | AY21: 46274 | AZ21: JK02-1590 | BA21: Horizontal Framing Plan
B22: JKT | C22: S04A | D22: JKT-01 | F22: 02J | H22: 4 | I22: S4A Row1 | J22: 105 | K22: =L22-Y22 -> 3 | L22: =SUMIFS('[36]frm P6'!$J:$J,'[36]frm P6'!D:D,[36]Schedule!B22,'[36]frm P6'!E:E,[36]Schedule!C22,'[36]frm P6'!F:F,[36]Schedule!D22,'[36]frm P6'!G:G,$L$3,'[36]frm P6'!H:H,[36]Schedule!F22) -> 46471 | M22: =SUMIFS('[36]frm P6'!$K:$K,'[36]frm P6'!D:D,[36]Schedule!B22,'[36]frm P6'!E:E,[36]Schedule!C22,'[36]frm P6'!F:F,[36]Schedule!D22,'[36]frm P6'!G:G,$L$3,'[36]frm P6'!H:H,[36]Schedule!F22) -> 46480 | N22: =M22-L22+1 -> 10 | O22: 8 | P22: 35.37 | Q22: 406.4-500 | R22: =VLOOKUP(Q22,[37]导管架!N$2:Q$9,2,0) -> 1.2968666 | S22: =VLOOKUP(Q22,[37]导管架!N$2:Q$9,3,0) -> 2.4732262 | T22: =VLOOKUP(Q22,[37]导管架!N$2:Q$9,4,0) -> 4.6220437 | U22: =R22*AJ22*8 -> 248.99839 | V22: =S22*8*AD22 -> 672.71754 | W22: =T22*O22*8 -> 295.8108 | X22: =SUMIFS('[36]frm P6'!$J:$J,'[36]frm P6'!D:D,[36]Schedule!B22,'[36]frm P6'!E:E,[36]Schedule!C22,'[36]frm P6'!G:G,[36]Schedule!$W$3,'[36]frm P6'!H:H,[36]Schedule!F22) -> 46452 | Y22: =SUMIFS('[36]frm P6'!$K:$K,'[36]frm P6'!D:D,[36]Schedule!B22,'[36]frm P6'!E:E,[36]Schedule!C22,'[36]frm P6'!G:G,[36]Schedule!$W$3,'[36]frm P6'!H:H,[36]Schedule!F22) -> 46468 | Z22: =Y22-X22+1 -> 17 | AA22: =SUMIFS('[36]frm P6'!$J:$J,'[36]frm P6'!D:D,[36]Schedule!B22,'[36]frm P6'!E:E,[36]Schedule!C22,'[36]frm P6'!F:F,[36]Schedule!D22,'[36]frm P6'!G:G,[36]Schedule!$Z$3,'[36]frm P6'!H:H,[36]Schedule!F22) -> 46401 | AB22: =SUMIFS('[36]frm P6'!$K:$K,'[36]frm P6'!D:D,[36]Schedule!B22,'[36]frm P6'!E:E,[36]Schedule!C22,'[36]frm P6'!F:F,[36]Schedule!D22,'[36]frm P6'!G:G,[36]Schedule!$Z$3,'[36]frm P6'!H:H,[36]Schedule!F22) -> 46450 | AC22: =AB22-AA22+1 -> 50 | AD22: 34 | AE22: 359.28 | AF22: 500-1524 | AG22: =SUMIFS('[36]frm P6'!$J:$J,'[36]frm P6'!D:D,[36]Schedule!B22,'[36]frm P6'!E:E,[36]Schedule!C22,'[36]frm P6'!F:F,[36]Schedule!D22,'[36]frm P6'!G:G,[36]Schedule!$AF$3,'[36]frm P6'!H:H,[36]Schedule!F22) -> 46367 | AH22: =SUMIFS('[36]frm P6'!$K:$K,'[36]frm P6'!D:D,[36]Schedule!B22,'[36]frm P6'!E:E,[36]Schedule!C22,'[36]frm P6'!F:F,[36]Schedule!D22,'[36]frm P6'!G:G,[36]Schedule!$AF$3,'[36]frm P6'!H:H,[36]Schedule!F22) -> 46400 | AI22: =AH22-AG22+1 -> 34 | AJ22: 24 | AK22: 1101.48 | AL22: 500-1524 | AM22: =SUMIFS('[36]frm P6'!$J:$J,'[36]frm P6'!D:D,[36]Schedule!B22,'[36]frm P6'!E:E,[36]Schedule!C22,'[36]frm P6'!F:F,[36]Schedule!D22,'[36]frm P6'!G:G,[36]Schedule!$AL$3,'[36]frm P6'!H:H,[36]Schedule!F22) -> 46332 | AN22: =SUMIFS('[36]frm P6'!$K:$K,'[36]frm P6'!D:D,[36]Schedule!B22,'[36]frm P6'!E:E,[36]Schedule!C22,'[36]frm P6'!F:F,[36]Schedule!D22,'[36]frm P6'!G:G,[36]Schedule!$AL$3,'[36]frm P6'!H:H,[36]Schedule!F22) -> 46366 | AO22: =AN22-AM22+1 -> 35 | AP22: 41 | AQ22: 500-1549.4 | AR22: 62 | AS22: =AM22-$AS$3 -> 46329 | AT22: =AS22-$AT$3 -> 46269 | AU22: =AT22-$AU$3 -> 46254 | AV22: =AM22-$AV$3 -> 46328 | AW22: =AV22-$AW$3 -> 46318 | AX22: =AW22-AY22 -> 49 | AY22: 46269 | AZ22: JK02-1560 | BA22: Elevation Row A, B, 1, 2
B23: JKT | C23: S04B | D23: JKT-01 | F23: 02J | H23: 5 | I23: S4B X Braces of RowA (1H~2H) | J23: 5.5 | K23: =L23-AB23 -> 7 | L23: =SUMIFS('[36]frm P6'!$J:$J,'[36]frm P6'!D:D,[36]Schedule!B23,'[36]frm P6'!E:E,[36]Schedule!C23,'[36]frm P6'!F:F,[36]Schedule!D23,'[36]frm P6'!G:G,$L$3,'[36]frm P6'!H:H,[36]Schedule!F23) -> 46486 | M23: =SUMIFS('[36]frm P6'!$K:$K,'[36]frm P6'!D:D,[36]Schedule!B23,'[36]frm P6'!E:E,[36]Schedule!C23,'[36]frm P6'!F:F,[36]Schedule!D23,'[36]frm P6'!G:G,$L$3,'[36]frm P6'!H:H,[36]Schedule!F23) -> 46490 | N23: =M23-L23+1 -> 5 | O23: 2 | P23: 21.085908 | Q23: 750 | R23: =VLOOKUP(Q23,[37]导管架!N$2:Q$9,2,0) -> 2.1138766 | S23: =VLOOKUP(Q23,[37]导管架!N$2:Q$9,3,0) -> 4.0638078 | T23: =VLOOKUP(Q23,[37]导管架!N$2:Q$9,4,0) -> 6.4396796 | U23: =R23*AJ23*8 -> 33.822026 | V23: =S23*8*AD23 -> 65.020925 | W23: =T23*O23*8 -> 103.03487 | X23: N/A | Y23: N/A | Z23: N/A | AA23: =SUMIFS('[36]frm P6'!$J:$J,'[36]frm P6'!D:D,[36]Schedule!B23,'[36]frm P6'!E:E,[36]Schedule!C23,'[36]frm P6'!F:F,[36]Schedule!D23,'[36]frm P6'!G:G,[36]Schedule!$Z$3,'[36]frm P6'!H:H,[36]Schedule!F23) -> 46463 | AB23: =SUMIFS('[36]frm P6'!$K:$K,'[36]frm P6'!D:D,[36]Schedule!B23,'[36]frm P6'!E:E,[36]Schedule!C23,'[36]frm P6'!F:F,[36]Schedule!D23,'[36]frm P6'!G:G,[36]Schedule!$Z$3,'[36]frm P6'!H:H,[36]Schedule!F23) -> 46479 | AC23: =AB23-AA23+1 -> 17 | AD23: 2 | AE23: 21.09 | AF23: 750 | AG23: =SUMIFS('[36]frm P6'!$J:$J,'[36]frm P6'!D:D,[36]Schedule!B23,'[36]frm P6'!E:E,[36]Schedule!C23,'[36]frm P6'!F:F,[36]Schedule!D23,'[36]frm P6'!G:G,[36]Schedule!$AF$3,'[36]frm P6'!H:H,[36]Schedule!F23) -> 46403 | AH23: =SUMIFS('[36]frm P6'!$K:$K,'[36]frm P6'!D:D,[36]Schedule!B23,'[36]frm P6'!E:E,[36]Schedule!C23,'[36]frm P6'!F:F,[36]Schedule!D23,'[36]frm P6'!G:G,[36]Schedule!$AF$3,'[36]frm P6'!H:H,[36]Schedule!F23) -> 46434 | AI23: =AH23-AG23+1 -> 32 | AJ23: 2 | AK23: 21.084 | AL23: 750 | AM23: =SUMIFS('[36]frm P6'!$J:$J,'[36]frm P6'!D:D,[36]Schedule!B23,'[36]frm P6'!E:E,[36]Schedule!C23,'[36]frm P6'!F:F,[36]Schedule!D23,'[36]frm P6'!G:G,[36]Schedule!$AL$3,'[36]frm P6'!H:H,[36]Schedule!F23) -> 46344 | AN23: =SUMIFS('[36]frm P6'!$K:$K,'[36]frm P6'!D:D,[36]Schedule!B23,'[36]frm P6'!E:E,[36]Schedule!C23,'[36]frm P6'!F:F,[36]Schedule!D23,'[36]frm P6'!G:G,[36]Schedule!$AL$3,'[36]frm P6'!H:H,[36]Schedule!F23) -> 46373 | AO23: =AN23-AM23+1 -> 30 | AP23: 5 | AQ23: 750 | AR23: 62 | AS23: =AM23-$AS$3 -> 46341 | AT23: =AS23-$AT$3 -> 46281 | AU23: =AT23-$AU$3 -> 46266 | AV23: =AM23-$AV$3 -> 46340 | AW23: =AV23-$AW$3 -> 46330 | AX23: =AW23-AY23 -> 61 | AY23: 46269 | AZ23: JK02-1560 | BA23: Elevation Row A, B, 1, 2
B24: JKT | C24: S04C | D24: JKT-01 | F24: 02J | H24: 6 | I24: S4C X Braces of RowB (1H~2H) | J24: 5.5 | K24: =L24-AB24 -> 11 | L24: =SUMIFS('[36]frm P6'!$J:$J,'[36]frm P6'!D:D,[36]Schedule!B24,'[36]frm P6'!E:E,[36]Schedule!C24,'[36]frm P6'!F:F,[36]Schedule!D24,'[36]frm P6'!G:G,$L$3,'[36]frm P6'!H:H,[36]Schedule!F24) -> 46490 | M24: =SUMIFS('[36]frm P6'!$K:$K,'[36]frm P6'!D:D,[36]Schedule!B24,'[36]frm P6'!E:E,[36]Schedule!C24,'[36]frm P6'!F:F,[36]Schedule!D24,'[36]frm P6'!G:G,$L$3,'[36]frm P6'!H:H,[36]Schedule!F24) -> 46494 | N24: =M24-L24+1 -> 5 | O24: 2 | P24: 21.085908 | Q24: 750 | R24: =VLOOKUP(Q24,[37]导管架!N$2:Q$9,2,0) -> 2.1138766 | S24: =VLOOKUP(Q24,[37]导管架!N$2:Q$9,3,0) -> 4.0638078 | T24: =VLOOKUP(Q24,[37]导管架!N$2:Q$9,4,0) -> 6.4396796 | U24: =R24*AJ24*8 -> 50.733039 | V24: =S24*8*AD24 -> 65.020925 | W24: =T24*O24*8 -> 103.03487 | X24: N/A | Y24: N/A | Z24: N/A | AA24: =SUMIFS('[36]frm P6'!$J:$J,'[36]frm P6'!D:D,[36]Schedule!B24,'[36]frm P6'!E:E,[36]Schedule!C24,'[36]frm P6'!F:F,[36]Schedule!D24,'[36]frm P6'!G:G,[36]Schedule!$Z$3,'[36]frm P6'!H:H,[36]Schedule!F24) -> 46463 | AB24: =SUMIFS('[36]frm P6'!$K:$K,'[36]frm P6'!D:D,[36]Schedule!B24,'[36]frm P6'!E:E,[36]Schedule!C24,'[36]frm P6'!F:F,[36]Schedule!D24,'[36]frm P6'!G:G,[36]Schedule!$Z$3,'[36]frm P6'!H:H,[36]Schedule!F24) -> 46479 | AC24: =AB24-AA24+1 -> 17 | AD24: 2 | AE24: 21.09 | AF24: 750 | AG24: =SUMIFS('[36]frm P6'!$J:$J,'[36]frm P6'!D:D,[36]Schedule!B24,'[36]frm P6'!E:E,[36]Schedule!C24,'[36]frm P6'!F:F,[36]Schedule!D24,'[36]frm P6'!G:G,[36]Schedule!$AF$3,'[36]frm P6'!H:H,[36]Schedule!F24) -> 46421 | AH24: =SUMIFS('[36]frm P6'!$K:$K,'[36]frm P6'!D:D,[36]Schedule!B24,'[36]frm P6'!E:E,[36]Schedule!C24,'[36]frm P6'!F:F,[36]Schedule!D24,'[36]frm P6'!G:G,[36]Schedule!$AF$3,'[36]frm P6'!H:H,[36]Schedule!F24) -> 46451 | AI24: =AH24-AG24+1 -> 31 | AJ24: 3 | AK24: 31.626 | AL24: 750 | AM24: =SUMIFS('[36]frm P6'!$J:$J,'[36]frm P6'!D:D,[36]Schedule!B24,'[36]frm P6'!E:E,[36]Schedule!C24,'[36]frm P6'!F:F,[36]Schedule!D24,'[36]frm P6'!G:G,[36]Schedule!$AL$3,'[36]frm P6'!H:H,[36]Schedule!F24) -> 46373 | AN24: =SUMIFS('[36]frm P6'!$K:$K,'[36]frm P6'!D:D,[36]Schedule!B24,'[36]frm P6'!E:E,[36]Schedule!C24,'[36]frm P6'!F:F,[36]Schedule!D24,'[36]frm P6'!G:G,[36]Schedule!$AL$3,'[36]frm P6'!H:H,[36]Schedule!F24) -> 46403 | AO24: =AN24-AM24+1 -> 31 | AP24: 6 | AQ24: 750 | AR24: 62 | AS24: =AM24-$AS$3 -> 46370 | AT24: =AS24-$AT$3 -> 46310 | AU24: =AT24-$AU$3 -> 46295 | AV24: =AM24-$AV$3 -> 46369 | AW24: =AV24-$AW$3 -> 46359 | AX24: =AW24-AY24 -> 90 | AY24: 46269 | AZ24: JK02-1560 | BA24: Elevation Row A, B, 1, 2
B25: JKT | C25: S05 | D25: JKT-01 | F25: 02J | H25: 7 | I25: S5 2H-Panel | J25: 18 | K25: =L25-AB25 -> 27 | L25: =SUMIFS('[36]frm P6'!$J:$J,'[36]frm P6'!D:D,[36]Schedule!B25,'[36]frm P6'!E:E,[36]Schedule!C25,'[36]frm P6'!F:F,[36]Schedule!D25,'[36]frm P6'!G:G,$L$3,'[36]frm P6'!H:H,[36]Schedule!F25) -> 46497 | M25: =SUMIFS('[36]frm P6'!$K:$K,'[36]frm P6'!D:D,[36]Schedule!B25,'[36]frm P6'!E:E,[36]Schedule!C25,'[36]frm P6'!F:F,[36]Schedule!D25,'[36]frm P6'!G:G,$L$3,'[36]frm P6'!H:H,[36]Schedule!F25) -> 46507 | N25: =M25-L25+1 -> 11 | O25: 4 | P25: 20.09 | Q25: 400-450 | R25: =VLOOKUP(Q25,[37]导管架!N$2:Q$9,2,0) -> 1.2794121 | S25: =VLOOKUP(Q25,[37]导管架!N$2:Q$9,3,0) -> 2.4401354 | T25: =VLOOKUP(Q25,[37]导管架!N$2:Q$9,4,0) -> 4.5668923 | U25: =R25*AJ25*8 -> 20.470593 | V25: =S25*8*AD25 -> 429.46383 | W25: =T25*O25*8 -> 146.14055 | X25: N/A | Y25: N/A | Z25: N/A | AA25: =SUMIFS('[36]frm P6'!$J:$J,'[36]frm P6'!D:D,[36]Schedule!B25,'[36]frm P6'!E:E,[36]Schedule!C25,'[36]frm P6'!F:F,[36]Schedule!D25,'[36]frm P6'!G:G,[36]Schedule!$Z$3,'[36]frm P6'!H:H,[36]Schedule!F25) -> 46438 | AB25: =SUMIFS('[36]frm P6'!$K:$K,'[36]frm P6'!D:D,[36]Schedule!B25,'[36]frm P6'!E:E,[36]Schedule!C25,'[36]frm P6'!F:F,[36]Schedule!D25,'[36]frm P6'!G:G,[36]Schedule!$Z$3,'[36]frm P6'!H:H,[36]Schedule!F25) -> 46470 | AC25: =AB25-AA25+1 -> 33 | AD25: 22 | AE25: 58.93 | AF25: 323.9-450 | AG25: =SUMIFS('[36]frm P6'!$J:$J,'[36]frm P6'!D:D,[36]Schedule!B25,'[36]frm P6'!E:E,[36]Schedule!C25,'[36]frm P6'!F:F,[36]Schedule!D25,'[36]frm P6'!G:G,[36]Schedule!$AF$3,'[36]frm P6'!H:H,[36]Schedule!F25) -> 46389 | AH25: =SUMIFS('[36]frm P6'!$K:$K,'[36]frm P6'!D:D,[36]Schedule!B25,'[36]frm P6'!E:E,[36]Schedule!C25,'[36]frm P6'!F:F,[36]Schedule!D25,'[36]frm P6'!G:G,[36]Schedule!$AF$3,'[36]frm P6'!H:H,[36]Schedule!F25) -> 46416 | AI25: =AH25-AG25+1 -> 28 | AJ25: 2 | AK25: 12.65 | AL25: 450 | AM25: =SUMIFS('[36]frm P6'!$J:$J,'[36]frm P6'!D:D,[36]Schedule!B25,'[36]frm P6'!E:E,[36]Schedule!C25,'[36]frm P6'!F:F,[36]Schedule!D25,'[36]frm P6'!G:G,[36]Schedule!$AL$3,'[36]frm P6'!H:H,[36]Schedule!F25) -> 46346 | AN25: =SUMIFS('[36]frm P6'!$K:$K,'[36]frm P6'!D:D,[36]Schedule!B25,'[36]frm P6'!E:E,[36]Schedule!C25,'[36]frm P6'!F:F,[36]Schedule!D25,'[36]frm P6'!G:G,[36]Schedule!$AL$3,'[36]frm P6'!H:H,[36]Schedule!F25) -> 46371 | AO25: =AN25-AM25+1 -> 26 | AP25: 7 | AQ25: 450-500 | AR25: 62 | AS25: =AM25-$AS$3 -> 46343 | AT25: =AS25-$AT$3 -> 46283 | AU25: =AT25-$AU$3 -> 46268 | AV25: =AM25-$AV$3 -> 46342 | AW25: =AV25-$AW$3 -> 46332 | AX25: =AW25-AY25 -> 58 | AY25: 46274 | AZ25: JK02-1590 | BA25: Horizontal Framing Plan
B26: JKT | C26: S06A | D26: JKT-01 | F26: 02J | H26: 8 | I26: S6A X Braces of RowA (2H~3H) | J26: 2.75 | K26: =L26-Y26 -> 23 | L26: =SUMIFS('[36]frm P6'!$J:$J,'[36]frm P6'!D:D,[36]Schedule!B26,'[36]frm P6'!E:E,[36]Schedule!C26,'[36]frm P6'!F:F,[36]Schedule!D26,'[36]frm P6'!G:G,$L$3,'[36]frm P6'!H:H,[36]Schedule!F26) -> 46507 | M26: =SUMIFS('[36]frm P6'!$K:$K,'[36]frm P6'!D:D,[36]Schedule!B26,'[36]frm P6'!E:E,[36]Schedule!C26,'[36]frm P6'!F:F,[36]Schedule!D26,'[36]frm P6'!G:G,$L$3,'[36]frm P6'!H:H,[36]Schedule!F26) -> 46512 | N26: =M26-L26+1 -> 6 | O26: 2 | P26: 10.23 | Q26: 550 | R26: =VLOOKUP(Q26,[37]导管架!N$2:Q$9,2,0) -> 1.3143211 | S26: =VLOOKUP(Q26,[37]导管架!N$2:Q$9,3,0) -> 2.5063171 | T26: =VLOOKUP(Q26,[37]导管架!N$2:Q$9,4,0) -> 4.6771951 | U26: =R26*AJ26*8 -> 31.543706 | V26: =S26*8*AD26 -> 40.101073 | W26: =T26*O26*8 -> 74.835122 | X26: =SUMIFS('[36]frm P6'!$J:$J,'[36]frm P6'!D:D,[36]Schedule!B26,'[36]frm P6'!E:E,[36]Schedule!C26,'[36]frm P6'!G:G,[36]Schedule!$W$3,'[36]frm P6'!H:H,[36]Schedule!F26) -> 46468 | Y26: =SUMIFS('[36]frm P6'!$K:$K,'[36]frm P6'!D:D,[36]Schedule!B26,'[36]frm P6'!E:E,[36]Schedule!C26,'[36]frm P6'!G:G,[36]Schedule!$W$3,'[36]frm P6'!H:H,[36]Schedule!F26) -> 46484 | Z26: =Y26-X26+1 -> 17 | AA26: =SUMIFS('[36]frm P6'!$J:$J,'[36]frm P6'!D:D,[36]Schedule!B26,'[36]frm P6'!E:E,[36]Schedule!C26,'[36]frm P6'!F:F,[36]Schedule!D26,'[36]frm P6'!G:G,[36]Schedule!$Z$3,'[36]frm P6'!H:H,[36]Schedule!F26) -> 46447 | AB26: =SUMIFS('[36]frm P6'!$K:$K,'[36]frm P6'!D:D,[36]Schedule!B26,'[36]frm P6'!E:E,[36]Schedule!C26,'[36]frm P6'!F:F,[36]Schedule!D26,'[36]frm P6'!G:G,[36]Schedule!$Z$3,'[36]frm P6'!H:H,[36]Schedule!F26) -> 46462 | AC26: =AB26-AA26+1 -> 16 | AD26: 2 | AE26: 10.23 | AF26: 550 | AG26: =SUMIFS('[36]frm P6'!$J:$J,'[36]frm P6'!D:D,[36]Schedule!B26,'[36]frm P6'!E:E,[36]Schedule!C26,'[36]frm P6'!F:F,[36]Schedule!D26,'[36]frm P6'!G:G,[36]Schedule!$AF$3,'[36]frm P6'!H:H,[36]Schedule!F26) -> 46405 | AH26: =SUMIFS('[36]frm P6'!$K:$K,'[36]frm P6'!D:D,[36]Schedule!B26,'[36]frm P6'!E:E,[36]Schedule!C26,'[36]frm P6'!F:F,[36]Schedule!D26,'[36]frm P6'!G:G,[36]Schedule!$AF$3,'[36]frm P6'!H:H,[36]Schedule!F26) -> 46434 | AI26: =AH26-AG26+1 -> 30 | AJ26: 3 | AK26: 15.34 | AL26: 550 | AM26: =SUMIFS('[36]frm P6'!$J:$J,'[36]frm P6'!D:D,[36]Schedule!B26,'[36]frm P6'!E:E,[36]Schedule!C26,'[36]frm P6'!F:F,[36]Schedule!D26,'[36]frm P6'!G:G,[36]Schedule!$AL$3,'[36]frm P6'!H:H,[36]Schedule!F26) -> 46366 | AN26: =SUMIFS('[36]frm P6'!$K:$K,'[36]frm P6'!D:D,[36]Schedule!B26,'[36]frm P6'!E:E,[36]Schedule!C26,'[36]frm P6'!F:F,[36]Schedule!D26,'[36]frm P6'!G:G,[36]Schedule!$AL$3,'[36]frm P6'!H:H,[36]Schedule!F26) -> 46392 | AO26: =AN26-AM26+1 -> 27 | AP26: 5 | AQ26: 550 | AR26: 62 | AS26: =AM26-$AS$3 -> 46363 | AT26: =AS26-$AT$3 -> 46303 | AU26: =AT26-$AU$3 -> 46288 | AV26: =AM26-$AV$3 -> 46362 | AW26: =AV26-$AW$3 -> 46352 | AX26: =AW26-AY26 -> 83 | AY26: 46269 | AZ26: JK02-1560 | BA26: Elevation Row A, B, 1, 2
B27: JKT | C27: S06B | D27: JKT-01 | F27: 02J | H27: 9 | I27: S6B X Braces of RowB (2H~3H) | J27: 2.75 | K27: =L27-Y27 -> 13 | L27: =SUMIFS('[36]frm P6'!$J:$J,'[36]frm P6'!D:D,[36]Schedule!B27,'[36]frm P6'!E:E,[36]Schedule!C27,'[36]frm P6'!F:F,[36]Schedule!D27,'[36]frm P6'!G:G,$L$3,'[36]frm P6'!H:H,[36]Schedule!F27) -> 46512 | M27: =SUMIFS('[36]frm P6'!$K:$K,'[36]frm P6'!D:D,[36]Schedule!B27,'[36]frm P6'!E:E,[36]Schedule!C27,'[36]frm P6'!F:F,[36]Schedule!D27,'[36]frm P6'!G:G,$L$3,'[36]frm P6'!H:H,[36]Schedule!F27) -> 46517 | N27: =M27-L27+1 -> 6 | O27: 2 | P27: 10.23 | Q27: 550 | R27: =VLOOKUP(Q27,[37]导管架!N$2:Q$9,2,0) -> 1.3143211 | S27: =VLOOKUP(Q27,[37]导管架!N$2:Q$9,3,0) -> 2.5063171 | T27: =VLOOKUP(Q27,[37]导管架!N$2:Q$9,4,0) -> 4.6771951 | U27: =R27*AJ27*8 -> 31.543706 | V27: =S27*8*AD27 -> 40.101073 | W27: =T27*O27*8 -> 74.835122 | X27: =SUMIFS('[36]frm P6'!$J:$J,'[36]frm P6'!D:D,[36]Schedule!B27,'[36]frm P6'!E:E,[36]Schedule!C27,'[36]frm P6'!G:G,[36]Schedule!$W$3,'[36]frm P6'!H:H,[36]Schedule!F27) -> 46484 | Y27: =SUMIFS('[36]frm P6'!$K:$K,'[36]frm P6'!D:D,[36]Schedule!B27,'[36]frm P6'!E:E,[36]Schedule!C27,'[36]frm P6'!G:G,[36]Schedule!$W$3,'[36]frm P6'!H:H,[36]Schedule!F27) -> 46499 | Z27: =Y27-X27+1 -> 16 | AA27: =SUMIFS('[36]frm P6'!$J:$J,'[36]frm P6'!D:D,[36]Schedule!B27,'[36]frm P6'!E:E,[36]Schedule!C27,'[36]frm P6'!F:F,[36]Schedule!D27,'[36]frm P6'!G:G,[36]Schedule!$Z$3,'[36]frm P6'!H:H,[36]Schedule!F27) -> 46459 | AB27: =SUMIFS('[36]frm P6'!$K:$K,'[36]frm P6'!D:D,[36]Schedule!B27,'[36]frm P6'!E:E,[36]Schedule!C27,'[36]frm P6'!F:F,[36]Schedule!D27,'[36]frm P6'!G:G,[36]Schedule!$Z$3,'[36]frm P6'!H:H,[36]Schedule!F27) -> 46477 | AC27: =AB27-AA27+1 -> 19 | AD27: 2 | AE27: 10.23 | AF27: 550 | AG27: =SUMIFS('[36]frm P6'!$J:$J,'[36]frm P6'!D:D,[36]Schedule!B27,'[36]frm P6'!E:E,[36]Schedule!C27,'[36]frm P6'!F:F,[36]Schedule!D27,'[36]frm P6'!G:G,[36]Schedule!$AF$3,'[36]frm P6'!H:H,[36]Schedule!F27) -> 46421 | AH27: =SUMIFS('[36]frm P6'!$K:$K,'[36]frm P6'!D:D,[36]Schedule!B27,'[36]frm P6'!E:E,[36]Schedule!C27,'[36]frm P6'!F:F,[36]Schedule!D27,'[36]frm P6'!G:G,[36]Schedule!$AF$3,'[36]frm P6'!H:H,[36]Schedule!F27) -> 46450 | AI27: =AH27-AG27+1 -> 30 | AJ27: 3 | AK27: 15.34 | AL27: 550 | AM27: =SUMIFS('[36]frm P6'!$J:$J,'[36]frm P6'!D:D,[36]Schedule!B27,'[36]frm P6'!E:E,[36]Schedule!C27,'[36]frm P6'!F:F,[36]Schedule!D27,'[36]frm P6'!G:G,[36]Schedule!$AL$3,'[36]frm P6'!H:H,[36]Schedule!F27) -> 46386 | AN27: =SUMIFS('[36]frm P6'!$K:$K,'[36]frm P6'!D:D,[36]Schedule!B27,'[36]frm P6'!E:E,[36]Schedule!C27,'[36]frm P6'!F:F,[36]Schedule!D27,'[36]frm P6'!G:G,[36]Schedule!$AL$3,'[36]frm P6'!H:H,[36]Schedule!F27) -> 46412 | AO27: =AN27-AM27+1 -> 27 | AP27: 7 | AQ27: 550 | AR27: 62 | AS27: =AM27-$AS$3 -> 46383 | AT27: =AS27-$AT$3 -> 46323 | AU27: =AT27-$AU$3 -> 46308 | AV27: =AM27-$AV$3 -> 46382 | AW27: =AV27-$AW$3 -> 46372 | AX27: =AW27-AY27 -> 103 | AY27: 46269 | AZ27: JK02-1560 | BA27: Elevation Row A, B, 1, 2
B28: JKT | C28: S07 | D28: JKT-01 | F28: 02J | H28: 10 | I28: S7 3H-Panel | J28: 15 | K28: =L28-Y28 -> 19 | L28: =SUMIFS('[36]frm P6'!$J:$J,'[36]frm P6'!D:D,[36]Schedule!B28,'[36]frm P6'!E:E,[36]Schedule!C28,'[36]frm P6'!F:F,[36]Schedule!D28,'[36]frm P6'!G:G,$L$3,'[36]frm P6'!H:H,[36]Schedule!F28) -> 46517 | M28: =SUMIFS('[36]frm P6'!$K:$K,'[36]frm P6'!D:D,[36]Schedule!B28,'[36]frm P6'!E:E,[36]Schedule!C28,'[36]frm P6'!F:F,[36]Schedule!D28,'[36]frm P6'!G:G,$L$3,'[36]frm P6'!H:H,[36]Schedule!F28) -> 46526 | N28: =M28-L28+1 -> 10 | O28: 4 | P28: 31.04 | Q28: 450-500 | R28: =VLOOKUP(Q28,[37]导管架!N$2:Q$9,2,0) -> 1.2968666 | S28: =VLOOKUP(Q28,[37]导管架!N$2:Q$9,3,0) -> 2.4732262 | T28: =VLOOKUP(Q28,[37]导管架!N$2:Q$9,4,0) -> 4.6220437 | U28: =R28*AJ28*8 -> 41.499731 | V28: =S28*8*AD28 -> 435.28782 | W28: =T28*O28*8 -> 147.9054 | X28: =SUMIFS('[36]frm P6'!$J:$J,'[36]frm P6'!D:D,[36]Schedule!B28,'[36]frm P6'!E:E,[36]Schedule!C28,'[36]frm P6'!G:G,[36]Schedule!$W$3,'[36]frm P6'!H:H,[36]Schedule!F28) -> 46483 | Y28: =SUMIFS('[36]frm P6'!$K:$K,'[36]frm P6'!D:D,[36]Schedule!B28,'[36]frm P6'!E:E,[36]Schedule!C28,'[36]frm P6'!G:G,[36]Schedule!$W$3,'[36]frm P6'!H:H,[36]Schedule!F28) -> 46498 | Z28: =Y28-X28+1 -> 16 | AA28: =SUMIFS('[36]frm P6'!$J:$J,'[36]frm P6'!D:D,[36]Schedule!B28,'[36]frm P6'!E:E,[36]Schedule!C28,'[36]frm P6'!F:F,[36]Schedule!D28,'[36]frm P6'!G:G,[36]Schedule!$Z$3,'[36]frm P6'!H:H,[36]Schedule!F28) -> 46444 | AB28: =SUMIFS('[36]frm P6'!$K:$K,'[36]frm P6'!D:D,[36]Schedule!B28,'[36]frm P6'!E:E,[36]Schedule!C28,'[36]frm P6'!F:F,[36]Schedule!D28,'[36]frm P6'!G:G,[36]Schedule!$Z$3,'[36]frm P6'!H:H,[36]Schedule!F28) -> 46476 | AC28: =AB28-AA28+1 -> 33 | AD28: 22 | AE28: 70.12 | AF28: 323.9-450 | AG28: =SUMIFS('[36]frm P6'!$J:$J,'[36]frm P6'!D:D,[36]Schedule!B28,'[36]frm P6'!E:E,[36]Schedule!C28,'[36]frm P6'!F:F,[36]Schedule!D28,'[36]frm P6'!G:G,[36]Schedule!$AF$3,'[36]frm P6'!H:H,[36]Schedule!F28) -> 46400 | AH28: =SUMIFS('[36]frm P6'!$K:$K,'[36]frm P6'!D:D,[36]Schedule!B28,'[36]frm P6'!E:E,[36]Schedule!C28,'[36]frm P6'!F:F,[36]Schedule!D28,'[36]frm P6'!G:G,[36]Schedule!$AF$3,'[36]frm P6'!H:H,[36]Schedule!F28) -> 46436 | AI28: =AH28-AG28+1 -> 37 | AJ28: 4 | AK28: 31.04 | AL28: 450-500 | AM28: =SUMIFS('[36]frm P6'!$J:$J,'[36]frm P6'!D:D,[36]Schedule!B28,'[36]frm P6'!E:E,[36]Schedule!C28,'[36]frm P6'!F:F,[36]Schedule!D28,'[36]frm P6'!G:G,[36]Schedule!$AL$3,'[36]frm P6'!H:H,[36]Schedule!F28) -> 46363 | AN28: =SUMIFS('[36]frm P6'!$K:$K,'[36]frm P6'!D:D,[36]Schedule!B28,'[36]frm P6'!E:E,[36]Schedule!C28,'[36]frm P6'!F:F,[36]Schedule!D28,'[36]frm P6'!G:G,[36]Schedule!$AL$3,'[36]frm P6'!H:H,[36]Schedule!F28) -> 46392 | AO28: =AN28-AM28+1 -> 30 | AP28: 9 | AQ28: 450-500 | AR28: 62 | AS28: =AM28-$AS$3 -> 46360 | AT28: =AS28-$AT$3 -> 46300 | AU28: =AT28-$AU$3 -> 46285 | AV28: =AM28-$AV$3 -> 46359 | AW28: =AV28-$AW$3 -> 46349 | AX28: =AW28-AY28 -> 75 | AY28: 46274 | AZ28: JK02-1590 | BA28: Horizontal Framing Plan
B29: JKT | C29: S08A | D29: JKT-01 | F29: 02J | H29: 11 | I29: S8A X Braces of RowA (3H~4H) | J29: 2 | K29: =L29-Y29 -> 13 | L29: =SUMIFS('[36]frm P6'!$J:$J,'[36]frm P6'!D:D,[36]Schedule!B29,'[36]frm P6'!E:E,[36]Schedule!C29,'[36]frm P6'!F:F,[36]Schedule!D29,'[36]frm P6'!G:G,$L$3,'[36]frm P6'!H:H,[36]Schedule!F29) -> 46526 | M29: =SUMIFS('[36]frm P6'!$K:$K,'[36]frm P6'!D:D,[36]Schedule!B29,'[36]frm P6'!E:E,[36]Schedule!C29,'[36]frm P6'!F:F,[36]Schedule!D29,'[36]frm P6'!G:G,$L$3,'[36]frm P6'!H:H,[36]Schedule!F29) -> 46529 | N29: =M29-L29+1 -> 4 | O29: 2 | P29: 7.33 | Q29: 550 | R29: =VLOOKUP(Q29,[37]导管架!N$2:Q$9,2,0) -> 1.3143211 | S29: =VLOOKUP(Q29,[37]导管架!N$2:Q$9,3,0) -> 2.5063171 | T29: =VLOOKUP(Q29,[37]导管架!N$2:Q$9,4,0) -> 4.6771951 | U29: =R29*AJ29*8 -> 21.029138 | V29: =S29*8*AD29 -> 40.101073 | W29: =T29*O29*8 -> 74.835122 | X29: =SUMIFS('[36]frm P6'!$J:$J,'[36]frm P6'!D:D,[36]Schedule!B29,'[36]frm P6'!E:E,[36]Schedule!C29,'[36]frm P6'!G:G,[36]Schedule!$W$3,'[36]frm P6'!H:H,[36]Schedule!F29) -> 46497 | Y29: =SUMIFS('[36]frm P6'!$K:$K,'[36]frm P6'!D:D,[36]Schedule!B29,'[36]frm P6'!E:E,[36]Schedule!C29,'[36]frm P6'!G:G,[36]Schedule!$W$3,'[36]frm P6'!H:H,[36]Schedule!F29) -> 46513 | Z29: =Y29-X29+1 -> 17 | AA29: =SUMIFS('[36]frm P6'!$J:$J,'[36]frm P6'!D:D,[36]Schedule!B29,'[36]frm P6'!E:E,[36]Schedule!C29,'[36]frm P6'!F:F,[36]Schedule!D29,'[36]frm P6'!G:G,[36]Schedule!$Z$3,'[36]frm P6'!H:H,[36]Schedule!F29) -> 46471 | AB29: =SUMIFS('[36]frm P6'!$K:$K,'[36]frm P6'!D:D,[36]Schedule!B29,'[36]frm P6'!E:E,[36]Schedule!C29,'[36]frm P6'!F:F,[36]Schedule!D29,'[36]frm P6'!G:G,[36]Schedule!$Z$3,'[36]frm P6'!H:H,[36]Schedule!F29) -> 46487 | AC29: =AB29-AA29+1 -> 17 | AD29: 2 | AE29: 7.33 | AF29: 550 | AG29: =SUMIFS('[36]frm P6'!$J:$J,'[36]frm P6'!D:D,[36]Schedule!B29,'[36]frm P6'!E:E,[36]Schedule!C29,'[36]frm P6'!F:F,[36]Schedule!D29,'[36]frm P6'!G:G,[36]Schedule!$AF$3,'[36]frm P6'!H:H,[36]Schedule!F29) -> 46443 | AH29: =SUMIFS('[36]frm P6'!$K:$K,'[36]frm P6'!D:D,[36]Schedule!B29,'[36]frm P6'!E:E,[36]Schedule!C29,'[36]frm P6'!F:F,[36]Schedule!D29,'[36]frm P6'!G:G,[36]Schedule!$AF$3,'[36]frm P6'!H:H,[36]Schedule!F29) -> 46463 | AI29: =AH29-AG29+1 -> 21 | AJ29: 2 | AK29: 7.33 | AL29: 550 | AM29: =SUMIFS('[36]frm P6'!$J:$J,'[36]frm P6'!D:D,[36]Schedule!B29,'[36]frm P6'!E:E,[36]Schedule!C29,'[36]frm P6'!F:F,[36]Schedule!D29,'[36]frm P6'!G:G,[36]Schedule!$AL$3,'[36]frm P6'!H:H,[36]Schedule!F29) -> 46380 | AN29: =SUMIFS('[36]frm P6'!$K:$K,'[36]frm P6'!D:D,[36]Schedule!B29,'[36]frm P6'!E:E,[36]Schedule!C29,'[36]frm P6'!F:F,[36]Schedule!D29,'[36]frm P6'!G:G,[36]Schedule!$AL$3,'[36]frm P6'!H:H,[36]Schedule!F29) -> 46409 | AO29: =AN29-AM29+1 -> 30 | AP29: 5 | AQ29: 550 | AR29: 62 | AS29: =AM29-$AS$3 -> 46377 | AT29: =AS29-$AT$3 -> 46317 | AU29: =AT29-$AU$3 -> 46302 | AV29: =AM29-$AV$3 -> 46376 | AW29: =AV29-$AW$3 -> 46366 | AX29: =AW29-AY29 -> 97 | AY29: 46269 | AZ29: JK02-1560 | BA29: Elevation Row A, B, 1, 2
B30: JKT | C30: S08B | D30: JKT-01 | F30: 02J | H30: 12 | I30: S8B X Braces of RowB (3H~4H) | J30: 2 | K30: =L30-Y30 -> 1 | L30: =SUMIFS('[36]frm P6'!$J:$J,'[36]frm P6'!D:D,[36]Schedule!B30,'[36]frm P6'!E:E,[36]Schedule!C30,'[36]frm P6'!F:F,[36]Schedule!D30,'[36]frm P6'!G:G,$L$3,'[36]frm P6'!H:H,[36]Schedule!F30) -> 46529 | M30: =SUMIFS('[36]frm P6'!$K:$K,'[36]frm P6'!D:D,[36]Schedule!B30,'[36]frm P6'!E:E,[36]Schedule!C30,'[36]frm P6'!F:F,[36]Schedule!D30,'[36]frm P6'!G:G,$L$3,'[36]frm P6'!H:H,[36]Schedule!F30) -> 46534 | N30: =M30-L30+1 -> 6 | O30: 2 | P30: 7.33 | Q30: 550 | R30: =VLOOKUP(Q30,[37]导管架!N$2:Q$9,2,0) -> 1.3143211 | S30: =VLOOKUP(Q30,[37]导管架!N$2:Q$9,3,0) -> 2.5063171 | T30: =VLOOKUP(Q30,[37]导管架!N$2:Q$9,4,0) -> 4.6771951 | U30: =R30*AJ30*8 -> 21.029138 | V30: =S30*8*AD30 -> 40.101073 | W30: =T30*O30*8 -> 74.835122 | X30: =SUMIFS('[36]frm P6'!$J:$J,'[36]frm P6'!D:D,[36]Schedule!B30,'[36]frm P6'!E:E,[36]Schedule!C30,'[36]frm P6'!G:G,[36]Schedule!$W$3,'[36]frm P6'!H:H,[36]Schedule!F30) -> 46513 | Y30: =SUMIFS('[36]frm P6'!$K:$K,'[36]frm P6'!D:D,[36]Schedule!B30,'[36]frm P6'!E:E,[36]Schedule!C30,'[36]frm P6'!G:G,[36]Schedule!$W$3,'[36]frm P6'!H:H,[36]Schedule!F30) -> 46528 | Z30: =Y30-X30+1 -> 16 | AA30: =SUMIFS('[36]frm P6'!$J:$J,'[36]frm P6'!D:D,[36]Schedule!B30,'[36]frm P6'!E:E,[36]Schedule!C30,'[36]frm P6'!F:F,[36]Schedule!D30,'[36]frm P6'!G:G,[36]Schedule!$Z$3,'[36]frm P6'!H:H,[36]Schedule!F30) -> 46486 | AB30: =SUMIFS('[36]frm P6'!$K:$K,'[36]frm P6'!D:D,[36]Schedule!B30,'[36]frm P6'!E:E,[36]Schedule!C30,'[36]frm P6'!F:F,[36]Schedule!D30,'[36]frm P6'!G:G,[36]Schedule!$Z$3,'[36]frm P6'!H:H,[36]Schedule!F30) -> 46506 | AC30: =AB30-AA30+1 -> 21 | AD30: 2 | AE30: 7.33 | AF30: 550 | AG30: =SUMIFS('[36]frm P6'!$J:$J,'[36]frm P6'!D:D,[36]Schedule!B30,'[36]frm P6'!E:E,[36]Schedule!C30,'[36]frm P6'!F:F,[36]Schedule!D30,'[36]frm P6'!G:G,[36]Schedule!$AF$3,'[36]frm P6'!H:H,[36]Schedule!F30) -> 46454 | AH30: =SUMIFS('[36]frm P6'!$K:$K,'[36]frm P6'!D:D,[36]Schedule!B30,'[36]frm P6'!E:E,[36]Schedule!C30,'[36]frm P6'!F:F,[36]Schedule!D30,'[36]frm P6'!G:G,[36]Schedule!$AF$3,'[36]frm P6'!H:H,[36]Schedule!F30) -> 46476 | AI30: =AH30-AG30+1 -> 23 | AJ30: 2 | AK30: 7.33 | AL30: 550 | AM30: =SUMIFS('[36]frm P6'!$J:$J,'[36]frm P6'!D:D,[36]Schedule!B30,'[36]frm P6'!E:E,[36]Schedule!C30,'[36]frm P6'!F:F,[36]Schedule!D30,'[36]frm P6'!G:G,[36]Schedule!$AL$3,'[36]frm P6'!H:H,[36]Schedule!F30) -> 46389 | AN30: =SUMIFS('[36]frm P6'!$K:$K,'[36]frm P6'!D:D,[36]Schedule!B30,'[36]frm P6'!E:E,[36]Schedule!C30,'[36]frm P6'!F:F,[36]Schedule!D30,'[36]frm P6'!G:G,[36]Schedule!$AL$3,'[36]frm P6'!H:H,[36]Schedule!F30) -> 46417 | AO30: =AN30-AM30+1 -> 29 | AP30: 5 | AQ30: 550 | AR30: 62 | AS30: =AM30-$AS$3 -> 46386 | AT30: =AS30-$AT$3 -> 46326 | AU30: =AT30-$AU$3 -> 46311 | AV30: =AM30-$AV$3 -> 46385 | AW30: =AV30-$AW$3 -> 46375 | AX30: =AW30-AY30 -> 106 | AY30: 46269 | AZ30: JK02-1560 | BA30: Elevation Row A, B, 1, 2
B31: JKT | C31: S09A | D31: JKT-01 | F31: 02J | H31: 13 | I31: S9 4H-Panel | J31: 14.7 | K31: =L31-Y31 -> 7 | L31: =SUMIFS('[36]frm P6'!$J:$J,'[36]frm P6'!D:D,[36]Schedule!B31,'[36]frm P6'!E:E,[36]Schedule!C31,'[36]frm P6'!F:F,[36]Schedule!D31,'[36]frm P6'!G:G,$L$3,'[36]frm P6'!H:H,[36]Schedule!F31) -> 46534 | M31: =SUMIFS('[36]frm P6'!$K:$K,'[36]frm P6'!D:D,[36]Schedule!B31,'[36]frm P6'!E:E,[36]Schedule!C31,'[36]frm P6'!F:F,[36]Schedule!D31,'[36]frm P6'!G:G,$L$3,'[36]frm P6'!H:H,[36]Schedule!F31) -> 46543 | N31: =M31-L31+1 -> 10 | O31: 4 | P31: 17.69 | Q31: 406.4-500 | R31: =VLOOKUP(Q31,[37]导管架!N$2:Q$9,2,0) -> 1.2968666 | S31: =VLOOKUP(Q31,[37]导管架!N$2:Q$9,3,0) -> 2.4732262 | T31: =VLOOKUP(Q31,[37]导管架!N$2:Q$9,4,0) -> 4.6220437 | U31: =R31*AJ31*8 -> 41.499731 | V31: =S31*8*AD31 -> 435.28782 | W31: =T31*O31*8 -> 147.9054 | X31: =SUMIFS('[36]frm P6'!$J:$J,'[36]frm P6'!D:D,[36]Schedule!B31,'[36]frm P6'!E:E,[36]Schedule!C31,'[36]frm P6'!G:G,[36]Schedule!$W$3,'[36]frm P6'!H:H,[36]Schedule!F31) -> 46512 | Y31: =SUMIFS('[36]frm P6'!$K:$K,'[36]frm P6'!D:D,[36]Schedule!B31,'[36]frm P6'!E:E,[36]Schedule!C31,'[36]frm P6'!G:G,[36]Schedule!$W$3,'[36]frm P6'!H:H,[36]Schedule!F31) -> 46527 | Z31: =Y31-X31+1 -> 16 | AA31: =SUMIFS('[36]frm P6'!$J:$J,'[36]frm P6'!D:D,[36]Schedule!B31,'[36]frm P6'!E:E,[36]Schedule!C31,'[36]frm P6'!F:F,[36]Schedule!D31,'[36]frm P6'!G:G,[36]Schedule!$Z$3,'[36]frm P6'!H:H,[36]Schedule!F31) -> 46473 | AB31: =SUMIFS('[36]frm P6'!$K:$K,'[36]frm P6'!D:D,[36]Schedule!B31,'[36]frm P6'!E:E,[36]Schedule!C31,'[36]frm P6'!F:F,[36]Schedule!D31,'[36]frm P6'!G:G,[36]Schedule!$Z$3,'[36]frm P6'!H:H,[36]Schedule!F31) -> 46506 | AC31: =AB31-AA31+1 -> 34 | AD31: 22 | AE31: 54.67 | AF31: 323.9-406.4 | AG31: =SUMIFS('[36]frm P6'!$J:$J,'[36]frm P6'!D:D,[36]Schedule!B31,'[36]frm P6'!E:E,[36]Schedule!C31,'[36]frm P6'!F:F,[36]Schedule!D31,'[36]frm P6'!G:G,[36]Schedule!$AF$3,'[36]frm P6'!H:H,[36]Schedule!F31) -> 46434 | AH31: =SUMIFS('[36]frm P6'!$K:$K,'[36]frm P6'!D:D,[36]Schedule!B31,'[36]frm P6'!E:E,[36]Schedule!C31,'[36]frm P6'!F:F,[36]Schedule!D31,'[36]frm P6'!G:G,[36]Schedule!$AF$3,'[36]frm P6'!H:H,[36]Schedule!F31) -> 46461 | AI31: =AH31-AG31+1 -> 28 | AJ31: 4 | AK31: 17.69 | AL31: 406.4-500 | AM31: =SUMIFS('[36]frm P6'!$J:$J,'[36]frm P6'!D:D,[36]Schedule!B31,'[36]frm P6'!E:E,[36]Schedule!C31,'[36]frm P6'!F:F,[36]Schedule!D31,'[36]frm P6'!G:G,[36]Schedule!$AL$3,'[36]frm P6'!H:H,[36]Schedule!F31) -> 46393 | AN31: =SUMIFS('[36]frm P6'!$K:$K,'[36]frm P6'!D:D,[36]Schedule!B31,'[36]frm P6'!E:E,[36]Schedule!C31,'[36]frm P6'!F:F,[36]Schedule!D31,'[36]frm P6'!G:G,[36]Schedule!$AL$3,'[36]frm P6'!H:H,[36]Schedule!F31) -> 46415 | AO31: =AN31-AM31+1 -> 23 | AP31: 4 | AQ31: 500 | AR31: 62 | AS31: =AM31-$AS$3 -> 46390 | AT31: =AS31-$AT$3 -> 46330 | AU31: =AT31-$AU$3 -> 46315 | AV31: =AM31-$AV$3 -> 46389 | AW31: =AV31-$AW$3 -> 46379 | AX31: =AW31-AY31 -> 105 | AY31: 46274 | AZ31: JK02-1590 | BA31: Horizontal Framing Plan
B32: JKT | C32: S10A | D32: JKT-01 | F32: 02J | H32: 14 | I32: S10 Row2 | J32: 115 | K32: =L32-Y32 -> 19 | L32: =SUMIFS('[36]frm P6'!$J:$J,'[36]frm P6'!D:D,[36]Schedule!B32,'[36]frm P6'!E:E,[36]Schedule!C32,'[36]frm P6'!F:F,[36]Schedule!D32,'[36]frm P6'!G:G,$L$3,'[36]frm P6'!H:H,[36]Schedule!F32) -> 46543 | M32: =SUMIFS('[36]frm P6'!$K:$K,'[36]frm P6'!D:D,[36]Schedule!B32,'[36]frm P6'!E:E,[36]Schedule!C32,'[36]frm P6'!F:F,[36]Schedule!D32,'[36]frm P6'!G:G,$L$3,'[36]frm P6'!H:H,[36]Schedule!F32) -> 46563 | N32: =M32-L32+1 -> 21 | O32: 32 | P32: 181.47 | Q32: 400-750 | R32: =VLOOKUP(Q32,[37]导管架!N$2:Q$9,2,0) -> 1.6966444 | S32: =VLOOKUP(Q32,[37]导管架!N$2:Q$9,3,0) -> 3.2519716 | T32: =VLOOKUP(Q32,[37]导管架!N$2:Q$9,4,0) -> 5.503286 | U32: =R32*AJ32*8 -> 407.19465 | V32: =S32*8*AD32 -> 884.53627 | W32: =T32*O32*8 -> 1408.8412 | X32: =SUMIFS('[36]frm P6'!$J:$J,'[36]frm P6'!D:D,[36]Schedule!B32,'[36]frm P6'!E:E,[36]Schedule!C32,'[36]frm P6'!G:G,[36]Schedule!$W$3,'[36]frm P6'!H:H,[36]Schedule!F32) -> 46507 | Y32: =SUMIFS('[36]frm P6'!$K:$K,'[36]frm P6'!D:D,[36]Schedule!B32,'[36]frm P6'!E:E,[36]Schedule!C32,'[36]frm P6'!G:G,[36]Schedule!$W$3,'[36]frm P6'!H:H,[36]Schedule!F32) -> 46524 | Z32: =Y32-X32+1 -> 18 | AA32: =SUMIFS('[36]frm P6'!$J:$J,'[36]frm P6'!D:D,[36]Schedule!B32,'[36]frm P6'!E:E,[36]Schedule!C32,'[36]frm P6'!F:F,[36]Schedule!D32,'[36]frm P6'!G:G,[36]Schedule!$Z$3,'[36]frm P6'!H:H,[36]Schedule!F32) -> 46457 | AB32: =SUMIFS('[36]frm P6'!$K:$K,'[36]frm P6'!D:D,[36]Schedule!B32,'[36]frm P6'!E:E,[36]Schedule!C32,'[36]frm P6'!F:F,[36]Schedule!D32,'[36]frm P6'!G:G,[36]Schedule!$Z$3,'[36]frm P6'!H:H,[36]Schedule!F32) -> 46498 | AC32: =AB32-AA32+1 -> 42 | AD32: 34 | AE32: 359.28 | AF32: 355.6-1524 | AG32: =SUMIFS('[36]frm P6'!$J:$J,'[36]frm P6'!D:D,[36]Schedule!B32,'[36]frm P6'!E:E,[36]Schedule!C32,'[36]frm P6'!F:F,[36]Schedule!D32,'[36]frm P6'!G:G,[36]Schedule!$AF$3,'[36]frm P6'!H:H,[36]Schedule!F32) -> 46401 | AH32: =SUMIFS('[36]frm P6'!$K:$K,'[36]frm P6'!D:D,[36]Schedule!B32,'[36]frm P6'!E:E,[36]Schedule!C32,'[36]frm P6'!F:F,[36]Schedule!D32,'[36]frm P6'!G:G,[36]Schedule!$AF$3,'[36]frm P6'!H:H,[36]Schedule!F32) -> 46440 | AI32: =AH32-AG32+1 -> 40 | AJ32: 30 | AK32: 1134.13 | AL32: 500-1524 | AM32: =SUMIFS('[36]frm P6'!$J:$J,'[36]frm P6'!D:D,[36]Schedule!B32,'[36]frm P6'!E:E,[36]Schedule!C32,'[36]frm P6'!F:F,[36]Schedule!D32,'[36]frm P6'!G:G,[36]Schedule!$AL$3,'[36]frm P6'!H:H,[36]Schedule!F32) -> 46371 | AN32: =SUMIFS('[36]frm P6'!$K:$K,'[36]frm P6'!D:D,[36]Schedule!B32,'[36]frm P6'!E:E,[36]Schedule!C32,'[36]frm P6'!F:F,[36]Schedule!D32,'[36]frm P6'!G:G,[36]Schedule!$AL$3,'[36]frm P6'!H:H,[36]Schedule!F32) -> 46409 | AO32: =AN32-AM32+1 -> 39 | AP32: 47 | AQ32: 500-1549.4 | AR32: 62 | AS32: =AM32-$AS$3 -> 46368 | AT32: =AS32-$AT$3 -> 46308 | AU32: =AT32-$AU$3 -> 46293 | AV32: =AM32-$AV$3 -> 46367 | AW32: =AV32-$AW$3 -> 46357 | AX32: =AW32-AY32 -> 88 | AY32: 46269 | AZ32: JK02-1560 | BA32: Elevation Row A, B, 1, 2
H35: APPURTENANCE OF JACKET | L35: POSTIN | M35: 附件安装 | X35: COAT | AA35: PREIN | AB35: 附件预安装 | AG35: FAB/SPL | AH35: 附件预制 | AS35: 3 | AT35: 60 | AU35: 15 | AV35: 4 | AW35: 10 | AX35: Dur for SD
B36: UNIT | C36: WF | D36: IWP | E36: PHASE | F36: CWP | H36: N° | I36: Task /Activity Group | J36: W-T | L36: P Start | M36: P Finish | N36: Dur | O36: 吨(T) | P36: 数量 | R36: 预制 | U36: 预制 | X36: P Start | Y36: P Finish | Z36: Dur | AA36: P Start | AB36: P Finish | AC36: Dur | AD36: 吨(T) | AE36: 数量 | AG36: P Start | AH36: P Finish | AI36: Dur | AJ36: 吨(T) | AK36: 数量 | AR36: PR-ID | AS36: ETA | AT36: PO | AU36: MTO | AV36: IWP | AW36: CPY | AX36: SD | AZ36: ID | BA36: DWG DESC
B37: WPA01 | H37: WPA01 APPURTENANCE OF JACKET | L37: =MIN(L38:L51) -> 46407 | M37: =MAX(M38:M51) -> 46562 | N37: =M37-L37+1 -> 156 | X37: =MIN(X38:X51) -> 46471 | Y37: =MAX(Y38:Y51) -> 46543 | Z37: =Y37-X37+1 -> 73 | AA37: =MIN(AA38:AA51) -> 46336 | AB37: =MAX(AB38:AB51) -> 46501 | AC37: =AB37-AA37+1 -> 166 | AG37: =MIN(AG38:AG51) -> 46322 | AH37: =MAX(AH38:AH51) -> 46527 | AI37: =AH37-AG37+1 -> 206 | AS37: =MIN(AS38:AS51) -> 46319 | AT37: =MIN(AT38:AT51) -> 46259 | AU37: =MIN(AU38:AU51) -> 46244 | AV37: =MIN(AV38:AV51) -> 46318 | AW37: =MIN(AW38:AW51) -> 46308
B38: JKT | C38: IRS | D38: JKT-02 | F38: 01J | G38: =F38&C38 -> 01JIRS | H38: 1 | I38: Internal Ring Stiffener Plate | L38: N/A | M38: N/A | N38: N/A | O38: N/A | P38: N/A | R38: 7 | U38: =R38*AJ38*8 -> 114.8672 | X38: N/A | Y38: N/A | Z38: N/A | AA38: =SUMIFS('[36]frm P6'!$J:$J,'[36]frm P6'!D:D,[36]Schedule!B38,'[36]frm P6'!E:E,[36]Schedule!C38,'[36]frm P6'!F:F,[36]Schedule!D38,'[36]frm P6'!G:G,[36]Schedule!$Z$35,'[36]frm P6'!H:H,[36]Schedule!F38) -> 46336 | AB38: =SUMIFS('[36]frm P6'!$K:$K,'[36]frm P6'!D:D,[36]Schedule!B38,'[36]frm P6'!E:E,[36]Schedule!C38,'[36]frm P6'!F:F,[36]Schedule!D38,'[36]frm P6'!G:G,[36]Schedule!$Z$35,'[36]frm P6'!H:H,[36]Schedule!F38) -> 46413 | AC38: =AB38-AA38+1 -> 78 | AD38: 2.0512 | AE38: 32 | AG38: =SUMIFS('[36]frm P6'!$J:$J,'[36]frm P6'!D:D,[36]Schedule!B38,'[36]frm P6'!E:E,[36]Schedule!C38,'[36]frm P6'!F:F,[36]Schedule!D38,'[36]frm P6'!G:G,[36]Schedule!$AF$3,'[36]frm P6'!H:H,[36]Schedule!F38) -> 46322 | AH38: =SUMIFS('[36]frm P6'!$K:$K,'[36]frm P6'!D:D,[36]Schedule!B38,'[36]frm P6'!E:E,[36]Schedule!C38,'[36]frm P6'!F:F,[36]Schedule!D38,'[36]frm P6'!G:G,[36]Schedule!$AF$3,'[36]frm P6'!H:H,[36]Schedule!F38) -> 46374 | AI38: =AH38-AG38+1 -> 53 | AJ38: 2.0512 | AK38: 32 | AM38: N/A | AN38: N/A | AO38: N/A | AR38: 60 | AS38: =AG38-$AS$3 -> 46319 | AT38: =AS38-$AT$3 -> 46259 | AU38: =AT38-$AU$3 -> 46244 | AV38: =AG38-$AV$35 -> 46318 | AW38: =AV38-$AW$35 -> 46308 | AX38: =AW38-AY38 -> 22 | AY38: 46286 | AZ38: JK01-1860 | BA38: Jacket - Sections
B39: JKT | C39: CGD | D39: JKT-02 | F39: 01J | H39: 2 | I39: Casing Guide | L39: N/A | M39: N/A | N39: N/A | O39: N/A | P39: N/A | R39: 14 | U39: =R39*AJ39*8 -> 672 | X39: N/A | Y39: N/A | Z39: N/A | AA39: =SUMIFS('[36]frm P6'!$J:$J,'[36]frm P6'!D:D,[36]Schedule!B39,'[36]frm P6'!E:E,[36]Schedule!C39,'[36]frm P6'!F:F,[36]Schedule!D39,'[36]frm P6'!G:G,[36]Schedule!$Z$35,'[36]frm P6'!H:H,[36]Schedule!F39) -> 46407 | AB39: =SUMIFS('[36]frm P6'!$K:$K,'[36]frm P6'!D:D,[36]Schedule!B39,'[36]frm P6'!E:E,[36]Schedule!C39,'[36]frm P6'!F:F,[36]Schedule!D39,'[36]frm P6'!G:G,[36]Schedule!$Z$35,'[36]frm P6'!H:H,[36]Schedule!F39) -> 46451 | AC39: =AB39-AA39+1 -> 45 | AD39: 6 | AE39: 24 | AG39: =SUMIFS('[36]frm P6'!$J:$J,'[36]frm P6'!D:D,[36]Schedule!B39,'[36]frm P6'!E:E,[36]Schedule!C39,'[36]frm P6'!F:F,[36]Schedule!D39,'[36]frm P6'!G:G,[36]Schedule!$AF$3,'[36]frm P6'!H:H,[36]Schedule!F39) -> 46350 | AH39: =SUMIFS('[36]frm P6'!$K:$K,'[36]frm P6'!D:D,[36]Schedule!B39,'[36]frm P6'!E:E,[36]Schedule!C39,'[36]frm P6'!F:F,[36]Schedule!D39,'[36]frm P6'!G:G,[36]Schedule!$AF$3,'[36]frm P6'!H:H,[36]Schedule!F39) -> 46402 | AI39: =AH39-AG39+1 -> 53 | AJ39: 6 | AK39: 24 | AM39: N/A | AN39: N/A | AO39: N/A | AR39: 60 | AS39: =AG39-$AS$3 -> 46347 | AT39: =AS39-$AT$3 -> 46287 | AU39: =AT39-$AU$3 -> 46272 | AV39: =AG39-$AV$35 -> 46346 | AW39: =AV39-$AW$35 -> 46336 | AX39: =AW39-AY39 -> 99 | AY39: 46237 | AZ39: JK01-1170 | BA39: Casing Guides Section & Details
B40: JKT | C40: SUPP | D40: JKT-02 | F40: 01J | H40: 4 | I40: Boatlanding Support | L40: N/A | M40: N/A | N40: N/A | O40: N/A | P40: N/A | R40: 7 | U40: =R40*AJ40*8 -> 448 | X40: N/A | Y40: N/A | Z40: N/A | AA40: =SUMIFS('[36]frm P6'!$J:$J,'[36]frm P6'!D:D,[36]Schedule!B40,'[36]frm P6'!E:E,[36]Schedule!C40,'[36]frm P6'!F:F,[36]Schedule!D40,'[36]frm P6'!G:G,[36]Schedule!$Z$35,'[36]frm P6'!H:H,[36]Schedule!F40) -> 46416 | AB40: =SUMIFS('[36]frm P6'!$K:$K,'[36]frm P6'!D:D,[36]Schedule!B40,'[36]frm P6'!E:E,[36]Schedule!C40,'[36]frm P6'!F:F,[36]Schedule!D40,'[36]frm P6'!G:G,[36]Schedule!$Z$35,'[36]frm P6'!H:H,[36]Schedule!F40) -> 46465 | AC40: =AB40-AA40+1 -> 50 | AD40: 8 | AE40: 2 | AG40: =SUMIFS('[36]frm P6'!$J:$J,'[36]frm P6'!D:D,[36]Schedule!B40,'[36]frm P6'!E:E,[36]Schedule!C40,'[36]frm P6'!F:F,[36]Schedule!D40,'[36]frm P6'!G:G,[36]Schedule!$AF$3,'[36]frm P6'!H:H,[36]Schedule!F40) -> 46340 | AH40: =SUMIFS('[36]frm P6'!$K:$K,'[36]frm P6'!D:D,[36]Schedule!B40,'[36]frm P6'!E:E,[36]Schedule!C40,'[36]frm P6'!F:F,[36]Schedule!D40,'[36]frm P6'!G:G,[36]Schedule!$AF$3,'[36]frm P6'!H:H,[36]Schedule!F40) -> 46372 | AI40: =AH40-AG40+1 -> 33 | AJ40: 8 | AK40: 2 | AM40: N/A | AN40: N/A | AO40: N/A | AR40: 60 | AS40: =AG40-$AS$35 -> 46337 | AT40: =AS40-$AT$35 -> 46277 | AU40: =AT40-$AU$35 -> 46262 | AV40: =AG40-$AV$35 -> 46336 | AW40: =AV40-$AW$35 -> 46326 | AX40: =AW40-AY40 -> 71 | AY40: 46255 | AZ40: JK01-1290 | BA40: Boatlanding Section & Details
B41: JKT | C41: UPD1 | D41: JKT-02 | F41: 01J | H41: 5 | I41: Lifting Padeye of Row1 | L41: N/A | M41: N/A | N41: N/A | O41: N/A | P41: N/A | R41: 10 | U41: =R41*AJ41*8 -> 263.056 | X41: N/A | Y41: N/A | Z41: N/A | AA41: =SUMIFS('[36]frm P6'!$J:$J,'[36]frm P6'!D:D,[36]Schedule!B41,'[36]frm P6'!E:E,[36]Schedule!C41,'[36]frm P6'!F:F,[36]Schedule!D41,'[36]frm P6'!G:G,[36]Schedule!$Z$35,'[36]frm P6'!H:H,[36]Schedule!F41) -> 46358 | AB41: =SUMIFS('[36]frm P6'!$K:$K,'[36]frm P6'!D:D,[36]Schedule!B41,'[36]frm P6'!E:E,[36]Schedule!C41,'[36]frm P6'!F:F,[36]Schedule!D41,'[36]frm P6'!G:G,[36]Schedule!$Z$35,'[36]frm P6'!H:H,[36]Schedule!F41) -> 46387 | AC41: =AB41-AA41+1 -> 30 | AD41: 3.2882 | AE41: 2 | AG41: =SUMIFS('[36]frm P6'!$J:$J,'[36]frm P6'!D:D,[36]Schedule!B41,'[36]frm P6'!E:E,[36]Schedule!C41,'[36]frm P6'!F:F,[36]Schedule!D41,'[36]frm P6'!G:G,[36]Schedule!$AF$3,'[36]frm P6'!H:H,[36]Schedule!F41) -> 46331 | AH41: =SUMIFS('[36]frm P6'!$K:$K,'[36]frm P6'!D:D,[36]Schedule!B41,'[36]frm P6'!E:E,[36]Schedule!C41,'[36]frm P6'!F:F,[36]Schedule!D41,'[36]frm P6'!G:G,[36]Schedule!$AF$3,'[36]frm P6'!H:H,[36]Schedule!F41) -> 46372 | AI41: =AH41-AG41+1 -> 42 | AJ41: 3.2882 | AK41: 2 | AM41: N/A | AN41: N/A | AO41: N/A | AR41: 60 | AS41: =AG41-$AS$35 -> 46328 | AT41: =AS41-$AT$35 -> 46268 | AU41: =AT41-$AU$35 -> 46253 | AV41: =AG41-$AV$35 -> 46327 | AW41: =AV41-$AW$35 -> 46317 | AX41: =AW41-AY41 -> 13 | AY41: 46304 | AZ41: JK01-2070 | BA41: Lifting Padeye Details
B42: JKT | C42: S03A | D42: JKT-02 | F42: 01J | H42: 6 | I42: S3 Mudmats | L42: =SUMIFS('[36]frm P6'!$J:$J,'[36]frm P6'!D:D,[36]Schedule!B42,'[36]frm P6'!E:E,[36]Schedule!C42,'[36]frm P6'!F:F,[36]Schedule!D42,'[36]frm P6'!G:G,[36]Schedule!$K$35,'[36]frm P6'!H:H,[36]Schedule!F42) -> 46407 | M42: =SUMIFS('[36]frm P6'!$K:$K,'[36]frm P6'!D:D,[36]Schedule!B42,'[36]frm P6'!E:E,[36]Schedule!C42,'[36]frm P6'!F:F,[36]Schedule!D42,'[36]frm P6'!G:G,[36]Schedule!$K$35,'[36]frm P6'!H:H,[36]Schedule!F42) -> 46421 | N42: =M42-L42+1 -> 15 | O42: 43 | P42: 12 | R42: 6.5 | U42: =R42*AJ42*8 -> 2236 | X42: N/A | Y42: N/A | Z42: N/A | AA42: N/A | AB42: N/A | AC42: N/A | AD42: 43 | AE42: N/A | AG42: =SUMIFS('[36]frm P6'!$J:$J,'[36]frm P6'!D:D,[36]Schedule!B42,'[36]frm P6'!E:E,[36]Schedule!C42,'[36]frm P6'!F:F,[36]Schedule!D42,'[36]frm P6'!G:G,[36]Schedule!$AF$3,'[36]frm P6'!H:H,[36]Schedule!F42) -> 46339 | AH42: =SUMIFS('[36]frm P6'!$K:$K,'[36]frm P6'!D:D,[36]Schedule!B42,'[36]frm P6'!E:E,[36]Schedule!C42,'[36]frm P6'!F:F,[36]Schedule!D42,'[36]frm P6'!G:G,[36]Schedule!$AF$3,'[36]frm P6'!H:H,[36]Schedule!F42) -> 46398 | AI42: =AH42-AG42+1 -> 60 | AJ42: 43 | AK42: 12 | AM42: N/A | AN42: N/A | AO42: N/A | AR42: 60 | AS42: =AG42-$AS$35 -> 46336 | AT42: =AS42-$AT$35 -> 46276 | AU42: =AT42-$AU$35 -> 46261 | AV42: =AG42-$AV$35 -> 46335 | AW42: =AV42-$AW$35 -> 46325 | AX42: =AW42-AY42 -> 28 | AY42: 46297 | AZ42: JK01-2010 | BA42: Mudmat Layout & Details
B43: JKT | C43: STB | D43: JKT-02 | F43: 01J | H43: 7 | I43: Stub of Caisson & Riser | L43: N/A | M43: N/A | N43: N/A | O43: N/A | P43: N/A | R43: 5 | U43: =R43*AJ43*8 -> 30.432 | X43: N/A | Y43: N/A | Z43: N/A | AA43: =SUMIFS('[36]frm P6'!$J:$J,'[36]frm P6'!D:D,[36]Schedule!B43,'[36]frm P6'!E:E,[36]Schedule!C43,'[36]frm P6'!F:F,[36]Schedule!D43,'[36]frm P6'!G:G,[36]Schedule!$Z$35,'[36]frm P6'!H:H,[36]Schedule!F43) -> 46443 | AB43: =SUMIFS('[36]frm P6'!$K:$K,'[36]frm P6'!D:D,[36]Schedule!B43,'[36]frm P6'!E:E,[36]Schedule!C43,'[36]frm P6'!F:F,[36]Schedule!D43,'[36]frm P6'!G:G,[36]Schedule!$Z$35,'[36]frm P6'!H:H,[36]Schedule!F43) -> 46470 | AC43: =AB43-AA43+1 -> 28 | AD43: 0.7608 | AE43: 6 | AG43: =SUMIFS('[36]frm P6'!$J:$J,'[36]frm P6'!D:D,[36]Schedule!B43,'[36]frm P6'!E:E,[36]Schedule!C43,'[36]frm P6'!F:F,[36]Schedule!D43,'[36]frm P6'!G:G,[36]Schedule!$AF$3,'[36]frm P6'!H:H,[36]Schedule!F43) -> 46389 | AH43: =SUMIFS('[36]frm P6'!$K:$K,'[36]frm P6'!D:D,[36]Schedule!B43,'[36]frm P6'!E:E,[36]Schedule!C43,'[36]frm P6'!F:F,[36]Schedule!D43,'[36]frm P6'!G:G,[36]Schedule!$AF$3,'[36]frm P6'!H:H,[36]Schedule!F43) -> 46412 | AI43: =AH43-AG43+1 -> 24 | AJ43: 0.7608 | AK43: 6 | AM43: N/A | AN43: N/A | AO43: N/A | AR43: 60 | AS43: =AG43-$AS$35 -> 46386 | AT43: =AS43-$AT$35 -> 46326 | AU43: =AT43-$AU$35 -> 46311 | AV43: =AG43-$AV$35 -> 46385 | AW43: =AV43-$AW$35 -> 46375 | AX43: =AW43-AY43 -> 95 | AY43: 46280 | AZ43: RS01-1320 | BA43: Risers Isometric Drawing
B44: JKT | C44: CLP | D44: JKT-02 | F44: 01J | H44: 8 | I44: Riser Clamp | L44: N/A | M44: N/A | N44: N/A | O44: N/A | P44: N/A | R44: 6.5 | U44: =R44*AJ44*8 -> 312 | X44: N/A | Y44: N/A | Z44: N/A | AA44: =SUMIFS('[36]frm P6'!$J:$J,'[36]frm P6'!D:D,[36]Schedule!B44,'[36]frm P6'!E:E,[36]Schedule!C44,'[36]frm P6'!F:F,[36]Schedule!D44,'[36]frm P6'!G:G,[36]Schedule!$Z$35,'[36]frm P6'!H:H,[36]Schedule!F44) -> 46466 | AB44: =SUMIFS('[36]frm P6'!$K:$K,'[36]frm P6'!D:D,[36]Schedule!B44,'[36]frm P6'!E:E,[36]Schedule!C44,'[36]frm P6'!F:F,[36]Schedule!D44,'[36]frm P6'!G:G,[36]Schedule!$Z$35,'[36]frm P6'!H:H,[36]Schedule!F44) -> 46501 | AC44: =AB44-AA44+1 -> 36 | AD44: 6 | AE44: 24 | AG44: =SUMIFS('[36]frm P6'!$J:$J,'[36]frm P6'!D:D,[36]Schedule!B44,'[36]frm P6'!E:E,[36]Schedule!C44,'[36]frm P6'!F:F,[36]Schedule!D44,'[36]frm P6'!G:G,[36]Schedule!$AF$3,'[36]frm P6'!H:H,[36]Schedule!F44) -> 46434 | AH44: =SUMIFS('[36]frm P6'!$K:$K,'[36]frm P6'!D:D,[36]Schedule!B44,'[36]frm P6'!E:E,[36]Schedule!C44,'[36]frm P6'!F:F,[36]Schedule!D44,'[36]frm P6'!G:G,[36]Schedule!$AF$3,'[36]frm P6'!H:H,[36]Schedule!F44) -> 46465 | AI44: =AH44-AG44+1 -> 32 | AJ44: 6 | AK44: 24 | AM44: N/A | AN44: N/A | AO44: N/A | AR44: 60 | AS44: =AG44-$AS$35 -> 46431 | AT44: =AS44-$AT$35 -> 46371 | AU44: =AT44-$AU$35 -> 46356 | AV44: =AG44-$AV$35 -> 46430 | AW44: =AV44-$AW$35 -> 46420 | AX44: =AW44-AY44 -> 140 | AY44: 46280 | AZ44: RS01-1320 | BA44: Risers Isometric Drawing
B45: JKT | C45: BOL | D45: JKT-02 | F45: 01J | H45: 9 | I45: S11 Boat Landing | L45: =SUMIFS('[36]frm P6'!$J:$J,'[36]frm P6'!D:D,[36]Schedule!B45,'[36]frm P6'!E:E,[36]Schedule!C45,'[36]frm P6'!F:F,[36]Schedule!D45,'[36]frm P6'!G:G,[36]Schedule!$K$35,'[36]frm P6'!H:H,[36]Schedule!F45) -> 46528 | M45: =SUMIFS('[36]frm P6'!$K:$K,'[36]frm P6'!D:D,[36]Schedule!B45,'[36]frm P6'!E:E,[36]Schedule!C45,'[36]frm P6'!F:F,[36]Schedule!D45,'[36]frm P6'!G:G,[36]Schedule!$K$35,'[36]frm P6'!H:H,[36]Schedule!F45) -> 46546 | N45: =M45-L45+1 -> 19 | O45: 76.4 | P45: 1 | R45: 16 | U45: =R45*AJ45*8 -> 9779.2 | X45: =SUMIFS('[36]frm P6'!$J:$J,'[36]frm P6'!D:D,[36]Schedule!B45,'[36]frm P6'!E:E,[36]Schedule!C45,'[36]frm P6'!G:G,[36]Schedule!$W$3,'[36]frm P6'!H:H,[36]Schedule!F45) -> 46504 | Y45: =SUMIFS('[36]frm P6'!$K:$K,'[36]frm P6'!D:D,[36]Schedule!B45,'[36]frm P6'!E:E,[36]Schedule!C45,'[36]frm P6'!G:G,[36]Schedule!$W$3,'[36]frm P6'!H:H,[36]Schedule!F45) -> 46521 | Z45: =Y45-X45+1 -> 18 | AA45: N/A | AB45: N/A | AC45: N/A | AD45: N/A | AE45: N/A | AG45: =SUMIFS('[36]frm P6'!$J:$J,'[36]frm P6'!D:D,[36]Schedule!B45,'[36]frm P6'!E:E,[36]Schedule!C45,'[36]frm P6'!F:F,[36]Schedule!D45,'[36]frm P6'!G:G,[36]Schedule!$AF$3,'[36]frm P6'!H:H,[36]Schedule!F45) -> 46451 | AH45: =SUMIFS('[36]frm P6'!$K:$K,'[36]frm P6'!D:D,[36]Schedule!B45,'[36]frm P6'!E:E,[36]Schedule!C45,'[36]frm P6'!F:F,[36]Schedule!D45,'[36]frm P6'!G:G,[36]Schedule!$AF$3,'[36]frm P6'!H:H,[36]Schedule!F45) -> 46499 | AI45: =AH45-AG45+1 -> 49 | AJ45: 76.4 | AK45: 1 | AM45: N/A | AN45: N/A | AO45: N/A | AR45: 60 | AS45: =AG45-$AS$35 -> 46448 | AT45: =AS45-$AT$35 -> 46388 | AU45: =AT45-$AU$35 -> 46373 | AV45: =AG45-$AV$35 -> 46447 | AW45: =AV45-$AW$35 -> 46437 | AX45: =AW45-AY45 -> 182 | AY45: 46255 | AZ45: JK01-1290 | BA45: Boatlanding Section & Details
B46: JKT | C46: RISER | D46: JKT-04 | F46: 01J | H46: 10 | I46: S10-1 Riser | L46: =SUMIFS('[36]frm P6'!$J:$J,'[36]frm P6'!D:D,[36]Schedule!B46,'[36]frm P6'!E:E,[36]Schedule!C46,'[36]frm P6'!F:F,[36]Schedule!D46,'[36]frm P6'!G:G,[36]Schedule!$K$35,'[36]frm P6'!H:H,[36]Schedule!F46) -> 46503 | M46: =SUMIFS('[36]frm P6'!$K:$K,'[36]frm P6'!D:D,[36]Schedule!B46,'[36]frm P6'!E:E,[36]Schedule!C46,'[36]frm P6'!F:F,[36]Schedule!D46,'[36]frm P6'!G:G,[36]Schedule!$K$35,'[36]frm P6'!H:H,[36]Schedule!F46) -> 46511 | N46: =M46-L46+1 -> 9 | R46: 12 | U46: =R46*AJ46*8 -> 480 | X46: =SUMIFS('[36]frm P6'!$J:$J,'[36]frm P6'!D:D,[36]Schedule!B46,'[36]frm P6'!E:E,[36]Schedule!C46,'[36]frm P6'!G:G,[36]Schedule!$W$3,'[36]frm P6'!H:H,[36]Schedule!F46) -> 46471 | Y46: =SUMIFS('[36]frm P6'!$K:$K,'[36]frm P6'!D:D,[36]Schedule!B46,'[36]frm P6'!E:E,[36]Schedule!C46,'[36]frm P6'!G:G,[36]Schedule!$W$3,'[36]frm P6'!H:H,[36]Schedule!F46) -> 46497 | Z46: =Y46-X46+1 -> 27 | AA46: N/A | AB46: N/A | AC46: N/A | AD46: N/A | AE46: N/A | AG46: =SUMIFS('[36]frm P6'!$J:$J,'[36]frm P6'!D:D,[36]Schedule!B46,'[36]frm P6'!E:E,[36]Schedule!C46,'[36]frm P6'!F:F,[36]Schedule!D46,'[36]frm P6'!G:G,[36]Schedule!$AF$3,'[36]frm P6'!H:H,[36]Schedule!F46) -> 46409 | AH46: =SUMIFS('[36]frm P6'!$K:$K,'[36]frm P6'!D:D,[36]Schedule!B46,'[36]frm P6'!E:E,[36]Schedule!C46,'[36]frm P6'!F:F,[36]Schedule!D46,'[36]frm P6'!G:G,[36]Schedule!$AF$3,'[36]frm P6'!H:H,[36]Schedule!F46) -> 46470 | AI46: =AH46-AG46+1 -> 62 | AJ46: 5 | AK46: 2 | AM46: N/A | AN46: N/A | AO46: N/A | AS46: =AG46-$AS$35 -> 46406 | AT46: N/A | AU46: N/A | AV46: =AG46-$AV$35 -> 46405 | AW46: =AV46-$AW$35 -> 46395 | AX46: =AW46-AY46 -> 115 | AY46: 46280 | AZ46: RS01-1320 | BA46: Risers Isometric Drawing
B47: JKT | C47: UPD2 | D47: JKT-02 | F47: 01J | H47: 11 | I47: Lifting Padeye of Row2 | L47: N/A | M47: N/A | N47: N/A | O47: 2.6 | P47: 2 | R47: 10 | U47: =R47*AJ47*8 -> 263.056 | X47: N/A | Y47: N/A | Z47: N/A | AA47: =SUMIFS('[36]frm P6'!$J:$J,'[36]frm P6'!D:D,[36]Schedule!B47,'[36]frm P6'!E:E,[36]Schedule!C47,'[36]frm P6'!F:F,[36]Schedule!D47,'[36]frm P6'!G:G,[36]Schedule!$Z$35,'[36]frm P6'!H:H,[36]Schedule!F47) -> 46452 | AB47: =SUMIFS('[36]frm P6'!$K:$K,'[36]frm P6'!D:D,[36]Schedule!B47,'[36]frm P6'!E:E,[36]Schedule!C47,'[36]frm P6'!F:F,[36]Schedule!D47,'[36]frm P6'!G:G,[36]Schedule!$Z$35,'[36]frm P6'!H:H,[36]Schedule!F47) -> 46489 | AC47: =AB47-AA47+1 -> 38 | AD47: 3.2882 | AE47: 2 | AG47: =SUMIFS('[36]frm P6'!$J:$J,'[36]frm P6'!D:D,[36]Schedule!B47,'[36]frm P6'!E:E,[36]Schedule!C47,'[36]frm P6'!F:F,[36]Schedule!D47,'[36]frm P6'!G:G,[36]Schedule!$AF$3,'[36]frm P6'!H:H,[36]Schedule!F47) -> 46402 | AH47: =SUMIFS('[36]frm P6'!$K:$K,'[36]frm P6'!D:D,[36]Schedule!B47,'[36]frm P6'!E:E,[36]Schedule!C47,'[36]frm P6'!F:F,[36]Schedule!D47,'[36]frm P6'!G:G,[36]Schedule!$AF$3,'[36]frm P6'!H:H,[36]Schedule!F47) -> 46452 | AI47: =AH47-AG47+1 -> 51 | AJ47: 3.2882 | AK47: 2 | AM47: N/A | AN47: N/A | AO47: N/A | AR47: 60 | AS47: =AG47-$AS$35 -> 46399 | AT47: =AS47-$AT$35 -> 46339 | AU47: =AT47-$AU$35 -> 46324 | AV47: =AG47-$AV$35 -> 46398 | AW47: =AV47-$AW$35 -> 46388 | AX47: =AW47-AY47 -> 84 | AY47: 46304 | AZ47: JK01-2070 | BA47: Lifting Padeye Details
B48: JKT | C48: CASSION | D48: JKT-02 | F48: 01J | H48: 12 | I48: Caisson | L48: =SUMIFS('[36]frm P6'!$J:$J,'[36]frm P6'!D:D,[36]Schedule!B48,'[36]frm P6'!E:E,[36]Schedule!C48,'[36]frm P6'!F:F,[36]Schedule!D48,'[36]frm P6'!G:G,[36]Schedule!$K$35,'[36]frm P6'!H:H,[36]Schedule!F48) -> 46478 | M48: =SUMIFS('[36]frm P6'!$K:$K,'[36]frm P6'!D:D,[36]Schedule!B48,'[36]frm P6'!E:E,[36]Schedule!C48,'[36]frm P6'!F:F,[36]Schedule!D48,'[36]frm P6'!G:G,[36]Schedule!$K$35,'[36]frm P6'!H:H,[36]Schedule!F48) -> 46489 | N48: =M48-L48+1 -> 12 | O48: 9.4657 | P48: 1 | R48: 8 | U48: =R48*AJ48*8 -> 605.8048 | X48: N/A | Y48: N/A | Z48: N/A | AA48: N/A | AB48: N/A | AC48: N/A | AD48: N/A | AE48: N/A | AG48: =SUMIFS('[36]frm P6'!$J:$J,'[36]frm P6'!D:D,[36]Schedule!B48,'[36]frm P6'!E:E,[36]Schedule!C48,'[36]frm P6'!F:F,[36]Schedule!D48,'[36]frm P6'!G:G,[36]Schedule!$AF$3,'[36]frm P6'!H:H,[36]Schedule!F48) -> 46416 | AH48: =SUMIFS('[36]frm P6'!$K:$K,'[36]frm P6'!D:D,[36]Schedule!B48,'[36]frm P6'!E:E,[36]Schedule!C48,'[36]frm P6'!F:F,[36]Schedule!D48,'[36]frm P6'!G:G,[36]Schedule!$AF$3,'[36]frm P6'!H:H,[36]Schedule!F48) -> 46466 | AI48: =AH48-AG48+1 -> 51 | AJ48: 9.4657 | AK48: 1 | AM48: N/A | AN48: N/A | AO48: N/A | AR48: 60 | AS48: =AG48-$AS$35 -> 46413 | AT48: =AS48-$AT$35 -> 46353 | AU48: =AT48-$AU$35 -> 46338 | AV48: =AG48-$AV$35 -> 46412 | AW48: =AV48-$AW$35 -> 46402 | AX48: =AW48-AY48 -> 85 | AY48: 46317 | AZ48: JK01-1080 | BA48: Jacket Lifting Analysis Report
B49: JKT | C49: WHL | D49: JKT-02 | F49: 01J | H49: 13 | I49: S12 Handrail Panels and Staircase | L49: =SUMIFS('[36]frm P6'!$J:$J,'[36]frm P6'!D:D,[36]Schedule!B49,'[36]frm P6'!E:E,[36]Schedule!C49,'[36]frm P6'!F:F,[36]Schedule!D49,'[36]frm P6'!G:G,[36]Schedule!$K$35,'[36]frm P6'!H:H,[36]Schedule!F49) -> 46543 | M49: =SUMIFS('[36]frm P6'!$K:$K,'[36]frm P6'!D:D,[36]Schedule!B49,'[36]frm P6'!E:E,[36]Schedule!C49,'[36]frm P6'!F:F,[36]Schedule!D49,'[36]frm P6'!G:G,[36]Schedule!$K$35,'[36]frm P6'!H:H,[36]Schedule!F49) -> 46560 | N49: =M49-L49+1 -> 18 | O49: 6 | P49: 4 | R49: 15 | U49: =R49*AJ49*8 -> 720 | X49: =SUMIFS('[36]frm P6'!$J:$J,'[36]frm P6'!D:D,[36]Schedule!B49,'[36]frm P6'!E:E,[36]Schedule!C49,'[36]frm P6'!G:G,[36]Schedule!$W$3,'[36]frm P6'!H:H,[36]Schedule!F49) -> 46527 | Y49: =SUMIFS('[36]frm P6'!$K:$K,'[36]frm P6'!D:D,[36]Schedule!B49,'[36]frm P6'!E:E,[36]Schedule!C49,'[36]frm P6'!G:G,[36]Schedule!$W$3,'[36]frm P6'!H:H,[36]Schedule!F49) -> 46543 | Z49: =Y49-X49+1 -> 17 | AA49: N/A | AB49: N/A | AC49: N/A | AD49: N/A | AE49: N/A | AG49: =SUMIFS('[36]frm P6'!$J:$J,'[36]frm P6'!D:D,[36]Schedule!B49,'[36]frm P6'!E:E,[36]Schedule!C49,'[36]frm P6'!F:F,[36]Schedule!D49,'[36]frm P6'!G:G,[36]Schedule!$AF$3,'[36]frm P6'!H:H,[36]Schedule!F49) -> 46493 | AH49: =SUMIFS('[36]frm P6'!$K:$K,'[36]frm P6'!D:D,[36]Schedule!B49,'[36]frm P6'!E:E,[36]Schedule!C49,'[36]frm P6'!F:F,[36]Schedule!D49,'[36]frm P6'!G:G,[36]Schedule!$AF$3,'[36]frm P6'!H:H,[36]Schedule!F49) -> 46527 | AI49: =AH49-AG49+1 -> 35 | AJ49: 6 | AK49: 4 | AM49: N/A | AN49: N/A | AO49: N/A | AR49: 60 | AS49: =AG49-$AS$35 -> 46490 | AT49: =AS49-$AT$35 -> 46430 | AU49: =AT49-$AU$35 -> 46415 | AV49: =AG49-$AV$35 -> 46489 | AW49: =AV49-$AW$35 -> 46479 | AX49: =AW49-AY49 -> 177 | AY49: 46302 | AZ49: JK01-1950 | BA49: Access Walkway Layout & Details
B50: JKT | C50: TRP | D50: JKT-02 | F50: 01J | H50: 14 | I50: S13 Temporary Rigging Platform | L50: =SUMIFS('[36]frm P6'!$J:$J,'[36]frm P6'!D:D,[36]Schedule!B50,'[36]frm P6'!E:E,[36]Schedule!C50,'[36]frm P6'!F:F,[36]Schedule!D50,'[36]frm P6'!G:G,[36]Schedule!$K$35,'[36]frm P6'!H:H,[36]Schedule!F50) -> 46554 | M50: =SUMIFS('[36]frm P6'!$K:$K,'[36]frm P6'!D:D,[36]Schedule!B50,'[36]frm P6'!E:E,[36]Schedule!C50,'[36]frm P6'!F:F,[36]Schedule!D50,'[36]frm P6'!G:G,[36]Schedule!$K$35,'[36]frm P6'!H:H,[36]Schedule!F50) -> 46562 | N50: =M50-L50+1 -> 9 | O50: 5 | P50: 1 | R50: 7 | U50: =R50*AJ50*8 -> 280 | X50: N/A | Y50: N/A | Z50: N/A | AA50: N/A | AB50: N/A | AC50: N/A | AD50: N/A | AE50: N/A | AG50: =SUMIFS('[36]frm P6'!$J:$J,'[36]frm P6'!D:D,[36]Schedule!B50,'[36]frm P6'!E:E,[36]Schedule!C50,'[36]frm P6'!F:F,[36]Schedule!D50,'[36]frm P6'!G:G,[36]Schedule!$AF$3,'[36]frm P6'!H:H,[36]Schedule!F50) -> 46466 | AH50: =SUMIFS('[36]frm P6'!$K:$K,'[36]frm P6'!D:D,[36]Schedule!B50,'[36]frm P6'!E:E,[36]Schedule!C50,'[36]frm P6'!F:F,[36]Schedule!D50,'[36]frm P6'!G:G,[36]Schedule!$AF$3,'[36]frm P6'!H:H,[36]Schedule!F50) -> 46503 | AI50: =AH50-AG50+1 -> 38 | AJ50: 5 | AK50: 1 | AM50: N/A | AN50: N/A | AO50: N/A | AR50: 60 | AS50: =AG50-$AS$35 -> 46463 | AT50: =AS50-$AT$35 -> 46403 | AU50: =AT50-$AU$35 -> 46388 | AV50: =AG50-$AV$35 -> 46462 | AW50: =AV50-$AW$35 -> 46452 | AX50: =AW50-AY50 -> 141 | AY50: 46311 | AZ50: JK01-2100 | BA50: Lowering Sequence
B51: JKT | C51: NOD | D51: JKT-02 | F51: 01J | G51: =F51&C51 -> 01JNOD | H51: 15 | I51: Anode | L51: N/A | M51: N/A | N51: N/A | O51: N/A | P51: N/A | R51: 3 | U51: =R51*AJ51*8 -> #VALUE! | X51: N/A | Y51: N/A | Z51: N/A | AA51: =SUMIFS('[36]frm P6'!$J:$J,'[36]frm P6'!D:D,[36]Schedule!B51,'[36]frm P6'!E:E,[36]Schedule!C51,'[36]frm P6'!F:F,[36]Schedule!D51,'[36]frm P6'!G:G,[36]Schedule!$Z$35,'[36]frm P6'!H:H,[36]Schedule!F51) -> 46363 | AB51: =SUMIFS('[36]frm P6'!$K:$K,'[36]frm P6'!D:D,[36]Schedule!B51,'[36]frm P6'!E:E,[36]Schedule!C51,'[36]frm P6'!F:F,[36]Schedule!D51,'[36]frm P6'!G:G,[36]Schedule!$Z$35,'[36]frm P6'!H:H,[36]Schedule!F51) -> 46465 | AC51: =AB51-AA51+1 -> 103 | AE51: 76 | AG51: N/A | AH51: N/A | AI51: N/A | AJ51: N/A | AK51: N/A | AM51: N/A | AN51: N/A | AO51: N/A | AR51: 90 | AS51: =AA51-$AS$3 -> 46360 | AT51: =AS51-$AT$3 -> 46300 | AU51: =AT51-$AU$3 -> 46285 | AV51: =AA51-$AV$35 -> 46359 | AW51: =AV51-$AW$35 -> 46349 | AX51: =AW51-AY51 -> 42 | AY51: 46307 | AZ51: JK01-1980 | BA51: Anode Layout & Details
B52: JKT | C52: Rest01 | D52: JKT-02 | F52: 01J | H52: 15 | I52: Spacer and Knee etc | L52: N/A | M52: N/A | N52: N/A | O52: N/A | P52: N/A | R52: 3 | U52: =R52*AJ52*8 -> #VALUE! | X52: N/A | Y52: N/A | Z52: N/A | AA52: =SUMIFS('[36]frm P6'!$J:$J,'[36]frm P6'!D:D,[36]Schedule!B52,'[36]frm P6'!E:E,[36]Schedule!C52,'[36]frm P6'!F:F,[36]Schedule!D52,'[36]frm P6'!G:G,[36]Schedule!$Z$35,'[36]frm P6'!H:H,[36]Schedule!F52) -> 46505 | AB52: =SUMIFS('[36]frm P6'!$K:$K,'[36]frm P6'!D:D,[36]Schedule!B52,'[36]frm P6'!E:E,[36]Schedule!C52,'[36]frm P6'!F:F,[36]Schedule!D52,'[36]frm P6'!G:G,[36]Schedule!$Z$35,'[36]frm P6'!H:H,[36]Schedule!F52) -> 46524 | AC52: =AB52-AA52+1 -> 20 | AE52: 76 | AG52: =SUMIFS('[36]frm P6'!$J:$J,'[36]frm P6'!D:D,[36]Schedule!B52,'[36]frm P6'!E:E,[36]Schedule!C52,'[36]frm P6'!F:F,[36]Schedule!D52,'[36]frm P6'!G:G,[36]Schedule!$AF$3,'[36]frm P6'!H:H,[36]Schedule!F52) -> 46475 | AH52: =SUMIFS('[36]frm P6'!$K:$K,'[36]frm P6'!D:D,[36]Schedule!B52,'[36]frm P6'!E:E,[36]Schedule!C52,'[36]frm P6'!F:F,[36]Schedule!D52,'[36]frm P6'!G:G,[36]Schedule!$AF$3,'[36]frm P6'!H:H,[36]Schedule!F52) -> 46505 | AI52: N/A | AJ52: N/A | AK52: N/A | AM52: N/A | AN52: N/A | AO52: N/A | AR52: 90 | AS52: =AG52-$AS$35 -> 46472 | AT52: =AS52-$AT$3 -> 46412 | AU52: =AT52-$AU$3 -> 46397 | AV52: =AG52-$AV$35 -> 46471 | AW52: =AV52-$AW$35 -> 46461 | AX52: =AW52-AY52 -> 150 | AY52: 46311 | AZ52: JK01-2100 | BA52: Lowering Sequence
B53: JKT | C53: Rest02 | D53: JKT-02 | F53: 01J | H53: 15 | I53: Shim and TP etc | L53: =SUMIFS('[36]frm P6'!$J:$J,'[36]frm P6'!D:D,[36]Schedule!B53,'[36]frm P6'!E:E,[36]Schedule!C53,'[36]frm P6'!F:F,[36]Schedule!D53,'[36]frm P6'!G:G,[36]Schedule!$K$35,'[36]frm P6'!H:H,[36]Schedule!F53) -> 46511 | M53: =SUMIFS('[36]frm P6'!$K:$K,'[36]frm P6'!D:D,[36]Schedule!B53,'[36]frm P6'!E:E,[36]Schedule!C53,'[36]frm P6'!F:F,[36]Schedule!D53,'[36]frm P6'!G:G,[36]Schedule!$K$35,'[36]frm P6'!H:H,[36]Schedule!F53) -> 46528 | N53: =M53-L53+1 -> 18 | O53: N/A | P53: N/A | R53: 3 | U53: =R53*AJ53*8 -> #VALUE! | X53: N/A | Y53: N/A | Z53: N/A | AA53: N/A | AB53: N/A | AC53: N/A | AE53: 76 | AG53: =SUMIFS('[36]frm P6'!$J:$J,'[36]frm P6'!D:D,[36]Schedule!B53,'[36]frm P6'!E:E,[36]Schedule!C53,'[36]frm P6'!F:F,[36]Schedule!D53,'[36]frm P6'!G:G,[36]Schedule!$AF$3,'[36]frm P6'!H:H,[36]Schedule!F53) -> 46475 | AH53: =SUMIFS('[36]frm P6'!$K:$K,'[36]frm P6'!D:D,[36]Schedule!B53,'[36]frm P6'!E:E,[36]Schedule!C53,'[36]frm P6'!F:F,[36]Schedule!D53,'[36]frm P6'!G:G,[36]Schedule!$AF$3,'[36]frm P6'!H:H,[36]Schedule!F53) -> 46499 | AI53: N/A | AJ53: N/A | AK53: N/A | AM53: N/A | AN53: N/A | AO53: N/A | AR53: 90 | AS53: =AG53-$AS$35 -> 46472 | AT53: =AS53-$AT$3 -> 46412 | AU53: =AT53-$AU$3 -> 46397 | AV53: =AG53-$AV$35 -> 46471 | AW53: =AV53-$AW$35 -> 46461 | AX53: =AW53-AY53 -> 150 | AY53: 46311 | AZ53: JK01-2100 | BA53: Lowering Sequence
B54: WPA02 | H54: WPA02 APPURTENANCE OF JACKET | L54: =MIN(L55:L70) -> 46456 | M54: =MAX(M55:M70) -> 46605 | N54: =M54-L54+1 -> 150 | X54: =MIN(X55:X70) -> 46506 | Y54: =MAX(Y55:Y70) -> 46574 | Z54: =Y54-X54+1 -> 69 | AA54: =MIN(AA55:AA70) -> 46375 | AB54: =MAX(AB55:AB70) -> 46539 | AC54: =AB54-AA54+1 -> 165 | AG54: =MIN(AG55:AG70) -> 46352 | AH54: =MAX(AH55:AH70) -> 46584 | AI54: =AH54-AG54+1 -> 233 | AS54: =MIN(AS55:AS70) -> 46349 | AT54: =MIN(AT55:AT70) -> 46289 | AU54: =MIN(AU55:AU70) -> 46274 | AV54: =MIN(AV55:AV70) -> 46348 | AW54: =MIN(AW55:AW70) -> 46338
B55: JKT | C55: IRS | D55: JKT-02 | F55: 02J | H55: 1 | I55: Internal Ring Stiffener Plate | L55: N/A | M55: N/A | N55: N/A | O55: N/A | P55: N/A | R55: 7 | U55: =R55*AJ55*8 -> 114.8672 | X55: N/A | Y55: N/A | Z55: N/A | AA55: =SUMIFS('[36]frm P6'!$J:$J,'[36]frm P6'!D:D,[36]Schedule!B55,'[36]frm P6'!E:E,[36]Schedule!C55,'[36]frm P6'!F:F,[36]Schedule!D55,'[36]frm P6'!G:G,[36]Schedule!$Z$35,'[36]frm P6'!H:H,[36]Schedule!F55) -> 46375 | AB55: =SUMIFS('[36]frm P6'!$K:$K,'[36]frm P6'!D:D,[36]Schedule!B55,'[36]frm P6'!E:E,[36]Schedule!C55,'[36]frm P6'!F:F,[36]Schedule!D55,'[36]frm P6'!G:G,[36]Schedule!$Z$35,'[36]frm P6'!H:H,[36]Schedule!F55) -> 46461 | AC55: =AB55-AA55+1 -> 87 | AD55: 2.0512 | AE55: 32 | AG55: =SUMIFS('[36]frm P6'!$J:$J,'[36]frm P6'!D:D,[36]Schedule!B55,'[36]frm P6'!E:E,[36]Schedule!C55,'[36]frm P6'!F:F,[36]Schedule!D55,'[36]frm P6'!G:G,[36]Schedule!$AF$3,'[36]frm P6'!H:H,[36]Schedule!F55) -> 46352 | AH55: =SUMIFS('[36]frm P6'!$K:$K,'[36]frm P6'!D:D,[36]Schedule!B55,'[36]frm P6'!E:E,[36]Schedule!C55,'[36]frm P6'!F:F,[36]Schedule!D55,'[36]frm P6'!G:G,[36]Schedule!$AF$3,'[36]frm P6'!H:H,[36]Schedule!F55) -> 46406 | AI55: =AH55-AG55+1 -> 55 | AJ55: 2.0512 | AK55: 32 | AM55: N/A | AN55: N/A | AO55: N/A | AR55: 60 | AS55: =AG55-$AS$3 -> 46349 | AT55: =AS55-$AT$3 -> 46289 | AU55: =AT55-$AU$3 -> 46274 | AV55: =AG55-$AV$35 -> 46348 | AW55: =AV55-$AW$35 -> 46338 | AX55: =AW55-AY55 -> 52 | AY55: 46286 | AZ55: JK02-1620 | BA55: Jacket - Sections
B56: JKT | C56: CGD | D56: JKT-02 | F56: 02J | H56: 2 | I56: Casing Guide | L56: N/A | M56: N/A | N56: N/A | O56: N/A | P56: N/A | R56: 14 | U56: =R56*AJ56*8 -> 672 | X56: N/A | Y56: N/A | Z56: N/A | AA56: =SUMIFS('[36]frm P6'!$J:$J,'[36]frm P6'!D:D,[36]Schedule!B56,'[36]frm P6'!E:E,[36]Schedule!C56,'[36]frm P6'!F:F,[36]Schedule!D56,'[36]frm P6'!G:G,[36]Schedule!$Z$35,'[36]frm P6'!H:H,[36]Schedule!F56) -> 46448 | AB56: =SUMIFS('[36]frm P6'!$K:$K,'[36]frm P6'!D:D,[36]Schedule!B56,'[36]frm P6'!E:E,[36]Schedule!C56,'[36]frm P6'!F:F,[36]Schedule!D56,'[36]frm P6'!G:G,[36]Schedule!$Z$35,'[36]frm P6'!H:H,[36]Schedule!F56) -> 46506 | AC56: =AB56-AA56+1 -> 59 | AD56: 6 | AE56: 24 | AG56: =SUMIFS('[36]frm P6'!$J:$J,'[36]frm P6'!D:D,[36]Schedule!B56,'[36]frm P6'!E:E,[36]Schedule!C56,'[36]frm P6'!F:F,[36]Schedule!D56,'[36]frm P6'!G:G,[36]Schedule!$AF$3,'[36]frm P6'!H:H,[36]Schedule!F56) -> 46403 | AH56: =SUMIFS('[36]frm P6'!$K:$K,'[36]frm P6'!D:D,[36]Schedule!B56,'[36]frm P6'!E:E,[36]Schedule!C56,'[36]frm P6'!F:F,[36]Schedule!D56,'[36]frm P6'!G:G,[36]Schedule!$AF$3,'[36]frm P6'!H:H,[36]Schedule!F56) -> 46464 | AI56: =AH56-AG56+1 -> 62 | AJ56: 6 | AK56: 24 | AM56: N/A | AN56: N/A | AO56: N/A | AR56: 60 | AS56: =AG56-$AS$3 -> 46400 | AT56: =AS56-$AT$3 -> 46340 | AU56: =AT56-$AU$3 -> 46325 | AV56: =AG56-$AV$35 -> 46399 | AW56: =AV56-$AW$35 -> 46389 | AX56: =AW56-AY56 -> 151 | AY56: 46238 | AZ56: JK02-2190 | BA56: Casing Guides Section & Details
B57: JKT | C57: SUPP | D57: JKT-02 | F57: 02J | H57: 3 | I57: Boatlanding Support | L57: N/A | M57: N/A | N57: N/A | O57: N/A | P57: N/A | R57: 7 | U57: =R57*AJ57*8 -> 448 | X57: N/A | Y57: N/A | Z57: N/A | AA57: =SUMIFS('[36]frm P6'!$J:$J,'[36]frm P6'!D:D,[36]Schedule!B57,'[36]frm P6'!E:E,[36]Schedule!C57,'[36]frm P6'!F:F,[36]Schedule!D57,'[36]frm P6'!G:G,[36]Schedule!$Z$35,'[36]frm P6'!H:H,[36]Schedule!F57) -> 46436 | AB57: =SUMIFS('[36]frm P6'!$K:$K,'[36]frm P6'!D:D,[36]Schedule!B57,'[36]frm P6'!E:E,[36]Schedule!C57,'[36]frm P6'!F:F,[36]Schedule!D57,'[36]frm P6'!G:G,[36]Schedule!$Z$35,'[36]frm P6'!H:H,[36]Schedule!F57) -> 46476 | AC57: =AB57-AA57+1 -> 41 | AD57: 8 | AE57: 2 | AG57: =SUMIFS('[36]frm P6'!$J:$J,'[36]frm P6'!D:D,[36]Schedule!B57,'[36]frm P6'!E:E,[36]Schedule!C57,'[36]frm P6'!F:F,[36]Schedule!D57,'[36]frm P6'!G:G,[36]Schedule!$AF$3,'[36]frm P6'!H:H,[36]Schedule!F57) -> 46394 | AH57: =SUMIFS('[36]frm P6'!$K:$K,'[36]frm P6'!D:D,[36]Schedule!B57,'[36]frm P6'!E:E,[36]Schedule!C57,'[36]frm P6'!F:F,[36]Schedule!D57,'[36]frm P6'!G:G,[36]Schedule!$AF$3,'[36]frm P6'!H:H,[36]Schedule!F57) -> 46435 | AI57: =AH57-AG57+1 -> 42 | AJ57: 8 | AK57: 2 | AM57: N/A | AN57: N/A | AO57: N/A | AR57: 60 | AS57: =AG57-$AS$35 -> 46391 | AT57: =AS57-$AT$35 -> 46331 | AU57: =AT57-$AU$35 -> 46316 | AV57: =AG57-$AV$35 -> 46390 | AW57: =AV57-$AW$35 -> 46380 | AX57: =AW57-AY57 -> 125 | AY57: 46255 | AZ57: JK02-2280 | BA57: Boatlanding Section & Details
B58: JKT | C58: UPD1 | D58: JKT-02 | F58: 02J | H58: 4 | I58: Lifting Padeye of Row1 | L58: N/A | M58: N/A | N58: N/A | O58: N/A | P58: N/A | R58: 10 | U58: =R58*AJ58*8 -> 263.056 | X58: N/A | Y58: N/A | Z58: N/A | AA58: =SUMIFS('[36]frm P6'!$J:$J,'[36]frm P6'!D:D,[36]Schedule!B58,'[36]frm P6'!E:E,[36]Schedule!C58,'[36]frm P6'!F:F,[36]Schedule!D58,'[36]frm P6'!G:G,[36]Schedule!$Z$35,'[36]frm P6'!H:H,[36]Schedule!F58) -> 46412 | AB58: =SUMIFS('[36]frm P6'!$K:$K,'[36]frm P6'!D:D,[36]Schedule!B58,'[36]frm P6'!E:E,[36]Schedule!C58,'[36]frm P6'!F:F,[36]Schedule!D58,'[36]frm P6'!G:G,[36]Schedule!$Z$35,'[36]frm P6'!H:H,[36]Schedule!F58) -> 46450 | AC58: =AB58-AA58+1 -> 39 | AD58: 3.2882 | AE58: 2 | AG58: =SUMIFS('[36]frm P6'!$J:$J,'[36]frm P6'!D:D,[36]Schedule!B58,'[36]frm P6'!E:E,[36]Schedule!C58,'[36]frm P6'!F:F,[36]Schedule!D58,'[36]frm P6'!G:G,[36]Schedule!$AF$3,'[36]frm P6'!H:H,[36]Schedule!F58) -> 46366 | AH58: =SUMIFS('[36]frm P6'!$K:$K,'[36]frm P6'!D:D,[36]Schedule!B58,'[36]frm P6'!E:E,[36]Schedule!C58,'[36]frm P6'!F:F,[36]Schedule!D58,'[36]frm P6'!G:G,[36]Schedule!$AF$3,'[36]frm P6'!H:H,[36]Schedule!F58) -> 46412 | AI58: =AH58-AG58+1 -> 47 | AJ58: 3.2882 | AK58: 2 | AM58: N/A | AN58: N/A | AO58: N/A | AR58: 60 | AS58: =AG58-$AS$35 -> 46363 | AT58: =AS58-$AT$35 -> 46303 | AU58: =AT58-$AU$35 -> 46288 | AV58: =AG58-$AV$35 -> 46362 | AW58: =AV58-$AW$35 -> 46352 | AX58: =AW58-AY58 -> 48 | AY58: 46304 | AZ58: JK02-1890 | BA58: Lifting Padeye Details
B59: JKT | C59: S03A | D59: JKT-02 | F59: 02J | H59: 5 | I59: S3 Mudmats | L59: =SUMIFS('[36]frm P6'!$J:$J,'[36]frm P6'!D:D,[36]Schedule!B59,'[36]frm P6'!E:E,[36]Schedule!C59,'[36]frm P6'!F:F,[36]Schedule!D59,'[36]frm P6'!G:G,[36]Schedule!$K$35,'[36]frm P6'!H:H,[36]Schedule!F59) -> 46456 | M59: =SUMIFS('[36]frm P6'!$K:$K,'[36]frm P6'!D:D,[36]Schedule!B59,'[36]frm P6'!E:E,[36]Schedule!C59,'[36]frm P6'!F:F,[36]Schedule!D59,'[36]frm P6'!G:G,[36]Schedule!$K$35,'[36]frm P6'!H:H,[36]Schedule!F59) -> 46470 | N59: =M59-L59+1 -> 15 | O59: 43 | P59: 12 | R59: 6.5 | U59: =R59*AJ59*8 -> 2236 | X59: N/A | Y59: N/A | Z59: N/A | AA59: N/A | AB59: N/A | AC59: N/A | AD59: N/A | AE59: N/A | AG59: =SUMIFS('[36]frm P6'!$J:$J,'[36]frm P6'!D:D,[36]Schedule!B59,'[36]frm P6'!E:E,[36]Schedule!C59,'[36]frm P6'!F:F,[36]Schedule!D59,'[36]frm P6'!G:G,[36]Schedule!$AF$3,'[36]frm P6'!H:H,[36]Schedule!F59) -> 46374 | AH59: =SUMIFS('[36]frm P6'!$K:$K,'[36]frm P6'!D:D,[36]Schedule!B59,'[36]frm P6'!E:E,[36]Schedule!C59,'[36]frm P6'!F:F,[36]Schedule!D59,'[36]frm P6'!G:G,[36]Schedule!$AF$3,'[36]frm P6'!H:H,[36]Schedule!F59) -> 46442 | AI59: =AH59-AG59+1 -> 69 | AJ59: 43 | AK59: 12 | AM59: N/A | AN59: N/A | AO59: N/A | AR59: 60 | AS59: =AG59-$AS$35 -> 46371 | AT59: =AS59-$AT$35 -> 46311 | AU59: =AT59-$AU$35 -> 46296 | AV59: =AG59-$AV$35 -> 46370 | AW59: =AV59-$AW$35 -> 46360 | AX59: =AW59-AY59 -> 63 | AY59: 46297 | AZ59: JK02-1770 | BA59: Mudmat Layout & Details
B60: JKT | C60: STB | D60: JKT-02 | F60: 02J | H60: 6 | I60: Stub of Caisson & Riser | L60: N/A | M60: N/A | N60: N/A | O60: N/A | P60: N/A | R60: 5 | U60: =R60*AJ60*8 -> 40.565856 | X60: N/A | Y60: N/A | Z60: N/A | AA60: =SUMIFS('[36]frm P6'!$J:$J,'[36]frm P6'!D:D,[36]Schedule!B60,'[36]frm P6'!E:E,[36]Schedule!C60,'[36]frm P6'!F:F,[36]Schedule!D60,'[36]frm P6'!G:G,[36]Schedule!$Z$35,'[36]frm P6'!H:H,[36]Schedule!F60) -> 46462 | AB60: =SUMIFS('[36]frm P6'!$K:$K,'[36]frm P6'!D:D,[36]Schedule!B60,'[36]frm P6'!E:E,[36]Schedule!C60,'[36]frm P6'!F:F,[36]Schedule!D60,'[36]frm P6'!G:G,[36]Schedule!$Z$35,'[36]frm P6'!H:H,[36]Schedule!F60) -> 46489 | AC60: =AB60-AA60+1 -> 28 | AD60: 1.0141464 | AE60: 9 | AG60: =SUMIFS('[36]frm P6'!$J:$J,'[36]frm P6'!D:D,[36]Schedule!B60,'[36]frm P6'!E:E,[36]Schedule!C60,'[36]frm P6'!F:F,[36]Schedule!D60,'[36]frm P6'!G:G,[36]Schedule!$AF$3,'[36]frm P6'!H:H,[36]Schedule!F60) -> 46406 | AH60: =SUMIFS('[36]frm P6'!$K:$K,'[36]frm P6'!D:D,[36]Schedule!B60,'[36]frm P6'!E:E,[36]Schedule!C60,'[36]frm P6'!F:F,[36]Schedule!D60,'[36]frm P6'!G:G,[36]Schedule!$AF$3,'[36]frm P6'!H:H,[36]Schedule!F60) -> 46437 | AI60: =AH60-AG60+1 -> 32 | AJ60: 1.0141464 | AK60: 9 | AM60: N/A | AN60: N/A | AO60: N/A | AR60: 60 | AS60: =AG60-$AS$35 -> 46403 | AT60: =AS60-$AT$35 -> 46343 | AU60: =AT60-$AU$35 -> 46328 | AV60: =AG60-$AV$35 -> 46402 | AW60: =AV60-$AW$35 -> 46392 | AX60: =AW60-AY60 -> 104 | AY60: 46288 | AZ60: JK02-1830 | BA60: Caisson Support Section & Details
B61: JKT | C61: CLP | D61: JKT-02 | F61: 02J | H61: 7 | I61: Riser Clamp | L61: N/A | M61: N/A | N61: N/A | O61: N/A | P61: N/A | R61: 6.5 | U61: =R61*AJ61*8 -> 312 | X61: N/A | Y61: N/A | Z61: N/A | AA61: =SUMIFS('[36]frm P6'!$J:$J,'[36]frm P6'!D:D,[36]Schedule!B61,'[36]frm P6'!E:E,[36]Schedule!C61,'[36]frm P6'!F:F,[36]Schedule!D61,'[36]frm P6'!G:G,[36]Schedule!$Z$35,'[36]frm P6'!H:H,[36]Schedule!F61) -> 46496 | AB61: =SUMIFS('[36]frm P6'!$K:$K,'[36]frm P6'!D:D,[36]Schedule!B61,'[36]frm P6'!E:E,[36]Schedule!C61,'[36]frm P6'!F:F,[36]Schedule!D61,'[36]frm P6'!G:G,[36]Schedule!$Z$35,'[36]frm P6'!H:H,[36]Schedule!F61) -> 46533 | AC61: =AB61-AA61+1 -> 38 | AD61: 6 | AE61: 24 | AG61: =SUMIFS('[36]frm P6'!$J:$J,'[36]frm P6'!D:D,[36]Schedule!B61,'[36]frm P6'!E:E,[36]Schedule!C61,'[36]frm P6'!F:F,[36]Schedule!D61,'[36]frm P6'!G:G,[36]Schedule!$AF$3,'[36]frm P6'!H:H,[36]Schedule!F61) -> 46462 | AH61: =SUMIFS('[36]frm P6'!$K:$K,'[36]frm P6'!D:D,[36]Schedule!B61,'[36]frm P6'!E:E,[36]Schedule!C61,'[36]frm P6'!F:F,[36]Schedule!D61,'[36]frm P6'!G:G,[36]Schedule!$AF$3,'[36]frm P6'!H:H,[36]Schedule!F61) -> 46494 | AI61: =AH61-AG61+1 -> 33 | AJ61: 6 | AK61: 24 | AM61: N/A | AN61: N/A | AO61: N/A | AR61: 60 | AS61: =AG61-$AS$35 -> 46459 | AT61: =AS61-$AT$35 -> 46399 | AU61: =AT61-$AU$35 -> 46384 | AV61: =AG61-$AV$35 -> 46458 | AW61: =AV61-$AW$35 -> 46448 | AX61: =AW61-AY61 -> 168 | AY61: 46280 | AZ61: RS02-1410 | BA61: Risers Isometric Drawing
B62: JKT | C62: BOL | D62: JKT-02 | F62: 02J | H62: 8 | I62: S11 Boat Landing | L62: =SUMIFS('[36]frm P6'!$J:$J,'[36]frm P6'!D:D,[36]Schedule!B62,'[36]frm P6'!E:E,[36]Schedule!C62,'[36]frm P6'!F:F,[36]Schedule!D62,'[36]frm P6'!G:G,[36]Schedule!$K$35,'[36]frm P6'!H:H,[36]Schedule!F62) -> 46569 | M62: =SUMIFS('[36]frm P6'!$K:$K,'[36]frm P6'!D:D,[36]Schedule!B62,'[36]frm P6'!E:E,[36]Schedule!C62,'[36]frm P6'!F:F,[36]Schedule!D62,'[36]frm P6'!G:G,[36]Schedule!$K$35,'[36]frm P6'!H:H,[36]Schedule!F62) -> 46585 | N62: =M62-L62+1 -> 17 | O62: 76.4 | P62: 1 | R62: 16 | U62: =R62*AJ62*8 -> 9779.2 | X62: =SUMIFS('[36]frm P6'!$J:$J,'[36]frm P6'!D:D,[36]Schedule!B62,'[36]frm P6'!E:E,[36]Schedule!C62,'[36]frm P6'!G:G,[36]Schedule!$W$3,'[36]frm P6'!H:H,[36]Schedule!F62) -> 46534 | Y62: =SUMIFS('[36]frm P6'!$K:$K,'[36]frm P6'!D:D,[36]Schedule!B62,'[36]frm P6'!E:E,[36]Schedule!C62,'[36]frm P6'!G:G,[36]Schedule!$W$3,'[36]frm P6'!H:H,[36]Schedule!F62) -> 46552 | Z62: =Y62-X62+1 -> 19 | AA62: N/A | AB62: N/A | AC62: N/A | AD62: N/A | AE62: N/A | AG62: =SUMIFS('[36]frm P6'!$J:$J,'[36]frm P6'!D:D,[36]Schedule!B62,'[36]frm P6'!E:E,[36]Schedule!C62,'[36]frm P6'!F:F,[36]Schedule!D62,'[36]frm P6'!G:G,[36]Schedule!$AF$3,'[36]frm P6'!H:H,[36]Schedule!F62) -> 46480 | AH62: =SUMIFS('[36]frm P6'!$K:$K,'[36]frm P6'!D:D,[36]Schedule!B62,'[36]frm P6'!E:E,[36]Schedule!C62,'[36]frm P6'!F:F,[36]Schedule!D62,'[36]frm P6'!G:G,[36]Schedule!$AF$3,'[36]frm P6'!H:H,[36]Schedule!F62) -> 46528 | AI62: =AH62-AG62+1 -> 49 | AJ62: 76.4 | AK62: 1 | AM62: N/A | AN62: N/A | AO62: N/A | AR62: 60 | AS62: =AG62-$AS$35 -> 46477 | AT62: =AS62-$AT$35 -> 46417 | AU62: =AT62-$AU$35 -> 46402 | AV62: =AG62-$AV$35 -> 46476 | AW62: =AV62-$AW$35 -> 46466 | AX62: =AW62-AY62 -> 211 | AY62: 46255 | AZ62: JK02-2280 | BA62: Boatlanding Section & Details
B63: JKT | C63: RISER | D63: JKT-04 | F63: 02J | H63: 9 | I63: S10-1 Riser | L63: =SUMIFS('[36]frm P6'!$J:$J,'[36]frm P6'!D:D,[36]Schedule!B63,'[36]frm P6'!E:E,[36]Schedule!C63,'[36]frm P6'!F:F,[36]Schedule!D63,'[36]frm P6'!G:G,[36]Schedule!$K$35,'[36]frm P6'!H:H,[36]Schedule!F63) -> 46538 | M63: =SUMIFS('[36]frm P6'!$K:$K,'[36]frm P6'!D:D,[36]Schedule!B63,'[36]frm P6'!E:E,[36]Schedule!C63,'[36]frm P6'!F:F,[36]Schedule!D63,'[36]frm P6'!G:G,[36]Schedule!$K$35,'[36]frm P6'!H:H,[36]Schedule!F63) -> 46543 | N63: =M63-L63+1 -> 6 | O63: 8 | P63: 3 | R63: 12 | U63: =R63*AJ63*8 -> 768 | X63: =SUMIFS('[36]frm P6'!$J:$J,'[36]frm P6'!D:D,[36]Schedule!B63,'[36]frm P6'!E:E,[36]Schedule!C63,'[36]frm P6'!G:G,[36]Schedule!$W$3,'[36]frm P6'!H:H,[36]Schedule!F63) -> 46506 | Y63: =SUMIFS('[36]frm P6'!$K:$K,'[36]frm P6'!D:D,[36]Schedule!B63,'[36]frm P6'!E:E,[36]Schedule!C63,'[36]frm P6'!G:G,[36]Schedule!$W$3,'[36]frm P6'!H:H,[36]Schedule!F63) -> 46532 | Z63: =Y63-X63+1 -> 27 | AA63: N/A | AB63: N/A | AC63: N/A | AD63: N/A | AE63: N/A | AG63: =SUMIFS('[36]frm P6'!$J:$J,'[36]frm P6'!D:D,[36]Schedule!B63,'[36]frm P6'!E:E,[36]Schedule!C63,'[36]frm P6'!F:F,[36]Schedule!D63,'[36]frm P6'!G:G,[36]Schedule!$AF$3,'[36]frm P6'!H:H,[36]Schedule!F63) -> 46466 | AH63: =SUMIFS('[36]frm P6'!$K:$K,'[36]frm P6'!D:D,[36]Schedule!B63,'[36]frm P6'!E:E,[36]Schedule!C63,'[36]frm P6'!F:F,[36]Schedule!D63,'[36]frm P6'!G:G,[36]Schedule!$AF$3,'[36]frm P6'!H:H,[36]Schedule!F63) -> 46520 | AI63: =AH63-AG63+1 -> 55 | AJ63: 8 | AK63: 3 | AM63: N/A | AN63: N/A | AO63: N/A | AS63: =AG63-$AS$35 -> 46463 | AT63: N/A | AU63: N/A | AV63: =AG63-$AV$35 -> 46462 | AW63: =AV63-$AW$35 -> 46452 | AX63: =AW63-AY63 -> 172 | AY63: 46280 | AZ63: RS02-1410 | BA63: Risers Isometric Drawing
B64: JKT | C64: UPD2 | D64: JKT-02 | F64: 02J | H64: 10 | I64: Lifting Padeye of Row2 | L64: N/A | M64: N/A | N64: N/A | O64: N/A | P64: N/A | R64: 10 | U64: =R64*AJ64*8 -> 263.056 | X64: N/A | Y64: N/A | Z64: N/A | AA64: =SUMIFS('[36]frm P6'!$J:$J,'[36]frm P6'!D:D,[36]Schedule!B64,'[36]frm P6'!E:E,[36]Schedule!C64,'[36]frm P6'!F:F,[36]Schedule!D64,'[36]frm P6'!G:G,[36]Schedule!$Z$35,'[36]frm P6'!H:H,[36]Schedule!F64) -> 46471 | AB64: =SUMIFS('[36]frm P6'!$K:$K,'[36]frm P6'!D:D,[36]Schedule!B64,'[36]frm P6'!E:E,[36]Schedule!C64,'[36]frm P6'!F:F,[36]Schedule!D64,'[36]frm P6'!G:G,[36]Schedule!$Z$35,'[36]frm P6'!H:H,[36]Schedule!F64) -> 46500 | AC64: =AB64-AA64+1 -> 30 | AD64: 3.2882 | AE64: 2 | AG64: =SUMIFS('[36]frm P6'!$J:$J,'[36]frm P6'!D:D,[36]Schedule!B64,'[36]frm P6'!E:E,[36]Schedule!C64,'[36]frm P6'!F:F,[36]Schedule!D64,'[36]frm P6'!G:G,[36]Schedule!$AF$3,'[36]frm P6'!H:H,[36]Schedule!F64) -> 46420 | AH64: =SUMIFS('[36]frm P6'!$K:$K,'[36]frm P6'!D:D,[36]Schedule!B64,'[36]frm P6'!E:E,[36]Schedule!C64,'[36]frm P6'!F:F,[36]Schedule!D64,'[36]frm P6'!G:G,[36]Schedule!$AF$3,'[36]frm P6'!H:H,[36]Schedule!F64) -> 46470 | AI64: =AH64-AG64+1 -> 51 | AJ64: 3.2882 | AK64: 2 | AM64: N/A | AN64: N/A | AO64: N/A | AR64: 60 | AS64: =AG64-$AS$35 -> 46417 | AT64: =AS64-$AT$35 -> 46357 | AU64: =AT64-$AU$35 -> 46342 | AV64: =AG64-$AV$35 -> 46416 | AW64: =AV64-$AW$35 -> 46406 | AX64: =AW64-AY64 -> 102 | AY64: 46304 | AZ64: JK02-1890 | BA64: Lifting Padeye Details
B65: JKT | C65: CASSION | D65: JKT-02 | F65: 02J | G65: =F65&C65 -> 02JCASSION | H65: 11 | I65: Caisson | L65: =SUMIFS('[36]frm P6'!$J:$J,'[36]frm P6'!D:D,[36]Schedule!B65,'[36]frm P6'!E:E,[36]Schedule!C65,'[36]frm P6'!F:F,[36]Schedule!D65,'[36]frm P6'!G:G,[36]Schedule!$K$35,'[36]frm P6'!H:H,[36]Schedule!F65) -> 46529 | M65: =SUMIFS('[36]frm P6'!$K:$K,'[36]frm P6'!D:D,[36]Schedule!B65,'[36]frm P6'!E:E,[36]Schedule!C65,'[36]frm P6'!F:F,[36]Schedule!D65,'[36]frm P6'!G:G,[36]Schedule!$K$35,'[36]frm P6'!H:H,[36]Schedule!F65) -> 46539 | N65: =M65-L65+1 -> 11 | O65: 9.4657 | P65: 1 | R65: 8 | U65: =R65*AJ65*8 -> 605.8048 | X65: N/A | Y65: N/A | Z65: N/A | AA65: N/A | AB65: N/A | AC65: N/A | AD65: N/A | AE65: N/A | AG65: =SUMIFS('[36]frm P6'!$J:$J,'[36]frm P6'!D:D,[36]Schedule!B65,'[36]frm P6'!E:E,[36]Schedule!C65,'[36]frm P6'!F:F,[36]Schedule!D65,'[36]frm P6'!G:G,[36]Schedule!$AF$3,'[36]frm P6'!H:H,[36]Schedule!F65) -> 46487 | AH65: =SUMIFS('[36]frm P6'!$K:$K,'[36]frm P6'!D:D,[36]Schedule!B65,'[36]frm P6'!E:E,[36]Schedule!C65,'[36]frm P6'!F:F,[36]Schedule!D65,'[36]frm P6'!G:G,[36]Schedule!$AF$3,'[36]frm P6'!H:H,[36]Schedule!F65) -> 46529 | AI65: =AH65-AG65+1 -> 43 | AJ65: 9.4657 | AK65: 1 | AM65: N/A | AN65: N/A | AO65: N/A | AR65: 60 | AS65: =AG65-$AS$35 -> 46484 | AT65: =AS65-$AT$35 -> 46424 | AU65: =AT65-$AU$35 -> 46409 | AV65: =AG65-$AV$35 -> 46483 | AW65: =AV65-$AW$35 -> 46473 | AX65: =AW65-AY65 -> 156 | AY65: 46317 | AZ65: JK02-1080 | BA65: Jacket Lifting Analysis Report
B66: JKT | C66: WHL | D66: JKT-02 | F66: 02J | H66: 12 | I66: S12 Handrail Panels and Staircase | L66: =SUMIFS('[36]frm P6'!$J:$J,'[36]frm P6'!D:D,[36]Schedule!B66,'[36]frm P6'!E:E,[36]Schedule!C66,'[36]frm P6'!F:F,[36]Schedule!D66,'[36]frm P6'!G:G,[36]Schedule!$K$35,'[36]frm P6'!H:H,[36]Schedule!F66) -> 46578 | M66: =SUMIFS('[36]frm P6'!$K:$K,'[36]frm P6'!D:D,[36]Schedule!B66,'[36]frm P6'!E:E,[36]Schedule!C66,'[36]frm P6'!F:F,[36]Schedule!D66,'[36]frm P6'!G:G,[36]Schedule!$K$35,'[36]frm P6'!H:H,[36]Schedule!F66) -> 46591 | N66: =M66-L66+1 -> 14 | O66: 6 | P66: 4 | R66: 15 | U66: =R66*AJ66*8 -> 720 | X66: =SUMIFS('[36]frm P6'!$J:$J,'[36]frm P6'!D:D,[36]Schedule!B66,'[36]frm P6'!E:E,[36]Schedule!C66,'[36]frm P6'!G:G,[36]Schedule!$W$3,'[36]frm P6'!H:H,[36]Schedule!F66) -> 46557 | Y66: =SUMIFS('[36]frm P6'!$K:$K,'[36]frm P6'!D:D,[36]Schedule!B66,'[36]frm P6'!E:E,[36]Schedule!C66,'[36]frm P6'!G:G,[36]Schedule!$W$3,'[36]frm P6'!H:H,[36]Schedule!F66) -> 46574 | Z66: =Y66-X66+1 -> 18 | AA66: N/A | AB66: N/A | AC66: N/A | AD66: N/A | AE66: N/A | AG66: =SUMIFS('[36]frm P6'!$J:$J,'[36]frm P6'!D:D,[36]Schedule!B66,'[36]frm P6'!E:E,[36]Schedule!C66,'[36]frm P6'!F:F,[36]Schedule!D66,'[36]frm P6'!G:G,[36]Schedule!$AF$3,'[36]frm P6'!H:H,[36]Schedule!F66) -> 46524 | AH66: =SUMIFS('[36]frm P6'!$K:$K,'[36]frm P6'!D:D,[36]Schedule!B66,'[36]frm P6'!E:E,[36]Schedule!C66,'[36]frm P6'!F:F,[36]Schedule!D66,'[36]frm P6'!G:G,[36]Schedule!$AF$3,'[36]frm P6'!H:H,[36]Schedule!F66) -> 46557 | AI66: =AH66-AG66+1 -> 34 | AJ66: 6 | AK66: 4 | AM66: N/A | AN66: N/A | AO66: N/A | AR66: 60 | AS66: =AG66-$AS$35 -> 46521 | AT66: =AS66-$AT$35 -> 46461 | AU66: =AT66-$AU$35 -> 46446 | AV66: =AG66-$AV$35 -> 46520 | AW66: =AV66-$AW$35 -> 46510 | AX66: =AW66-AY66 -> 208 | AY66: 46302 | AZ66: JK02-1710 | BA66: Access Walkway Layout & Details
B67: JKT | C67: TRP | D67: JKT-02 | F67: 02J | H67: 13 | I67: S13 Temporary Rigging Platform | L67: =SUMIFS('[36]frm P6'!$J:$J,'[36]frm P6'!D:D,[36]Schedule!B67,'[36]frm P6'!E:E,[36]Schedule!C67,'[36]frm P6'!F:F,[36]Schedule!D67,'[36]frm P6'!G:G,[36]Schedule!$K$35,'[36]frm P6'!H:H,[36]Schedule!F67) -> 46592 | M67: =SUMIFS('[36]frm P6'!$K:$K,'[36]frm P6'!D:D,[36]Schedule!B67,'[36]frm P6'!E:E,[36]Schedule!C67,'[36]frm P6'!F:F,[36]Schedule!D67,'[36]frm P6'!G:G,[36]Schedule!$K$35,'[36]frm P6'!H:H,[36]Schedule!F67) -> 46601 | N67: =M67-L67+1 -> 10 | O67: 5 | P67: 1 | R67: 7 | U67: =R67*AJ67*8 -> 280 | X67: N/A | Y67: N/A | Z67: N/A | AA67: N/A | AB67: N/A | AC67: N/A | AD67: N/A | AE67: N/A | AG67: =SUMIFS('[36]frm P6'!$J:$J,'[36]frm P6'!D:D,[36]Schedule!B67,'[36]frm P6'!E:E,[36]Schedule!C67,'[36]frm P6'!F:F,[36]Schedule!D67,'[36]frm P6'!G:G,[36]Schedule!$AF$3,'[36]frm P6'!H:H,[36]Schedule!F67) -> 46549 | AH67: =SUMIFS('[36]frm P6'!$K:$K,'[36]frm P6'!D:D,[36]Schedule!B67,'[36]frm P6'!E:E,[36]Schedule!C67,'[36]frm P6'!F:F,[36]Schedule!D67,'[36]frm P6'!G:G,[36]Schedule!$AF$3,'[36]frm P6'!H:H,[36]Schedule!F67) -> 46584 | AI67: =AH67-AG67+1 -> 36 | AJ67: 5 | AK67: 1 | AM67: N/A | AN67: N/A | AO67: N/A | AR67: 60 | AS67: =AG67-$AS$35 -> 46546 | AT67: =AS67-$AT$35 -> 46486 | AU67: =AT67-$AU$35 -> 46471 | AV67: =AG67-$AV$35 -> 46545 | AW67: =AV67-$AW$35 -> 46535 | AX67: =AW67-AY67 -> 224 | AY67: 46311 | AZ67: JK02-1920 | BA67: Lowering Sequence
B68: JKT | C68: Rest01 | D68: JKT-02 | F68: 02J | H68: 15 | I68: Spacer and Knee etc | L68: N/A | M68: N/A | N68: N/A | O68: N/A | P68: N/A | R68: 3 | U68: =R68*AJ68*8 -> #VALUE! | X68: N/A | Y68: N/A | Z68: N/A | AA68: =SUMIFS('[36]frm P6'!$J:$J,'[36]frm P6'!D:D,[36]Schedule!B68,'[36]frm P6'!E:E,[36]Schedule!C68,'[36]frm P6'!F:F,[36]Schedule!D68,'[36]frm P6'!G:G,[36]Schedule!$Z$35,'[36]frm P6'!H:H,[36]Schedule!F68) -> 46522 | AB68: =SUMIFS('[36]frm P6'!$K:$K,'[36]frm P6'!D:D,[36]Schedule!B68,'[36]frm P6'!E:E,[36]Schedule!C68,'[36]frm P6'!F:F,[36]Schedule!D68,'[36]frm P6'!G:G,[36]Schedule!$Z$35,'[36]frm P6'!H:H,[36]Schedule!F68) -> 46539 | AC68: =AB68-AA68+1 -> 18 | AE68: 76 | AG68: =SUMIFS('[36]frm P6'!$J:$J,'[36]frm P6'!D:D,[36]Schedule!B68,'[36]frm P6'!E:E,[36]Schedule!C68,'[36]frm P6'!F:F,[36]Schedule!D68,'[36]frm P6'!G:G,[36]Schedule!$AF$3,'[36]frm P6'!H:H,[36]Schedule!F68) -> 46492 | AH68: =SUMIFS('[36]frm P6'!$K:$K,'[36]frm P6'!D:D,[36]Schedule!B68,'[36]frm P6'!E:E,[36]Schedule!C68,'[36]frm P6'!F:F,[36]Schedule!D68,'[36]frm P6'!G:G,[36]Schedule!$AF$3,'[36]frm P6'!H:H,[36]Schedule!F68) -> 46521 | AI68: N/A | AJ68: N/A | AK68: N/A | AM68: N/A | AN68: N/A | AO68: N/A | AR68: 90 | AS68: =AG68-$AS$35 -> 46489 | AT68: =AS68-$AT$3 -> 46429 | AU68: =AT68-$AU$3 -> 46414 | AV68: =AG68-$AV$35 -> 46488 | AW68: =AV68-$AW$35 -> 46478 | AX68: =AW68-AY68 -> 167 | AY68: 46311 | AZ68: JK02-1920 | BA68: Lowering Sequence
B69: JKT | C69: Rest02 | D69: JKT-02 | F69: 02J | H69: 15 | I69: Shim and TP etc | L69: =SUMIFS('[36]frm P6'!$J:$J,'[36]frm P6'!D:D,[36]Schedule!B69,'[36]frm P6'!E:E,[36]Schedule!C69,'[36]frm P6'!F:F,[36]Schedule!D69,'[36]frm P6'!G:G,[36]Schedule!$K$35,'[36]frm P6'!H:H,[36]Schedule!F69) -> 46588 | M69: =SUMIFS('[36]frm P6'!$K:$K,'[36]frm P6'!D:D,[36]Schedule!B69,'[36]frm P6'!E:E,[36]Schedule!C69,'[36]frm P6'!F:F,[36]Schedule!D69,'[36]frm P6'!G:G,[36]Schedule!$K$35,'[36]frm P6'!H:H,[36]Schedule!F69) -> 46605 | N69: =M69-L69+1 -> 18 | O69: N/A | P69: N/A | R69: 3 | U69: =R69*AJ69*8 -> #VALUE! | X69: N/A | Y69: N/A | Z69: N/A | AA69: N/A | AB69: N/A | AC69: N/A | AE69: 76 | AG69: =SUMIFS('[36]frm P6'!$J:$J,'[36]frm P6'!D:D,[36]Schedule!B69,'[36]frm P6'!E:E,[36]Schedule!C69,'[36]frm P6'!F:F,[36]Schedule!D69,'[36]frm P6'!G:G,[36]Schedule!$AF$3,'[36]frm P6'!H:H,[36]Schedule!F69) -> 46553 | AH69: =SUMIFS('[36]frm P6'!$K:$K,'[36]frm P6'!D:D,[36]Schedule!B69,'[36]frm P6'!E:E,[36]Schedule!C69,'[36]frm P6'!F:F,[36]Schedule!D69,'[36]frm P6'!G:G,[36]Schedule!$AF$3,'[36]frm P6'!H:H,[36]Schedule!F69) -> 46576 | AI69: N/A | AJ69: N/A | AK69: N/A | AM69: N/A | AN69: N/A | AO69: N/A | AR69: 90 | AS69: =AG69-$AS$35 -> 46550 | AT69: =AS69-$AT$3 -> 46490 | AU69: =AT69-$AU$3 -> 46475 | AV69: =AG69-$AV$35 -> 46549 | AW69: =AV69-$AW$35 -> 46539 | AX69: =AW69-AY69 -> 228 | AY69: 46311 | AZ69: JK02-1920 | BA69: Lowering Sequence
B70: JKT | C70: NOD | D70: JKT-02 | F70: 02J | H70: 14 | I70: Anode | L70: N/A | M70: N/A | N70: N/A | O70: N/A | P70: N/A | R70: 3 | U70: =R70*AJ70*8 -> #VALUE! | X70: N/A | Y70: N/A | Z70: N/A | AA70: =SUMIFS('[36]frm P6'!$J:$J,'[36]frm P6'!D:D,[36]Schedule!B70,'[36]frm P6'!E:E,[36]Schedule!C70,'[36]frm P6'!F:F,[36]Schedule!D70,'[36]frm P6'!G:G,[36]Schedule!$Z$35,'[36]frm P6'!H:H,[36]Schedule!F70) -> 46398 | AB70: =SUMIFS('[36]frm P6'!$K:$K,'[36]frm P6'!D:D,[36]Schedule!B70,'[36]frm P6'!E:E,[36]Schedule!C70,'[36]frm P6'!F:F,[36]Schedule!D70,'[36]frm P6'!G:G,[36]Schedule!$Z$35,'[36]frm P6'!H:H,[36]Schedule!F70) -> 46498 | AC70: =AB70-AA70+1 -> 101 | AE70: 76 | AG70: N/A | AH70: N/A | AI70: N/A | AJ70: N/A | AK70: N/A | AM70: N/A | AN70: N/A | AO70: N/A | AR70: 90 | AS70: =AA70-$AS$3 -> 46395 | AT70: =AS70-$AT$3 -> 46335 | AU70: =AT70-$AU$3 -> 46320 | AV70: =AA70-$AV$35 -> 46394 | AW70: =AV70-$AW$35 -> 46384 | AX70: =AW70-AY70 -> 77 | AY70: 46307 | AZ70: JK02-1740 | BA70: Anode Layout & Details
H73: PRECOM & RFLO OF JACKET
B74: UNIT | C74: WF | D74: IWP | E74: PHASE | F74: CWP | H74: N° | I74: Task /Activity Group | J74: W-T | L74: P Start | M74: P Finish | N74: Dur
B75: WPA01 | H75: WPA01 PRECOM & RFLO | L75: =MIN(L76:L78) -> 46541 | M75: =MAX(M76:M78) -> 46596 | N75: =M75-L75+1 -> 56
B76: JKT | C76: TEST | D76: JKT-04 | E76: ERECT | F76: 01J | H76: 1 | I76: Hydrotesting and Other Testing | L76: ='[36]frm P6'!J3990 -> 46541 | M76: ='[36]frm P6'!K3990 -> 46564 | N76: =M76-L76+1 -> 24
B77: JKT | C77: BOL | D77: JKT-04 | E77: ERECT | F77: 01J | H77: 2 | I77: Jacket Pre-commissioning & MC | L77: ='[36]frm P6'!J3994 -> 46578 | M77: ='[36]frm P6'!K3994 -> 46596 | N77: =M77-L77+1 -> 19
B78: JKT | C78: TOUCH | D78: JKT-04 | E78: ERECT | F78: 01J | H78: 3 | I78: Jacket Ready for load out | M78: ='[36]frm P6'!K4017 -> 28-Jul-27*
B79: WPA02 | H79: WPA02 PRECOM & RFLO | L79: =MIN(L80:L82) -> 46576 | M79: =MAX(M80:M82) -> 46627 | N79: =M79-L79+1 -> 52
B80: JKT | C80: TEST | D80: JKT-04 | E80: ERECT | F80: 02J | H80: 1 | I80: Hydrotesting and Other Testing | L80: ='[36]frm P6'!J4101 -> 46576 | M80: ='[36]frm P6'!K4101 -> 46597 | N80: =M80-L80+1 -> 22
B81: JKT | C81: BOL | D81: JKT-04 | E81: ERECT | F81: 02J | H81: 2 | I81: Jacket Pre-commissioning & MC | L81: ='[36]frm P6'!J4106 -> 46610 | M81: ='[36]frm P6'!K4106 -> 46627 | N81: =M81-L81+1 -> 18
B82: JKT | C82: RFLO | D82: JKT-05 | E82: ERECT | F82: 02J | H82: 5 | I82: Jacket Ready for load out | M82: ='[36]frm P6'!K4078 -> 04-Sep-27*
B84: PILE FABRICATION | H84: PILE FABRICATION | L84: Pile Fabrication | AS84: 3 | AT84: 60 | AU84: 15 | AV84: 4 | AW84: 10 | AX84: Dur for SD
B85: UNIT | C85: WF | D85: IWP | E85: PHASE | F85: CWP | H85: N° | I85: Task /Activity Group | J85: W-T | L85: P Start | M85: P Finish | N85: Dur | O85: 管段/W | P85: 填充量 | Q85: 管径范围 | AR85: PR-ID | AS85: ETA | AT85: PO | AU85: MTO | AV85: IWP | AW85: CPY | AX85: SD | AZ85: ID | BA85: DWG DESC
B86: WPA01 | H86: PILE FABRICATION | L86: =MIN(L87:L90) -> 46422 | M86: =MAX(M87:M90) -> 46584 | N86: =M86-L86+1 -> 163 | AS86: =MIN(AS87:AS90) -> 46419 | AT86: =MIN(AT87:AT90) -> 46359 | AU86: =MIN(AU87:AU90) -> 46344 | AV86: =MIN(AV87:AV90) -> 46418 | AW86: =MIN(AW87:AW91) -> 46408
B87: PILE | C87: GEN | D87: PILE-01 | E87: CAN | F87: 01J | G87: =F87&E87&D87 -> 01JCANPILE-01 | H87: 1 | I87: Steel pile can rolling and welding | L87: =SUMIFS('[36]frm P6'!$J:$J,'[36]frm P6'!D:D,[36]Schedule!B87,'[36]frm P6'!E:E,[36]Schedule!C87,'[36]frm P6'!F:F,[36]Schedule!D87,'[36]frm P6'!G:G,[36]Schedule!E87,'[36]frm P6'!H:H,[36]Schedule!F87) -> 46422 | M87: =SUMIFS('[36]frm P6'!$K:$K,'[36]frm P6'!D:D,[36]Schedule!B87,'[36]frm P6'!E:E,[36]Schedule!C87,'[36]frm P6'!F:F,[36]Schedule!D87,'[36]frm P6'!G:G,[36]Schedule!E87,'[36]frm P6'!H:H,[36]Schedule!F87) -> 46484 | N87: =M87-L87+1 -> 63 | O87: 192 | P87: 3976.39 | Q87: 1371.6x44.45 | X87: N/A | Y87: N/A | Z87: N/A | AA87: N/A | AB87: N/A | AC87: N/A | AG87: N/A | AH87: N/A | AI87: N/A | AM87: N/A | AN87: N/A | AO87: N/A | AR87: 64 | AS87: =L87-$AS$35 -> 46419 | AT87: =AS87-$AT$35 -> 46359 | AU87: =AT87-$AU$35 -> 46344 | AV87: =L87-$AV$3 -> 46418 | AW87: =AV87-$AW$3 -> 46408 | AX87: =AW87-AY87 -> 108 | AY87: 46300 | AZ87: JK01-1890 | BA87: Pile Make Up & Details
B88: PILE | C88: GEN | D88: PILE-01 | E88: FAB/SPL | F88: 01J | G88: =F88&E88&D88 -> 01JFAB/SPLPILE-01 | H88: 2 | I88: Steel pile can extension and assembly | J88: 1088.7925 | L88: =SUMIFS('[36]frm P6'!$J:$J,'[36]frm P6'!D:D,[36]Schedule!B88,'[36]frm P6'!E:E,[36]Schedule!C88,'[36]frm P6'!F:F,[36]Schedule!D88,'[36]frm P6'!G:G,[36]Schedule!E88,'[36]frm P6'!H:H,[36]Schedule!F88) -> 46472 | M88: =SUMIFS('[36]frm P6'!$K:$K,'[36]frm P6'!D:D,[36]Schedule!B88,'[36]frm P6'!E:E,[36]Schedule!C88,'[36]frm P6'!F:F,[36]Schedule!D88,'[36]frm P6'!G:G,[36]Schedule!E88,'[36]frm P6'!H:H,[36]Schedule!F88) -> 46567 | N88: =M88-L88+1 -> 96 | O88: 176 | P88: 19209.3 | Q88: 1371.6x44.45 | X88: N/A | Y88: N/A | Z88: N/A | AA88: N/A | AB88: N/A | AC88: N/A | AG88: N/A | AH88: N/A | AI88: N/A | AM88: N/A | AN88: N/A | AO88: N/A
B89: PILE | C89: GEN | D89: PILE-01 | E89: COAT | F89: 01J | G89: =F89&E89&D89 -> 01JCOATPILE-01 | H89: 3 | I89: Pile marking and final inspection | J89: 1088.7925 | L89: =SUMIFS('[36]frm P6'!$J:$J,'[36]frm P6'!D:D,[36]Schedule!B89,'[36]frm P6'!E:E,[36]Schedule!C89,'[36]frm P6'!F:F,[36]Schedule!D89,'[36]frm P6'!G:G,[36]Schedule!E89,'[36]frm P6'!H:H,[36]Schedule!F89) -> 46555 | M89: =SUMIFS('[36]frm P6'!$K:$K,'[36]frm P6'!D:D,[36]Schedule!B89,'[36]frm P6'!E:E,[36]Schedule!C89,'[36]frm P6'!F:F,[36]Schedule!D89,'[36]frm P6'!G:G,[36]Schedule!E89,'[36]frm P6'!H:H,[36]Schedule!F89) -> 46584 | N89: =M89-L89+1 -> 30 | O89: 16 | X89: N/A | Y89: N/A | Z89: N/A | AA89: N/A | AB89: N/A | AC89: N/A | AG89: N/A | AH89: N/A | AI89: N/A | AM89: N/A | AN89: N/A | AO89: N/A | AR89: 64 | AS89: =L89-$AS$35 -> 46552 | AT89: =AS89-$AT$35 -> 46492 | AU89: =AT89-$AU$35 -> 46477 | AV89: =L89-$AV$3 -> 46551 | AW89: =AV89-$AW$3 -> 46541 | AX89: =AW89-AY89 -> 241 | AY89: 46300 | AZ89: JK01-1920 | BA89: Pile Marking Details
B90: PILE | C90: GEN | D90: PILE-01 | E90: GEN | F90: 01J | H90: 4 | I90: Piles Ready for Load Out | J90: 1088.7925 | M90: ='[36]frm P6'!K3966 -> 16-Jul-27* | O90: 16 | X90: N/A | Y90: N/A | Z90: N/A | AA90: N/A | AB90: N/A | AC90: N/A | AG90: N/A | AH90: N/A | AI90: N/A | AM90: N/A | AN90: N/A | AO90: N/A
B91: WPA02 | H91: PILE FABRICATION | L91: =MIN(L92:L95) -> 46472 | M91: =MAX(M92:M95) -> 46634 | N91: =M91-L91+1 -> 163 | AS91: =MIN(AS92:AS95) -> 46469 | AT91: =MIN(AT92:AT95) -> 46409 | AU91: =MIN(AU92:AU95) -> 46394 | AV91: =MIN(AV92:AV95) -> 46468 | AW91: =MIN(AW92:AW96) -> 46458
B92: PILE | C92: GEN | D92: PILE-01 | E92: CAN | F92: 02J | H92: 1 | I92: Steel pile can rolling and welding | L92: =SUMIFS('[36]frm P6'!$J:$J,'[36]frm P6'!D:D,[36]Schedule!B92,'[36]frm P6'!E:E,[36]Schedule!C92,'[36]frm P6'!F:F,[36]Schedule!D92,'[36]frm P6'!G:G,[36]Schedule!E92,'[36]frm P6'!H:H,[36]Schedule!F92) -> 46472 | M92: =SUMIFS('[36]frm P6'!$K:$K,'[36]frm P6'!D:D,[36]Schedule!B92,'[36]frm P6'!E:E,[36]Schedule!C92,'[36]frm P6'!F:F,[36]Schedule!D92,'[36]frm P6'!G:G,[36]Schedule!E92,'[36]frm P6'!H:H,[36]Schedule!F92) -> 46526 | N92: =M92-L92+1 -> 55 | O92: 192 | P92: 3976.39 | Q92: 1371.6x44.45 | X92: N/A | Y92: N/A | Z92: N/A | AA92: N/A | AB92: N/A | AC92: N/A | AG92: N/A | AH92: N/A | AI92: N/A | AM92: N/A | AN92: N/A | AO92: N/A | AR92: 64 | AS92: =L92-$AS$35 -> 46469 | AT92: =AS92-$AT$35 -> 46409 | AU92: =AT92-$AU$35 -> 46394 | AV92: =L92-$AV$3 -> 46468 | AW92: =AV92-$AW$3 -> 46458 | AX92: =AW92-AY92 -> 158 | AY92: 46300 | AZ92: JK02-1650 | BA92: Pile Make Up & Details
B93: PILE | C93: GEN | D93: PILE-01 | E93: FAB/SPL | F93: 02J | H93: 2 | I93: Steel pile can extension and assembly | L93: =SUMIFS('[36]frm P6'!$J:$J,'[36]frm P6'!D:D,[36]Schedule!B93,'[36]frm P6'!E:E,[36]Schedule!C93,'[36]frm P6'!F:F,[36]Schedule!D93,'[36]frm P6'!G:G,[36]Schedule!E93,'[36]frm P6'!H:H,[36]Schedule!F93) -> 46517 | M93: =SUMIFS('[36]frm P6'!$K:$K,'[36]frm P6'!D:D,[36]Schedule!B93,'[36]frm P6'!E:E,[36]Schedule!C93,'[36]frm P6'!F:F,[36]Schedule!D93,'[36]frm P6'!G:G,[36]Schedule!E93,'[36]frm P6'!H:H,[36]Schedule!F93) -> 46611 | N93: =M93-L93+1 -> 95 | O93: 176 | P93: 19209.3 | Q93: 1371.6x44.45 | X93: N/A | Y93: N/A | Z93: N/A | AA93: N/A | AB93: N/A | AC93: N/A | AG93: N/A | AH93: N/A | AI93: N/A | AM93: N/A | AN93: N/A | AO93: N/A
B94: PILE | C94: GEN | D94: PILE-01 | E94: COAT | F94: 02J | H94: 3 | I94: Pile marking and final inspection | L94: =SUMIFS('[36]frm P6'!$J:$J,'[36]frm P6'!D:D,[36]Schedule!B94,'[36]frm P6'!E:E,[36]Schedule!C94,'[36]frm P6'!F:F,[36]Schedule!D94,'[36]frm P6'!G:G,[36]Schedule!E94,'[36]frm P6'!H:H,[36]Schedule!F94) -> 46605 | M94: =SUMIFS('[36]frm P6'!$K:$K,'[36]frm P6'!D:D,[36]Schedule!B94,'[36]frm P6'!E:E,[36]Schedule!C94,'[36]frm P6'!F:F,[36]Schedule!D94,'[36]frm P6'!G:G,[36]Schedule!E94,'[36]frm P6'!H:H,[36]Schedule!F94) -> 46634 | N94: =M94-L94+1 -> 30 | O94: 16 | X94: N/A | Y94: N/A | Z94: N/A | AA94: N/A | AB94: N/A | AC94: N/A | AG94: N/A | AH94: N/A | AI94: N/A | AM94: N/A | AN94: N/A | AO94: N/A | AR94: 64 | AS94: =L94-$AS$35 -> 46602 | AT94: =AS94-$AT$35 -> 46542 | AU94: =AT94-$AU$35 -> 46527 | AV94: =L94-$AV$3 -> 46601 | AW94: =AV94-$AW$3 -> 46591 | AX94: =AW94-AY94 -> 291 | AY94: 46300 | AZ94: JK02-1680 | BA94: Pile Marking Details
B95: PILE | C95: GEN | D95: PILE-01 | E95: GEN | F95: 02J | H95: 4 | I95: Piles Ready for Load Out | M95: ='[36]frm P6'!K4078 -> 04-Sep-27* | O95: 16 | X95: N/A | Y95: N/A | Z95: N/A | AA95: N/A | AB95: N/A | AC95: N/A | AG95: N/A | AH95: N/A | AI95: N/A | AM95: N/A | AN95: N/A | AO95: N/A
B98: TOPSIDE FABRICATION | H98: Structure | L98: ERECT | M98: 片吊装焊接 | X98: COAT | Y98: 片体涂装 | AA98: ASSY | AB98: 片预制 | AG98: FAB/SPL | AH98: 预制 | AM98: CAN | AN98: 下料、卷制 | AS98: 3 | AT98: 60 | AU98: 15 | AV98: 4 | AW98: 10 | AX98: Dur for SD
B99: UNIT | C99: WF | D99: IWP | E99: PHASE | F99: CWP | H99: N° | I99: Task /Activity Group | J99: W-T | L99: P Start | M99: P Finish | N99: Dur | X99: P Start | Y99: P Finish | Z99: Dur | AA99: P Start | AB99: P Finish | AC99: Dur | AD99: W-T | AG99: P Start | AH99: P Finish | AI99: Dur | AJ99: W-T | AM99: P Start | AN99: P Finish | AO99: Dur | AP99: 管段数 | AQ99: 管径范围 | AR99: PR-ID | AS99: ETA | AT99: PO | AU99: MTO | AV99: IWP | AW99: CPY | AX99: SD | AZ99: ID | BA99: DWG DESC
B100: WPA01 | H100: WPA01 Structure of Topside | L100: =MIN(L101:L112) -> 46400 | M100: =MAX(M101:M112) -> 46539 | N100: =M100-L100+1 -> 140 | X100: =MIN(X101:X112) -> 46356 | Y100: =MAX(Y101:Y112) -> 46490 | Z100: =Y100-X100+1 -> 135 | AA100: =MIN(AA101:AA112) -> 46303 | AB100: =MAX(AB101:AB112) -> 46447 | AC100: =AB100-AA100+1 -> 145 | AG100: =MIN(AG101:AG112) -> 46252 | AH100: =MAX(AH101:AH112) -> 46378 | AI100: =AH100-AG100+1 -> 127 | AM100: =MIN(AM101:AM112) -> 46273 | AN100: =MAX(AN101:AN112) -> 46298 | AO100: =AN100-AM100+1 -> 26 | AS100: =MIN(AS101:AS112) -> 46249 | AT100: =MIN(AT101:AT112) -> 46189 | AU100: =MIN(AU101:AU112) -> 46174 | AV100: =MIN(AV101:AV112) -> 46248 | AW100: =MIN(AW101:AW112) -> 46238
B101: MOD | C101: CLOMN | D101: ST | F101: 01T | G101: =F101&C101 -> 01TCLOMN | H101: 1 | I101: WPA-01 Lower Column | J101: 59.478 | K101: =L101-Y101 -> 28 | L101: =SUMIFS('[36]frm P6'!$J:$J,'[36]frm P6'!D:D,[36]Schedule!B101,'[36]frm P6'!E:E,[36]Schedule!C101,'[36]frm P6'!F:F,[36]Schedule!D101,'[36]frm P6'!G:G,[36]Schedule!$K$98,'[36]frm P6'!H:H,[36]Schedule!F101) -> 46400 | M101: =SUMIFS('[36]frm P6'!$K:$K,'[36]frm P6'!D:D,[36]Schedule!B101,'[36]frm P6'!E:E,[36]Schedule!C101,'[36]frm P6'!F:F,[36]Schedule!D101,'[36]frm P6'!G:G,[36]Schedule!$K$98,'[36]frm P6'!H:H,[36]Schedule!F101) -> 46405 | N101: =M101-L101+1 -> 6 | X101: =SUMIFS('[36]frm P6'!$J:$J,'[36]frm P6'!D:D,[36]Schedule!B101,'[36]frm P6'!E:E,[36]Schedule!C101,'[36]frm P6'!G:G,[36]Schedule!$W$98,'[36]frm P6'!H:H,[36]Schedule!F101) -> 46356 | Y101: =SUMIFS('[36]frm P6'!$K:$K,'[36]frm P6'!D:D,[36]Schedule!B101,'[36]frm P6'!E:E,[36]Schedule!C101,'[36]frm P6'!G:G,[36]Schedule!$W$98,'[36]frm P6'!H:H,[36]Schedule!F101) -> 46372 | Z101: =Y101-X101+1 -> 17 | AA101: N/A | AB101: N/A | AC101: N/A | AG101: =SUMIFS('[36]frm P6'!$J:$J,'[36]frm P6'!D:D,[36]Schedule!B101,'[36]frm P6'!E:E,[36]Schedule!C101,'[36]frm P6'!F:F,[36]Schedule!D101,'[36]frm P6'!G:G,[36]Schedule!$AF$98,'[36]frm P6'!H:H,[36]Schedule!F101) -> 46303 | AH101: =SUMIFS('[36]frm P6'!$K:$K,'[36]frm P6'!D:D,[36]Schedule!B101,'[36]frm P6'!E:E,[36]Schedule!C101,'[36]frm P6'!F:F,[36]Schedule!D101,'[36]frm P6'!G:G,[36]Schedule!$AF$98,'[36]frm P6'!H:H,[36]Schedule!F101) -> 46343 | AI101: =AH101-AG101+1 -> 41 | AJ101: 59.478 | AM101: =AN101-25 -> 46273 | AN101: =AG101-5 -> 46298 | AO101: =AN101-AM101+1 -> 26 | AP101: 24 | AQ101: 500-1371.6 | AR101: 59 | AS101: =AM101-$AS$98 -> 46270 | AT101: =AS101-$AT$98 -> 46210 | AU101: =AT101-$AU$98 -> 46195 | AV101: =AG101-$AV$3 -> 46299 | AW101: =AV101-$AW$3 -> 46289 | AX101: =AW101-AY101 -> 83 | AY101: 46206 | AZ101: ST01-2670 | BA101: Standard Tubular Connections
B102: MOD | C102: SUM01 | D102: ST | F102: 01T | G102: =F102&C102 -> 01TSUM01 | H102: 2 | I102: WPA-01 Sump Deck | J102: 25.184 | K102: =L102-Y102 -> 6 | L102: =SUMIFS('[36]frm P6'!$J:$J,'[36]frm P6'!D:D,[36]Schedule!B102,'[36]frm P6'!E:E,[36]Schedule!C102,'[36]frm P6'!F:F,[36]Schedule!D102,'[36]frm P6'!G:G,[36]Schedule!$K$98,'[36]frm P6'!H:H,[36]Schedule!F102) -> 46406 | M102: =SUMIFS('[36]frm P6'!$K:$K,'[36]frm P6'!D:D,[36]Schedule!B102,'[36]frm P6'!E:E,[36]Schedule!C102,'[36]frm P6'!F:F,[36]Schedule!D102,'[36]frm P6'!G:G,[36]Schedule!$K$98,'[36]frm P6'!H:H,[36]Schedule!F102) -> 46437 | N102: =M102-L102+1 -> 32 | X102: =SUMIFS('[36]frm P6'!$J:$J,'[36]frm P6'!D:D,[36]Schedule!B102,'[36]frm P6'!E:E,[36]Schedule!C102,'[36]frm P6'!G:G,[36]Schedule!$W$98,'[36]frm P6'!H:H,[36]Schedule!F102) -> 46381 | Y102: =SUMIFS('[36]frm P6'!$K:$K,'[36]frm P6'!D:D,[36]Schedule!B102,'[36]frm P6'!E:E,[36]Schedule!C102,'[36]frm P6'!G:G,[36]Schedule!$W$98,'[36]frm P6'!H:H,[36]Schedule!F102) -> 46400 | Z102: =Y102-X102+1 -> 20 | AA102: =SUMIFS('[36]frm P6'!$J:$J,'[36]frm P6'!D:D,[36]Schedule!B102,'[36]frm P6'!E:E,[36]Schedule!C102,'[36]frm P6'!G:G,[36]Schedule!$Z$98,'[36]frm P6'!H:H,[36]Schedule!F102) -> 46309 | AB102: =SUMIFS('[36]frm P6'!$K:$K,'[36]frm P6'!D:D,[36]Schedule!B102,'[36]frm P6'!E:E,[36]Schedule!C102,'[36]frm P6'!G:G,[36]Schedule!$Z$98,'[36]frm P6'!H:H,[36]Schedule!F102) -> 46342 | AC102: =AB102-AA102+1 -> 34 | AD102: 15.1104 | AG102: =SUMIFS('[36]frm P6'!$J:$J,'[36]frm P6'!D:D,[36]Schedule!B102,'[36]frm P6'!E:E,[36]Schedule!C102,'[36]frm P6'!F:F,[36]Schedule!D102,'[36]frm P6'!G:G,[36]Schedule!$AF$98,'[36]frm P6'!H:H,[36]Schedule!F102) -> 46272 | AH102: =SUMIFS('[36]frm P6'!$K:$K,'[36]frm P6'!D:D,[36]Schedule!B102,'[36]frm P6'!E:E,[36]Schedule!C102,'[36]frm P6'!F:F,[36]Schedule!D102,'[36]frm P6'!G:G,[36]Schedule!$AF$98,'[36]frm P6'!H:H,[36]Schedule!F102) -> 46308 | AI102: =AH102-AG102+1 -> 37 | AJ102: 15.1104 | AM102: N/A | AN102: N/A | AO102: N/A | AR102: 55 | AS102: =AG102-$AS$98 -> 46269 | AT102: =AS102-$AT$98 -> 46209 | AU102: =AT102-$AU$98 -> 46194 | AV102: =AG102-$AV$3 -> 46268 | AW102: =AV102-$AW$3 -> 46258 | AX102: =AW102-AY102 -> 24 | AY102: 46234 | AZ102: ST01-1320 | BA102: Sump Deck Framing
B103: MOD | C103: SUM02 | D103: ST | F103: 01T | H103: 3 | I103: Sump Deck | L103: N/A | M103: N/A | N103: N/A | X103: N/A | Y103: N/A | Z103: N/A | AA103: =SUMIFS('[36]frm P6'!$J:$J,'[36]frm P6'!D:D,[36]Schedule!B103,'[36]frm P6'!E:E,[36]Schedule!C103,'[36]frm P6'!G:G,[36]Schedule!$Z$98,'[36]frm P6'!H:H,[36]Schedule!F103) -> 46337 | AB103: =SUMIFS('[36]frm P6'!$K:$K,'[36]frm P6'!D:D,[36]Schedule!B103,'[36]frm P6'!E:E,[36]Schedule!C103,'[36]frm P6'!G:G,[36]Schedule!$Z$98,'[36]frm P6'!H:H,[36]Schedule!F103) -> 46381 | AC103: =AB103-AA103+1 -> 45 | AD103: 10.0736 | AG103: =SUMIFS('[36]frm P6'!$J:$J,'[36]frm P6'!D:D,[36]Schedule!B103,'[36]frm P6'!E:E,[36]Schedule!C103,'[36]frm P6'!F:F,[36]Schedule!D103,'[36]frm P6'!G:G,[36]Schedule!$AF$98,'[36]frm P6'!H:H,[36]Schedule!F103) -> 46288 | AH103: =SUMIFS('[36]frm P6'!$K:$K,'[36]frm P6'!D:D,[36]Schedule!B103,'[36]frm P6'!E:E,[36]Schedule!C103,'[36]frm P6'!F:F,[36]Schedule!D103,'[36]frm P6'!G:G,[36]Schedule!$AF$98,'[36]frm P6'!H:H,[36]Schedule!F103) -> 46336 | AI103: =AH103-AG103+1 -> 49 | AJ103: 10.0736 | AM103: N/A | AN103: N/A | AO103: N/A | AR103: 57 | AS103: =AG103-$AS$98 -> 46285 | AT103: =AS103-90 -> 46195 | AU103: =AT103-$AU$98 -> 46180 | AV103: =AG103-$AV$3 -> 46284 | AW103: =AV103-$AW$3 -> 46274 | AX103: =AW103-AY103 -> 40 | AY103: 46234 | AZ103: ST01-1350 | BA103: Sump Deck Section & Details
B104: MOD | C104: LOW01 | D104: ST | F104: 01T | G104: =F104&C104 -> 01TLOW01 | H104: 4 | I104: WPA-01 Lower Deck | J104: 178.289 | K104: =L104-Y104 -> 27 | L104: =SUMIFS('[36]frm P6'!$J:$J,'[36]frm P6'!D:D,[36]Schedule!B104,'[36]frm P6'!E:E,[36]Schedule!C104,'[36]frm P6'!F:F,[36]Schedule!D104,'[36]frm P6'!G:G,[36]Schedule!$K$98,'[36]frm P6'!H:H,[36]Schedule!F104) -> 46434 | M104: =SUMIFS('[36]frm P6'!$K:$K,'[36]frm P6'!D:D,[36]Schedule!B104,'[36]frm P6'!E:E,[36]Schedule!C104,'[36]frm P6'!F:F,[36]Schedule!D104,'[36]frm P6'!G:G,[36]Schedule!$K$98,'[36]frm P6'!H:H,[36]Schedule!F104) -> 46462 | N104: =M104-L104+1 -> 29 | X104: =SUMIFS('[36]frm P6'!$J:$J,'[36]frm P6'!D:D,[36]Schedule!B104,'[36]frm P6'!E:E,[36]Schedule!C104,'[36]frm P6'!G:G,[36]Schedule!$W$98,'[36]frm P6'!H:H,[36]Schedule!F104) -> 46384 | Y104: =SUMIFS('[36]frm P6'!$K:$K,'[36]frm P6'!D:D,[36]Schedule!B104,'[36]frm P6'!E:E,[36]Schedule!C104,'[36]frm P6'!G:G,[36]Schedule!$W$98,'[36]frm P6'!H:H,[36]Schedule!F104) -> 46407 | Z104: =Y104-X104+1 -> 24 | AA104: =SUMIFS('[36]frm P6'!$J:$J,'[36]frm P6'!D:D,[36]Schedule!B104,'[36]frm P6'!E:E,[36]Schedule!C104,'[36]frm P6'!G:G,[36]Schedule!$Z$98,'[36]frm P6'!H:H,[36]Schedule!F104) -> 46303 | AB104: =SUMIFS('[36]frm P6'!$K:$K,'[36]frm P6'!D:D,[36]Schedule!B104,'[36]frm P6'!E:E,[36]Schedule!C104,'[36]frm P6'!G:G,[36]Schedule!$Z$98,'[36]frm P6'!H:H,[36]Schedule!F104) -> 46360 | AC104: =AB104-AA104+1 -> 58 | AD104: 106.9734 | AG104: =SUMIFS('[36]frm P6'!$J:$J,'[36]frm P6'!D:D,[36]Schedule!B104,'[36]frm P6'!E:E,[36]Schedule!C104,'[36]frm P6'!F:F,[36]Schedule!D104,'[36]frm P6'!G:G,[36]Schedule!$AF$98,'[36]frm P6'!H:H,[36]Schedule!F104) -> 46252 | AH104: =SUMIFS('[36]frm P6'!$K:$K,'[36]frm P6'!D:D,[36]Schedule!B104,'[36]frm P6'!E:E,[36]Schedule!C104,'[36]frm P6'!F:F,[36]Schedule!D104,'[36]frm P6'!G:G,[36]Schedule!$AF$98,'[36]frm P6'!H:H,[36]Schedule!F104) -> 46301 | AI104: =AH104-AG104+1 -> 50 | AJ104: 106.9734 | AM104: N/A | AN104: N/A | AO104: N/A | AR104: 55 | AS104: =AG104-$AS$98 -> 46249 | AT104: =AS104-$AT$98 -> 46189 | AU104: =AT104-$AU$98 -> 46174 | AV104: =AG104-$AV$3 -> 46248 | AW104: =AV104-$AW$3 -> 46238 | AX104: =AW104-AY104 -> 18 | AY104: 46220 | AZ104: ST01-1088 | BA104: Lower Deck Primary Steel Framing
B105: MOD | C105: LOW02 | D105: ST | F105: 01T | G105: =F105&C105 -> 01TLOW02 | H105: 5 | I105: Lower Deck | L105: N/A | M105: N/A | N105: N/A | X105: N/A | Y105: N/A | Z105: N/A | AA105: =SUMIFS('[36]frm P6'!$J:$J,'[36]frm P6'!D:D,[36]Schedule!B105,'[36]frm P6'!E:E,[36]Schedule!C105,'[36]frm P6'!G:G,[36]Schedule!$Z$98,'[36]frm P6'!H:H,[36]Schedule!F105) -> 46331 | AB105: =SUMIFS('[36]frm P6'!$K:$K,'[36]frm P6'!D:D,[36]Schedule!B105,'[36]frm P6'!E:E,[36]Schedule!C105,'[36]frm P6'!G:G,[36]Schedule!$Z$98,'[36]frm P6'!H:H,[36]Schedule!F105) -> 46382 | AC105: =AB105-AA105+1 -> 52 | AD105: 71.3156 | AG105: =SUMIFS('[36]frm P6'!$J:$J,'[36]frm P6'!D:D,[36]Schedule!B105,'[36]frm P6'!E:E,[36]Schedule!C105,'[36]frm P6'!F:F,[36]Schedule!D105,'[36]frm P6'!G:G,[36]Schedule!$AF$98,'[36]frm P6'!H:H,[36]Schedule!F105) -> 46282 | AH105: =SUMIFS('[36]frm P6'!$K:$K,'[36]frm P6'!D:D,[36]Schedule!B105,'[36]frm P6'!E:E,[36]Schedule!C105,'[36]frm P6'!F:F,[36]Schedule!D105,'[36]frm P6'!G:G,[36]Schedule!$AF$98,'[36]frm P6'!H:H,[36]Schedule!F105) -> 46336 | AI105: =AH105-AG105+1 -> 55 | AJ105: 71.3156 | AM105: N/A | AN105: N/A | AO105: N/A | AR105: 57 | AS105: =AG105-$AS$98 -> 46279 | AT105: =AS105-90 -> 46189 | AU105: =AT105-$AU$98 -> 46174 | AV105: =AG105-$AV$3 -> 46278 | AW105: =AV105-$AW$3 -> 46268 | AX105: =AW105-AY105 -> 34 | AY105: 46234 | AZ105: ST01-1230 | BA105: Lower Deck Secondary Steel
B106: MOD | C106: MEZ01 | D106: ST | F106: 01T | G106: =F106&C106 -> 01TMEZ01 | H106: 6 | I106: WPA-01Mezzanine Deck | J106: 12.424 | K106: =L106-Y106 -> 25 | L106: =SUMIFS('[36]frm P6'!$J:$J,'[36]frm P6'!D:D,[36]Schedule!B106,'[36]frm P6'!E:E,[36]Schedule!C106,'[36]frm P6'!F:F,[36]Schedule!D106,'[36]frm P6'!G:G,[36]Schedule!$K$98,'[36]frm P6'!H:H,[36]Schedule!F106) -> 46462 | M106: =SUMIFS('[36]frm P6'!$K:$K,'[36]frm P6'!D:D,[36]Schedule!B106,'[36]frm P6'!E:E,[36]Schedule!C106,'[36]frm P6'!F:F,[36]Schedule!D106,'[36]frm P6'!G:G,[36]Schedule!$K$98,'[36]frm P6'!H:H,[36]Schedule!F106) -> 46485 | N106: =M106-L106+1 -> 24 | X106: =SUMIFS('[36]frm P6'!$J:$J,'[36]frm P6'!D:D,[36]Schedule!B106,'[36]frm P6'!E:E,[36]Schedule!C106,'[36]frm P6'!G:G,[36]Schedule!$W$98,'[36]frm P6'!H:H,[36]Schedule!F106) -> 46410 | Y106: =SUMIFS('[36]frm P6'!$K:$K,'[36]frm P6'!D:D,[36]Schedule!B106,'[36]frm P6'!E:E,[36]Schedule!C106,'[36]frm P6'!G:G,[36]Schedule!$W$98,'[36]frm P6'!H:H,[36]Schedule!F106) -> 46437 | Z106: =Y106-X106+1 -> 28 | AA106: =SUMIFS('[36]frm P6'!$J:$J,'[36]frm P6'!D:D,[36]Schedule!B106,'[36]frm P6'!E:E,[36]Schedule!C106,'[36]frm P6'!G:G,[36]Schedule!$Z$98,'[36]frm P6'!H:H,[36]Schedule!F106) -> 46337 | AB106: =SUMIFS('[36]frm P6'!$K:$K,'[36]frm P6'!D:D,[36]Schedule!B106,'[36]frm P6'!E:E,[36]Schedule!C106,'[36]frm P6'!G:G,[36]Schedule!$Z$98,'[36]frm P6'!H:H,[36]Schedule!F106) -> 46370 | AC106: =AB106-AA106+1 -> 34 | AD106: 7.4544 | AG106: =SUMIFS('[36]frm P6'!$J:$J,'[36]frm P6'!D:D,[36]Schedule!B106,'[36]frm P6'!E:E,[36]Schedule!C106,'[36]frm P6'!F:F,[36]Schedule!D106,'[36]frm P6'!G:G,[36]Schedule!$AF$98,'[36]frm P6'!H:H,[36]Schedule!F106) -> 46276 | AH106: =SUMIFS('[36]frm P6'!$K:$K,'[36]frm P6'!D:D,[36]Schedule!B106,'[36]frm P6'!E:E,[36]Schedule!C106,'[36]frm P6'!F:F,[36]Schedule!D106,'[36]frm P6'!G:G,[36]Schedule!$AF$98,'[36]frm P6'!H:H,[36]Schedule!F106) -> 46312 | AI106: =AH106-AG106+1 -> 37 | AJ106: 7.4544 | AM106: N/A | AN106: N/A | AO106: N/A | AR106: 55 | AS106: =AG106-$AS$98 -> 46273 | AT106: =AS106-$AT$98 -> 46213 | AU106: =AT106-$AU$98 -> 46198 | AV106: =AG106-$AV$3 -> 46272 | AW106: =AV106-$AW$3 -> 46262 | AX106: =AW106-AY106 -> 28 | AY106: 46234 | AZ106: ST01-1260 | BA106: Mezzanine Deck Framing
B107: MOD | C107: MEZ02 | D107: ST | F107: 01T | H107: 7 | I107: Mezzanine Deck | L107: N/A | M107: N/A | N107: N/A | X107: N/A | Y107: N/A | Z107: N/A | AA107: =SUMIFS('[36]frm P6'!$J:$J,'[36]frm P6'!D:D,[36]Schedule!B107,'[36]frm P6'!E:E,[36]Schedule!C107,'[36]frm P6'!G:G,[36]Schedule!$Z$98,'[36]frm P6'!H:H,[36]Schedule!F107) -> 46365 | AB107: =SUMIFS('[36]frm P6'!$K:$K,'[36]frm P6'!D:D,[36]Schedule!B107,'[36]frm P6'!E:E,[36]Schedule!C107,'[36]frm P6'!G:G,[36]Schedule!$Z$98,'[36]frm P6'!H:H,[36]Schedule!F107) -> 46410 | AC107: =AB107-AA107+1 -> 46 | AD107: 4.9696 | AG107: =SUMIFS('[36]frm P6'!$J:$J,'[36]frm P6'!D:D,[36]Schedule!B107,'[36]frm P6'!E:E,[36]Schedule!C107,'[36]frm P6'!F:F,[36]Schedule!D107,'[36]frm P6'!G:G,[36]Schedule!$AF$98,'[36]frm P6'!H:H,[36]Schedule!F107) -> 46337 | AH107: =SUMIFS('[36]frm P6'!$K:$K,'[36]frm P6'!D:D,[36]Schedule!B107,'[36]frm P6'!E:E,[36]Schedule!C107,'[36]frm P6'!F:F,[36]Schedule!D107,'[36]frm P6'!G:G,[36]Schedule!$AF$98,'[36]frm P6'!H:H,[36]Schedule!F107) -> 46359 | AI107: =AH107-AG107+1 -> 23 | AJ107: 4.9696 | AM107: N/A | AN107: N/A | AO107: N/A | AR107: 57 | AS107: =AG107-$AS$98 -> 46334 | AT107: =AS107-90 -> 46244 | AU107: =AT107-$AU$98 -> 46229 | AV107: =AG107-$AV$3 -> 46333 | AW107: =AV107-$AW$3 -> 46323 | AX107: =AW107-AY107 -> 89 | AY107: 46234 | AZ107: ST01-1290 | BA107: Mezzanine Deck Section & Details
B108: MOD | C108: UPP01 | D108: ST | F108: 01T | H108: 8 | I108: WPA-01 Upper Deck | J108: 205.025 | K108: =L108-Y108 -> 19 | L108: =SUMIFS('[36]frm P6'!$J:$J,'[36]frm P6'!D:D,[36]Schedule!B108,'[36]frm P6'!E:E,[36]Schedule!C108,'[36]frm P6'!F:F,[36]Schedule!D108,'[36]frm P6'!G:G,[36]Schedule!$K$98,'[36]frm P6'!H:H,[36]Schedule!F108) -> 46487 | M108: =SUMIFS('[36]frm P6'!$K:$K,'[36]frm P6'!D:D,[36]Schedule!B108,'[36]frm P6'!E:E,[36]Schedule!C108,'[36]frm P6'!F:F,[36]Schedule!D108,'[36]frm P6'!G:G,[36]Schedule!$K$98,'[36]frm P6'!H:H,[36]Schedule!F108) -> 46515 | N108: =M108-L108+1 -> 29 | X108: =SUMIFS('[36]frm P6'!$J:$J,'[36]frm P6'!D:D,[36]Schedule!B108,'[36]frm P6'!E:E,[36]Schedule!C108,'[36]frm P6'!G:G,[36]Schedule!$W$98,'[36]frm P6'!H:H,[36]Schedule!F108) -> 46445 | Y108: =SUMIFS('[36]frm P6'!$K:$K,'[36]frm P6'!D:D,[36]Schedule!B108,'[36]frm P6'!E:E,[36]Schedule!C108,'[36]frm P6'!G:G,[36]Schedule!$W$98,'[36]frm P6'!H:H,[36]Schedule!F108) -> 46468 | Z108: =Y108-X108+1 -> 24 | AA108: =SUMIFS('[36]frm P6'!$J:$J,'[36]frm P6'!D:D,[36]Schedule!B108,'[36]frm P6'!E:E,[36]Schedule!C108,'[36]frm P6'!G:G,[36]Schedule!$Z$98,'[36]frm P6'!H:H,[36]Schedule!F108) -> 46345 | AB108: =SUMIFS('[36]frm P6'!$K:$K,'[36]frm P6'!D:D,[36]Schedule!B108,'[36]frm P6'!E:E,[36]Schedule!C108,'[36]frm P6'!G:G,[36]Schedule!$Z$98,'[36]frm P6'!H:H,[36]Schedule!F108) -> 46403 | AC108: =AB108-AA108+1 -> 59 | AD108: 123.015 | AG108: =SUMIFS('[36]frm P6'!$J:$J,'[36]frm P6'!D:D,[36]Schedule!B108,'[36]frm P6'!E:E,[36]Schedule!C108,'[36]frm P6'!F:F,[36]Schedule!D108,'[36]frm P6'!G:G,[36]Schedule!$AF$98,'[36]frm P6'!H:H,[36]Schedule!F108) -> 46291 | AH108: =SUMIFS('[36]frm P6'!$K:$K,'[36]frm P6'!D:D,[36]Schedule!B108,'[36]frm P6'!E:E,[36]Schedule!C108,'[36]frm P6'!F:F,[36]Schedule!D108,'[36]frm P6'!G:G,[36]Schedule!$AF$98,'[36]frm P6'!H:H,[36]Schedule!F108) -> 46356 | AI108: =AH108-AG108+1 -> 66 | AJ108: 123.015 | AM108: N/A | AN108: N/A | AO108: N/A | AR108: 55 | AS108: =AG108-$AS$98 -> 46288 | AT108: =AS108-$AT$98 -> 46228 | AU108: =AT108-$AU$98 -> 46213 | AV108: =AG108-$AV$3 -> 46287 | AW108: =AV108-$AW$3 -> 46277 | AX108: =AW108-AY108 -> 57 | AY108: 46220 | AZ108: ST01-1080 | BA108: Upper Deck Primary Steel Framing
...

Sheet Sheet1
B1: RFQ No. | C1: Description | D1: PO Issued | E1: Delivery To Site | F1: Lead Time | G1: ROS date | H1: Float
B2: RFQ-MEC-001 | C2: Offshore Pedestal Crane | D2: 46211 | E2: 46540 | F2: 329 | G2: 46540 | H2: 0
B3: RFQ-MEC-003 | C3: Instrument Gas Filter Coalescer | D3: 46253 | E3: 46433 | F3: 180 | G3: 46444 | H3: 11
B4: RFQ-MEC-004 | C4: TEST AND PRODUCTION SEPARATOR | D4: 46230 | E4: 46440 | F4: 210 | G4: 46448 | H4: 8
B5: RFQ-MEC-006 | C5: CHEMICAL INJECTION PUMPS PACKAGE | D5: 46227 | E5: 46451 | F5: 224 | G5: 46451 | H5: 0
B6: RFQ-MEC-011 | C6: Closed Drain Sump Vessel | D6: 46231 | E6: 46413 | F6: 182 | G6: 46430 | H6: 17
B7: RFQ-MEC-013 | C7: Storage Tank | D7: 46254 | E7: 46422 | F7: 168 | G7: 46470 | H7: 48
B8: RFQ-MEC-014 | C8: CLOSED DRAIN SUMP PUMP AND RECOVERY WATER PUMP PACKAGE | D8: 46231 | E8: 46455 | F8: 224 | G8: 46477 | H8: 22
B9: RFQ-ELE-017 | C9: AC/DC Distribution Board | D9: 46226 | E9: 46478 | F9: 252 | G9: 46490 | H9: 12
B10: RFQ-ELE-018 | C10: Solar Power System | D10: 46226 | E10: 46485 | F10: 259 | G10: 46490 | H10: 5
B11: RFQ-ELE-019 | C11: Navigation Aid System | D11: 46247 | E11: 46499 | F11: 252 | G11: 46504 | H11: 5
B12: RFQ-INS-023 | C12: Actuated Choke Valve | D12: 46254 | E12: 46534 | F12: 280 | G12: 46550 | H12: 16
B13: RFQ-INS-024 | C13: Actuated Ball Valve | D13: 46267 | E13: 46519 | F13: 252 | G13: 46530 | H13: 11
... B22: RFQ-PIP-073 | C22: SS AND DSS PIPE | D22: 46258 | E22: 46426 | F22: 168 | G22: 46429 | H22: 3

Sheet P6
A1: ActivityID | B1: Activity Name | C1: Planned Duration | D1: Start | E1: Finish | F1: Total Float | G1: Calendar
A2: DETAILENGINEERINGFORWELLHEADPLATFORMS(WPA01ANDWPA02)(ASKPROJECT) | C2: 211 | D2: 46085 | E2: 46405 | F2: 0 | G2: PTTME Office 5dx8h
A3: PROJECTMILESTONE | C3: 211 | D3: 46085 | E3: 46405 | F3: 0 | G3: PTTME Office 5dx8h
A4: MI-1000 | B4: Project Start, KOM | C4: 0 | D4: 46085 | F4: -47 | G4: PTTME Office 5dx8h
A5: MI-1010 | B5: P&ID Issue for Review | C5: 0 | E5: 27-Apr-26* | F5: -7 | G5: PTTME Office 5dx8h
A6: MI-1020 | B6: 30% Model Review | C6: 2 | D6: 46155 | E6: 46156 | F6: 10 | G6: PTTME Office 5dx8h
A7: MI-1030 | B7: P&ID issue for HAZOP | C7: 0 | E7: 46170 | F7: 22 | G7: PTTME Office 5dx8h
A8: MI-1040 | B8: HAZID Review Meeting | C8: 2 | D8: 46162 | E8: 46163 | F8: 105 | G8: PTTME Office 5dx8h
A9: MI-1050 | B9: HAZOP Review Meeting | C9: 5 | D9: 46178 | E9: 46184 | F9: 22 | G9: PTTME Office 5dx8h
A10: MI-1060 | B10: SIL Review Meeting | C10: 2 | D10: 46192 | E10: 46195 | F10: 75 | G10: PTTME Office 5dx8h
A11: MI-1070 | B11: Structural - Primary MTO Issue for review | C11: 0 | E11: 26-May-26* | F11: 0 | G11: PTTME Office 5dx8h
A12: MI-1080 | B12: 60% Model Review | C12: 5 | D12: 46258 | E12: 46262 | F12: 0 | G12: PTTME Office 5dx8h
A13: MI-1090 | B13: 90% Model Review | C13: 1 | D13: 46321 | E13: 46321 | F13: 11 | G13: PTTME Office 5dx8h
A14: MI-1100 | B14: Issue all AFC Documents /Drawing | C14: 0 | E14: 46392 | F14: 0 | G14: PTTME Office 5dx8h
A15: MI-1110 | B15: Design Engineering Compilation | C15: 0 | E15: 46405 | F15: 0 | G15: PTTME Office 5dx8h
A16: GENERALSTUDIES | C16: 35 | D16: 46086 | E16: 46140 | F16: 166 | G16: PTTME Office 5dx8h
A17: PJ-1000 | B17: Master Deliverable Register - IFR | C17: 10 | D17: 46086 | E17: 46099 | F17: 166 | G17: PTTME Office 5dx8h
A18: PJ-1010 | B18: Master Deliverable Register - AFC | C18: 5 | D18: 46114 | E18: 46121 | F18: 171 | G18: PTTME Office 5dx8h
A19: PJ-1020 | B19: Engineering Master Schedule - IFR | C19: 10 | D19: 46100 | E19: 46113 | F19: 166 | G19: PTTME Office 5dx8h
A20: PJ-1030 | B20: Engineering Master Schedule - AFC | C20: 5 | D20: 46134 | E20: 46140 | F20: 166 | G20: PTTME Office 5dx8h
A21: PROCESSANDUTILITIESENGINEERING | C21: 80 | D21: 46106 | E21: 46226 | F21: 107 | G21: PTTME Office 5dx8h
A22: PR-1000 | B22: Process Basis of Design - IFR | C22: 10 | D22: 46113 | E22: 46132 | F22: 33 | G22: PTTME Office 5dx8h
A23: PR-1010 | B23: Process Basis of Design - IFA | C23: 5 | D23: 46148 | E23: 46154 | F23: 33 | G23: PTTME Office 5dx8h
A24: PR-1020 | B24: Process Basis of Design - AFC | C24: 5 | D24: 46169 | E24: 46177 | F24: 33 | G24: PTTME Office 5dx8h
A25: PR-1090 | B25: Process Simulation Report - IFR | C25: 5 | D25: 46185 | E25: 46191 | F25: 117 | G25: PTTME Office 5dx8h
A26: PR-1100 | B26: Process Simulation Report - AFC | C26: 5 | D26: 46206 | E26: 46212 | F26: 117 | G26: PTTME Office 5dx8h
A27: PR-1110 | B27: Utility Balance and Consumption Report - IFR | C27: 10 | D27: 46185 | E27: 46198 | F27: 112 | G27: PTTME Office 5dx8h
A28: PR-1120 | B28: Utility Balance and Consumption Report - AFC | C28: 5 | D28: 46213 | E28: 46219 | F28: 112 | G28: PTTME Office 5dx8h
A29: PR-1130 | B29: AIV And FIV Study Report - IFR | C29: 15 | D29: 46162 | E29: 46184 | F29: 109 | G29: PTTME Office 5dx8h
A30: PR-1140 | B30: AIV And FIV Study Report - AFC | C30: 5 | D30: 46199 | E30: 46205 | F30: 122 | G30: PTTME Office 5dx8h
A31: PR-1150 | B31: Depressurization and Low Temperature Study Report - IFR | C31: 20 | D31: 46175 | E31: 46203 | F31: 109 | G31: PTTME Office 5dx8h
A32: PR-1160 | B32: Depressurization and Low Temperature Study Report - AFC | C32: 5 | D32: 46218 | E32: 46224 | F32: 109 | G32: PTTME Office 5dx8h
A33: PR-1170 | B33: Vent Sizing and Relief Load Report - IFR | C33: 13 | D33: 46175 | E33: 46192 | F33: 116 | G33: PTTME Office 5dx8h
... A83: PR-1650 | B83: Transient Flow Assurance Study Report - AFC | C83: 5 | D83: 46220 | E83: 46226 | F83: 107 | G83: PTTME Office 5dx8h
A84: ProcessCalculationNote | C84: 45 | D84: 46140 | E84: 46205 | F84: -17 | G84: PTTME Office 5dx8h
A85: PR-1660 | B85: Process Calculation Note for Line Sizing - IFR | C85: 23 | D85: 46140 | E85: 46171 | F85: -10 | G85: PTTME Office 5dx8h
A86: PR-1670 | B86: Process Calculation Note for Line Sizing - AFC | C86: 5 | D86: 46199 | E86: 46205 | F86: -17 | G86: PTTME Office 5dx8h
A87: PR-1680 | B87: Process Calculation Note for Test Separator Sizing - IFR | C87: 15 | D87: 46140 | E87: 46161 | F87: -2 | G87: PTTME Office 5dx8h
A88: PR-1690 | B88: Process Calculation Note for Test Separator Sizing - AFC | C88: 5 | D88: 46199 | E88: 46205 | F88: -17 | G88: PTTME Office 5dx8h
A89: PR-1700 | B89: Process Calculation Note for Production Separator (V-01001) - IFR | C89: 15 | D89: 46140 | E89: 46161 | F89: -2 | G89: PTTME Office 5dx8h
A90: PR-1710 | B90: Process Calculation Note for Production Separator (V-01001) - AFC | C90: 5 | D90: 46199 | E90: 46205 | F90: -17 | G90: PTTME Office 5dx8h
A91: PR-1720 | B91: Process Calculation Note for Skim Tank Vessel (V-10002) - IFR | C91: 15 | D91: 46140 | E91: 46161 | F91: -2 | G91: PTTME Office 5dx8h
A92: PR-1730 | B92: Process Calculation Note for Skim Tank Vessel (V-10002) - AFC | C92: 5 | D92: 46199 | E92: 46205 | F92: -17 | G92: PTTME Office 5dx8h
A93: PR-1740 | B93: Process Calculation Note for Degasser - IFR | C93: 15 | D93: 46140 | E93: 46161 | F93: -2 | G93: PTTME Office 5dx8h
A94: PR-1750 | B94: Process Calculation Note for Degasser - AFC | C94: 5 | D94: 46199 | E94: 46205 | F94: -17 | G94: PTTME Office 5dx8h
A95: PR-1760 | B95: Process Calculation Note for Closed Drain Sump Vessel Sizing (V-05001) - IFR | C95: 23 | D95: 46140 | E95: 46171 | F95: -10 | G95: PTTME Office 5dx8h
A96: PR-1770 | B96: Process Calculation Note for Closed Drain Sump Vessel Sizing (V-05001) - AFC | C96: 5 | D96: 46199 | E96: 46205 | F96: -17 | G96: PTTME Office 5dx8h
... A126: PR-2070 | B126: Process Calculation Note - Depressurization and Blowdown - AFC | C126: 5 | D126: 46199 | E126: 46205 | F126: -17 | G126: PTTME Office 5dx8h
A127: MECHANICALENGINEERING | C127: 194 | D127: 46091 | E127: 46384 | F127: 4 | G127: PTTME Office 5dx8h
A128: ME-1000 | B128: Mechanical Basis of Design - IFR | C128: 19 | D128: 46091 | E128: 46115 | F128: 4 | G128: PTTME Office 5dx8h
A129: ME-1010 | B129: Mechanical Basis of Design - AFC | C129: 10 | D129: 46136 | E129: 46150 | F129: 159 | G129: PTTME Office 5dx8h
A130: ME-1020 | B130: Material Handling Study Reports - IFR | C130: 15 | D130: 46129 | E130: 46150 | F130: 4 | G130: PTTME Office 5dx8h
A131: ME-1030 | B131: Material Handling Study Reports - AFC | C131: 10 | D131: 46274 | E131: 46287 | F131: 68 | G131: PTTME Office 5dx8h
A132: ME-1040 | B132: WPA01 Mechanical Equipment List - IFR | C132: 20 | D132: 46141 | E132: 46169 | F132: 32 | G132: PTTME Office 5dx8h
A133: ME-1050 | B133: WPA01 Mechanical Equipment List - AFC | C133: 10 | D133: 46199 | E133: 46212 | F133: 82 | G133: PTTME Office 5dx8h
A134: ME-1060 | B134: WPA02 Mechanical Equipment List - IFR | C134: 20 | D134: 46141 | E134: 46169 | F134: 32 | G134: PTTME Office 5dx8h
A135: ME-1070 | B135: WPA02 Mechanical Equipment List - AFC | C135: 10 | D135: 46199 | E135: 46212 | F135: 82 | G135: PTTME Office 5dx8h
A136: ME-1080 | B136: Project Particular Specification for Test and Production Separators - IFR | C136: 25 | D136: 46091 | E136: 46129 | F136: 153 | G136: PTTME Office 5dx8h
A137: ME-1090 | B137: Project Particular Specification for Test and Production Separators - AFC | C137: 10 | D137: 46147 | E137: 46160 | F137: 153 | G137: PTTME Office 5dx8h
A138: ME-1100 | B138: Project Particular Specification for Instrument Gas Filter coalescers - IFR | C138: 23 | D138: 46091 | E138: 46122 | F138: 155 | G138: PTTME Office 5dx8h
A139: ME-1110 | B139: Project Particular Specification for Instrument Gas Filter coalescers - AFC | C139: 10 | D139: 46142 | E139: 46156 | F139: 155 | G139: PTTME Office 5dx8h
... A165: ME-2520 | B165: Criticality Rating Report for Equipment - AFC | C165: 10 | D165: 46148 | E165: 46161 | F165: 152 | G165: PTTME Office 5dx8h
A166: Datasheets-Mechanical | C166: 104 | D166: 46097 | E166: 46255 | F166: 90 | G166: PTTME Office 5dx8h
A167: ME-1360 | B167: Mechanical Datasheet for Corrosion Inhibitor Storage Tank (T-09001) - IFR | C167: 10 | D167: 46140 | E167: 46154 | F167: -44 | G167: PTTME Office 5dx8h
A168: ME-1370 | B168: Mechanical Datasheet for Corrosion Inhibitor Storage Tank (T-09001) - IFA | C168: 10 | D168: 46175 | E168: 46189 | F168: 34 | G168: PTTME Office 5dx8h
A169: ME-1380 | B169: Mechanical Datasheet for Corrosion Inhibitor Storage Tank (T-09001) - AFC | C169: 5 | D169: 46206 | E169: 46212 | F169: 32 | G169: PTTME Office 5dx8h
A170: ME-1390 | B170: Mechanical Datasheet for Corrosion Inhibitor Storage Tote Tank (T-09011) - IFR | C170: 12 | D170: 46140 | E170: 46156 | F170: -16 | G170: PTTME Office 5dx8h
A171: ME-1400 | B171: Mechanical Datasheet for Corrosion Inhibitor Storage Tote Tank (T-09011) - IFA | C171: 10 | D171: 46178 | E171: 46191 | F171: 32 | G171: PTTME Office 5dx8h
A172: ME-1410 | B172: Mechanical Datasheet for Corrosion Inhibitor Storage Tote Tank (T-09011) - AFC | C172: 5 | D172: 46206 | E172: 46212 | F172: 32 | G172: PTTME Office 5dx8h
A173: ME-1420 | B173: Mechanical Datasheet for Utility Water Storage Tote Tank (T-07003, T-07013) - IFR | C173: 10 | D173: 46142 | E173: 46156 | F173: -16 | G173: PTTME Office 5dx8h
A174: ME-1430 | B174: Mechanical Datasheet for Utility Water Storage Tote Tank (T-07003, T-07013) - IFA | C174: 10 | D174: 46178 | E174: 46191 | F174: 32 | G174: PTTME Office 5dx8h
A175: ME-1440 | B175: Mechanical Datasheet for Utility Water Storage Tote Tank (T-07003, T-07013) - AFC | C175: 5 | D175: 46206 | E175: 46212 | F175: 32 | G175: PTTME Office 5dx8h
A176: ME-1450 | B176: Mechanical Datasheet for Diesel Storage Tote Tank (T-07001,T-07011) - IFR | C176: 10 | D176: 46146 | E176: 46157 | F176: -21 | G176: PTTME Office 5dx8h
